Timestamp,UTC,Callsign,Position,Altitude,Speed,Direction
1757696771,2025-09-12T17:06:11Z,CPA301,"22.308809,113.92485",0,0,115
1757696862,2025-09-12T17:07:42Z,CPA301,"22.308952,113.924614",0,2,112
1757696881,2025-09-12T17:08:01Z,CPA301,"22.309019,113.924408",0,2,118
1757696901,2025-09-12T17:08:21Z,CPA301,"22.309031,113.924202",0,2,140
1757696922,2025-09-12T17:08:42Z,CPA301,"22.309124,113.923973",0,2,171
1757696943,2025-09-12T17:09:03Z,CPA301,"22.30933,113.923866",0,2,196
1757697142,2025-09-12T17:12:22Z,CPA301,"22.309124,113.923683",0,3,208
1757697156,2025-09-12T17:12:36Z,CPA301,"22.308903,113.923553",0,4,208
1757697167,2025-09-12T17:12:47Z,CPA301,"22.308689,113.923439",0,5,208
1757697177,2025-09-12T17:12:57Z,CPA301,"22.308472,113.923332",0,4,208
1757697188,2025-09-12T17:13:08Z,CPA301,"22.30825,113.923225",0,4,205
1757697201,2025-09-12T17:13:21Z,CPA301,"22.308048,113.923218",0,3,191
1757697217,2025-09-12T17:13:37Z,CPA301,"22.307842,113.923302",0,3,174
1757697238,2025-09-12T17:13:58Z,CPA301,"22.307634,113.923401",0,2,163
1757697259,2025-09-12T17:14:19Z,CPA301,"22.307419,113.923454",0,4,165
1757697270,2025-09-12T17:14:30Z,CPA301,"22.307203,113.923355",0,6,191
1757697278,2025-09-12T17:14:38Z,CPA301,"22.307064,113.923126",0,8,219
1757697284,2025-09-12T17:14:44Z,CPA301,"22.307007,113.922897",0,8,239
1757697290,2025-09-12T17:14:50Z,CPA301,"22.306948,113.922638",0,9,250
1757697296,2025-09-12T17:14:56Z,CPA301,"22.30687,113.922394",0,9,250
1757697301,2025-09-12T17:15:01Z,CPA301,"22.306789,113.922165",0,9,250
1757697309,2025-09-12T17:15:09Z,CPA301,"22.306698,113.921867",0,10,250
1757697316,2025-09-12T17:15:16Z,CPA301,"22.306576,113.921494",0,10,250
1757697327,2025-09-12T17:15:27Z,CPA301,"22.306389,113.920914",0,11,250
1757697334,2025-09-12T17:15:34Z,CPA301,"22.306274,113.920547",0,12,250
1757697342,2025-09-12T17:15:42Z,CPA301,"22.306145,113.920174",0,12,250
1757697348,2025-09-12T17:15:48Z,CPA301,"22.306011,113.919746",0,12,250
1757697355,2025-09-12T17:15:55Z,CPA301,"22.305885,113.91935",0,13,250
1757697362,2025-09-12T17:16:02Z,CPA301,"22.305759,113.918945",0,13,250
1757697369,2025-09-12T17:16:09Z,CPA301,"22.30562,113.918549",0,13,250
1757697377,2025-09-12T17:16:17Z,CPA301,"22.305481,113.918076",0,13,250
1757697383,2025-09-12T17:16:23Z,CPA301,"22.305359,113.917709",0,14,250
1757697390,2025-09-12T17:16:30Z,CPA301,"22.30521,113.917221",0,14,250
1757697397,2025-09-12T17:16:37Z,CPA301,"22.305038,113.916725",0,14,250
1757697405,2025-09-12T17:16:45Z,CPA301,"22.304876,113.916191",0,15,250
1757697412,2025-09-12T17:16:52Z,CPA301,"22.304714,113.915695",0,15,250
1757697419,2025-09-12T17:16:59Z,CPA301,"22.304562,113.915215",0,15,250
1757697427,2025-09-12T17:17:07Z,CPA301,"22.304377,113.914642",0,15,250
1757697434,2025-09-12T17:17:14Z,CPA301,"22.30418,113.914055",0,15,250
1757697441,2025-09-12T17:17:21Z,CPA301,"22.304014,113.913551",0,16,250
1757697449,2025-09-12T17:17:29Z,CPA301,"22.303825,113.912956",0,16,250
1757697457,2025-09-12T17:17:37Z,CPA301,"22.303631,113.912346",0,16,250
1757697464,2025-09-12T17:17:44Z,CPA301,"22.303448,113.911781",0,16,250
1757697472,2025-09-12T17:17:52Z,CPA301,"22.30327,113.911194",0,17,250
1757697480,2025-09-12T17:18:00Z,CPA301,"22.303061,113.910561",0,17,250
1757697488,2025-09-12T17:18:08Z,CPA301,"22.302807,113.909767",0,18,250
1757697495,2025-09-12T17:18:15Z,CPA301,"22.302624,113.90921",0,18,250
1757697502,2025-09-12T17:18:22Z,CPA301,"22.302406,113.908524",0,19,250
1757697509,2025-09-12T17:18:29Z,CPA301,"22.302189,113.907883",0,19,250
1757697517,2025-09-12T17:18:37Z,CPA301,"22.301968,113.907166",0,19,250
1757697524,2025-09-12T17:18:44Z,CPA301,"22.301735,113.906425",0,20,250
1757697534,2025-09-12T17:18:54Z,CPA301,"22.30142,113.905472",0,20,250
1757697542,2025-09-12T17:19:02Z,CPA301,"22.301199,113.904785",0,20,250
1757697549,2025-09-12T17:19:09Z,CPA301,"22.300966,113.90406",0,20,250
1757697556,2025-09-12T17:19:16Z,CPA301,"22.300768,113.90345",0,20,250
1757697563,2025-09-12T17:19:23Z,CPA301,"22.300501,113.902649",0,21,250
1757697570,2025-09-12T17:19:30Z,CPA301,"22.300303,113.902016",0,21,250
1757697577,2025-09-12T17:19:37Z,CPA301,"22.300058,113.901268",0,21,250
1757697584,2025-09-12T17:19:44Z,CPA301,"22.299831,113.900558",0,21,250
1757697592,2025-09-12T17:19:52Z,CPA301,"22.299582,113.899765",0,21,250
1757697600,2025-09-12T17:20:00Z,CPA301,"22.29936,113.899078",0,18,250
1757697608,2025-09-12T17:20:08Z,CPA301,"22.299139,113.898407",0,14,250
1757697616,2025-09-12T17:20:16Z,CPA301,"22.299023,113.898026",0,11,250
1757697623,2025-09-12T17:20:23Z,CPA301,"22.298859,113.897614",0,11,244
1757697629,2025-09-12T17:20:29Z,CPA301,"22.29863,113.8974",0,12,227
1757697634,2025-09-12T17:20:34Z,CPA301,"22.298389,113.897339",0,11,205
1757697638,2025-09-12T17:20:38Z,CPA301,"22.298149,113.897377",0,11,185
1757697646,2025-09-12T17:20:46Z,CPA301,"22.297789,113.897537",0,9,163
1757697652,2025-09-12T17:20:52Z,CPA301,"22.297565,113.897621",0,8,160
1757697663,2025-09-12T17:21:03Z,CPA301,"22.297199,113.897758",0,7,160
1757697670,2025-09-12T17:21:10Z,CPA301,"22.296993,113.897835",0,7,160
1757697677,2025-09-12T17:21:17Z,CPA301,"22.296741,113.897957",0,8,154
1757697685,2025-09-12T17:21:25Z,CPA301,"22.296532,113.898201",0,9,137
1757697691,2025-09-12T17:21:31Z,CPA301,"22.296438,113.898491",0,12,118
1757697696,2025-09-12T17:21:36Z,CPA301,"22.296461,113.898796",0,16,95
1757697701,2025-09-12T17:21:41Z,CPA301,"22.296616,113.8993",0,25,73
1757697702,2025-09-12T17:21:42Z,CPA301,"22.296696,113.899506",0,32,70
1757697705,2025-09-12T17:21:45Z,CPA301,"22.296824,113.899902",0,42,70
1757697706,2025-09-12T17:21:46Z,CPA301,"22.296913,113.900208",0,49,70
1757697708,2025-09-12T17:21:48Z,CPA301,"22.29705,113.90062",0,57,70
1757697712,2025-09-12T17:21:52Z,CPA301,"22.297485,113.901955",0,76,70
1757697713,2025-09-12T17:21:53Z,CPA301,"22.297661,113.902496",0,82,70
1757697715,2025-09-12T17:21:55Z,CPA301,"22.297897,113.903214",0,90,70
1757697716,2025-09-12T17:21:56Z,CPA301,"22.297976,113.90345",0,92,70
1757697718,2025-09-12T17:21:58Z,CPA301,"22.298197,113.904213",0,92,70
1757697720,2025-09-12T17:22:00Z,CPA301,"22.298569,113.905388",100,110,70
1757697722,2025-09-12T17:22:02Z,CPA301,"22.298941,113.906456",100,117,71
1757697724,2025-09-12T17:22:04Z,CPA301,"22.29936,113.907722",100,125,70
1757697726,2025-09-12T17:22:06Z,CPA301,"22.299728,113.908844",100,132,71
1757697735,2025-09-12T17:22:15Z,CPA301,"22.301641,113.914894",75,163,71
1757697741,2025-09-12T17:22:21Z,CPA301,"22.303345,113.920181",50,179,70
1757697749,2025-09-12T17:22:29Z,CPA301,"22.305645,113.927208",400,179,71
1757697758,2025-09-12T17:22:38Z,CPA301,"22.307785,113.934013",750,177,71
1757697764,2025-09-12T17:22:44Z,CPA301,"22.309479,113.939659",1025,177,71
1757697772,2025-09-12T17:22:52Z,CPA301,"22.311604,113.946533",1375,178,71
1757697781,2025-09-12T17:23:01Z,CPA301,"22.313744,113.953552",1725,177,71
1757697789,2025-09-12T17:23:09Z,CPA301,"22.315979,113.960884",1925,185,71
1757697797,2025-09-12T17:23:17Z,CPA301,"22.318306,113.968506",2000,196,71
1757697804,2025-09-12T17:23:24Z,CPA301,"22.320145,113.974419",2050,202,71
1757697812,2025-09-12T17:23:32Z,CPA301,"22.322708,113.982605",2225,207,71
1757697821,2025-09-12T17:23:41Z,CPA301,"22.32543,113.991295",2475,209,71
1757697830,2025-09-12T17:23:50Z,CPA301,"22.328129,113.999733",2750,209,71
1757697836,2025-09-12T17:23:56Z,CPA301,"22.330177,114.006195",2950,210,70
1757697843,2025-09-12T17:24:03Z,CPA301,"22.332413,114.013008",3175,210,70
1757697852,2025-09-12T17:24:12Z,CPA301,"22.335159,114.021553",3450,210,71
1757697858,2025-09-12T17:24:18Z,CPA301,"22.336882,114.027863",3650,210,77
1757697860,2025-09-12T17:24:20Z,CPA301,"22.337219,114.0299",3700,210,80
1757697862,2025-09-12T17:24:22Z,CPA301,"22.33758,114.032494",3775,210,83
1757697864,2025-09-12T17:24:24Z,CPA301,"22.337769,114.034492",3825,209,85
1757697866,2025-09-12T17:24:26Z,CPA301,"22.337858,114.036507",3900,210,88
1757697868,2025-09-12T17:24:28Z,CPA301,"22.337858,114.03875",3950,210,91
1757697871,2025-09-12T17:24:31Z,CPA301,"22.337719,114.041191",4025,209,94
1757697873,2025-09-12T17:24:33Z,CPA301,"22.33754,114.043282",4075,210,97
1757697875,2025-09-12T17:24:35Z,CPA301,"22.337206,114.045868",4150,210,99
1757697877,2025-09-12T17:24:37Z,CPA301,"22.336788,114.048004",4225,210,102
1757697879,2025-09-12T17:24:39Z,CPA301,"22.336395,114.049622",4250,210,105
1757697881,2025-09-12T17:24:41Z,CPA301,"22.3358,114.05172",4325,210,108
1757697883,2025-09-12T17:24:43Z,CPA301,"22.334972,114.054161",4375,211,111
1757697885,2025-09-12T17:24:45Z,CPA301,"22.334244,114.056114",4425,211,114
1757697888,2025-09-12T17:24:48Z,CPA301,"22.333157,114.058586",4500,211,116
1757697890,2025-09-12T17:24:50Z,CPA301,"22.332275,114.060356",4550,211,119
1757697892,2025-09-12T17:24:52Z,CPA301,"22.331295,114.062096",4625,212,121
1757697894,2025-09-12T17:24:54Z,CPA301,"22.330261,114.063805",4675,213,124
1757697896,2025-09-12T17:24:56Z,CPA301,"22.328781,114.06601",4750,213,127
1757697898,2025-09-12T17:24:58Z,CPA301,"22.327663,114.067589",4800,213,129
1757697900,2025-09-12T17:25:00Z,CPA301,"22.326035,114.069572",4875,214,132
1757697902,2025-09-12T17:25:02Z,CPA301,"22.324677,114.071045",4925,214,135
1757697904,2025-09-12T17:25:04Z,CPA301,"22.32312,114.072594",5000,215,138
1757697907,2025-09-12T17:25:07Z,CPA301,"22.321472,114.07415",5050,215,140
1757697909,2025-09-12T17:25:09Z,CPA301,"22.319824,114.075493",5100,216,142
1757697911,2025-09-12T17:25:11Z,CPA301,"22.318121,114.076843",5150,217,144
1757697913,2025-09-12T17:25:13Z,CPA301,"22.316631,114.077911",5200,219,147
1757697915,2025-09-12T17:25:15Z,CPA301,"22.314583,114.079285",5225,221,148
1757697917,2025-09-12T17:25:17Z,CPA301,"22.313049,114.080231",5250,222,151
1757697919,2025-09-12T17:25:19Z,CPA301,"22.310806,114.081535",5300,224,152
1757697921,2025-09-12T17:25:21Z,CPA301,"22.308884,114.082481",5325,228,155
1757697923,2025-09-12T17:25:23Z,CPA301,"22.306961,114.083427",5350,228,157
1757697925,2025-09-12T17:25:25Z,CPA301,"22.304718,114.084328",5375,231,160
1757697928,2025-09-12T17:25:28Z,CPA301,"22.302479,114.085136",5400,234,162
1757697930,2025-09-12T17:25:30Z,CPA301,"22.300385,114.085793",5425,236,165
1757697932,2025-09-12T17:25:32Z,CPA301,"22.297989,114.086426",5425,240,167
1757697934,2025-09-12T17:25:34Z,CPA301,"22.295961,114.086861",5450,243,170
1757697936,2025-09-12T17:25:36Z,CPA301,"22.29364,114.087273",5450,246,172
1757697938,2025-09-12T17:25:38Z,CPA301,"22.290981,114.087578",5475,248,175
1757697940,2025-09-12T17:25:40Z,CPA301,"22.288559,114.08773",5500,251,177
1757697942,2025-09-12T17:25:42Z,CPA301,"22.285673,114.08783",5525,253,178
1757697944,2025-09-12T17:25:44Z,CPA301,"22.283298,114.087883",5575,256,179
1757697947,2025-09-12T17:25:47Z,CPA301,"22.281097,114.087921",5600,257,179
1757697949,2025-09-12T17:25:49Z,CPA301,"22.27869,114.087929",5625,260,180
1757697951,2025-09-12T17:25:51Z,CPA301,"22.275604,114.087921",5675,261,180
1757697953,2025-09-12T17:25:53Z,CPA301,"22.273178,114.087875",5700,264,180
1757697955,2025-09-12T17:25:55Z,CPA301,"22.270615,114.087822",5725,265,180
1757697957,2025-09-12T17:25:57Z,CPA301,"22.268263,114.087776",5750,267,180
1757697959,2025-09-12T17:25:59Z,CPA301,"22.265167,114.087723",5800,269,181
1757697961,2025-09-12T17:26:01Z,CPA301,"22.26265,114.087677",5825,271,181
1757697964,2025-09-12T17:26:04Z,CPA301,"22.259418,114.087624",5850,273,181
1757697977,2025-09-12T17:26:17Z,CPA301,"22.243032,114.087318",6200,277,180
1757697992,2025-09-12T17:26:32Z,CPA301,"22.223557,114.086975",6650,282,180
1757698007,2025-09-12T17:26:47Z,CPA301,"22.204102,114.086723",7025,288,180
1757698021,2025-09-12T17:27:01Z,CPA301,"22.18515,114.089325",7200,295,160
1757698023,2025-09-12T17:27:03Z,CPA301,"22.181862,114.090729",7225,296,155
1757698027,2025-09-12T17:27:07Z,CPA301,"22.18,114.091743",7225,298,151
1757698029,2025-09-12T17:27:09Z,CPA301,"22.174553,114.095558",7300,298,144
1757698035,2025-09-12T17:27:15Z,CPA301,"22.169403,114.100761",7350,302,131
1757698038,2025-09-12T17:27:18Z,CPA301,"22.167618,114.103035",7375,303,128
1757698041,2025-09-12T17:27:21Z,CPA301,"22.164047,114.10865",7425,306,128
1757698043,2025-09-12T17:27:23Z,CPA301,"22.162308,114.112091",7475,306,117
1757698059,2025-09-12T17:27:39Z,CPA301,"22.157003,114.134575",7875,309,94
1757698061,2025-09-12T17:27:41Z,CPA301,"22.15686,114.137909",7950,311,91
1757698064,2025-09-12T17:27:44Z,CPA301,"22.156815,114.142357",8050,311,90
1757698066,2025-09-12T17:27:46Z,CPA301,"22.156816,114.145103",8100,311,89
1757698068,2025-09-12T17:27:48Z,CPA301,"22.15686,114.149445",8200,312,89
1757698070,2025-09-12T17:27:50Z,CPA301,"22.156906,114.152542",8250,311,89
1757698073,2025-09-12T17:27:53Z,CPA301,"22.15691,114.155785",8325,311,90
1757698085,2025-09-12T17:28:05Z,CPA301,"22.15649,114.175415",8725,314,92
1757698098,2025-09-12T17:28:18Z,CPA301,"22.155258,114.195343",9025,318,94
1757698111,2025-09-12T17:28:31Z,CPA301,"22.15361,114.21656",9325,324,94
1757698127,2025-09-12T17:28:47Z,CPA301,"22.151604,114.242195",9900,322,93
1757698140,2025-09-12T17:29:00Z,CPA301,"22.152466,114.263458",10400,322,81
1757698142,2025-09-12T17:29:02Z,CPA301,"22.153,114.26651",10475,321,79
1757698145,2025-09-12T17:29:05Z,CPA301,"22.153791,114.270782",10550,322,77
1757698151,2025-09-12T17:29:11Z,CPA301,"22.15556,114.278923",10675,324,76
1757698153,2025-09-12T17:29:13Z,CPA301,"22.156677,114.283829",10775,324,76
1757698155,2025-09-12T17:29:15Z,CPA301,"22.157639,114.287872",10850,326,75
1757698158,2025-09-12T17:29:18Z,CPA301,"22.158554,114.291924",10900,325,75
1757698160,2025-09-12T17:29:20Z,CPA301,"22.159332,114.295166",10950,326,75
1757698162,2025-09-12T17:29:22Z,CPA301,"22.160028,114.298195",11000,327,75
1757698164,2025-09-12T17:29:24Z,CPA301,"22.160868,114.301605",11050,328,74
1757698171,2025-09-12T17:29:31Z,CPA301,"22.163939,114.311882",11225,330,69
1757698173,2025-09-12T17:29:33Z,CPA301,"22.165476,114.315742",11275,330,66
1757698176,2025-09-12T17:29:36Z,CPA301,"22.166794,114.318733",11350,330,63
1757698178,2025-09-12T17:29:38Z,CPA301,"22.168594,114.322357",11400,332,60
1757698180,2025-09-12T17:29:40Z,CPA301,"22.170177,114.32505",11425,335,56
1757698182,2025-09-12T17:29:42Z,CPA301,"22.172287,114.328377",11450,336,54
1757698184,2025-09-12T17:29:44Z,CPA301,"22.174072,114.330971",11475,338,51
1757698186,2025-09-12T17:29:46Z,CPA301,"22.176132,114.333565",11500,341,48
1757698189,2025-09-12T17:29:49Z,CPA301,"22.178883,114.336754",11525,342,45
1757698191,2025-09-12T17:29:51Z,CPA301,"22.181118,114.338989",11550,344,42
1757698193,2025-09-12T17:29:53Z,CPA301,"22.182953,114.340759",11575,346,39
1757698195,2025-09-12T17:29:55Z,CPA301,"22.186098,114.343414",11600,349,36
1757698197,2025-09-12T17:29:57Z,CPA301,"22.189497,114.345955",11625,352,33
1757698199,2025-09-12T17:29:59Z,CPA301,"22.192291,114.347801",11650,354,29
1757698201,2025-09-12T17:30:01Z,CPA301,"22.195313,114.349602",11650,355,27
1757698204,2025-09-12T17:30:04Z,CPA301,"22.198528,114.35125",11675,358,23
1757698206,2025-09-12T17:30:06Z,CPA301,"22.202206,114.352875",11700,360,20
1757698209,2025-09-12T17:30:09Z,CPA301,"22.205521,114.354141",11725,362,17
1757698211,2025-09-12T17:30:11Z,CPA301,"22.209654,114.355415",11750,365,13
1757698213,2025-09-12T17:30:13Z,CPA301,"22.21376,114.356438",11750,368,10
1757698215,2025-09-12T17:30:15Z,CPA301,"22.217972,114.35714",11775,369,7
1757698218,2025-09-12T17:30:18Z,CPA301,"22.222084,114.357605",11800,372,4
1757698220,2025-09-12T17:30:20Z,CPA301,"22.225529,114.357758",11825,374,1
1757698222,2025-09-12T17:30:22Z,CPA301,"22.229439,114.357758",11850,376,358
1757698224,2025-09-12T17:30:24Z,CPA301,"22.233078,114.35759",11850,377,356
1757698226,2025-09-12T17:30:26Z,CPA301,"22.236603,114.357185",11875,379,352
1757698229,2025-09-12T17:30:29Z,CPA301,"22.241076,114.356438",11900,382,349
1757698231,2025-09-12T17:30:31Z,CPA301,"22.244568,114.355675",11900,383,347
1757698233,2025-09-12T17:30:33Z,CPA301,"22.248001,114.354744",11925,386,344
1757698235,2025-09-12T17:30:35Z,CPA301,"22.251596,114.353539",11950,387,341
1757698237,2025-09-12T17:30:37Z,CPA301,"22.255646,114.351997",11975,390,338
1757698239,2025-09-12T17:30:39Z,CPA301,"22.259138,114.350433",11975,390,336
1757698241,2025-09-12T17:30:41Z,CPA301,"22.262398,114.348755",12000,391,333
1757698243,2025-09-12T17:30:43Z,CPA301,"22.265656,114.346924",12025,393,331
1757698246,2025-09-12T17:30:46Z,CPA301,"22.269333,114.344688",12050,396,329
1757698248,2025-09-12T17:30:48Z,CPA301,"22.272354,114.342705",12075,396,327
1757698250,2025-09-12T17:30:50Z,CPA301,"22.276337,114.339958",12100,398,326
1757698252,2025-09-12T17:30:52Z,CPA301,"22.27869,114.33828",12150,397,326
1757698254,2025-09-12T17:30:54Z,CPA301,"22.282608,114.335419",12175,398,325
1757698256,2025-09-12T17:30:56Z,CPA301,"22.285492,114.333267",12225,399,324
1757698259,2025-09-12T17:30:59Z,CPA301,"22.289246,114.330376",12275,399,324
1757698261,2025-09-12T17:31:01Z,CPA301,"22.292404,114.327972",12325,400,324
1757698263,2025-09-12T17:31:03Z,CPA301,"22.295883,114.325226",12375,400,323
1757698265,2025-09-12T17:31:05Z,CPA301,"22.298721,114.322929",12425,401,323
1757698267,2025-09-12T17:31:07Z,CPA301,"22.301971,114.320335",12500,402,323
1757698269,2025-09-12T17:31:09Z,CPA301,"22.305319,114.317627",12550,402,323
1757698271,2025-09-12T17:31:11Z,CPA301,"22.308159,114.315338",12600,402,322
1757698302,2025-09-12T17:31:42Z,CPA301,"22.35379,114.278435",13450,402,323
1757698335,2025-09-12T17:32:15Z,CPA301,"22.403732,114.239632",14150,408,324
1757698365,2025-09-12T17:32:45Z,CPA301,"22.449816,114.204559",14975,408,324
1757698397,2025-09-12T17:33:17Z,CPA301,"22.499542,114.166725",15650,413,324
1757698429,2025-09-12T17:33:49Z,CPA301,"22.550354,114.129723",16400,415,330
1757698435,2025-09-12T17:33:55Z,CPA301,"22.561752,114.123329",16500,417,334
1757698437,2025-09-12T17:33:57Z,CPA301,"22.565231,114.121529",16550,417,334
1757698439,2025-09-12T17:33:59Z,CPA301,"22.56958,114.119331",16600,418,335
1757698441,2025-09-12T17:34:01Z,CPA301,"22.572281,114.118034",16625,418,335
1757698443,2025-09-12T17:34:03Z,CPA301,"22.576675,114.115936",16675,418,335
1757698446,2025-09-12T17:34:06Z,CPA301,"22.580383,114.114143",16725,417,335
1757698448,2025-09-12T17:34:08Z,CPA301,"22.584911,114.111938",16800,418,335
1757698481,2025-09-12T17:34:41Z,CPA301,"22.641705,114.083153",17550,419,334
1757698513,2025-09-12T17:35:13Z,CPA301,"22.698732,114.053551",18225,421,334
1757698545,2025-09-12T17:35:45Z,CPA301,"22.755991,114.023949",18900,423,334
1757698577,2025-09-12T17:36:17Z,CPA301,"22.812607,113.994843",19400,428,334
1757698608,2025-09-12T17:36:48Z,CPA301,"22.869205,113.96566",20000,431,334
1757698640,2025-09-12T17:37:20Z,CPA301,"22.926512,113.936058",20525,434,334
1757698672,2025-09-12T17:37:52Z,CPA301,"22.984085,113.906097",21150,434,334
1757698704,2025-09-12T17:38:24Z,CPA301,"23.04213,113.874886",21575,440,331
1757698735,2025-09-12T17:38:55Z,CPA301,"23.096191,113.837486",22000,445,323
1757698767,2025-09-12T17:39:27Z,CPA301,"23.147867,113.791252",22375,452,317
1757698799,2025-09-12T17:39:59Z,CPA301,"23.196716,113.739754",22825,456,315
1757698832,2025-09-12T17:40:32Z,CPA301,"23.245102,113.689468",23375,456,316
1757698862,2025-09-12T17:41:02Z,CPA301,"23.292892,113.63913",23650,463,313
1757698873,2025-09-12T17:41:13Z,CPA301,"23.307449,113.619957",23750,466,305
1757698875,2025-09-12T17:41:15Z,CPA301,"23.309963,113.615929",23775,467,303
1757698878,2025-09-12T17:41:18Z,CPA301,"23.31271,113.611351",23775,468,302
1757698880,2025-09-12T17:41:20Z,CPA301,"23.315037,113.607124",23800,468,300
1757698882,2025-09-12T17:41:22Z,CPA301,"23.317179,113.603058",23825,468,299
1757698884,2025-09-12T17:41:24Z,CPA301,"23.319645,113.598076",23850,470,297
1757698886,2025-09-12T17:41:26Z,CPA301,"23.321554,113.594002",23850,470,296
1757698888,2025-09-12T17:41:28Z,CPA301,"23.32337,113.590141",23875,470,296
1757698890,2025-09-12T17:41:30Z,CPA301,"23.325884,113.584541",23900,472,296
1757698893,2025-09-12T17:41:33Z,CPA301,"23.327839,113.580269",23900,471,296
1757698895,2025-09-12T17:41:35Z,CPA301,"23.329971,113.575508",23925,471,296
1757698897,2025-09-12T17:41:37Z,CPA301,"23.331894,113.57122",23950,472,296
1757698899,2025-09-12T17:41:39Z,CPA301,"23.333937,113.566795",23975,472,296
1757698901,2025-09-12T17:41:41Z,CPA301,"23.336357,113.561501",23975,473,296
1757698933,2025-09-12T17:42:13Z,CPA301,"23.369177,113.492989",24375,476,297
1757698964,2025-09-12T17:42:44Z,CPA301,"23.401611,113.427345",24875,476,298
1757698996,2025-09-12T17:43:16Z,CPA301,"23.434525,113.360931",25275,479,298
1757699029,2025-09-12T17:43:49Z,CPA301,"23.469032,113.29071",25775,480,298
1757699079,2025-09-12T17:44:39Z,CPA301,"23.520193,113.186188",26250,488,297
1757699126,2025-09-12T17:45:26Z,CPA301,"23.570656,113.082947",26775,492,297
1757699159,2025-09-12T17:45:59Z,CPA301,"23.596889,113.033958",26975,492,305
1757699194,2025-09-12T17:46:34Z,CPA301,"23.644251,112.9636",27300,495,306
1757699234,2025-09-12T17:47:14Z,CPA301,"23.69783,112.882278",27600,494,306
1757699261,2025-09-12T17:47:41Z,CPA301,"23.733902,112.827095",27600,494,305
1757699301,2025-09-12T17:48:21Z,CPA301,"23.798904,112.727867",27600,494,305
1757699326,2025-09-12T17:48:46Z,CPA301,"23.819942,112.695679",27600,495,305
1757699355,2025-09-12T17:49:15Z,CPA301,"23.858734,112.636467",27600,496,305
1757699390,2025-09-12T17:49:50Z,CPA301,"23.90593,112.56424",27600,497,305
1757699420,2025-09-12T17:50:20Z,CPA301,"23.945448,112.503632",27725,500,305
1757699455,2025-09-12T17:50:55Z,CPA301,"23.988281,112.437843",28150,500,305
1757699501,2025-09-12T17:51:41Z,CPA301,"24.05154,112.340546",28725,500,305
1757699538,2025-09-12T17:52:18Z,CPA301,"24.102327,112.262398",28925,504,305
1757699579,2025-09-12T17:52:59Z,CPA301,"24.15834,112.175957",29200,508,306
1757699612,2025-09-12T17:53:32Z,CPA301,"24.204464,112.104698",29400,512,305
1757699646,2025-09-12T17:54:06Z,CPA301,"24.250717,112.033081",29700,510,305
1757699680,2025-09-12T17:54:40Z,CPA301,"24.297056,111.961258",30000,510,305
1757699715,2025-09-12T17:55:15Z,CPA301,"24.344376,111.887817",30225,511,305
1757699759,2025-09-12T17:55:59Z,CPA301,"24.403427,111.796013",30375,515,305
1757699793,2025-09-12T17:56:33Z,CPA301,"24.451656,111.720901",30525,518,305
1757699828,2025-09-12T17:57:08Z,CPA301,"24.500162,111.645187",30800,517,305
1757699863,2025-09-12T17:57:43Z,CPA301,"24.546295,111.573181",31000,518,305
1757699897,2025-09-12T17:58:17Z,CPA301,"24.594805,111.497238",31125,520,305
1757699932,2025-09-12T17:58:52Z,CPA301,"24.643341,111.421303",31225,524,305
1757699967,2025-09-12T17:59:27Z,CPA301,"24.691679,111.345345",31400,524,305
1757700002,2025-09-12T18:00:02Z,CPA301,"24.740067,111.269279",31750,522,305
1757700037,2025-09-12T18:00:37Z,CPA301,"24.788368,111.193199",32025,520,305
1757700072,2025-09-12T18:01:12Z,CPA301,"24.836563,111.117249",32100,524,305
1757700106,2025-09-12T18:01:46Z,CPA301,"24.883711,111.042809",32100,525,305
1757700140,2025-09-12T18:02:20Z,CPA301,"24.931284,110.96756",32100,524,305
1757700184,2025-09-12T18:03:04Z,CPA301,"24.990404,110.873917",32100,526,305
1757700218,2025-09-12T18:03:38Z,CPA301,"25.038866,110.796913",32100,524,305
1757700253,2025-09-12T18:04:13Z,CPA301,"25.087513,110.719543",32100,523,305
1757700283,2025-09-12T18:04:43Z,CPA301,"25.12871,110.654091",32100,523,305
1757700312,2025-09-12T18:05:12Z,CPA301,"25.16856,110.590553",32100,523,304
1757700347,2025-09-12T18:05:47Z,CPA301,"25.216415,110.513969",32100,521,305
1757700382,2025-09-12T18:06:22Z,CPA301,"25.2626,110.440117",32100,518,304
1757700415,2025-09-12T18:06:55Z,CPA301,"25.309113,110.365654",32100,516,305
1757700458,2025-09-12T18:07:38Z,CPA301,"25.366871,110.272987",32100,513,304
1757700487,2025-09-12T18:08:07Z,CPA301,"25.405977,110.210075",32100,510,304
1757700522,2025-09-12T18:08:42Z,CPA301,"25.45285,110.135292",32100,507,308
1757700532,2025-09-12T18:08:52Z,CPA301,"25.468277,110.115562",32100,506,315
1757700537,2025-09-12T18:08:57Z,CPA301,"25.476654,110.106659",32100,506,318
1757700542,2025-09-12T18:09:02Z,CPA301,"25.485628,110.09819",32100,505,321
1757700552,2025-09-12T18:09:12Z,CPA301,"25.505356,110.082909",32100,504,328
1757700557,2025-09-12T18:09:17Z,CPA301,"25.515514,110.076378",32100,504,331
1757700562,2025-09-12T18:09:22Z,CPA301,"25.525497,110.070702",32125,504,334
1757700567,2025-09-12T18:09:27Z,CPA301,"25.536118,110.065102",32100,505,335
1757700572,2025-09-12T18:09:32Z,CPA301,"25.547241,110.059151",32100,505,334
1757700597,2025-09-12T18:09:57Z,CPA301,"25.596144,110.025902",32100,506,323
1757700602,2025-09-12T18:10:02Z,CPA301,"25.605331,110.017952",32100,507,321
1757700607,2025-09-12T18:10:07Z,CPA301,"25.614441,110.00956",32100,508,319
1757700612,2025-09-12T18:10:12Z,CPA301,"25.622721,110.001389",32100,508,317
1757700617,2025-09-12T18:10:17Z,CPA301,"25.63147,109.992271",32100,508,316
1757700652,2025-09-12T18:10:52Z,CPA301,"25.683519,109.925278",32100,512,305
1757700686,2025-09-12T18:11:26Z,CPA301,"25.73012,109.848534",32100,514,304
1757700721,2025-09-12T18:12:01Z,CPA301,"25.77626,109.774582",32100,513,305
1757700763,2025-09-12T18:12:43Z,CPA301,"25.83069,109.678482",32100,516,298
1757700792,2025-09-12T18:13:12Z,CPA301,"25.85935,109.610489",32100,517,293
1757700802,2025-09-12T18:13:22Z,CPA301,"25.868851,109.583611",32100,517,291
1757700858,2025-09-12T18:14:18Z,CPA301,"25.907904,109.442528",32100,518,286
1757700893,2025-09-12T18:14:53Z,CPA301,"25.931721,109.354019",32100,517,287
1757700928,2025-09-12T18:15:28Z,CPA301,"25.955469,109.264473",32100,516,287
1757700963,2025-09-12T18:16:03Z,CPA301,"25.978149,109.178383",32100,516,287
1757700992,2025-09-12T18:16:32Z,CPA301,"25.998211,109.102211",32100,515,286
1757701022,2025-09-12T18:17:02Z,CPA301,"26.017502,109.02858",32100,514,287
1757701056,2025-09-12T18:17:36Z,CPA301,"26.040939,108.939079",32100,516,286
1757701090,2025-09-12T18:18:10Z,CPA301,"26.063,108.854561",32100,518,287
1757701134,2025-09-12T18:18:54Z,CPA301,"26.09416,108.740829",32100,514,292
1757701144,2025-09-12T18:19:04Z,CPA301,"26.103561,108.717323",32100,512,297
1757701178,2025-09-12T18:19:38Z,CPA301,"26.142883,108.638306",32100,511,299
1757701213,2025-09-12T18:20:13Z,CPA301,"26.181299,108.557968",32100,512,298
1757701243,2025-09-12T18:20:43Z,CPA301,"26.21475,108.488121",32100,514,298
1757701278,2025-09-12T18:21:18Z,CPA301,"26.254211,108.40583",32100,516,298
1757701313,2025-09-12T18:21:53Z,CPA301,"26.293171,108.323853",32100,517,298
1757701342,2025-09-12T18:22:22Z,CPA301,"26.32548,108.255737",32100,516,298
1757701382,2025-09-12T18:23:02Z,CPA301,"26.370163,108.161537",32100,512,298
1757701412,2025-09-12T18:23:32Z,CPA301,"26.401979,108.094383",32100,512,298
1757701445,2025-09-12T18:24:05Z,CPA301,"26.43972,108.014458",32100,513,298
1757701487,2025-09-12T18:24:47Z,CPA301,"26.486071,107.916267",32100,515,298
1757701521,2025-09-12T18:25:21Z,CPA301,"26.52338,107.836929",32100,512,298
1757701551,2025-09-12T18:25:51Z,CPA301,"26.556381,107.766655",32100,510,298
1757701586,2025-09-12T18:26:26Z,CPA301,"26.594925,107.68457",32100,510,298
1757701620,2025-09-12T18:27:00Z,CPA301,"26.632256,107.604797",32100,510,298
1757701664,2025-09-12T18:27:44Z,CPA301,"26.680071,107.502487",32100,508,298
1757701704,2025-09-12T18:28:24Z,CPA301,"26.722916,107.410637",32100,505,297
1757701744,2025-09-12T18:29:04Z,CPA301,"26.765762,107.318443",32100,501,297
1757701778,2025-09-12T18:29:38Z,CPA301,"26.80183,107.240662",32100,500,297
1757701813,2025-09-12T18:30:13Z,CPA301,"26.83946,107.159592",32100,500,297
1757701843,2025-09-12T18:30:43Z,CPA301,"26.871368,107.090584",32100,500,297
1757701878,2025-09-12T18:31:18Z,CPA301,"26.908401,107.010307",32100,500,297
1757701913,2025-09-12T18:31:53Z,CPA301,"26.944336,106.932365",32100,496,298
1757701947,2025-09-12T18:32:27Z,CPA301,"26.980839,106.852867",32100,496,297
1757701977,2025-09-12T18:32:57Z,CPA301,"27.011169,106.786903",32100,496,297
1757702005,2025-09-12T18:33:25Z,CPA301,"27.04184,106.7201",32100,497,297
1757702035,2025-09-12T18:33:55Z,CPA301,"27.073242,106.651543",32100,498,297
1757702070,2025-09-12T18:34:30Z,CPA301,"27.1103,106.570343",32100,500,297
1757702105,2025-09-12T18:35:05Z,CPA301,"27.147169,106.489906",32100,502,298
1757702144,2025-09-12T18:35:44Z,CPA301,"27.196199,106.403732",32100,503,307
1757702178,2025-09-12T18:36:18Z,CPA301,"27.246611,106.335609",32100,504,313
1757702206,2025-09-12T18:36:46Z,CPA301,"27.292549,106.284637",32100,507,318
1757702235,2025-09-12T18:37:15Z,CPA301,"27.344419,106.234421",32100,506,320
1757702277,2025-09-12T18:37:57Z,CPA301,"27.418301,106.161873",32100,504,319
1757702317,2025-09-12T18:38:37Z,CPA301,"27.5093,106.072731",32100,507,318
1757702350,2025-09-12T18:39:10Z,CPA301,"27.547621,106.035217",32100,508,319
1757702365,2025-09-12T18:39:25Z,CPA301,"27.5739,106.00946",32100,509,319
1757702423,2025-09-12T18:40:23Z,CPA301,"27.694839,105.887321",32100,510,317
1757702455,2025-09-12T18:40:55Z,CPA301,"27.752289,105.829277",32100,511,318
1757702487,2025-09-12T18:41:27Z,CPA301,"27.80784,105.773148",32100,511,318
1757702519,2025-09-12T18:41:59Z,CPA301,"27.864395,105.715889",32100,512,318
1757702549,2025-09-12T18:42:29Z,CPA301,"27.917749,105.661751",32100,513,317
1757702579,2025-09-12T18:42:59Z,CPA301,"27.950729,105.628258",32100,514,318
1757702613,2025-09-12T18:43:33Z,CPA301,"28.009781,105.568169",32100,514,318
1757702641,2025-09-12T18:44:01Z,CPA301,"28.060804,105.516251",32100,513,318
1757702676,2025-09-12T18:44:36Z,CPA301,"28.120102,105.455811",32100,509,317
1757702734,2025-09-12T18:45:34Z,CPA301,"28.223738,105.349892",32100,509,318
1757702769,2025-09-12T18:46:09Z,CPA301,"28.283615,105.288528",32100,510,318
1757702802,2025-09-12T18:46:42Z,CPA301,"28.341095,105.229584",32100,510,318
1757702835,2025-09-12T18:47:15Z,CPA301,"28.401194,105.167809",32100,510,318
1757702870,2025-09-12T18:47:50Z,CPA301,"28.46236,105.104912",32100,508,318
1757702924,2025-09-12T18:48:44Z,CPA301,"28.556213,105.008118",32100,505,317
1757702958,2025-09-12T18:49:18Z,CPA301,"28.614899,104.947533",32100,506,318
1757702981,2025-09-12T18:49:41Z,CPA301,"28.65477,104.906227",32100,505,317
1757703029,2025-09-12T18:50:29Z,CPA301,"28.737766,104.82029",32100,507,317
1757703063,2025-09-12T18:51:03Z,CPA301,"28.79796,104.761047",32100,511,326
1757703068,2025-09-12T18:51:08Z,CPA301,"28.80946,104.752747",32100,511,330
1757703078,2025-09-12T18:51:18Z,CPA301,"28.830641,104.740578",32100,513,337
1757703083,2025-09-12T18:51:23Z,CPA301,"28.840555,104.736061",32100,513,339
1757703088,2025-09-12T18:51:28Z,CPA301,"28.85173,104.731697",32100,514,343
1757703093,2025-09-12T18:51:33Z,CPA301,"28.864759,104.727547",32100,515,346
1757703098,2025-09-12T18:51:38Z,CPA301,"28.875,104.724953",32125,515,348
1757703103,2025-09-12T18:51:43Z,CPA301,"28.886673,104.72242",32100,515,349
1757703108,2025-09-12T18:51:48Z,CPA301,"28.89551,104.720619",32125,515,350
1757703136,2025-09-12T18:52:16Z,CPA301,"28.963684,104.705521",32100,512,348
1757703175,2025-09-12T18:52:55Z,CPA301,"29.053995,104.682854",32100,510,348
1757703214,2025-09-12T18:53:34Z,CPA301,"29.14389,104.660355",32100,511,348
1757703248,2025-09-12T18:54:08Z,CPA301,"29.220932,104.641129",32100,512,348
1757703276,2025-09-12T18:54:36Z,CPA301,"29.287781,104.62442",32100,510,348
1757703319,2025-09-12T18:55:19Z,CPA301,"29.386688,104.599777",32100,511,347
1757703353,2025-09-12T18:55:53Z,CPA301,"29.463144,104.580688",32100,511,348
1757703385,2025-09-12T18:56:25Z,CPA301,"29.5383,104.561798",32100,509,348
1757703428,2025-09-12T18:57:08Z,CPA301,"29.636948,104.537025",32100,508,348
1757703457,2025-09-12T18:57:37Z,CPA301,"29.705259,104.519829",32100,508,348
1757703490,2025-09-12T18:58:10Z,CPA301,"29.781235,104.500687",32100,510,348
1757703546,2025-09-12T18:59:06Z,CPA301,"29.91115,104.467827",32100,512,348
1757703583,2025-09-12T18:59:43Z,CPA301,"30.023438,104.43959",32100,513,348
1757703615,2025-09-12T19:00:15Z,CPA301,"30.098465,104.427368",32100,516,355
1757703647,2025-09-12T19:00:47Z,CPA301,"30.176884,104.424446",32100,521,359
1757703678,2025-09-12T19:01:18Z,CPA301,"30.248806,104.429718",32100,524,6
1757703709,2025-09-12T19:01:49Z,CPA301,"30.323942,104.442459",32100,525,8
1757703741,2025-09-12T19:02:21Z,CPA301,"30.401917,104.456017",32100,525,8
1757703775,2025-09-12T19:02:55Z,CPA301,"30.484873,104.468002",32100,524,4
1757703807,2025-09-12T19:03:27Z,CPA301,"30.562243,104.46965",32100,520,358
1757703838,2025-09-12T19:03:58Z,CPA301,"30.600882,104.467125",32100,519,355
1757703871,2025-09-12T19:04:31Z,CPA301,"30.686829,104.45343",32100,515,349
1757703904,2025-09-12T19:05:04Z,CPA301,"30.763824,104.43119",32100,511,343
1757703935,2025-09-12T19:05:35Z,CPA301,"30.834549,104.406578",32100,513,346
1757703973,2025-09-12T19:06:13Z,CPA301,"30.949402,104.388161",32100,515,357
1757703975,2025-09-12T19:06:15Z,CPA301,"30.954399,104.387917",32100,515,357
1757704008,2025-09-12T19:06:48Z,CPA301,"31.03331,104.386276",32100,515,358
1757704039,2025-09-12T19:07:19Z,CPA301,"31.106205,104.384071",32100,513,358
1757704071,2025-09-12T19:07:51Z,CPA301,"31.182505,104.381821",32100,512,358
1757704101,2025-09-12T19:08:21Z,CPA301,"31.254318,104.379921",32100,511,358
1757704133,2025-09-12T19:08:53Z,CPA301,"31.329842,104.376434",32100,511,356
1757704165,2025-09-12T19:09:25Z,CPA301,"31.405609,104.371193",32100,512,356
1757704198,2025-09-12T19:09:58Z,CPA301,"31.483418,104.366379",32100,514,357
1757704232,2025-09-12T19:10:32Z,CPA301,"31.56514,104.36161",32100,513,357
1757704263,2025-09-12T19:11:03Z,CPA301,"31.63732,104.35743",32100,512,357
1757704293,2025-09-12T19:11:33Z,CPA301,"31.709755,104.353142",32100,511,357
1757704325,2025-09-12T19:12:05Z,CPA301,"31.786057,104.348694",32100,510,357
1757704356,2025-09-12T19:12:36Z,CPA301,"31.859573,104.344795",32100,510,357
1757704388,2025-09-12T19:13:08Z,CPA301,"31.935974,104.34111",32100,508,357
1757704421,2025-09-12T19:13:41Z,CPA301,"32.010864,104.337326",32100,507,357
1757704452,2025-09-12T19:14:12Z,CPA301,"32.085022,104.333481",32100,507,357
1757704485,2025-09-12T19:14:45Z,CPA301,"32.161697,104.329521",32100,508,357
1757704515,2025-09-12T19:15:15Z,CPA301,"32.23193,104.32589",32100,508,357
1757704548,2025-09-12T19:15:48Z,CPA301,"32.309162,104.321915",32100,508,357
1757704580,2025-09-12T19:16:20Z,CPA301,"32.384399,104.317986",32100,508,357
1757704610,2025-09-12T19:16:50Z,CPA301,"32.455986,104.314346",32100,507,357
1757704643,2025-09-12T19:17:23Z,CPA301,"32.532623,104.310738",32100,509,357
1757704675,2025-09-12T19:17:55Z,CPA301,"32.609005,104.307114",32100,510,357
1757704707,2025-09-12T19:18:27Z,CPA301,"32.658691,104.304695",32100,507,357
1757704742,2025-09-12T19:19:02Z,CPA301,"32.737747,104.300903",32100,505,357
1757704770,2025-09-12T19:19:30Z,CPA301,"32.805908,104.297661",32100,508,358
1757704812,2025-09-12T19:20:12Z,CPA301,"32.90461,104.292877",32100,506,358
1757704846,2025-09-12T19:20:46Z,CPA301,"32.984711,104.288986",32100,505,357
1757704881,2025-09-12T19:21:21Z,CPA301,"33.066845,104.284973",32100,505,357
1757704918,2025-09-12T19:21:58Z,CPA301,"33.153152,104.280823",32100,506,358
1757704949,2025-09-12T19:22:29Z,CPA301,"33.2234,104.276512",32100,503,354
1757704958,2025-09-12T19:22:38Z,CPA301,"33.244171,104.27388",32100,502,353
1757705310,2025-09-12T19:28:30Z,CPA301,"34.036057,104.111938",32100,512,314
1757705515,2025-09-12T19:31:55Z,CPA301,"34.523277,104.111938",32100,513,35
1757705811,2025-09-12T19:36:51Z,CPA301,"35.228577,104.111992",33700,512,359
1757705874,2025-09-12T19:37:54Z,CPA301,"35.378128,104.112",34100,511,359
1757705909,2025-09-12T19:38:29Z,CPA301,"35.462891,104.111938",34100,513,359
1757706057,2025-09-12T19:40:57Z,CPA301,"35.80542,104.113228",34100,507,359
1757706085,2025-09-12T19:41:25Z,CPA301,"35.876404,104.10862",34100,502,355
1757706127,2025-09-12T19:42:07Z,CPA301,"35.97422,104.097267",34100,502,355
1757706156,2025-09-12T19:42:36Z,CPA301,"36.040836,104.090202",34100,500,355
1757706191,2025-09-12T19:43:11Z,CPA301,"36.12117,104.081497",34100,496,355
1757706234,2025-09-12T19:43:54Z,CPA301,"36.218525,104.070801",34100,494,354
1757706268,2025-09-12T19:44:28Z,CPA301,"36.29636,104.06221",34100,492,355
1757706304,2025-09-12T19:45:04Z,CPA301,"36.376648,104.051857",34100,486,350
1757706332,2025-09-12T19:45:32Z,CPA301,"36.437275,104.034271",34100,478,343
1757706366,2025-09-12T19:46:06Z,CPA301,"36.50943,104.000092",34100,470,335
1757706409,2025-09-12T19:46:49Z,CPA301,"36.58913,103.943169",34100,461,326
1757706443,2025-09-12T19:47:23Z,CPA301,"36.645409,103.886841",34100,454,318
1757706477,2025-09-12T19:47:57Z,CPA301,"36.694149,103.822495",34100,449,309
1757706507,2025-09-12T19:48:27Z,CPA301,"36.730087,103.761177",34100,443,302
1757706542,2025-09-12T19:49:02Z,CPA301,"36.765335,103.683075",34100,441,297
1757706577,2025-09-12T19:49:37Z,CPA301,"36.799541,103.603882",34100,443,298
1757706612,2025-09-12T19:50:12Z,CPA301,"36.833759,103.524933",34100,439,298
1757706641,2025-09-12T19:50:41Z,CPA301,"36.861008,103.461525",34100,440,298
1757706670,2025-09-12T19:51:10Z,CPA301,"36.888779,103.396568",34100,437,299
1757706705,2025-09-12T19:51:45Z,CPA301,"36.92202,103.318893",34100,438,298
1757706740,2025-09-12T19:52:20Z,CPA301,"36.957642,103.242271",34100,440,303
1757706775,2025-09-12T19:52:55Z,CPA301,"36.996552,103.166222",34100,441,302
1757706810,2025-09-12T19:53:30Z,CPA301,"37.034363,103.090736",34100,441,302
1757706845,2025-09-12T19:54:05Z,CPA301,"37.072342,103.014915",34100,439,302
1757706880,2025-09-12T19:54:40Z,CPA301,"37.110092,102.939568",34100,439,302
1757706924,2025-09-12T19:55:24Z,CPA301,"37.157913,102.844009",34100,437,301
1757706958,2025-09-12T19:55:58Z,CPA301,"37.193981,102.771484",34100,437,301
1757706993,2025-09-12T19:56:33Z,CPA301,"37.231522,102.695992",34100,440,302
1757707027,2025-09-12T19:57:07Z,CPA301,"37.267548,102.623405",34100,439,301
1757707051,2025-09-12T19:57:31Z,CPA301,"37.294022,102.569969",34100,439,301
1757707086,2025-09-12T19:58:06Z,CPA301,"37.330719,102.494263",34100,435,298
1757707120,2025-09-12T19:58:40Z,CPA301,"37.3591,102.416481",34100,433,290
1757707158,2025-09-12T19:59:18Z,CPA301,"37.38084,102.324913",34100,433,284
1757707192,2025-09-12T19:59:52Z,CPA301,"37.396996,102.241035",34100,433,284
1757707226,2025-09-12T20:00:26Z,CPA301,"37.413242,102.159538",34100,435,283
1757707255,2025-09-12T20:00:55Z,CPA301,"37.427673,102.085976",34100,433,283
1757707290,2025-09-12T20:01:30Z,CPA301,"37.443787,102.002739",34100,433,283
1757707325,2025-09-12T20:02:05Z,CPA301,"37.460632,101.915688",34100,432,283
1757707362,2025-09-12T20:02:42Z,CPA301,"37.478043,101.824814",34100,433,283
1757707397,2025-09-12T20:03:17Z,CPA301,"37.494919,101.738953",34100,432,285
1757707427,2025-09-12T20:03:47Z,CPA301,"37.514511,101.66877",34100,432,292
1757707462,2025-09-12T20:04:22Z,CPA301,"37.545822,101.58976",34100,433,298
1757707497,2025-09-12T20:04:57Z,CPA301,"37.578918,101.51268",34100,432,297
1757707527,2025-09-12T20:05:27Z,CPA301,"37.605743,101.448868",34100,432,297
1757707561,2025-09-12T20:06:01Z,CPA301,"37.639435,101.369446",34100,432,298
1757707602,2025-09-12T20:06:42Z,CPA301,"37.677662,101.279259",34100,431,299
1757707630,2025-09-12T20:07:10Z,CPA301,"37.704239,101.216263",34100,430,297
1757707660,2025-09-12T20:07:40Z,CPA301,"37.732357,101.149513",34100,430,297
1757707695,2025-09-12T20:08:15Z,CPA301,"37.764198,101.07386",34100,430,297
1757707731,2025-09-12T20:08:51Z,CPA301,"37.797718,100.994034",34100,430,297
1757707769,2025-09-12T20:09:29Z,CPA301,"37.833939,100.907494",34100,430,297
1757707803,2025-09-12T20:10:03Z,CPA301,"37.86657,100.833298",34100,432,300
1757707836,2025-09-12T20:10:36Z,CPA301,"37.899769,100.760643",34100,429,300
1757707870,2025-09-12T20:11:10Z,CPA301,"37.932495,100.687416",34100,428,299
1757707905,2025-09-12T20:11:45Z,CPA301,"37.966377,100.611",34100,430,299
1757707940,2025-09-12T20:12:20Z,CPA301,"38.000748,100.533318",34100,430,299
1757707979,2025-09-12T20:12:59Z,CPA301,"38.038254,100.448479",34100,430,299
1757708019,2025-09-12T20:13:39Z,CPA301,"38.076984,100.360527",34100,428,299
1757708053,2025-09-12T20:14:13Z,CPA301,"38.109756,100.286011",34100,428,299
1757708080,2025-09-12T20:14:40Z,CPA301,"38.135422,100.227509",34100,426,299
1757708110,2025-09-12T20:15:10Z,CPA301,"38.162155,100.166504",34100,426,298
1757708154,2025-09-12T20:15:54Z,CPA301,"38.206448,100.065025",34100,424,298
1757708183,2025-09-12T20:16:23Z,CPA301,"38.234192,100.00132",34100,424,298
1757708223,2025-09-12T20:17:03Z,CPA301,"38.271618,99.915222",34100,424,298
1757708258,2025-09-12T20:17:38Z,CPA301,"38.304718,99.838852",34100,425,299
1757708287,2025-09-12T20:18:07Z,CPA301,"38.330692,99.778725",34100,424,298
1757708326,2025-09-12T20:18:46Z,CPA301,"38.369293,99.68924",34100,424,298
1757708356,2025-09-12T20:19:16Z,CPA301,"38.39703,99.624802",34100,424,299
1757708393,2025-09-12T20:19:53Z,CPA301,"38.43185,99.543701",34100,422,299
1757708428,2025-09-12T20:20:28Z,CPA301,"38.464874,99.466629",34100,420,298
1757708457,2025-09-12T20:20:57Z,CPA301,"38.491425,99.404533",34100,418,298
1757708509,2025-09-12T20:21:49Z,CPA301,"38.539215,99.292343",34100,418,298
1757708544,2025-09-12T20:22:24Z,CPA301,"38.572346,99.214417",34100,418,298
1757708578,2025-09-12T20:22:58Z,CPA301,"38.603119,99.14164",34100,418,298
1757708613,2025-09-12T20:23:33Z,CPA301,"38.635471,99.065193",34100,417,299
1757708628,2025-09-12T20:23:48Z,CPA301,"38.649582,99.031837",34100,416,298
1757708678,2025-09-12T20:24:38Z,CPA301,"38.695267,98.923409",34100,412,298
1757708713,2025-09-12T20:25:13Z,CPA301,"38.726063,98.849976",34100,412,298
1757708748,2025-09-12T20:25:48Z,CPA301,"38.758137,98.773376",34100,412,298
1757708777,2025-09-12T20:26:17Z,CPA301,"38.784252,98.710938",34100,412,298
1757708817,2025-09-12T20:26:57Z,CPA301,"38.820007,98.625221",34100,414,298
1757708852,2025-09-12T20:27:32Z,CPA301,"38.851192,98.550232",34100,410,297
1757708887,2025-09-12T20:28:07Z,CPA301,"38.882771,98.474159",34100,411,298
1757708917,2025-09-12T20:28:37Z,CPA301,"38.909431,98.409729",34100,410,297
1757708951,2025-09-12T20:29:11Z,CPA301,"38.93969,98.336487",34100,408,297
1757708994,2025-09-12T20:29:54Z,CPA301,"38.977257,98.2453",34100,406,297
1757709029,2025-09-12T20:30:29Z,CPA301,"39.008263,98.169739",34100,408,297
1757709064,2025-09-12T20:31:04Z,CPA301,"39.03891,98.095016",34100,407,298
1757709104,2025-09-12T20:31:44Z,CPA301,"39.073792,98.009514",34100,404,297
1757709139,2025-09-12T20:32:19Z,CPA301,"39.104065,97.935364",34100,404,298
1757709174,2025-09-12T20:32:54Z,CPA301,"39.134232,97.861145",34100,404,298
1757709214,2025-09-12T20:33:34Z,CPA301,"39.168865,97.77594",34100,407,297
1757709249,2025-09-12T20:34:09Z,CPA301,"39.199448,97.700104",34100,410,297
1757709279,2025-09-12T20:34:39Z,CPA301,"39.225311,97.636032",34100,408,297
1757709311,2025-09-12T20:35:11Z,CPA301,"39.252102,97.569702",34100,406,297
1757709324,2025-09-12T20:35:24Z,CPA301,"39.264999,97.537811",34100,406,297
1757709410,2025-09-12T20:36:50Z,CPA301,"39.338505,97.355164",34100,405,297
1757709440,2025-09-12T20:37:20Z,CPA301,"39.36282,97.294441",34100,405,298
1757709475,2025-09-12T20:37:55Z,CPA301,"39.394451,97.215569",34100,403,298
1757709514,2025-09-12T20:38:34Z,CPA301,"39.427872,97.1315",34100,405,298
1757709553,2025-09-12T20:39:13Z,CPA301,"39.46138,97.047249",34100,407,298
1757709587,2025-09-12T20:39:47Z,CPA301,"39.490398,96.974411",34100,408,298
1757709617,2025-09-12T20:40:17Z,CPA301,"39.51498,96.913391",34100,407,298
1757709657,2025-09-12T20:40:57Z,CPA301,"39.551479,96.822197",34100,406,298
1757709697,2025-09-12T20:41:37Z,CPA301,"39.585529,96.736771",34100,408,298
1757709726,2025-09-12T20:42:06Z,CPA301,"39.610512,96.67395",34100,407,298
1757709761,2025-09-12T20:42:41Z,CPA301,"39.641048,96.59687",34100,410,298
1757709795,2025-09-12T20:43:15Z,CPA301,"39.669579,96.524544",34100,409,298
1757709830,2025-09-12T20:43:50Z,CPA301,"39.70026,96.446411",34100,406,297
1757709870,2025-09-12T20:44:30Z,CPA301,"39.734249,96.359589",34100,406,297
1757709900,2025-09-12T20:45:00Z,CPA301,"39.760208,96.293198",34100,408,297
1757709940,2025-09-12T20:45:40Z,CPA301,"39.793129,96.208923",34100,407,297
1757709975,2025-09-12T20:46:15Z,CPA301,"39.82159,96.135689",34100,407,297
1757710010,2025-09-12T20:46:50Z,CPA301,"39.853451,96.053589",34100,408,297
1757710045,2025-09-12T20:47:25Z,CPA301,"39.883259,95.976677",34100,408,297
1757710088,2025-09-12T20:48:08Z,CPA301,"39.919338,95.883003",34100,410,297
1757710122,2025-09-12T20:48:42Z,CPA301,"39.948238,95.807831",34100,410,297
1757710157,2025-09-12T20:49:17Z,CPA301,"39.97691,95.733093",34100,408,297
1757710185,2025-09-12T20:49:45Z,CPA301,"40.001308,95.66938",34100,407,297
1757710225,2025-09-12T20:50:25Z,CPA301,"40.034882,95.581619",34100,406,297
1757710255,2025-09-12T20:50:55Z,CPA301,"40.059952,95.515747",34100,406,297
1757710285,2025-09-12T20:51:25Z,CPA301,"40.084671,95.450684",34100,406,297
1757710320,2025-09-12T20:52:00Z,CPA301,"40.113972,95.373352",34100,407,297
1757710355,2025-09-12T20:52:35Z,CPA301,"40.14349,95.295288",34100,409,297
1757710390,2025-09-12T20:53:10Z,CPA301,"40.17263,95.21801",34100,408,297
1757710425,2025-09-12T20:53:45Z,CPA301,"40.201771,95.140602",34100,406,297
1757710460,2025-09-12T20:54:20Z,CPA301,"40.230301,95.065323",34100,406,297
1757710495,2025-09-12T20:54:55Z,CPA301,"40.260101,94.987289",34100,408,297
1757710530,2025-09-12T20:55:30Z,CPA301,"40.289841,94.909332",34100,411,298
1757710564,2025-09-12T20:56:04Z,CPA301,"40.324059,94.837044",34100,413,307
1757710599,2025-09-12T20:56:39Z,CPA301,"40.364269,94.77124",34100,411,309
1757710629,2025-09-12T20:57:09Z,CPA301,"40.401569,94.709328",34100,410,309
1757710674,2025-09-12T20:57:54Z,CPA301,"40.45335,94.622993",34100,408,309
1757710709,2025-09-12T20:58:29Z,CPA301,"40.494301,94.555077",34100,407,309
1757710749,2025-09-12T20:59:09Z,CPA301,"40.54081,94.477737",34100,407,309
1757710784,2025-09-12T20:59:44Z,CPA301,"40.582329,94.408447",34100,408,309
1757710824,2025-09-12T21:00:24Z,CPA301,"40.628841,94.330742",34100,408,309
1757710859,2025-09-12T21:00:59Z,CPA301,"40.669521,94.262573",34100,407,309
1757710904,2025-09-12T21:01:44Z,CPA301,"40.72171,94.174927",34100,407,309
1757710933,2025-09-12T21:02:13Z,CPA301,"40.755459,94.118065",34100,407,308
1757710973,2025-09-12T21:02:53Z,CPA301,"40.801449,94.040466",34100,409,308
1757711008,2025-09-12T21:03:28Z,CPA301,"40.842464,93.971062",34100,410,308
1757711038,2025-09-12T21:03:58Z,CPA301,"40.877941,93.91095",34100,410,308
1757711073,2025-09-12T21:04:33Z,CPA301,"40.917889,93.843201",34100,408,308
1757711107,2025-09-12T21:05:07Z,CPA301,"40.959091,93.777649",34100,408,312
1757711137,2025-09-12T21:05:37Z,CPA301,"40.996124,93.721985",34100,409,311
1757711167,2025-09-12T21:06:07Z,CPA301,"41.033421,93.664749",34100,409,310
1757711207,2025-09-12T21:06:47Z,CPA301,"41.082642,93.588196",34100,410,310
1757711237,2025-09-12T21:07:17Z,CPA301,"41.118801,93.531731",34100,410,311
1757711267,2025-09-12T21:07:47Z,CPA301,"41.155716,93.474052",34100,410,311
1757711307,2025-09-12T21:08:27Z,CPA301,"41.20509,93.396851",34100,411,310
1757711342,2025-09-12T21:09:02Z,CPA301,"41.247425,93.330421",34100,409,311
1757711377,2025-09-12T21:09:37Z,CPA301,"41.290253,93.26313",34100,408,310
1757711407,2025-09-12T21:10:07Z,CPA301,"41.32703,93.205261",34100,409,311
1757711437,2025-09-12T21:10:37Z,CPA301,"41.363621,93.147461",34100,409,310
1757711472,2025-09-12T21:11:12Z,CPA301,"41.406097,93.080231",34100,409,310
1757711506,2025-09-12T21:11:46Z,CPA301,"41.447601,93.014473",34100,410,310
1757711541,2025-09-12T21:12:21Z,CPA301,"41.490009,92.947083",34100,411,310
1757711576,2025-09-12T21:12:56Z,CPA301,"41.532742,92.879059",34100,411,310
1757711611,2025-09-12T21:13:31Z,CPA301,"41.575741,92.81044",34100,410,310
1757711646,2025-09-12T21:14:06Z,CPA301,"41.618271,92.742401",34100,409,310
1757711686,2025-09-12T21:14:46Z,CPA301,"41.666531,92.664948",34100,409,310
1757711721,2025-09-12T21:15:21Z,CPA301,"41.708359,92.597771",34100,409,310
1757711756,2025-09-12T21:15:56Z,CPA301,"41.750839,92.529289",34100,409,310
1757711786,2025-09-12T21:16:26Z,CPA301,"41.787239,92.470581",34100,407,310
1757711821,2025-09-12T21:17:01Z,CPA301,"41.8293,92.402512",34100,407,310
1757711856,2025-09-12T21:17:36Z,CPA301,"41.870361,92.335907",34100,407,310
1757711891,2025-09-12T21:18:11Z,CPA301,"41.912155,92.26799",34100,406,310
1757711926,2025-09-12T21:18:46Z,CPA301,"41.954132,92.199638",34100,408,309
1757711961,2025-09-12T21:19:21Z,CPA301,"41.99617,92.130959",34100,407,309
1757711995,2025-09-12T21:19:55Z,CPA301,"42.036392,92.065178",34100,408,309
1757712030,2025-09-12T21:20:30Z,CPA301,"42.078194,91.996635",34100,407,310
1757712065,2025-09-12T21:21:05Z,CPA301,"42.120255,91.927475",34100,409,309
1757712100,2025-09-12T21:21:40Z,CPA301,"42.161987,91.858734",34100,409,310
1757712135,2025-09-12T21:22:15Z,CPA301,"42.203979,91.789398",34100,409,309
1757712170,2025-09-12T21:22:50Z,CPA301,"42.248566,91.721916",34100,409,317
1757712206,2025-09-12T21:23:26Z,CPA301,"42.297451,91.660812",34100,410,317
1757712240,2025-09-12T21:24:00Z,CPA301,"42.343311,91.601768",34100,410,317
1757712275,2025-09-12T21:24:35Z,CPA301,"42.392899,91.537895",34100,410,317
1757712305,2025-09-12T21:25:05Z,CPA301,"42.43401,91.485092",34100,411,317
1757712340,2025-09-12T21:25:40Z,CPA301,"42.482552,91.422668",34100,413,317
1757712375,2025-09-12T21:26:15Z,CPA301,"42.530457,91.360809",34100,414,316
1757712410,2025-09-12T21:26:50Z,CPA301,"42.579979,91.29792",34100,418,322
1757712424,2025-09-12T21:27:04Z,CPA301,"42.595959,91.282532",34100,423,329
1757712429,2025-09-12T21:27:09Z,CPA301,"42.611401,91.271347",34100,430,336
1757712434,2025-09-12T21:27:14Z,CPA301,"42.613449,91.270172",34100,430,337
1757712448,2025-09-12T21:27:28Z,CPA301,"42.64571,91.25602",34100,441,347
1757712452,2025-09-12T21:27:32Z,CPA301,"42.65538,91.252693",34100,440,346
1757712467,2025-09-12T21:27:47Z,CPA301,"42.682911,91.239601",34100,431,336
1757712472,2025-09-12T21:27:52Z,CPA301,"42.692589,91.233093",34100,427,332
1757712477,2025-09-12T21:27:57Z,CPA301,"42.701981,91.225723",34100,424,329
1757712482,2025-09-12T21:28:02Z,CPA301,"42.709949,91.218613",34100,421,325
1757712487,2025-09-12T21:28:07Z,CPA301,"42.717091,91.211433",34100,419,323
1757712492,2025-09-12T21:28:12Z,CPA301,"42.725128,91.202621",34100,417,320
1757712497,2025-09-12T21:28:17Z,CPA301,"42.731831,91.194511",34100,416,317
1757712502,2025-09-12T21:28:22Z,CPA301,"42.738972,91.185089",34100,414,316
1757712507,2025-09-12T21:28:27Z,CPA301,"42.744362,91.177711",34100,414,315
1757712512,2025-09-12T21:28:32Z,CPA301,"42.752689,91.166077",34100,413,315
1757712542,2025-09-12T21:29:02Z,CPA301,"42.79298,91.112549",34100,414,317
1757712577,2025-09-12T21:29:37Z,CPA301,"42.842381,91.049263",34100,413,317
1757712607,2025-09-12T21:30:07Z,CPA301,"42.883709,90.995354",34100,412,317
1757712637,2025-09-12T21:30:37Z,CPA301,"42.920883,90.942207",34100,409,310
1757712665,2025-09-12T21:31:05Z,CPA301,"42.953659,90.881523",34100,407,303
1757712700,2025-09-12T21:31:40Z,CPA301,"42.988041,90.804939",34100,406,302
1757712735,2025-09-12T21:32:15Z,CPA301,"43.022869,90.729057",34100,405,303
1757712770,2025-09-12T21:32:50Z,CPA301,"43.057655,90.652641",34100,405,302
1757712805,2025-09-12T21:33:25Z,CPA301,"43.092091,90.57653",34100,404,302
1757712840,2025-09-12T21:34:00Z,CPA301,"43.126331,90.500519",34100,406,302
1757712875,2025-09-12T21:34:35Z,CPA301,"43.160721,90.424019",34100,408,302
1757712910,2025-09-12T21:35:10Z,CPA301,"43.195499,90.346519",34100,407,302
1757712945,2025-09-12T21:35:45Z,CPA301,"43.2299,90.269691",34100,405,302
1757712980,2025-09-12T21:36:20Z,CPA301,"43.263649,90.194092",34100,403,302
1757713015,2025-09-12T21:36:55Z,CPA301,"43.29771,90.117592",34100,402,302
1757713050,2025-09-12T21:37:30Z,CPA301,"43.33168,90.04113",34100,404,302
1757713085,2025-09-12T21:38:05Z,CPA301,"43.365688,89.964417",34100,405,302
1757713115,2025-09-12T21:38:35Z,CPA301,"43.39513,89.897797",34100,404,302
1757713150,2025-09-12T21:39:10Z,CPA301,"43.429001,89.821007",34100,404,302
1757713185,2025-09-12T21:39:45Z,CPA301,"43.462429,89.744957",34100,405,302
1757713220,2025-09-12T21:40:20Z,CPA301,"43.49638,89.667542",34100,405,302
1757713255,2025-09-12T21:40:55Z,CPA301,"43.530621,89.589287",34100,404,301
1757713290,2025-09-12T21:41:30Z,CPA301,"43.563808,89.513153",34100,403,302
1757713325,2025-09-12T21:42:05Z,CPA301,"43.59705,89.436821",34100,402,301
1757713360,2025-09-12T21:42:40Z,CPA301,"43.631062,89.359543",34100,402,302
1757713395,2025-09-12T21:43:15Z,CPA301,"43.66539,89.283142",34100,404,302
1757713430,2025-09-12T21:43:50Z,CPA301,"43.699699,89.206238",34100,404,302
1757713465,2025-09-12T21:44:25Z,CPA301,"43.73378,89.129463",34100,403,302
1757713500,2025-09-12T21:45:00Z,CPA301,"43.767609,89.05294",34100,401,302
1757713535,2025-09-12T21:45:35Z,CPA301,"43.801479,88.976097",34100,401,302
1757713570,2025-09-12T21:46:10Z,CPA301,"43.835041,88.899902",34100,402,302
1757713605,2025-09-12T21:46:45Z,CPA301,"43.868832,88.822891",34100,404,302
1757713635,2025-09-12T21:47:15Z,CPA301,"43.8978,88.75663",34100,404,302
1757713670,2025-09-12T21:47:50Z,CPA301,"43.93195,88.678436",34100,403,302
1757713700,2025-09-12T21:48:20Z,CPA301,"43.96072,88.612518",34100,403,302
1757713735,2025-09-12T21:48:55Z,CPA301,"43.994251,88.53537",34100,402,301
1757713770,2025-09-12T21:49:30Z,CPA301,"44.027889,88.457703",34100,400,301
1757713805,2025-09-12T21:50:05Z,CPA301,"44.06118,88.380562",34100,399,301
1757713840,2025-09-12T21:50:40Z,CPA301,"44.09433,88.303787",34100,397,301
1757713880,2025-09-12T21:51:20Z,CPA301,"44.131851,88.216377",34100,396,301
1757713920,2025-09-12T21:52:00Z,CPA301,"44.169071,88.129448",34100,397,301
1757713955,2025-09-12T21:52:35Z,CPA301,"44.202259,88.051819",34100,399,301
1757713995,2025-09-12T21:53:15Z,CPA301,"44.244461,87.967201",34100,402,308
1757714025,2025-09-12T21:53:45Z,CPA301,"44.278431,87.905144",34100,403,307
1757714060,2025-09-12T21:54:20Z,CPA301,"44.317249,87.832687",34100,401,307
1757714100,2025-09-12T21:55:00Z,CPA301,"44.361629,87.749947",34100,401,307
1757714135,2025-09-12T21:55:35Z,CPA301,"44.400589,87.677727",34100,403,308
1757714170,2025-09-12T21:56:10Z,CPA301,"44.44054,87.605652",34100,404,308
1757714205,2025-09-12T21:56:45Z,CPA301,"44.480301,87.533501",34100,402,308
1757714240,2025-09-12T21:57:20Z,CPA301,"44.51981,87.461349",34100,400,308
1757714275,2025-09-12T21:57:55Z,CPA301,"44.55901,87.389473",34100,399,308
1757714310,2025-09-12T21:58:30Z,CPA301,"44.5984,87.317047",34100,401,308
1757714345,2025-09-12T21:59:05Z,CPA301,"44.639271,87.245979",34100,403,310
1757714385,2025-09-12T21:59:45Z,CPA301,"44.68684,87.165398",34100,402,310
1757714425,2025-09-12T22:00:25Z,CPA301,"44.733719,87.084503",34100,401,309
1757714460,2025-09-12T22:01:00Z,CPA301,"44.774368,87.013939",34100,401,309
1757714495,2025-09-12T22:01:35Z,CPA301,"44.815289,86.942993",34100,403,310
1757714530,2025-09-12T22:02:10Z,CPA301,"44.856628,86.871384",34100,402,309
1757714565,2025-09-12T22:02:45Z,CPA301,"44.896912,86.801018",34100,400,309
1757714600,2025-09-12T22:03:20Z,CPA301,"44.937061,86.72908",34100,401,309
1757714630,2025-09-12T22:03:50Z,CPA301,"44.971298,86.66774",34100,402,309
1757714665,2025-09-12T22:04:25Z,CPA301,"45.011902,86.595154",34100,403,309
1757714705,2025-09-12T22:05:05Z,CPA301,"45.057999,86.512512",34100,399,309
1757714735,2025-09-12T22:05:35Z,CPA301,"45.09219,86.450958",34100,397,309
1757714770,2025-09-12T22:06:10Z,CPA301,"45.131882,86.379417",34100,397,309
1757714805,2025-09-12T22:06:45Z,CPA301,"45.170891,86.308929",34100,397,309
1757714840,2025-09-12T22:07:20Z,CPA301,"45.210789,86.23671",34100,398,308
1757714875,2025-09-12T22:07:55Z,CPA301,"45.25045,86.164703",34100,396,308
1757714910,2025-09-12T22:08:30Z,CPA301,"45.289581,86.093384",34100,396,308
1757714945,2025-09-12T22:09:05Z,CPA301,"45.328949,86.021584",34100,396,308
1757714980,2025-09-12T22:09:40Z,CPA301,"45.36813,85.949768",34100,397,308
1757715015,2025-09-12T22:10:15Z,CPA301,"45.407909,85.876732",34100,399,308
1757715050,2025-09-12T22:10:50Z,CPA301,"45.447041,85.804832",34100,399,308
1757715080,2025-09-12T22:11:20Z,CPA301,"45.480881,85.74247",34100,397,308
1757715125,2025-09-12T22:12:05Z,CPA301,"45.532059,85.647842",34100,395,308
1757715160,2025-09-12T22:12:40Z,CPA301,"45.570221,85.577042",34100,396,308
1757715190,2025-09-12T22:13:10Z,CPA301,"45.60397,85.514351",34100,396,308
1757715225,2025-09-12T22:13:45Z,CPA301,"45.642929,85.441704",34100,396,308
1757715260,2025-09-12T22:14:20Z,CPA301,"45.68166,85.369331",34100,396,308
1757715295,2025-09-12T22:14:55Z,CPA301,"45.720112,85.297249",34100,396,308
1757715335,2025-09-12T22:15:35Z,CPA301,"45.7649,85.213463",34100,396,308
1757715365,2025-09-12T22:16:05Z,CPA301,"45.798512,85.150772",34100,398,308
1757715400,2025-09-12T22:16:40Z,CPA301,"45.837608,85.077782",34100,398,308
1757715430,2025-09-12T22:17:10Z,CPA301,"45.870762,85.015572",34100,397,308
1757715465,2025-09-12T22:17:45Z,CPA301,"45.909679,84.942383",34100,398,308
1757715500,2025-09-12T22:18:20Z,CPA301,"45.948669,84.868851",34100,398,308
1757715535,2025-09-12T22:18:55Z,CPA301,"45.987789,84.795021",34100,395,308
1757715570,2025-09-12T22:19:30Z,CPA301,"46.026291,84.722031",34100,394,308
1757715605,2025-09-12T22:20:05Z,CPA301,"46.06435,84.649658",34100,393,308
1757715640,2025-09-12T22:20:40Z,CPA301,"46.102821,84.576462",34100,392,308
1757715675,2025-09-12T22:21:15Z,CPA301,"46.140808,84.503807",34100,394,307
1757715710,2025-09-12T22:21:50Z,CPA301,"46.179169,84.430267",34100,396,307
1757715745,2025-09-12T22:22:25Z,CPA301,"46.217972,84.355713",34100,397,307
1757715780,2025-09-12T22:23:00Z,CPA301,"46.256931,84.280746",34100,399,307
1757715824,2025-09-12T22:23:44Z,CPA301,"46.304901,84.188171",34100,398,307
1757715859,2025-09-12T22:24:19Z,CPA301,"46.343349,84.113541",34100,396,307
1757715894,2025-09-12T22:24:54Z,CPA301,"46.381302,84.039177",34100,394,307
1757715924,2025-09-12T22:25:24Z,CPA301,"46.4137,83.975723",34100,394,307
1757715964,2025-09-12T22:26:04Z,CPA301,"46.457088,83.890503",34100,395,307
1757715999,2025-09-12T22:26:39Z,CPA301,"46.49437,83.817039",34100,394,307
1757716034,2025-09-12T22:27:14Z,CPA301,"46.532871,83.74102",34100,395,307
1757716069,2025-09-12T22:27:49Z,CPA301,"46.570251,83.667",34100,397,307
1757716098,2025-09-12T22:28:18Z,CPA301,"46.602558,83.602867",34100,400,307
1757716133,2025-09-12T22:28:53Z,CPA301,"46.640259,83.527908",34100,400,307
1757716162,2025-09-12T22:29:22Z,CPA301,"46.67234,83.463821",34100,402,307
1757716202,2025-09-12T22:30:02Z,CPA301,"46.714279,83.376381",34100,401,302
1757716237,2025-09-12T22:30:37Z,CPA301,"46.7486,83.295937",34100,403,303
1757716267,2025-09-12T22:31:07Z,CPA301,"46.77853,83.226997",34100,404,303
1757716302,2025-09-12T22:31:42Z,CPA301,"46.813709,83.145538",34100,403,303
1757716337,2025-09-12T22:32:17Z,CPA301,"46.848629,83.064339",34100,404,303
1757716362,2025-09-12T22:32:42Z,CPA301,"46.871429,83.006172",34100,401,293
1757716367,2025-09-12T22:32:47Z,CPA301,"46.87471,82.993263",34100,398,289
1757716372,2025-09-12T22:32:52Z,CPA301,"46.87619,82.985847",34100,398,286
1757716376,2025-09-12T22:32:56Z,CPA301,"46.878712,82.969513",34100,397,281
1757716381,2025-09-12T22:33:01Z,CPA301,"46.880131,82.95639",34100,398,279
1757716386,2025-09-12T22:33:06Z,CPA301,"46.881359,82.943619",34100,397,278
1757716391,2025-09-12T22:33:11Z,CPA301,"46.88274,82.928787",34100,398,278
1757716426,2025-09-12T22:33:46Z,CPA301,"46.89286,82.8386",34100,398,281
1757716461,2025-09-12T22:34:21Z,CPA301,"46.9053,82.74511",34100,399,281
1757716491,2025-09-12T22:34:51Z,CPA301,"46.915482,82.665154",34100,398,281
1757716526,2025-09-12T22:35:26Z,CPA301,"46.926998,82.571869",34100,398,281
1757716561,2025-09-12T22:36:01Z,CPA301,"46.938309,82.480057",34100,398,281
1757716598,2025-09-12T22:36:38Z,CPA301,"46.9491,82.391693",34100,398,281
1757716633,2025-09-12T22:37:13Z,CPA301,"46.961521,82.289452",34100,398,280
1757716668,2025-09-12T22:37:48Z,CPA301,"46.972229,82.199982",34100,400,280
1757716708,2025-09-12T22:38:28Z,CPA301,"46.985359,82.090057",34100,402,280
1757716742,2025-09-12T22:39:02Z,CPA301,"46.996071,82.000122",34100,402,280
1757716777,2025-09-12T22:39:37Z,CPA301,"47.006908,81.908012",34100,401,280
1757716805,2025-09-12T22:40:05Z,CPA301,"47.015671,81.832901",34100,401,280
1757716829,2025-09-12T22:40:29Z,CPA301,"47.02293,81.770752",34100,400,280
1757716889,2025-09-12T22:41:29Z,CPA301,"47.042011,81.605247",34100,398,280
1757716924,2025-09-12T22:42:04Z,CPA301,"47.052349,81.514473",34100,400,280
1757716959,2025-09-12T22:42:39Z,CPA301,"47.062679,81.42334",34100,400,280
1757716987,2025-09-12T22:43:07Z,CPA301,"47.071339,81.346077",34100,399,280
1757717022,2025-09-12T22:43:42Z,CPA301,"47.08186,81.252068",34100,398,280
1757717062,2025-09-12T22:44:22Z,CPA301,"47.093769,81.144676",34100,400,280
1757717097,2025-09-12T22:44:57Z,CPA301,"47.103611,81.055481",34100,399,280
1757717132,2025-09-12T22:45:32Z,CPA301,"47.113892,80.960716",34100,400,280
1757717167,2025-09-12T22:46:07Z,CPA301,"47.124271,80.86515",34100,401,280
1757717206,2025-09-12T22:46:46Z,CPA301,"47.138809,80.729118",34100,404,278
1757717238,2025-09-12T22:47:18Z,CPA301,"47.148056,80.642052",34100,403,278
1757717270,2025-09-12T22:47:50Z,CPA301,"47.157139,80.555916",34100,404,278
1757717303,2025-09-12T22:48:23Z,CPA301,"47.166447,80.466476",34100,407,278
1757717337,2025-09-12T22:48:57Z,CPA301,"47.175293,80.381264",34100,407,278
1757717397,2025-09-12T22:49:57Z,CPA301,"47.189991,80.238441",34100,407,279
1757717430,2025-09-12T22:50:30Z,CPA301,"47.198891,80.150757",34100,407,279
1757717461,2025-09-12T22:51:01Z,CPA301,"47.207272,80.067657",34100,407,279
1757717502,2025-09-12T22:51:42Z,CPA301,"47.218731,79.952728",34100,410,279
1757717590,2025-09-12T22:53:10Z,CPA301,"47.242611,79.710037",34150,412,279
1757717607,2025-09-12T22:53:27Z,CPA301,"47.24707,79.6642",34400,412,279
1757717635,2025-09-12T22:53:55Z,CPA301,"47.254581,79.585442",35075,411,279
1757717689,2025-09-12T22:54:49Z,CPA301,"47.268539,79.440033",35375,412,278
1757717724,2025-09-12T22:55:24Z,CPA301,"47.27774,79.342781",35875,410,278
1757717757,2025-09-12T22:55:57Z,CPA301,"47.289345,79.21727",36000,415,277
1757717790,2025-09-12T22:56:30Z,CPA301,"47.297699,79.126968",36000,416,277
1757717817,2025-09-12T22:56:57Z,CPA301,"47.304108,79.057274",36000,416,277
1757717888,2025-09-12T22:58:08Z,CPA301,"47.322647,78.85231",36000,417,277
1757718515,2025-09-12T23:08:35Z,CPA301,"47.466618,77.08522",36000,423,276
1757718547,2025-09-12T23:09:07Z,CPA301,"47.473434,76.992325",36000,425,276
1757718578,2025-09-12T23:09:38Z,CPA301,"47.479889,76.902237",35975,425,276
1757718609,2025-09-12T23:10:09Z,CPA301,"47.486252,76.814003",36000,424,275
1757718640,2025-09-12T23:10:40Z,CPA301,"47.492523,76.724876",36000,422,275
1757718671,2025-09-12T23:11:11Z,CPA301,"47.498795,76.63575",36000,420,275
1757718704,2025-09-12T23:11:44Z,CPA301,"47.505249,76.542915",36000,419,275
1757718736,2025-09-12T23:12:16Z,CPA301,"47.511292,76.453995",36000,419,275
1757718766,2025-09-12T23:12:46Z,CPA301,"47.517124,76.36702",36000,418,275
1757718798,2025-09-12T23:13:18Z,CPA301,"47.523193,76.277184",36000,416,275
1757718828,2025-09-12T23:13:48Z,CPA301,"47.528763,76.19223",36000,413,275
1757718859,2025-09-12T23:14:19Z,CPA301,"47.534317,76.107033",36000,413,275
1757718890,2025-09-12T23:14:50Z,CPA301,"47.540077,76.018135",36000,414,275
1757718922,2025-09-12T23:15:22Z,CPA301,"47.545849,75.926582",36000,416,275
1757718954,2025-09-12T23:15:54Z,CPA301,"47.551529,75.837112",36000,418,275
1757718985,2025-09-12T23:16:25Z,CPA301,"47.557022,75.748833",36000,420,275
1757719016,2025-09-12T23:16:56Z,CPA301,"47.56242,75.659531",36000,421,275
1757719049,2025-09-12T23:17:29Z,CPA301,"47.568146,75.564789",36000,423,275
1757719081,2025-09-12T23:18:01Z,CPA301,"47.573685,75.472229",35975,425,274
1757719114,2025-09-12T23:18:34Z,CPA301,"47.579319,75.376846",36000,425,274
1757719146,2025-09-12T23:19:06Z,CPA301,"47.584763,75.283676",36000,425,274
1757719177,2025-09-12T23:19:37Z,CPA301,"47.589794,75.195145",36000,426,274
1757719208,2025-09-12T23:20:08Z,CPA301,"47.594833,75.105011",36000,427,274
1757719240,2025-09-12T23:20:40Z,CPA301,"47.599991,75.01268",36000,427,274
1757719273,2025-09-12T23:21:13Z,CPA301,"47.605251,74.915909",36000,427,274
1757719305,2025-09-12T23:21:45Z,CPA301,"47.610371,74.821892",36000,427,274
1757719336,2025-09-12T23:22:16Z,CPA301,"47.61512,74.732246",36000,428,274
1757719367,2025-09-12T23:22:47Z,CPA301,"47.619873,74.641663",36000,429,274
1757719399,2025-09-12T23:23:19Z,CPA301,"47.624725,74.5467",36000,429,274
1757719430,2025-09-12T23:23:50Z,CPA301,"47.629349,74.456062",36000,430,274
1757719462,2025-09-12T23:24:22Z,CPA301,"47.633881,74.365356",36000,431,274
1757719493,2025-09-12T23:24:53Z,CPA301,"47.638348,74.274269",36000,432,274
1757719524,2025-09-12T23:25:24Z,CPA301,"47.642761,74.182434",36000,432,273
1757719554,2025-09-12T23:25:54Z,CPA301,"47.647053,74.091583",36000,431,273
1757719585,2025-09-12T23:26:25Z,CPA301,"47.651367,73.999855",36000,431,273
1757719618,2025-09-12T23:26:58Z,CPA301,"47.655758,73.904816",36000,432,273
1757719648,2025-09-12T23:27:28Z,CPA301,"47.659763,73.815376",36000,430,273
1757719680,2025-09-12T23:28:00Z,CPA301,"47.663864,73.721764",36000,430,273
1757719711,2025-09-12T23:28:31Z,CPA301,"47.667816,73.630585",36000,430,273
1757719744,2025-09-12T23:29:04Z,CPA301,"47.671867,73.536209",36000,431,273
1757719774,2025-09-12T23:29:34Z,CPA301,"47.675674,73.445045",36000,432,273
1757719807,2025-09-12T23:30:07Z,CPA301,"47.679546,73.349724",36000,433,273
1757719837,2025-09-12T23:30:37Z,CPA301,"47.68327,73.257187",36000,433,273
1757719869,2025-09-12T23:31:09Z,CPA301,"47.686901,73.164719",36000,431,273
1757719900,2025-09-12T23:31:40Z,CPA301,"47.690487,73.071968",36000,431,273
1757719931,2025-09-12T23:32:11Z,CPA301,"47.693939,72.98053",36000,430,273
1757719964,2025-09-12T23:32:44Z,CPA301,"47.697422,72.885551",36000,429,273
1757719995,2025-09-12T23:33:15Z,CPA301,"47.700806,72.792526",36000,428,273
1757720027,2025-09-12T23:33:47Z,CPA301,"47.703987,72.70153",36000,428,272
1757720058,2025-09-12T23:34:18Z,CPA301,"47.707169,72.609535",36000,429,272
1757720089,2025-09-12T23:34:49Z,CPA301,"47.710236,72.51828",36000,428,272
1757720122,2025-09-12T23:35:22Z,CPA301,"47.713348,72.423523",36000,426,272
1757720152,2025-09-12T23:35:52Z,CPA301,"47.716232,72.334122",36000,427,272
1757720183,2025-09-12T23:36:23Z,CPA301,"47.719025,72.242523",36000,428,272
1757720215,2025-09-12T23:36:55Z,CPA301,"47.721817,72.151443",36000,429,272
1757720246,2025-09-12T23:37:26Z,CPA301,"47.724518,72.060493",36000,426,272
1757720267,2025-09-12T23:37:47Z,CPA301,"47.726303,71.998146",36000,423,272
1757720313,2025-09-12T23:38:33Z,CPA301,"47.730103,71.864182",36000,420,272
1757720375,2025-09-12T23:39:35Z,CPA301,"47.736618,71.688255",36000,421,274
1757720405,2025-09-12T23:40:05Z,CPA301,"47.740623,71.600014",36000,420,273
1757720444,2025-09-12T23:40:44Z,CPA301,"47.74509,71.490501",36000,420,273
1757720476,2025-09-12T23:41:16Z,CPA301,"47.74649,71.455147",36000,10,273
1757720551,2025-09-12T23:42:31Z,CPA301,"47.756973,71.183029",36000,414,273
1757720561,2025-09-12T23:42:41Z,CPA301,"47.757755,71.16169",36000,414,273
1757720637,2025-09-12T23:43:57Z,CPA301,"47.765762,70.941399",36000,409,272
1757720670,2025-09-12T23:44:30Z,CPA301,"47.768646,70.857285",36000,410,272
1757720702,2025-09-12T23:45:02Z,CPA301,"47.772034,70.758682",36000,411,272
1757720734,2025-09-12T23:45:34Z,CPA301,"47.774933,70.670471",36000,410,272
1757720766,2025-09-12T23:46:06Z,CPA301,"47.777847,70.580566",36000,410,272
1757720797,2025-09-12T23:46:37Z,CPA301,"47.78064,70.491989",36000,410,272
1757720829,2025-09-12T23:47:09Z,CPA301,"47.783386,70.401009",36000,410,272
1757721760,2025-09-13T00:02:40Z,CPA301,"47.721954,67.767792",36000,417,261
1757722062,2025-09-13T00:07:42Z,CPA301,"47.593323,66.916557",36000,421,257
1757722093,2025-09-13T00:08:13Z,CPA301,"47.579926,66.830963",36000,370,256
1757722186,2025-09-13T00:09:46Z,CPA301,"47.538773,66.574471",36000,425,256
1757722545,2025-09-13T00:15:45Z,CPA301,"47.370163,65.569084",36000,428,256
1757722745,2025-09-13T00:19:05Z,CPA301,"47.272495,64.993355",36000,434,255
1757724574,2025-09-13T00:49:34Z,CPA301,"46.216084,59.672928",36000,458,251
1757724607,2025-09-13T00:50:07Z,CPA301,"46.194111,59.576454",36000,456,251
1757724639,2025-09-13T00:50:39Z,CPA301,"46.172791,59.483463",36000,456,251
1757724670,2025-09-13T00:51:10Z,CPA301,"46.152493,59.39518",36000,454,251
1757724701,2025-09-13T00:51:41Z,CPA301,"46.132233,59.30748",36000,455,251
1757724733,2025-09-13T00:52:13Z,CPA301,"46.110924,59.215485",36000,455,251
1757724765,2025-09-13T00:52:45Z,CPA301,"46.089649,59.124023",36000,456,251
1757724795,2025-09-13T00:53:15Z,CPA301,"46.069538,59.038124",36000,456,251
1757724828,2025-09-13T00:53:48Z,CPA301,"46.047226,58.942856",36000,454,251
1757724858,2025-09-13T00:54:18Z,CPA301,"46.02713,58.85751",36000,456,251
1757724889,2025-09-13T00:54:49Z,CPA301,"46.005936,58.767746",36000,453,251
1757724921,2025-09-13T00:55:21Z,CPA301,"45.984394,58.677223",36000,452,251
1757724953,2025-09-13T00:55:53Z,CPA301,"45.962513,58.585625",36000,452,251
1757724984,2025-09-13T00:56:24Z,CPA301,"45.941799,58.498901",36000,453,251
1757725016,2025-09-13T00:56:56Z,CPA301,"45.919601,58.40667",36000,457,250
1757725049,2025-09-13T00:57:29Z,CPA301,"45.896759,58.312012",36000,459,250
1757725080,2025-09-13T00:58:00Z,CPA301,"45.875507,58.22438",36000,458,250
1757725111,2025-09-13T00:58:31Z,CPA301,"45.853317,58.133286",36000,460,250
1757725142,2025-09-13T00:59:02Z,CPA301,"45.831573,58.044121",36000,462,250
1757725173,2025-09-13T00:59:33Z,CPA301,"45.80983,57.955559",36000,460,250
1757725206,2025-09-13T01:00:06Z,CPA301,"45.786713,57.861774",36000,457,250
1757725238,2025-09-13T01:00:38Z,CPA301,"45.764202,57.770714",36000,457,250
1757725269,2025-09-13T01:01:09Z,CPA301,"45.742184,57.681931",36000,456,250
1757725302,2025-09-13T01:01:42Z,CPA301,"45.719326,57.590469",36000,454,250
1757725332,2025-09-13T01:02:12Z,CPA301,"45.697357,57.50251",36000,455,250
1757725364,2025-09-13T01:02:44Z,CPA301,"45.67482,57.412971",36000,454,250
1757725395,2025-09-13T01:03:15Z,CPA301,"45.65313,57.326866",36000,453,250
1757725426,2025-09-13T01:03:46Z,CPA301,"45.630924,57.239044",36000,452,250
1757725459,2025-09-13T01:04:19Z,CPA301,"45.607544,57.147194",36000,451,250
1757725490,2025-09-13T01:04:50Z,CPA301,"45.585163,57.059624",36000,451,250
1757725521,2025-09-13T01:05:21Z,CPA301,"45.563141,56.973587",36000,452,249
1757725553,2025-09-13T01:05:53Z,CPA301,"45.540287,56.884594",36000,452,249
1757725586,2025-09-13T01:06:26Z,CPA301,"45.516731,56.793423",36000,450,249
1757725618,2025-09-13T01:06:58Z,CPA301,"45.493687,56.704391",36000,449,249
1757725651,2025-09-13T01:07:31Z,CPA301,"45.470085,56.613754",36000,449,249
1757725681,2025-09-13T01:08:01Z,CPA301,"45.448242,56.530022",36000,450,249
1757725713,2025-09-13T01:08:33Z,CPA301,"45.424759,56.4403",36000,450,249
1757725747,2025-09-13T01:09:07Z,CPA301,"45.400444,56.347939",36000,449,249
1757725777,2025-09-13T01:09:37Z,CPA301,"45.378422,56.264603",36000,447,249
1757725809,2025-09-13T01:10:09Z,CPA301,"45.354633,56.174904",36000,444,249
1757725842,2025-09-13T01:10:42Z,CPA301,"45.331741,56.088604",36000,441,249
1757725873,2025-09-13T01:11:13Z,CPA301,"45.309246,56.004414",36000,441,249
1757725903,2025-09-13T01:11:43Z,CPA301,"45.285507,55.92342",36000,441,241
1757725905,2025-09-13T01:11:45Z,CPA301,"45.283085,55.917397",36000,441,239
1757725907,2025-09-13T01:11:47Z,CPA301,"45.280563,55.911449",36000,441,238
1757725910,2025-09-13T01:11:50Z,CPA301,"45.278412,55.906807",36000,442,236
1757725912,2025-09-13T01:11:52Z,CPA301,"45.275894,55.901379",36000,442,235
1757725914,2025-09-13T01:11:54Z,CPA301,"45.273586,55.896629",36000,442,235
1757725916,2025-09-13T01:11:56Z,CPA301,"45.270538,55.890526",36000,443,234
1757725918,2025-09-13T01:11:58Z,CPA301,"45.268093,55.885643",36000,442,234
1757725920,2025-09-13T01:12:00Z,CPA301,"45.265503,55.88052",36000,442,234
1757725922,2025-09-13T01:12:02Z,CPA301,"45.263206,55.876064",36000,443,234
1757725924,2025-09-13T01:12:04Z,CPA301,"45.261017,55.871693",36000,442,234
1757725926,2025-09-13T01:12:06Z,CPA301,"45.258728,55.86718",36000,442,234
1757725929,2025-09-13T01:12:09Z,CPA301,"45.255665,55.861126",36000,442,234
1757725961,2025-09-13T01:12:41Z,CPA301,"45.218811,55.784977",36000,441,236
1757725993,2025-09-13T01:13:13Z,CPA301,"45.181599,55.706177",36000,441,236
1757726024,2025-09-13T01:13:44Z,CPA301,"45.146072,55.631756",36000,442,235
1757726055,2025-09-13T01:14:15Z,CPA301,"45.111145,55.55917",36000,442,235
1757726086,2025-09-13T01:14:46Z,CPA301,"45.075832,55.485916",36000,444,235
1757726119,2025-09-13T01:15:19Z,CPA301,"45.037476,55.406464",36000,446,235
1757726151,2025-09-13T01:15:51Z,CPA301,"44.999817,55.328979",36000,446,235
1757726184,2025-09-13T01:16:24Z,CPA301,"44.961639,55.250244",36000,446,235
1757726214,2025-09-13T01:16:54Z,CPA301,"44.92662,55.178246",36000,444,235
1757726245,2025-09-13T01:17:25Z,CPA301,"44.891159,55.105545",36000,442,235
1757726278,2025-09-13T01:17:58Z,CPA301,"44.852829,55.027184",36000,442,235
1757726310,2025-09-13T01:18:30Z,CPA301,"44.815327,54.950665",36000,440,235
1757726343,2025-09-13T01:19:03Z,CPA301,"44.777527,54.87376",36000,439,235
1757726373,2025-09-13T01:19:33Z,CPA301,"44.743263,54.804157",36000,436,235
1757726406,2025-09-13T01:20:06Z,CPA301,"44.704952,54.726719",36000,436,235
1757726436,2025-09-13T01:20:36Z,CPA301,"44.670044,54.656261",36000,433,235
1757726469,2025-09-13T01:21:09Z,CPA301,"44.633377,54.582497",36000,430,235
1757726501,2025-09-13T01:21:41Z,CPA301,"44.596996,54.509403",36000,430,235
1757726534,2025-09-13T01:22:14Z,CPA301,"44.559196,54.43364",36000,428,234
1757726564,2025-09-13T01:22:44Z,CPA301,"44.52475,54.364864",36000,426,234
1757726595,2025-09-13T01:23:15Z,CPA301,"44.490067,54.295841",36000,424,234
1757726626,2025-09-13T01:23:46Z,CPA301,"44.45517,54.226357",36000,425,234
1757726658,2025-09-13T01:24:18Z,CPA301,"44.419029,54.154694",36000,426,234
1757726691,2025-09-13T01:24:51Z,CPA301,"44.38179,54.080986",36000,422,234
1757726724,2025-09-13T01:25:24Z,CPA301,"44.344917,54.008389",36000,421,234
1757726754,2025-09-13T01:25:54Z,CPA301,"44.310516,53.940594",36125,423,234
1757726785,2025-09-13T01:26:25Z,CPA301,"44.274948,53.870655",36525,423,234
1757726816,2025-09-13T01:26:56Z,CPA301,"44.240128,53.802528",36825,425,234
1757726848,2025-09-13T01:27:28Z,CPA301,"44.204224,53.732235",36925,433,234
1757726880,2025-09-13T01:28:00Z,CPA301,"44.166321,53.658249",37075,438,234
1757726913,2025-09-13T01:28:33Z,CPA301,"44.127731,53.58326",37400,438,234
1757726943,2025-09-13T01:29:03Z,CPA301,"44.091301,53.512703",37575,442,234
1757726976,2025-09-13T01:29:36Z,CPA301,"44.052521,53.43763",37975,436,234
1757727008,2025-09-13T01:30:08Z,CPA301,"44.014816,53.364979",38000,434,234
1757727039,2025-09-13T01:30:39Z,CPA301,"43.978828,53.295593",38000,434,234
1757727071,2025-09-13T01:31:11Z,CPA301,"43.940937,53.222874",38000,431,234
1757727103,2025-09-13T01:31:43Z,CPA301,"43.90379,53.151661",38000,428,234
1757727136,2025-09-13T01:32:16Z,CPA301,"43.866081,53.079594",38000,426,234
1757727168,2025-09-13T01:32:48Z,CPA301,"43.829086,53.009098",38000,426,234
1757727198,2025-09-13T01:33:18Z,CPA301,"43.79393,52.942223",38000,426,234
1757727231,2025-09-13T01:33:51Z,CPA301,"43.75631,52.870789",38000,426,233
1757727261,2025-09-13T01:34:21Z,CPA301,"43.720184,52.802464",38000,425,233
1757727293,2025-09-13T01:34:53Z,CPA301,"43.683643,52.733459",38000,423,233
1757727325,2025-09-13T01:35:25Z,CPA301,"43.647079,52.664433",38000,422,233
1757727356,2025-09-13T01:35:56Z,CPA301,"43.611923,52.598259",38000,422,233
1757727388,2025-09-13T01:36:28Z,CPA301,"43.573654,52.526657",38000,422,233
1757727420,2025-09-13T01:37:00Z,CPA301,"43.536804,52.457737",38000,422,233
1757727453,2025-09-13T01:37:33Z,CPA301,"43.499344,52.387783",38000,422,233
1757727484,2025-09-13T01:38:04Z,CPA301,"43.463589,52.321079",38000,421,233
1757727516,2025-09-13T01:38:36Z,CPA301,"43.426895,52.252956",38000,421,233
1757727546,2025-09-13T01:39:06Z,CPA301,"43.391327,52.186974",38000,422,233
1757727577,2025-09-13T01:39:37Z,CPA301,"43.355484,52.120609",38000,424,233
1757727609,2025-09-13T01:40:09Z,CPA301,"43.317696,52.050934",38000,424,233
1757727640,2025-09-13T01:40:40Z,CPA301,"43.281662,51.984688",38000,423,233
1757727673,2025-09-13T01:41:13Z,CPA301,"43.243725,51.915043",38000,421,233
1757727703,2025-09-13T01:41:43Z,CPA301,"43.208439,51.850498",38000,419,233
1757727735,2025-09-13T01:42:15Z,CPA301,"43.170868,51.781704",38000,417,233
1757727767,2025-09-13T01:42:47Z,CPA301,"43.134293,51.715073",38000,413,233
1757727799,2025-09-13T01:43:19Z,CPA301,"43.097641,51.648232",38000,411,233
1757727831,2025-09-13T01:43:51Z,CPA301,"43.061279,51.582214",38000,410,233
1757727861,2025-09-13T01:44:21Z,CPA301,"43.026535,51.519238",38000,407,233
1757727894,2025-09-13T01:44:54Z,CPA301,"42.98996,51.453064",38000,407,232
1757727926,2025-09-13T01:45:26Z,CPA301,"42.953247,51.386761",38000,408,232
1757727958,2025-09-13T01:45:58Z,CPA301,"42.916672,51.321033",38000,408,232
1757727990,2025-09-13T01:46:30Z,CPA301,"42.880802,51.256649",38000,408,232
1757728022,2025-09-13T01:47:02Z,CPA301,"42.84412,51.19099",38000,407,232
1757728052,2025-09-13T01:47:32Z,CPA301,"42.809967,51.12986",38000,406,232
1757728084,2025-09-13T01:48:04Z,CPA301,"42.773071,51.063892",38000,408,232
1757728116,2025-09-13T01:48:36Z,CPA301,"42.73645,50.998722",38000,406,232
1757728148,2025-09-13T01:49:08Z,CPA301,"42.700195,50.934429",38000,402,232
1757728179,2025-09-13T01:49:39Z,CPA301,"42.665546,50.872894",38000,403,232
1757728210,2025-09-13T01:50:10Z,CPA301,"42.630203,50.810394",38000,400,232
1757728243,2025-09-13T01:50:43Z,CPA301,"42.594135,50.746742",38000,398,232
1757728273,2025-09-13T01:51:13Z,CPA301,"42.560013,50.686512",38000,398,232
1757728306,2025-09-13T01:51:46Z,CPA301,"42.522858,50.621193",38000,399,232
1757728339,2025-09-13T01:52:19Z,CPA301,"42.485714,50.55608",38000,399,232
1757728370,2025-09-13T01:52:50Z,CPA301,"42.450939,50.495209",38000,400,232
1757728402,2025-09-13T01:53:22Z,CPA301,"42.414116,50.430119",38000,399,233
1757728433,2025-09-13T01:53:53Z,CPA301,"42.381718,50.367653",38000,398,235
1757728466,2025-09-13T01:54:26Z,CPA301,"42.347778,50.302181",38000,395,234
1757728498,2025-09-13T01:54:58Z,CPA301,"42.313843,50.238178",38000,393,234
1757728530,2025-09-13T01:55:30Z,CPA301,"42.279953,50.174435",38000,395,234
1757728561,2025-09-13T01:56:01Z,CPA301,"42.246048,50.110764",38000,398,234
1757728594,2025-09-13T01:56:34Z,CPA301,"42.211475,50.045853",38000,396,234
1757728625,2025-09-13T01:57:05Z,CPA301,"42.177708,49.982853",38000,396,234
1757728658,2025-09-13T01:57:38Z,CPA301,"42.142925,49.917984",38000,400,234
1757728689,2025-09-13T01:58:09Z,CPA301,"42.109081,49.855167",38000,401,234
1757728721,2025-09-13T01:58:41Z,CPA301,"42.073727,49.789227",38000,404,234
1757728754,2025-09-13T01:59:14Z,CPA301,"42.037708,49.722237",38000,403,234
1757728785,2025-09-13T01:59:45Z,CPA301,"42.003922,49.659786",38000,406,234
1757728817,2025-09-13T02:00:17Z,CPA301,"41.969101,49.595669",38000,406,234
1757728850,2025-09-13T02:00:50Z,CPA301,"41.93301,49.529003",38000,405,234
1757728881,2025-09-13T02:01:21Z,CPA301,"41.897984,49.464718",38000,406,233
1757728913,2025-09-13T02:01:53Z,CPA301,"41.862701,49.399979",38000,406,233
1757728946,2025-09-13T02:02:26Z,CPA301,"41.826893,49.334381",38000,407,233
1757728977,2025-09-13T02:02:57Z,CPA301,"41.791737,49.269348",38000,408,235
1757729008,2025-09-13T02:03:28Z,CPA301,"41.759758,49.204021",38000,406,237
1757729041,2025-09-13T02:04:01Z,CPA301,"41.726967,49.136543",38000,405,236
1757729072,2025-09-13T02:04:32Z,CPA301,"41.69392,49.070156",38000,404,236
1757729104,2025-09-13T02:05:04Z,CPA301,"41.661308,49.005161",38000,402,236
1757729136,2025-09-13T02:05:36Z,CPA301,"41.628693,48.939526",38000,404,236
1757729167,2025-09-13T02:06:07Z,CPA301,"41.59565,48.873039",38000,404,236
1757729199,2025-09-13T02:06:39Z,CPA301,"41.562595,48.806622",38000,406,236
1757729231,2025-09-13T02:07:11Z,CPA301,"41.529549,48.740921",38000,406,236
1757729263,2025-09-13T02:07:43Z,CPA301,"41.495201,48.675529",38000,410,233
1757729295,2025-09-13T02:08:15Z,CPA301,"41.458591,48.611919",38000,413,232
1757729326,2025-09-13T02:08:46Z,CPA301,"41.421997,48.547215",38000,413,233
1757729358,2025-09-13T02:09:18Z,CPA301,"41.386635,48.483082",38000,412,234
1757729389,2025-09-13T02:09:49Z,CPA301,"41.351532,48.418026",38000,412,234
1757729421,2025-09-13T02:10:21Z,CPA301,"41.316856,48.35442",38000,412,233
1757729452,2025-09-13T02:10:52Z,CPA301,"41.281563,48.290146",38000,413,233
1757729483,2025-09-13T02:11:23Z,CPA301,"41.245987,48.225693",38000,414,233
1757729516,2025-09-13T02:11:56Z,CPA301,"41.210697,48.158607",38000,414,238
1757729548,2025-09-13T02:12:28Z,CPA301,"41.18259,48.087013",38000,412,246
1757729580,2025-09-13T02:13:00Z,CPA301,"41.161636,48.011444",38000,410,253
1757729611,2025-09-13T02:13:31Z,CPA301,"41.148178,47.935089",38000,410,260
1757729642,2025-09-13T02:14:02Z,CPA301,"41.141956,47.85611",38000,410,267
1757729675,2025-09-13T02:14:35Z,CPA301,"41.143269,47.774761",38000,411,275
1757729706,2025-09-13T02:15:06Z,CPA301,"41.152187,47.696991",38000,413,282
1757729738,2025-09-13T02:15:38Z,CPA301,"41.1647,47.618332",38000,411,281
1757729770,2025-09-13T02:16:10Z,CPA301,"41.176655,47.539391",38000,412,281
1757729801,2025-09-13T02:16:41Z,CPA301,"41.188419,47.461483",38000,413,281
1757729833,2025-09-13T02:17:13Z,CPA301,"41.200436,47.38303",38000,415,281
1757729865,2025-09-13T02:17:45Z,CPA301,"41.212605,47.303673",38000,416,281
1757729896,2025-09-13T02:18:16Z,CPA301,"41.224659,47.224518",38000,414,281
1757729928,2025-09-13T02:18:48Z,CPA301,"41.236549,47.146534",38000,412,281
1757729959,2025-09-13T02:19:19Z,CPA301,"41.248455,47.068268",38000,410,281
1757729991,2025-09-13T02:19:51Z,CPA301,"41.260075,46.990955",38000,412,281
1757730022,2025-09-13T02:20:22Z,CPA301,"41.271488,46.913872",38000,409,281
1757730054,2025-09-13T02:20:54Z,CPA301,"41.28334,46.835423",38000,410,281
1757730086,2025-09-13T02:21:26Z,CPA301,"41.295116,46.756893",38000,412,281
1757730117,2025-09-13T02:21:57Z,CPA301,"41.306339,46.679253",38000,412,280
1757730148,2025-09-13T02:22:28Z,CPA301,"41.317226,46.601555",38000,412,280
1757730179,2025-09-13T02:22:59Z,CPA301,"41.327911,46.523727",38000,412,280
1757730211,2025-09-13T02:23:31Z,CPA301,"41.338985,46.445953",38000,410,280
1757730243,2025-09-13T02:24:03Z,CPA301,"41.349915,46.367344",38000,410,280
1757730274,2025-09-13T02:24:34Z,CPA301,"41.360817,46.289352",38000,408,280
1757730306,2025-09-13T02:25:06Z,CPA301,"41.371567,46.211502",38000,409,280
1757730338,2025-09-13T02:25:38Z,CPA301,"41.382439,46.132877",38000,410,280
1757730369,2025-09-13T02:26:09Z,CPA301,"41.392948,46.055756",38000,408,280
1757730401,2025-09-13T02:26:41Z,CPA301,"41.403477,45.977467",38000,408,280
1757730432,2025-09-13T02:27:12Z,CPA301,"41.413715,45.900146",38000,406,280
1757730463,2025-09-13T02:27:43Z,CPA301,"41.42392,45.82333",38000,405,280
1757730495,2025-09-13T02:28:15Z,CPA301,"41.434078,45.746319",38000,406,279
1757730526,2025-09-13T02:28:46Z,CPA301,"41.443161,45.668034",38000,408,279
1757730558,2025-09-13T02:29:18Z,CPA301,"41.453449,45.58947",38000,408,279
1757730589,2025-09-13T02:29:49Z,CPA301,"41.463737,45.512295",38000,410,279
1757730621,2025-09-13T02:30:21Z,CPA301,"41.473591,45.434212",38000,409,279
1757730652,2025-09-13T02:30:52Z,CPA301,"41.483566,45.357048",38000,407,277
1757730685,2025-09-13T02:31:25Z,CPA301,"41.490513,45.27512",38000,408,276
1757730717,2025-09-13T02:31:57Z,CPA301,"41.496899,45.195507",38000,408,276
1757730748,2025-09-13T02:32:28Z,CPA301,"41.502735,45.117348",38000,407,276
1757730779,2025-09-13T02:32:59Z,CPA301,"41.509739,45.040215",38000,407,276
1757730810,2025-09-13T02:33:30Z,CPA301,"41.516048,44.961327",38000,406,276
1757730843,2025-09-13T02:34:03Z,CPA301,"41.522366,44.880394",38000,408,275
1757730875,2025-09-13T02:34:35Z,CPA301,"41.528675,44.800148",38000,409,275
1757730907,2025-09-13T02:35:07Z,CPA301,"41.534233,44.719921",38000,410,275
1757730939,2025-09-13T02:35:39Z,CPA301,"41.540524,44.639866",38000,412,275
1757730970,2025-09-13T02:36:10Z,CPA301,"41.546638,44.5602",38000,414,275
1757731002,2025-09-13T02:36:42Z,CPA301,"41.552643,44.480904",38000,412,275
1757731034,2025-09-13T02:37:14Z,CPA301,"41.559338,44.400356",38000,413,275
1757731065,2025-09-13T02:37:45Z,CPA301,"41.565102,44.320221",38000,412,275
1757731097,2025-09-13T02:38:17Z,CPA301,"41.570827,44.239845",38000,412,275
1757731129,2025-09-13T02:38:49Z,CPA301,"41.577145,44.160061",38000,415,276
1757731160,2025-09-13T02:39:20Z,CPA301,"41.583241,44.081112",38000,416,276
1757731193,2025-09-13T02:39:53Z,CPA301,"41.58971,43.996738",38000,418,275
1757731224,2025-09-13T02:40:24Z,CPA301,"41.596153,43.917343",38000,419,275
1757731255,2025-09-13T02:40:55Z,CPA301,"41.602097,43.837696",38025,420,275
1757731286,2025-09-13T02:41:26Z,CPA301,"41.608105,43.757706",38000,420,275
1757731317,2025-09-13T02:41:57Z,CPA301,"41.613895,43.677761",38000,419,275
1757731348,2025-09-13T02:42:28Z,CPA301,"41.620354,43.596714",38000,422,275
1757731380,2025-09-13T02:43:00Z,CPA301,"41.626278,43.51511",38000,426,275
1757731411,2025-09-13T02:43:31Z,CPA301,"41.632423,43.432938",38000,428,275
1757731443,2025-09-13T02:44:03Z,CPA301,"41.63847,43.350307",38000,427,275
1757731474,2025-09-13T02:44:34Z,CPA301,"41.644386,43.268208",38000,423,275
1757731505,2025-09-13T02:45:05Z,CPA301,"41.650139,43.186657",38000,424,275
1757731537,2025-09-13T02:45:37Z,CPA301,"41.65601,43.10358",38000,424,275
1757731569,2025-09-13T02:46:09Z,CPA301,"41.661564,43.020462",38000,424,275
1757731601,2025-09-13T02:46:41Z,CPA301,"41.66708,42.938866",38000,424,275
1757731632,2025-09-13T02:47:12Z,CPA301,"41.670425,42.856987",38000,424,269
1757731664,2025-09-13T02:47:44Z,CPA301,"41.665283,42.774246",38000,424,262
1757731695,2025-09-13T02:48:15Z,CPA301,"41.658295,42.69202",38000,426,263
1757731727,2025-09-13T02:48:47Z,CPA301,"41.652069,42.610138",38000,428,263
1757731759,2025-09-13T02:49:19Z,CPA301,"41.644871,42.526131",38000,426,263
1757731791,2025-09-13T02:49:51Z,CPA301,"41.637768,42.442547",38000,424,263
1757731823,2025-09-13T02:50:23Z,CPA301,"41.63073,42.359707",38000,424,263
1757731854,2025-09-13T02:50:54Z,CPA301,"41.623543,42.278774",38000,423,263
1757731886,2025-09-13T02:51:26Z,CPA301,"41.616035,42.19635",38000,424,263
1757731917,2025-09-13T02:51:57Z,CPA301,"41.608707,42.114075",38000,425,262
1757731950,2025-09-13T02:52:30Z,CPA301,"41.60083,42.028492",38000,426,263
1757731983,2025-09-13T02:53:03Z,CPA301,"41.593723,41.944572",38000,424,263
1757732013,2025-09-13T02:53:33Z,CPA301,"41.58646,41.864491",38000,424,263
1757732045,2025-09-13T02:54:05Z,CPA301,"41.579006,41.78257",38000,425,262
1757732079,2025-09-13T02:54:39Z,CPA301,"41.570755,41.695271",38000,426,262
1757732112,2025-09-13T02:55:12Z,CPA301,"41.563099,41.608929",38000,428,263
1757732143,2025-09-13T02:55:43Z,CPA301,"41.555695,41.525578",38000,428,262
1757732175,2025-09-13T02:56:15Z,CPA301,"41.551617,41.441376",38000,430,269
1757732208,2025-09-13T02:56:48Z,CPA301,"41.556419,41.35416",38000,430,275
1757732240,2025-09-13T02:57:20Z,CPA301,"41.561035,41.268345",38000,430,274
1757732273,2025-09-13T02:57:53Z,CPA301,"41.565643,41.183132",38000,430,274
1757732305,2025-09-13T02:58:25Z,CPA301,"41.570175,41.097591",38000,431,274
1757732338,2025-09-13T02:58:58Z,CPA301,"41.574951,41.012051",38050,432,274
1757732369,2025-09-13T02:59:29Z,CPA301,"41.579391,40.929729",38475,430,274
1757732401,2025-09-13T03:00:01Z,CPA301,"41.583885,40.844891",38750,431,274
1757732433,2025-09-13T03:00:33Z,CPA301,"41.588409,40.759064",38925,435,273
1757732466,2025-09-13T03:01:06Z,CPA301,"41.593006,40.673355",39275,433,273
1757732498,2025-09-13T03:01:38Z,CPA301,"41.597393,40.587173",39475,436,273
1757732528,2025-09-13T03:02:08Z,CPA301,"41.600815,40.50639",39650,437,273
1757732560,2025-09-13T03:02:40Z,CPA301,"41.604759,40.419601",39925,436,273
1757732591,2025-09-13T03:03:11Z,CPA301,"41.608871,40.336441",40000,437,273
1757732623,2025-09-13T03:03:43Z,CPA301,"41.613033,40.250481",40000,437,273
1757732656,2025-09-13T03:04:16Z,CPA301,"41.617126,40.1628",40000,438,273
1757732687,2025-09-13T03:04:47Z,CPA301,"41.620972,40.079861",40000,437,273
1757732717,2025-09-13T03:05:17Z,CPA301,"41.624714,39.999249",40000,438,273
1757732750,2025-09-13T03:05:50Z,CPA301,"41.62883,39.908455",40000,440,273
1757732781,2025-09-13T03:06:21Z,CPA301,"41.632568,39.825565",40000,440,273
1757732814,2025-09-13T03:06:54Z,CPA301,"41.636578,39.735607",40000,441,273
1757732845,2025-09-13T03:07:25Z,CPA301,"41.640244,39.650394",40000,441,273
1757732876,2025-09-13T03:07:56Z,CPA301,"41.643906,39.566898",40000,441,273
1757732908,2025-09-13T03:08:28Z,CPA301,"41.64756,39.480545",40000,440,273
1757732941,2025-09-13T03:09:01Z,CPA301,"41.651196,39.393044",40000,440,273
1757732973,2025-09-13T03:09:33Z,CPA301,"41.654774,39.304474",40000,442,272
1757733005,2025-09-13T03:10:05Z,CPA301,"41.658401,39.215412",40000,443,272
1757733036,2025-09-13T03:10:36Z,CPA301,"41.661572,39.132626",40000,445,272
1757733068,2025-09-13T03:11:08Z,CPA301,"41.665054,39.04401",40000,446,272
1757733101,2025-09-13T03:11:41Z,CPA301,"41.668438,38.953762",40000,448,272
1757733131,2025-09-13T03:12:11Z,CPA301,"41.671444,38.871315",40000,448,272
1757733163,2025-09-13T03:12:43Z,CPA301,"41.674561,38.78405",40000,447,272
1757733195,2025-09-13T03:13:15Z,CPA301,"41.67746,38.694729",40000,446,272
1757733227,2025-09-13T03:13:47Z,CPA301,"41.680618,38.606792",40000,444,272
1757733259,2025-09-13T03:14:19Z,CPA301,"41.683617,38.519173",40000,441,272
1757733290,2025-09-13T03:14:50Z,CPA301,"41.686451,38.434372",40000,440,272
1757733323,2025-09-13T03:15:23Z,CPA301,"41.689323,38.346752",40000,440,272
1757733353,2025-09-13T03:15:53Z,CPA301,"41.692043,38.264668",40000,440,272
1757733385,2025-09-13T03:16:25Z,CPA301,"41.694813,38.176151",40000,441,272
1757733416,2025-09-13T03:16:56Z,CPA301,"41.697266,38.09399",40000,442,272
1757733448,2025-09-13T03:17:28Z,CPA301,"41.699928,38.006153",40000,443,272
1757733481,2025-09-13T03:18:01Z,CPA301,"41.702579,37.916939",40000,445,272
1757733511,2025-09-13T03:18:31Z,CPA301,"41.705204,37.832161",40000,446,272
1757733542,2025-09-13T03:19:02Z,CPA301,"41.708633,37.748051",40000,446,276
1757733573,2025-09-13T03:19:33Z,CPA301,"41.719654,37.663078",40000,447,283
1757733604,2025-09-13T03:20:04Z,CPA301,"41.737549,37.581772",40000,448,289
1757733637,2025-09-13T03:20:37Z,CPA301,"41.763199,37.49855",40000,448,293
1757733667,2025-09-13T03:21:07Z,CPA301,"41.787643,37.421932",40000,448,292
1757733698,2025-09-13T03:21:38Z,CPA301,"41.812256,37.343056",40000,447,292
1757733730,2025-09-13T03:22:10Z,CPA301,"41.838585,37.259495",40000,449,292
1757733763,2025-09-13T03:22:43Z,CPA301,"41.864571,37.176655",40000,449,292
1757733794,2025-09-13T03:23:14Z,CPA301,"41.88868,37.094494",40000,449,288
1757733825,2025-09-13T03:23:45Z,CPA301,"41.904758,37.012341",40000,449,281
1757733858,2025-09-13T03:24:18Z,CPA301,"41.913864,36.921623",40000,449,274
1757733888,2025-09-13T03:24:48Z,CPA301,"41.919357,36.837742",40000,448,275
1757733919,2025-09-13T03:25:19Z,CPA301,"41.926041,36.75108",40000,448,275
1757733951,2025-09-13T03:25:51Z,CPA301,"41.931446,36.662842",40000,448,275
1757733983,2025-09-13T03:26:23Z,CPA301,"41.937492,36.573765",40000,448,274
1757734016,2025-09-13T03:26:56Z,CPA301,"41.943203,36.484104",40000,447,274
1757734046,2025-09-13T03:27:26Z,CPA301,"41.948399,36.397972",40000,446,274
1757734072,2025-09-13T03:27:52Z,CPA301,"41.954014,36.327641",40000,447,274
1757734130,2025-09-13T03:28:50Z,CPA301,"41.963226,36.167042",40000,448,274
1757734161,2025-09-13T03:29:21Z,CPA301,"41.968452,36.080124",40000,450,274
1757734191,2025-09-13T03:29:51Z,CPA301,"41.973488,35.998051",40000,452,274
1757734228,2025-09-13T03:30:28Z,CPA301,"41.979324,35.898037",40000,453,274
1757734664,2025-09-13T03:37:44Z,CPA301,"42.005215,34.667355",40000,456,266
1757734698,2025-09-13T03:38:18Z,CPA301,"41.996704,34.572659",40000,459,266
1757734730,2025-09-13T03:38:50Z,CPA301,"41.995777,34.481495",40000,460,266
1757734762,2025-09-13T03:39:22Z,CPA301,"41.992035,34.390457",40000,462,266
1757734793,2025-09-13T03:39:53Z,CPA301,"41.985821,34.301384",40000,461,266
1757734826,2025-09-13T03:40:26Z,CPA301,"41.981388,34.206795",40000,460,266
1757734858,2025-09-13T03:40:58Z,CPA301,"41.976147,34.115959",40000,461,265
1757734888,2025-09-13T03:41:28Z,CPA301,"41.971081,34.027477",40000,462,265
1757734920,2025-09-13T03:42:00Z,CPA301,"41.966175,33.936779",40000,463,265
1757734953,2025-09-13T03:42:33Z,CPA301,"41.960838,33.844662",40000,463,265
1757734985,2025-09-13T03:43:05Z,CPA301,"41.955315,33.752144",40000,464,265
1757735017,2025-09-13T03:43:37Z,CPA301,"41.949825,33.659866",40000,465,265
1757735049,2025-09-13T03:44:09Z,CPA301,"41.944248,33.567715",40000,466,265
1757735081,2025-09-13T03:44:41Z,CPA301,"41.938534,33.473473",40000,467,265
1757735113,2025-09-13T03:45:13Z,CPA301,"41.93301,33.383747",40000,467,265
1757735145,2025-09-13T03:45:45Z,CPA301,"41.930866,33.295719",40000,467,265
1757735177,2025-09-13T03:46:17Z,CPA301,"41.922997,33.198746",40000,467,265
1757735208,2025-09-13T03:46:48Z,CPA301,"41.917423,33.111118",40000,467,265
1757735239,2025-09-13T03:47:19Z,CPA301,"41.909889,33.019249",40000,467,265
1757735272,2025-09-13T03:47:52Z,CPA301,"41.904316,32.925766",40000,467,264
1757735302,2025-09-13T03:48:22Z,CPA301,"41.898998,32.839928",40000,468,264
1757735334,2025-09-13T03:48:54Z,CPA301,"41.892738,32.746143",40000,468,265
1757735367,2025-09-13T03:49:27Z,CPA301,"41.886814,32.653103",40000,466,264
1757735399,2025-09-13T03:49:59Z,CPA301,"41.879829,32.559986",40000,465,265
1757735426,2025-09-13T03:50:26Z,CPA301,"41.878361,32.481209",40000,463,274
1757735428,2025-09-13T03:50:28Z,CPA301,"41.878685,32.475376",40000,462,275
1757735430,2025-09-13T03:50:30Z,CPA301,"41.879116,32.46685",40000,464,275
1757735432,2025-09-13T03:50:32Z,CPA301,"41.879536,32.463341",40000,464,276
1757735434,2025-09-13T03:50:34Z,CPA301,"41.879993,32.457062",40000,462,277
1757735436,2025-09-13T03:50:36Z,CPA301,"41.880474,32.451202",40000,462,278
1757735439,2025-09-13T03:50:39Z,CPA301,"41.881065,32.445564",40000,462,278
1757735441,2025-09-13T03:50:41Z,CPA301,"41.881836,32.438736",40000,462,279
1757735444,2025-09-13T03:50:44Z,CPA301,"41.885109,32.431007",40000,462,280
1757735448,2025-09-13T03:50:48Z,CPA301,"41.888245,32.421787",40000,463,281
1757735450,2025-09-13T03:50:50Z,CPA301,"41.888149,32.415936",40000,462,282
1757735452,2025-09-13T03:50:52Z,CPA301,"41.888733,32.410187",40000,462,283
1757735454,2025-09-13T03:50:54Z,CPA301,"41.890278,32.404072",40000,462,284
1757735457,2025-09-13T03:50:57Z,CPA301,"41.891811,32.39661",40000,462,285
1757735461,2025-09-13T03:51:01Z,CPA301,"41.894341,32.382931",40000,463,286
1757735464,2025-09-13T03:51:04Z,CPA301,"41.895657,32.377678",40000,463,287
1757735495,2025-09-13T03:51:35Z,CPA301,"41.916878,32.292286",40000,463,288
1757735526,2025-09-13T03:52:06Z,CPA301,"41.934769,32.203556",40000,466,287
1757735558,2025-09-13T03:52:38Z,CPA301,"41.9552,32.116894",40000,467,287
1757735590,2025-09-13T03:53:10Z,CPA301,"41.975822,32.029099",40000,466,287
1757735621,2025-09-13T03:53:41Z,CPA301,"41.998615,31.944288",40000,466,287
1757735653,2025-09-13T03:54:13Z,CPA301,"42.01614,31.854332",40000,465,287
1757735686,2025-09-13T03:54:46Z,CPA301,"42.03706,31.763916",40000,466,287
1757735718,2025-09-13T03:55:18Z,CPA301,"42.057362,31.675623",40000,466,287
1757735750,2025-09-13T03:55:50Z,CPA301,"42.077881,31.58684",40000,466,287
1757735781,2025-09-13T03:56:21Z,CPA301,"42.098087,31.499023",40000,466,287
1757735813,2025-09-13T03:56:53Z,CPA301,"42.11832,31.41102",40000,468,287
1757735845,2025-09-13T03:57:25Z,CPA301,"42.138317,31.323339",40000,468,287
1757735877,2025-09-13T03:57:57Z,CPA301,"42.158455,31.234674",40000,466,286
1757735909,2025-09-13T03:58:29Z,CPA301,"42.178619,31.145468",40000,465,286
1757735941,2025-09-13T03:59:01Z,CPA301,"42.198582,31.057564",40000,466,287
1757735973,2025-09-13T03:59:33Z,CPA301,"42.219116,30.968451",40000,466,287
1757736005,2025-09-13T04:00:05Z,CPA301,"42.239895,30.878056",40000,464,287
1757736037,2025-09-13T04:00:37Z,CPA301,"42.259914,30.790359",40000,462,287
1757736069,2025-09-13T04:01:09Z,CPA301,"42.279457,30.703955",40000,460,286
1757736101,2025-09-13T04:01:41Z,CPA301,"42.299282,30.616322",40000,459,286
1757736134,2025-09-13T04:02:14Z,CPA301,"42.319153,30.527504",40000,459,286
1757736164,2025-09-13T04:02:44Z,CPA301,"42.337772,30.444469",40000,460,286
1757736196,2025-09-13T04:03:16Z,CPA301,"42.357174,30.35672",40000,462,286
1757736226,2025-09-13T04:03:46Z,CPA301,"42.375477,30.273682",40000,456,286
1757736258,2025-09-13T04:04:18Z,CPA301,"42.394283,30.187784",40000,451,286
1757736288,2025-09-13T04:04:48Z,CPA301,"42.411816,30.107357",40000,449,286
1757736320,2025-09-13T04:05:20Z,CPA301,"42.431751,30.021835",40000,448,292
1757736352,2025-09-13T04:05:52Z,CPA301,"42.460297,29.939991",40000,449,295
1757736383,2025-09-13T04:06:23Z,CPA301,"42.48756,29.85972",40000,451,294
1757736415,2025-09-13T04:06:55Z,CPA301,"42.514755,29.778267",40000,451,294
1757736447,2025-09-13T04:07:27Z,CPA301,"42.542492,29.695395",40000,452,294
1757736480,2025-09-13T04:08:00Z,CPA301,"42.570618,29.611589",40000,451,294
1757736510,2025-09-13T04:08:30Z,CPA301,"42.596375,29.534355",40000,450,294
1757736542,2025-09-13T04:09:02Z,CPA301,"42.623375,29.453236",40000,448,294
1757736574,2025-09-13T04:09:34Z,CPA301,"42.650616,29.370325",40000,446,293
1757736605,2025-09-13T04:10:05Z,CPA301,"42.676788,29.290312",40000,446,293
1757736637,2025-09-13T04:10:37Z,CPA301,"42.703079,29.210564",40000,446,293
1757736669,2025-09-13T04:11:09Z,CPA301,"42.729912,29.128643",40000,443,293
1757736700,2025-09-13T04:11:40Z,CPA301,"42.756252,29.048136",40000,444,293
1757736732,2025-09-13T04:12:12Z,CPA301,"42.782475,28.968044",40000,444,293
1757736764,2025-09-13T04:12:44Z,CPA301,"42.80954,28.885622",40000,444,293
1757736796,2025-09-13T04:13:16Z,CPA301,"42.835758,28.805689",40000,442,293
1757736828,2025-09-13T04:13:48Z,CPA301,"42.861938,28.724678",40000,442,293
1757736859,2025-09-13T04:14:19Z,CPA301,"42.887859,28.644419",40000,438,293
1757736890,2025-09-13T04:14:50Z,CPA301,"42.912918,28.566357",40000,435,293
1757736923,2025-09-13T04:15:23Z,CPA301,"42.938736,28.485699",40000,435,293
1757736954,2025-09-13T04:15:54Z,CPA301,"42.963551,28.407711",40000,436,293
1757736985,2025-09-13T04:16:25Z,CPA301,"42.98867,28.328583",40000,437,293
1757737017,2025-09-13T04:16:57Z,CPA301,"43.013973,28.248837",40000,436,293
1757737048,2025-09-13T04:17:28Z,CPA301,"43.038994,28.169661",40000,432,293
1757737080,2025-09-13T04:18:00Z,CPA301,"43.063881,28.090687",40000,430,293
1757737111,2025-09-13T04:18:31Z,CPA301,"43.088589,28.012211",40000,429,292
1757737143,2025-09-13T04:19:03Z,CPA301,"43.113045,27.93387",40000,427,292
1757737173,2025-09-13T04:19:33Z,CPA301,"43.136917,27.857998",40000,428,292
1757737204,2025-09-13T04:20:04Z,CPA301,"43.160686,27.780115",40000,428,292
1757737236,2025-09-13T04:20:36Z,CPA301,"43.184971,27.702238",40000,432,293
1757737267,2025-09-13T04:21:07Z,CPA301,"43.209656,27.623449",40000,433,292
1757737299,2025-09-13T04:21:39Z,CPA301,"43.234375,27.54324",40000,434,292
1757737331,2025-09-13T04:22:11Z,CPA301,"43.258949,27.462547",40000,434,292
1757737362,2025-09-13T04:22:42Z,CPA301,"43.283436,27.382113",40000,434,292
1757737394,2025-09-13T04:23:14Z,CPA301,"43.307922,27.301487",40000,433,292
1757737426,2025-09-13T04:23:46Z,CPA301,"43.332222,27.221685",40000,434,292
1757737457,2025-09-13T04:24:17Z,CPA301,"43.35622,27.142469",40000,435,292
1757737488,2025-09-13T04:24:48Z,CPA301,"43.380451,27.06229",40000,436,292
1757737520,2025-09-13T04:25:20Z,CPA301,"43.404785,26.981157",40000,437,292
1757737551,2025-09-13T04:25:51Z,CPA301,"43.429085,26.900314",40000,438,292
1757737583,2025-09-13T04:26:23Z,CPA301,"43.453857,26.817896",40000,438,292
1757737614,2025-09-13T04:26:54Z,CPA301,"43.477615,26.738544",40000,436,292
1757737646,2025-09-13T04:27:26Z,CPA301,"43.501854,26.657377",40000,435,292
1757737677,2025-09-13T04:27:57Z,CPA301,"43.525555,26.577246",40000,436,292
1757737708,2025-09-13T04:28:28Z,CPA301,"43.549301,26.497091",40000,436,292
1757737740,2025-09-13T04:29:00Z,CPA301,"43.573177,26.416693",40000,436,292
1757737771,2025-09-13T04:29:31Z,CPA301,"43.597095,26.33568",40000,436,291
1757737803,2025-09-13T04:30:03Z,CPA301,"43.621109,26.254305",40000,436,291
1757737834,2025-09-13T04:30:34Z,CPA301,"43.644382,26.174446",40000,436,291
1757737865,2025-09-13T04:31:05Z,CPA301,"43.667866,26.093687",40000,436,291
1757737897,2025-09-13T04:31:37Z,CPA301,"43.691544,26.012594",40000,434,291
1757737928,2025-09-13T04:32:08Z,CPA301,"43.714897,25.93232",40000,435,291
1757737960,2025-09-13T04:32:40Z,CPA301,"43.738766,25.849846",40000,436,291
1757737992,2025-09-13T04:33:12Z,CPA301,"43.762657,25.767826",40000,437,292
1757738023,2025-09-13T04:33:43Z,CPA301,"43.787933,25.686213",40000,437,293
1757738055,2025-09-13T04:34:15Z,CPA301,"43.812893,25.605671",40000,437,293
1757738086,2025-09-13T04:34:46Z,CPA301,"43.838036,25.523991",40000,437,292
1757738118,2025-09-13T04:35:18Z,CPA301,"43.862522,25.443911",40000,436,292
1757738149,2025-09-13T04:35:49Z,CPA301,"43.887093,25.3629",40000,436,292
1757738181,2025-09-13T04:36:21Z,CPA301,"43.911572,25.282011",40000,435,292
1757738212,2025-09-13T04:36:52Z,CPA301,"43.935822,25.201046",40000,435,292
1757738244,2025-09-13T04:37:24Z,CPA301,"43.960232,25.120184",40000,436,292
1757738276,2025-09-13T04:37:56Z,CPA301,"43.98481,25.037449",40000,437,292
1757738307,2025-09-13T04:38:27Z,CPA301,"44.009071,24.955978",40000,436,292
1757738339,2025-09-13T04:38:59Z,CPA301,"44.033157,24.874361",40000,437,292
1757738370,2025-09-13T04:39:30Z,CPA301,"44.057274,24.792442",40000,438,292
1757738402,2025-09-13T04:40:02Z,CPA301,"44.081642,24.71006",40000,439,292
1757738433,2025-09-13T04:40:33Z,CPA301,"44.105797,24.627655",40000,440,292
1757738465,2025-09-13T04:41:05Z,CPA301,"44.129761,24.545248",40000,441,292
1757738497,2025-09-13T04:41:37Z,CPA301,"44.154659,24.459806",40000,442,291
1757738529,2025-09-13T04:42:09Z,CPA301,"44.178581,24.37722",40000,441,291
1757738560,2025-09-13T04:42:40Z,CPA301,"44.202278,24.294895",40000,440,291
1757738592,2025-09-13T04:43:12Z,CPA301,"44.225933,24.212688",40000,439,291
1757738623,2025-09-13T04:43:43Z,CPA301,"44.25013,24.128235",40000,440,291
1757738655,2025-09-13T04:44:15Z,CPA301,"44.273872,24.044998",40000,441,291
1757738687,2025-09-13T04:44:47Z,CPA301,"44.297539,23.961628",40000,442,291
1757738719,2025-09-13T04:45:19Z,CPA301,"44.321796,23.876057",40000,443,291
1757738750,2025-09-13T04:45:50Z,CPA301,"44.34499,23.793648",40000,444,291
1757738783,2025-09-13T04:46:23Z,CPA301,"44.369629,23.706059",40000,444,291
1757738814,2025-09-13T04:46:54Z,CPA301,"44.393433,23.621386",40000,444,291
1757738846,2025-09-13T04:47:26Z,CPA301,"44.417347,23.536566",40000,444,291
1757738878,2025-09-13T04:47:58Z,CPA301,"44.441177,23.451363",40000,444,291
1757738910,2025-09-13T04:48:30Z,CPA301,"44.464607,23.367138",40000,444,291
1757738941,2025-09-13T04:49:01Z,CPA301,"44.487984,23.283455",40000,443,291
1757738973,2025-09-13T04:49:33Z,CPA301,"44.511616,23.197905",40000,444,291
1757739005,2025-09-13T04:50:05Z,CPA301,"44.534969,23.113514",40000,442,291
1757739036,2025-09-13T04:50:36Z,CPA301,"44.558151,23.029463",40000,443,291
1757739068,2025-09-13T04:51:08Z,CPA301,"44.58149,22.944166",40000,444,291
1757739100,2025-09-13T04:51:40Z,CPA301,"44.605087,22.858105",40000,444,291
1757739132,2025-09-13T04:52:12Z,CPA301,"44.628765,22.771696",40000,443,291
1757739164,2025-09-13T04:52:44Z,CPA301,"44.65213,22.685339",40000,442,290
1757739196,2025-09-13T04:53:16Z,CPA301,"44.675632,22.598467",40000,442,290
1757739228,2025-09-13T04:53:48Z,CPA301,"44.698429,22.513046",40000,444,290
1757739261,2025-09-13T04:54:21Z,CPA301,"44.721619,22.42532",40000,443,290
1757739293,2025-09-13T04:54:53Z,CPA301,"44.744217,22.33989",40000,443,290
1757739324,2025-09-13T04:55:24Z,CPA301,"44.766949,22.253881",40000,443,290
1757739357,2025-09-13T04:55:57Z,CPA301,"44.790012,22.16667",40000,445,290
1757739389,2025-09-13T04:56:29Z,CPA301,"44.813007,22.079647",40000,444,290
1757739421,2025-09-13T04:57:01Z,CPA301,"44.835587,21.993526",40000,443,290
1757739453,2025-09-13T04:57:33Z,CPA301,"44.858379,21.906797",40000,442,290
1757739483,2025-09-13T04:58:03Z,CPA301,"44.879673,21.825766",40000,441,290
1757739515,2025-09-13T04:58:35Z,CPA301,"44.902275,21.739059",40000,440,290
1757739547,2025-09-13T04:59:07Z,CPA301,"44.924427,21.654263",40000,442,290
1757739577,2025-09-13T04:59:37Z,CPA301,"44.946114,21.570738",40000,443,290
1757739610,2025-09-13T05:00:10Z,CPA301,"44.968803,21.483124",40000,442,290
1757739642,2025-09-13T05:00:42Z,CPA301,"44.993053,21.395912",40000,444,294
1757739674,2025-09-13T05:01:14Z,CPA301,"45.023235,21.314817",40000,444,298
1757739706,2025-09-13T05:01:46Z,CPA301,"45.053974,21.233339",40000,444,297
1757739736,2025-09-13T05:02:16Z,CPA301,"45.082314,21.156733",40000,444,297
1757739768,2025-09-13T05:02:48Z,CPA301,"45.113274,21.073496",40000,443,297
1757739800,2025-09-13T05:03:20Z,CPA301,"45.144226,20.989933",40000,442,297
1757739832,2025-09-13T05:03:52Z,CPA301,"45.174038,20.909597",40000,442,297
1757739863,2025-09-13T05:04:23Z,CPA301,"45.203419,20.829407",40000,443,297
1757739895,2025-09-13T05:04:55Z,CPA301,"45.233463,20.747826",40000,443,297
1757739927,2025-09-13T05:05:27Z,CPA301,"45.263885,20.66478",40000,441,297
1757739959,2025-09-13T05:05:59Z,CPA301,"45.293415,20.584057",40000,440,297
1757739991,2025-09-13T05:06:31Z,CPA301,"45.323082,20.502682",40000,440,297
1757740023,2025-09-13T05:07:03Z,CPA301,"45.352951,20.420601",40000,441,297
1757740053,2025-09-13T05:07:33Z,CPA301,"45.381157,20.342396",40000,442,297
1757740084,2025-09-13T05:08:04Z,CPA301,"45.410629,20.260386",40000,442,297
1757740116,2025-09-13T05:08:36Z,CPA301,"45.44038,20.178593",40000,440,298
1757740148,2025-09-13T05:09:08Z,CPA301,"45.473167,20.098499",40000,439,300
1757740180,2025-09-13T05:09:40Z,CPA301,"45.50515,20.020687",40000,439,299
1757740211,2025-09-13T05:10:11Z,CPA301,"45.536812,19.941599",40000,440,299
1757740242,2025-09-13T05:10:42Z,CPA301,"45.567993,19.863052",40000,441,299
1757740273,2025-09-13T05:11:13Z,CPA301,"45.598682,19.785646",40000,441,299
1757740305,2025-09-13T05:11:45Z,CPA301,"45.630245,19.705807",40000,440,299
1757740336,2025-09-13T05:12:16Z,CPA301,"45.661682,19.626001",40000,440,299
1757740368,2025-09-13T05:12:48Z,CPA301,"45.693802,19.5439",40000,440,299
1757740400,2025-09-13T05:13:20Z,CPA301,"45.725315,19.463547",40000,438,299
1757740432,2025-09-13T05:13:52Z,CPA301,"45.756962,19.382463",40000,440,299
1757740464,2025-09-13T05:14:24Z,CPA301,"45.788414,19.301607",40000,442,299
1757740496,2025-09-13T05:14:56Z,CPA301,"45.81992,19.220346",40000,443,299
1757740527,2025-09-13T05:15:27Z,CPA301,"45.851173,19.139355",40000,445,298
1757740559,2025-09-13T05:15:59Z,CPA301,"45.882648,19.057928",40000,447,298
1757740590,2025-09-13T05:16:30Z,CPA301,"45.913803,18.97686",40000,446,298
1757740622,2025-09-13T05:17:02Z,CPA301,"45.94519,18.894878",40000,444,298
1757740654,2025-09-13T05:17:34Z,CPA301,"45.975784,18.812515",40000,443,297
1757740684,2025-09-13T05:18:04Z,CPA301,"46.004593,18.734261",40000,440,297
1757740716,2025-09-13T05:18:36Z,CPA301,"46.035034,18.651991",40000,440,297
1757740747,2025-09-13T05:19:07Z,CPA301,"46.06477,18.571453",40000,438,297
1757740779,2025-09-13T05:19:39Z,CPA301,"46.094749,18.490263",40000,440,297
1757740810,2025-09-13T05:20:10Z,CPA301,"46.124676,18.409264",40000,441,297
1757740841,2025-09-13T05:20:41Z,CPA301,"46.154629,18.327776",40000,441,297
1757740873,2025-09-13T05:21:13Z,CPA301,"46.184414,18.246597",40000,442,297
1757740904,2025-09-13T05:21:44Z,CPA301,"46.214249,18.165007",40000,439,297
1757740936,2025-09-13T05:22:16Z,CPA301,"46.24379,18.083878",40000,438,297
1757740967,2025-09-13T05:22:47Z,CPA301,"46.27338,18.002346",40000,436,297
1757740998,2025-09-13T05:23:18Z,CPA301,"46.30254,17.921556",40000,436,297
1757741030,2025-09-13T05:23:50Z,CPA301,"46.331211,17.841156",40000,436,297
1757741061,2025-09-13T05:24:21Z,CPA301,"46.359962,17.760004",40000,438,297
1757741092,2025-09-13T05:24:52Z,CPA301,"46.38866,17.6793",40000,440,297
1757741123,2025-09-13T05:25:23Z,CPA301,"46.417603,17.597666",40000,438,296
1757741154,2025-09-13T05:25:54Z,CPA301,"46.446419,17.516251",40000,437,296
1757741186,2025-09-13T05:26:26Z,CPA301,"46.475216,17.434982",40000,438,297
1757741217,2025-09-13T05:26:57Z,CPA301,"46.504002,17.353302",39875,438,296
1757741248,2025-09-13T05:27:28Z,CPA301,"46.533001,17.270927",39350,440,296
1757741280,2025-09-13T05:28:00Z,CPA301,"46.561783,17.188303",38850,442,296
1757741311,2025-09-13T05:28:31Z,CPA301,"46.590359,17.106764",38325,436,296
1757741342,2025-09-13T05:29:02Z,CPA301,"46.618374,17.026186",37825,438,296
1757741373,2025-09-13T05:29:33Z,CPA301,"46.647076,16.94313",37300,444,296
1757741404,2025-09-13T05:30:04Z,CPA301,"46.6763,16.858706",36775,448,296
1757741436,2025-09-13T05:30:36Z,CPA301,"46.705326,16.775059",36275,452,296
1757741467,2025-09-13T05:31:07Z,CPA301,"46.73468,16.690218",35750,454,296
1757741498,2025-09-13T05:31:38Z,CPA301,"46.764084,16.604887",35250,450,296
1757741529,2025-09-13T05:32:09Z,CPA301,"46.792927,16.52079",34725,444,296
1757741561,2025-09-13T05:32:41Z,CPA301,"46.821468,16.437208",34200,442,296
1757741592,2025-09-13T05:33:12Z,CPA301,"46.849674,16.353857",34000,442,295
1757741623,2025-09-13T05:33:43Z,CPA301,"46.877819,16.269983",34000,442,295
1757741655,2025-09-13T05:34:15Z,CPA301,"46.90575,16.186203",34000,440,295
1757741686,2025-09-13T05:34:46Z,CPA301,"46.933346,16.103003",34000,439,295
1757741717,2025-09-13T05:35:17Z,CPA301,"46.960815,16.020115",34000,440,295
1757741748,2025-09-13T05:35:48Z,CPA301,"46.988232,15.937225",34000,441,295
1757741781,2025-09-13T05:36:21Z,CPA301,"47.017155,15.849271",34000,436,295
1757741812,2025-09-13T05:36:52Z,CPA301,"47.043808,15.767747",34000,434,295
1757741843,2025-09-13T05:37:23Z,CPA301,"47.070724,15.685308",34000,432,295
1757741874,2025-09-13T05:37:54Z,CPA301,"47.097389,15.601939",34000,432,294
1757741906,2025-09-13T05:38:26Z,CPA301,"47.124439,15.518729",34000,434,295
1757741937,2025-09-13T05:38:57Z,CPA301,"47.151627,15.435797",34000,434,295
1757741968,2025-09-13T05:39:28Z,CPA301,"47.178478,15.352543",34000,436,295
1757741999,2025-09-13T05:39:59Z,CPA301,"47.205059,15.269696",34000,436,295
1757742031,2025-09-13T05:40:31Z,CPA301,"47.231827,15.186215",34000,433,295
1757742062,2025-09-13T05:41:02Z,CPA301,"47.258457,15.103034",34000,431,294
1757742094,2025-09-13T05:41:34Z,CPA301,"47.285183,15.019013",34000,429,294
1757742125,2025-09-13T05:42:05Z,CPA301,"47.31131,14.936678",33975,430,294
1757742156,2025-09-13T05:42:36Z,CPA301,"47.337437,14.85414",33475,418,294
1757742188,2025-09-13T05:43:08Z,CPA301,"47.362778,14.77394",32950,414,294
1757742219,2025-09-13T05:43:39Z,CPA301,"47.387909,14.694016",32425,415,294
1757742250,2025-09-13T05:44:10Z,CPA301,"47.412804,14.614425",31900,414,294
1757742281,2025-09-13T05:44:41Z,CPA301,"47.437813,14.534856",31400,406,294
1757742313,2025-09-13T05:45:13Z,CPA301,"47.462646,14.455462",30850,402,294
1757742344,2025-09-13T05:45:44Z,CPA301,"47.486889,14.37789",30350,400,294
1757742375,2025-09-13T05:46:15Z,CPA301,"47.511055,14.3001",29825,402,294
1757742407,2025-09-13T05:46:47Z,CPA301,"47.534836,14.223179",29300,393,294
1757742438,2025-09-13T05:47:18Z,CPA301,"47.558777,14.145521",28775,396,294
1757742469,2025-09-13T05:47:49Z,CPA301,"47.582478,14.068265",28250,396,294
1757742501,2025-09-13T05:48:21Z,CPA301,"47.606266,13.990766",27725,394,294
1757742533,2025-09-13T05:48:53Z,CPA301,"47.629974,13.912945",27225,392,294
1757742564,2025-09-13T05:49:24Z,CPA301,"47.653423,13.835916",26700,392,294
1757742596,2025-09-13T05:49:56Z,CPA301,"47.676949,13.758779",26150,391,294
1757742627,2025-09-13T05:50:27Z,CPA301,"47.700161,13.682834",25650,386,294
1757742659,2025-09-13T05:50:59Z,CPA301,"47.72361,13.605501",25125,386,294
1757742690,2025-09-13T05:51:30Z,CPA301,"47.746422,13.529836",24600,381,293
1757742722,2025-09-13T05:52:02Z,CPA301,"47.768791,13.455185",24075,380,293
1757742753,2025-09-13T05:52:33Z,CPA301,"47.79118,13.37999",23525,381,293
1757742785,2025-09-13T05:53:05Z,CPA301,"47.813854,13.30349",23025,380,293
1757742816,2025-09-13T05:53:36Z,CPA301,"47.835712,13.229533",22500,375,293
1757742849,2025-09-13T05:54:09Z,CPA301,"47.858391,13.15301",21950,372,293
1757742881,2025-09-13T05:54:41Z,CPA301,"47.880219,13.078461",21425,361,293
1757742912,2025-09-13T05:55:12Z,CPA301,"47.901169,13.006202",20900,360,293
1757742944,2025-09-13T05:55:44Z,CPA301,"47.922169,12.934553",20375,362,293
1757742976,2025-09-13T05:56:16Z,CPA301,"47.943512,12.861628",19525,358,293
1757743008,2025-09-13T05:56:48Z,CPA301,"47.966431,12.791642",18650,355,301
1757743040,2025-09-13T05:57:20Z,CPA301,"47.99361,12.725562",17800,349,300
1757743072,2025-09-13T05:57:52Z,CPA301,"48.021126,12.660486",17225,346,303
1757743104,2025-09-13T05:58:24Z,CPA301,"48.049587,12.595532",16675,344,302
1757743135,2025-09-13T05:58:55Z,CPA301,"48.076485,12.53348",16150,339,302
1757743167,2025-09-13T05:59:27Z,CPA301,"48.103291,12.470538",15625,339,302
1757743188,2025-09-13T05:59:48Z,CPA301,"48.119114,12.428492",15225,330,292
1757743190,2025-09-13T05:59:50Z,CPA301,"48.120415,12.423729",15200,328,290
1757743192,2025-09-13T05:59:52Z,CPA301,"48.121387,12.419385",15175,327,289
1757743194,2025-09-13T05:59:54Z,CPA301,"48.122322,12.415202",15125,326,288
1757743196,2025-09-13T05:59:56Z,CPA301,"48.123306,12.410728",15100,324,286
1757743198,2025-09-13T05:59:58Z,CPA301,"48.12421,12.405923",15050,323,285
1757743200,2025-09-13T06:00:00Z,CPA301,"48.124992,12.401682",15025,322,283
1757743203,2025-09-13T06:00:03Z,CPA301,"48.125782,12.397002",14975,320,282
1757743205,2025-09-13T06:00:05Z,CPA301,"48.126381,12.392451",14925,320,280
1757743207,2025-09-13T06:00:07Z,CPA301,"48.127022,12.387438",14850,319,279
1757743209,2025-09-13T06:00:09Z,CPA301,"48.127438,12.383258",14800,319,278
1757743211,2025-09-13T06:00:11Z,CPA301,"48.127853,12.378247",14750,318,277
1757743213,2025-09-13T06:00:13Z,CPA301,"48.128159,12.374098",14675,319,276
1757743215,2025-09-13T06:00:15Z,CPA301,"48.128525,12.369301",14625,319,276
1757743218,2025-09-13T06:00:18Z,CPA301,"48.128922,12.364491",14525,319,276
1757743220,2025-09-13T06:00:20Z,CPA301,"48.129284,12.359599",14475,319,276
1757743222,2025-09-13T06:00:22Z,CPA301,"48.129738,12.354081",14400,319,277
1757743224,2025-09-13T06:00:24Z,CPA301,"48.130089,12.349965",14325,319,277
1757743256,2025-09-13T06:00:56Z,CPA301,"48.137192,12.279759",13350,321,279
1757743288,2025-09-13T06:01:28Z,CPA301,"48.144436,12.209791",12375,322,278
1757743319,2025-09-13T06:01:59Z,CPA301,"48.151085,12.140898",11525,320,277
1757743332,2025-09-13T06:02:12Z,CPA301,"48.153629,12.112898",11175,319,278
1757743347,2025-09-13T06:02:27Z,CPA301,"48.156658,12.080784",10825,316,278
1757743360,2025-09-13T06:02:40Z,CPA301,"48.159382,12.053251",10500,314,278
1757743375,2025-09-13T06:02:55Z,CPA301,"48.162621,12.021102",10225,308,278
1757743389,2025-09-13T06:03:09Z,CPA301,"48.165611,11.990457",10075,298,278
1757743402,2025-09-13T06:03:22Z,CPA301,"48.168175,11.964826",9975,290,278
1757743417,2025-09-13T06:03:37Z,CPA301,"48.171047,11.936245",9875,280,278
1757743429,2025-09-13T06:03:49Z,CPA301,"48.173347,11.912799",9700,275,278
1757743444,2025-09-13T06:04:04Z,CPA301,"48.175903,11.885651",9350,273,277
1757743456,2025-09-13T06:04:16Z,CPA301,"48.178028,11.862556",9125,271,277
1757743471,2025-09-13T06:04:31Z,CPA301,"48.180565,11.83533",8825,269,278
1757743483,2025-09-13T06:04:43Z,CPA301,"48.182743,11.812319",8550,270,277
1757743498,2025-09-13T06:04:58Z,CPA301,"48.1852,11.785701",8150,272,276
1757743510,2025-09-13T06:05:10Z,CPA301,"48.186947,11.761433",7725,272,278
1757743525,2025-09-13T06:05:25Z,CPA301,"48.190495,11.734357",7250,267,283
1757743540,2025-09-13T06:05:40Z,CPA301,"48.19482,11.708857",6950,254,284
1757743552,2025-09-13T06:05:52Z,CPA301,"48.198345,11.688415",6775,241,284
1757743567,2025-09-13T06:06:07Z,CPA301,"48.202377,11.665405",6600,226,284
1757743579,2025-09-13T06:06:19Z,CPA301,"48.20557,11.646844",6400,216,284
1757743594,2025-09-13T06:06:34Z,CPA301,"48.209015,11.62658",6150,200,284
1757743606,2025-09-13T06:06:46Z,CPA301,"48.211784,11.610152",5800,198,284
1757743620,2025-09-13T06:07:00Z,CPA301,"48.214989,11.590449",5400,205,284
1757743633,2025-09-13T06:07:13Z,CPA301,"48.218006,11.572961",5125,207,284
1757743647,2025-09-13T06:07:27Z,CPA301,"48.221287,11.554201",4900,205,284
1757743653,2025-09-13T06:07:33Z,CPA301,"48.222797,11.545615",4825,202,284
1757743661,2025-09-13T06:07:41Z,CPA301,"48.224686,11.534276",4725,200,284
1757743669,2025-09-13T06:07:49Z,CPA301,"48.226658,11.524137",4650,201,284
1757743677,2025-09-13T06:07:57Z,CPA301,"48.222107,11.512053",4600,203,288
1757743680,2025-09-13T06:08:00Z,CPA301,"48.222794,11.509376",4575,203,293
1757743682,2025-09-13T06:08:02Z,CPA301,"48.223572,11.506841",4575,204,297
1757743684,2025-09-13T06:08:04Z,CPA301,"48.224533,11.50442",4550,203,301
1757743686,2025-09-13T06:08:06Z,CPA301,"48.225838,11.501529",4525,204,307
1757743688,2025-09-13T06:08:08Z,CPA301,"48.227047,11.499361",4525,204,312
1757743690,2025-09-13T06:08:10Z,CPA301,"48.22847,11.497263",4500,204,317
1757743692,2025-09-13T06:08:12Z,CPA301,"48.229935,11.495458",4500,204,322
1757743694,2025-09-13T06:08:14Z,CPA301,"48.231583,11.493742",4475,204,327
1757743696,2025-09-13T06:08:16Z,CPA301,"48.239464,11.491987",4475,204,333
1757743698,2025-09-13T06:08:18Z,CPA301,"48.241333,11.490928",4450,205,337
1757743701,2025-09-13T06:08:21Z,CPA301,"48.2435,11.489743",4450,205,341
1757743706,2025-09-13T06:08:26Z,CPA301,"48.247646,11.488039",4400,206,348
1757743708,2025-09-13T06:08:28Z,CPA301,"48.249786,11.486786",4400,205,350
1757743710,2025-09-13T06:08:30Z,CPA301,"48.251446,11.486618",4375,206,351
1757743712,2025-09-13T06:08:32Z,CPA301,"48.253387,11.486135",4375,206,353
1757743714,2025-09-13T06:08:34Z,CPA301,"48.255459,11.485833",4350,206,353
1757743716,2025-09-13T06:08:36Z,CPA301,"48.257896,11.485415",4350,206,353
1757743718,2025-09-13T06:08:38Z,CPA301,"48.259579,11.485127",4325,206,354
1757743720,2025-09-13T06:08:40Z,CPA301,"48.261856,11.484775",4325,206,354
1757743723,2025-09-13T06:08:43Z,CPA301,"48.263493,11.484465",4300,207,354
1757743725,2025-09-13T06:08:45Z,CPA301,"48.265827,11.484099",4300,207,354
1757743727,2025-09-13T06:08:47Z,CPA301,"48.267784,11.483783",4275,206,354
1757743729,2025-09-13T06:08:49Z,CPA301,"48.26981,11.483485",4250,207,353
1757743731,2025-09-13T06:08:51Z,CPA301,"48.271709,11.483235",4250,207,354
1757743733,2025-09-13T06:08:53Z,CPA301,"48.273708,11.482917",4225,206,354
1757743735,2025-09-13T06:08:55Z,CPA301,"48.275673,11.482616",4225,207,356
1757743740,2025-09-13T06:09:00Z,CPA301,"48.279934,11.482526",4200,207,3
1757743746,2025-09-13T06:09:06Z,CPA301,"48.27956,11.484688",4175,208,17
1757743748,2025-09-13T06:09:08Z,CPA301,"48.287998,11.484715",4175,207,21
1757743750,2025-09-13T06:09:10Z,CPA301,"48.289661,11.486434",4175,208,26
1757743752,2025-09-13T06:09:12Z,CPA301,"48.291603,11.488002",4150,208,31
1757743755,2025-09-13T06:09:15Z,CPA301,"48.293156,11.489044",4150,209,36
1757743757,2025-09-13T06:09:17Z,CPA301,"48.29493,11.491266",4150,208,40
1757743759,2025-09-13T06:09:19Z,CPA301,"48.296288,11.493447",4150,207,44
1757743764,2025-09-13T06:09:24Z,CPA301,"48.293758,11.500084",4125,202,49
1757743769,2025-09-13T06:09:29Z,CPA301,"48.303379,11.503937",4125,198,51
1757743774,2025-09-13T06:09:34Z,CPA301,"48.299484,11.51078",4100,196,52
1757743776,2025-09-13T06:09:36Z,CPA301,"48.300602,11.513021",4100,196,52
1757743778,2025-09-13T06:09:38Z,CPA301,"48.30167,11.515045",4100,198,52
1757743780,2025-09-13T06:09:40Z,CPA301,"48.309895,11.516161",4075,196,52
1757743786,2025-09-13T06:09:46Z,CPA301,"48.305954,11.523357",4075,197,52
1757743792,2025-09-13T06:09:52Z,CPA301,"48.309353,11.530006",4050,196,52
1757743804,2025-09-13T06:10:04Z,CPA301,"48.322609,11.542242",4000,196,53
1757743811,2025-09-13T06:10:11Z,CPA301,"48.319641,11.552197",3900,197,66
1757743814,2025-09-13T06:10:14Z,CPA301,"48.326744,11.554168",3875,196,71
1757743816,2025-09-13T06:10:16Z,CPA301,"48.327118,11.55636",3825,195,75
1757743818,2025-09-13T06:10:18Z,CPA301,"48.327766,11.559623",3800,195,79
1757743820,2025-09-13T06:10:20Z,CPA301,"48.328018,11.561211",3750,194,82
1757743825,2025-09-13T06:10:25Z,CPA301,"48.324356,11.569414",3650,194,87
1757743828,2025-09-13T06:10:28Z,CPA301,"48.329105,11.573138",3600,194,88
1757743835,2025-09-13T06:10:35Z,CPA301,"48.322083,11.582618",3500,191,89
1757743840,2025-09-13T06:10:40Z,CPA301,"48.322155,11.589998",3400,189,88
1757743842,2025-09-13T06:10:42Z,CPA301,"48.329021,11.590857",3375,187,87
1757743844,2025-09-13T06:10:44Z,CPA301,"48.328678,11.594062",3325,186,86
1757743847,2025-09-13T06:10:47Z,CPA301,"48.328568,11.597939",3275,184,85
1757743854,2025-09-13T06:10:54Z,CPA301,"48.329975,11.606591",3175,178,83
1757743861,2025-09-13T06:11:01Z,CPA301,"48.323689,11.61544",3075,172,81
1757743863,2025-09-13T06:11:03Z,CPA301,"48.323914,11.618042",3025,170,81
1757743868,2025-09-13T06:11:08Z,CPA301,"48.324554,11.62438",2950,166,81
1757743870,2025-09-13T06:11:10Z,CPA301,"48.32476,11.626571",2900,166,82
1757743872,2025-09-13T06:11:12Z,CPA301,"48.324947,11.62845",2875,163,82
1757743880,2025-09-13T06:11:20Z,CPA301,"48.325737,11.638063",2750,156,83
1757743889,2025-09-13T06:11:29Z,CPA301,"48.326389,11.64652",2650,148,83
1757743895,2025-09-13T06:11:35Z,CPA301,"48.3269,11.652952",2575,144,83
1757743904,2025-09-13T06:11:44Z,CPA301,"48.327602,11.661771",2450,139,83
1757743910,2025-09-13T06:11:50Z,CPA301,"48.328079,11.66748",2400,140,83
1757743918,2025-09-13T06:11:58Z,CPA301,"48.32872,11.675508",2300,141,83
1757743926,2025-09-13T06:12:06Z,CPA301,"48.329369,11.68331",2200,140,83
1757743935,2025-09-13T06:12:15Z,CPA301,"48.330002,11.691636",2100,140,83
1757743941,2025-09-13T06:12:21Z,CPA301,"48.330505,11.697481",2025,140,83
1757743950,2025-09-13T06:12:30Z,CPA301,"48.331192,11.706144",1900,140,83
1757743956,2025-09-13T06:12:36Z,CPA301,"48.331696,11.71206",1825,138,83
1757743965,2025-09-13T06:12:45Z,CPA301,"48.332291,11.720159",1725,138,83
1757743971,2025-09-13T06:12:51Z,CPA301,"48.332767,11.726171",1650,137,83
1757743979,2025-09-13T06:12:59Z,CPA301,"48.333435,11.733962",1550,137,82
1757743988,2025-09-13T06:13:08Z,CPA301,"48.334072,11.741855",1450,136,82
1757743994,2025-09-13T06:13:14Z,CPA301,"48.334583,11.747998",1375,134,83
1757744001,2025-09-13T06:13:21Z,CPA301,"48.335049,11.753925",1275,136,82
1757744010,2025-09-13T06:13:30Z,CPA301,"48.335724,11.76178",1250,128,82
