Timestamp,UTC,Callsign,Position,Altitude,Speed,Direction
1757606681,2025-09-11T16:04:41Z,CPA289,"22.311405,113.93528",0,0,0
1757606788,2025-09-11T16:06:28Z,CPA289,"22.311344,113.935074",0,3,0
1757606802,2025-09-11T16:06:42Z,CPA289,"22.311264,113.934853",0,3,0
1757606817,2025-09-11T16:06:57Z,CPA289,"22.311184,113.934631",0,3,0
1757606835,2025-09-11T16:07:15Z,CPA289,"22.311035,113.934418",0,3,0
1757606852,2025-09-11T16:07:32Z,CPA289,"22.311035,113.934212",0,2,0
1757606873,2025-09-11T16:07:53Z,CPA289,"22.311172,113.934006",0,3,0
1757607141,2025-09-11T16:12:21Z,CPA289,"22.310829,113.934151",0,6,0
1757607148,2025-09-11T16:12:28Z,CPA289,"22.310579,113.934235",0,8,0
1757607155,2025-09-11T16:12:35Z,CPA289,"22.310314,113.934288",0,8,0
1757607163,2025-09-11T16:12:43Z,CPA289,"22.310091,113.934196",0,0,0
1757607167,2025-09-11T16:12:47Z,CPA289,"22.310579,113.934235",0,8,164
1757607183,2025-09-11T16:13:03Z,CPA289,"22.309696,113.933525",0,5,205
1757607195,2025-09-11T16:13:15Z,CPA289,"22.309589,113.933296",0,4,205
1757607212,2025-09-11T16:13:32Z,CPA289,"22.309439,113.933006",0,4,205
1757607221,2025-09-11T16:13:41Z,CPA289,"22.309334,113.932785",0,6,205
1757607229,2025-09-11T16:13:49Z,CPA289,"22.309204,113.932495",0,8,205
1757607236,2025-09-11T16:13:56Z,CPA289,"22.309172,113.93219",0,10,205
1757607244,2025-09-11T16:14:04Z,CPA289,"22.309334,113.931717",0,12,205
1757607252,2025-09-11T16:14:12Z,CPA289,"22.309502,113.931244",0,13,205
1757607260,2025-09-11T16:14:20Z,CPA289,"22.309544,113.93074",0,13,205
1757607267,2025-09-11T16:14:27Z,CPA289,"22.309416,113.930283",0,13,205
1757607275,2025-09-11T16:14:35Z,CPA289,"22.309263,113.929802",0,13,205
1757607282,2025-09-11T16:14:42Z,CPA289,"22.309124,113.929352",0,13,205
1757607289,2025-09-11T16:14:49Z,CPA289,"22.308996,113.928947",0,14,205
1757607296,2025-09-11T16:14:56Z,CPA289,"22.308834,113.928467",0,14,205
1757607303,2025-09-11T16:15:03Z,CPA289,"22.308701,113.928032",0,14,205
1757607310,2025-09-11T16:15:10Z,CPA289,"22.30854,113.927551",0,13,205
1757607317,2025-09-11T16:15:17Z,CPA289,"22.308414,113.927155",0,12,205
1757607325,2025-09-11T16:15:25Z,CPA289,"22.308266,113.926689",0,13,205
1757607331,2025-09-11T16:15:31Z,CPA289,"22.308147,113.926331",0,13,205
1757607338,2025-09-11T16:15:38Z,CPA289,"22.307991,113.925835",0,13,205
1757607346,2025-09-11T16:15:46Z,CPA289,"22.307831,113.925339",0,14,205
1757607354,2025-09-11T16:15:54Z,CPA289,"22.307657,113.924789",0,14,205
1757607362,2025-09-11T16:16:02Z,CPA289,"22.307556,113.9245",0,14,205
1757607373,2025-09-11T16:16:13Z,CPA289,"22.307236,113.9235",0,15,205
1757607380,2025-09-11T16:16:20Z,CPA289,"22.307053,113.92292",0,15,205
1757607387,2025-09-11T16:16:27Z,CPA289,"22.306877,113.922401",0,16,205
1757607394,2025-09-11T16:16:34Z,CPA289,"22.306738,113.921967",0,16,205
1757607402,2025-09-11T16:16:42Z,CPA289,"22.306595,113.921516",0,15,205
1757607407,2025-09-11T16:16:47Z,CPA289,"22.306412,113.920921",0,15,251
1757607411,2025-09-11T16:16:51Z,CPA289,"22.306307,113.920631",0,15,251
1757607415,2025-09-11T16:16:55Z,CPA289,"22.306229,113.920372",0,15,251
1757607419,2025-09-11T16:16:59Z,CPA289,"22.306126,113.920044",0,15,251
1757607423,2025-09-11T16:17:03Z,CPA289,"22.30604,113.919792",0,15,251
1757607426,2025-09-11T16:17:06Z,CPA289,"22.305971,113.919548",0,15,251
1757607433,2025-09-11T16:17:13Z,CPA289,"22.305782,113.918983",0,16,251
1757607441,2025-09-11T16:17:21Z,CPA289,"22.305599,113.918396",0,16,251
1757607448,2025-09-11T16:17:28Z,CPA289,"22.305387,113.91777",0,17,251
1757607455,2025-09-11T16:17:35Z,CPA289,"22.305225,113.917259",0,17,251
1757607462,2025-09-11T16:17:42Z,CPA289,"22.305016,113.916626",0,17,251
1757607470,2025-09-11T16:17:50Z,CPA289,"22.304817,113.915993",0,17,251
1757607477,2025-09-11T16:17:57Z,CPA289,"22.304626,113.91539",0,18,251
1757607484,2025-09-11T16:18:04Z,CPA289,"22.30442,113.914749",0,18,251
1757607491,2025-09-11T16:18:11Z,CPA289,"22.304235,113.914169",0,16,251
1757607499,2025-09-11T16:18:19Z,CPA289,"22.30405,113.913612",0,16,251
1757607505,2025-09-11T16:18:25Z,CPA289,"22.303886,113.913094",0,16,251
1757607512,2025-09-11T16:18:32Z,CPA289,"22.303711,113.912567",0,16,251
1757607520,2025-09-11T16:18:40Z,CPA289,"22.303516,113.911934",0,17,251
1757607527,2025-09-11T16:18:47Z,CPA289,"22.303316,113.911324",0,17,251
1757607534,2025-09-11T16:18:54Z,CPA289,"22.303131,113.910751",0,18,251
1757607541,2025-09-11T16:19:01Z,CPA289,"22.302956,113.91021",0,18,251
1757607549,2025-09-11T16:19:09Z,CPA289,"22.302734,113.909492",0,19,251
1757607555,2025-09-11T16:19:15Z,CPA289,"22.302521,113.908844",0,18,251
1757607562,2025-09-11T16:19:22Z,CPA289,"22.302328,113.908272",0,18,251
1757607569,2025-09-11T16:19:29Z,CPA289,"22.302153,113.9077",0,16,251
1757607576,2025-09-11T16:19:36Z,CPA289,"22.301971,113.90715",0,15,251
1757607591,2025-09-11T16:19:51Z,CPA289,"22.301641,113.90612",0,0,251
1757607598,2025-09-11T16:19:58Z,CPA289,"22.301455,113.905563",0,15,251
1757607608,2025-09-11T16:20:08Z,CPA289,"22.301205,113.904778",0,0,251
1757607615,2025-09-11T16:20:15Z,CPA289,"22.301023,113.90419",0,16,251
1757607622,2025-09-11T16:20:22Z,CPA289,"22.30085,113.903656",0,15,251
1757607631,2025-09-11T16:20:31Z,CPA289,"22.300644,113.903038",0,16,251
1757607638,2025-09-11T16:20:38Z,CPA289,"22.300449,113.902443",0,16,251
1757607645,2025-09-11T16:20:45Z,CPA289,"22.300266,113.901871",0,16,251
1757607653,2025-09-11T16:20:53Z,CPA289,"22.300058,113.901237",0,17,251
1757607661,2025-09-11T16:21:01Z,CPA289,"22.299889,113.900703",0,14,251
1757607668,2025-09-11T16:21:08Z,CPA289,"22.299744,113.900261",0,14,251
1757607675,2025-09-11T16:21:15Z,CPA289,"22.299603,113.899796",0,14,251
1757607682,2025-09-11T16:21:22Z,CPA289,"22.299431,113.8993",0,14,251
1757607694,2025-09-11T16:21:34Z,CPA289,"22.299173,113.898491",0,14,250
1757607700,2025-09-11T16:21:40Z,CPA289,"22.299076,113.898163",0,12,250
1757607707,2025-09-11T16:21:47Z,CPA289,"22.298939,113.897736",0,11,250
1757607716,2025-09-11T16:21:56Z,CPA289,"22.298756,113.897446",0,10,250
1757607723,2025-09-11T16:22:03Z,CPA289,"22.298382,113.897346",0,9,250
1757607731,2025-09-11T16:22:11Z,CPA289,"22.29808,113.897446",0,8,250
1757607740,2025-09-11T16:22:20Z,CPA289,"22.29784,113.897537",0,5,250
1757607759,2025-09-11T16:22:39Z,CPA289,"22.297626,113.897614",0,2,250
1757607776,2025-09-11T16:22:56Z,CPA289,"22.297371,113.897713",0,4,250
1757607785,2025-09-11T16:23:05Z,CPA289,"22.297165,113.897789",0,5,250
1757607793,2025-09-11T16:23:13Z,CPA289,"22.29694,113.897873",0,7,250
1757607803,2025-09-11T16:23:23Z,CPA289,"22.296604,113.898033",0,8,250
1757607810,2025-09-11T16:23:30Z,CPA289,"22.296427,113.898293",0,0,250
1757607817,2025-09-11T16:23:37Z,CPA289,"22.296381,113.89856",0,8,250
1757607825,2025-09-11T16:23:45Z,CPA289,"22.29649,113.898872",0,8,250
1757607833,2025-09-11T16:23:53Z,CPA289,"22.296577,113.899101",0,7,250
1757607888,2025-09-11T16:24:48Z,CPA289,"22.296707,113.899467",0,12,250
1757607891,2025-09-11T16:24:51Z,CPA289,"22.296787,113.899704",0,21,73
1757607892,2025-09-11T16:24:52Z,CPA289,"22.29689,113.900032",0,31,73
1757607894,2025-09-11T16:24:54Z,CPA289,"22.29697,113.900307",0,36,73
1757607896,2025-09-11T16:24:56Z,CPA289,"22.297142,113.90081",0,46,73
1757607898,2025-09-11T16:24:58Z,CPA289,"22.297369,113.901497",0,60,73
1757607899,2025-09-11T16:24:59Z,CPA289,"22.297474,113.90184",0,65,70
1757607901,2025-09-11T16:25:01Z,CPA289,"22.297649,113.902382",0,70,70
1757607902,2025-09-11T16:25:02Z,CPA289,"22.297766,113.902763",0,74,70
1757607903,2025-09-11T16:25:03Z,CPA289,"22.29792,113.903244",0,78,70
1757607904,2025-09-11T16:25:04Z,CPA289,"22.29808,113.903717",0,88,70
1757607905,2025-09-11T16:25:05Z,CPA289,"22.298264,113.90435",0,88,70
1757607906,2025-09-11T16:25:06Z,CPA289,"22.298429,113.904823",0,93,71
1757607909,2025-09-11T16:25:09Z,CPA289,"22.298859,113.906151",100,110,71
1757607911,2025-09-11T16:25:11Z,CPA289,"22.29936,113.907623",100,119,71
1757607920,2025-09-11T16:25:20Z,CPA289,"22.301222,113.913475",75,152,71
1757607928,2025-09-11T16:25:28Z,CPA289,"22.303457,113.920341",50,181,71
1757607937,2025-09-11T16:25:37Z,CPA289,"22.305954,113.928276",150,203,71
1757607945,2025-09-11T16:25:45Z,CPA289,"22.308563,113.936462",500,204,70
1757607952,2025-09-11T16:25:52Z,CPA289,"22.310532,113.942413",775,206,70
1757607960,2025-09-11T16:26:00Z,CPA289,"22.313187,113.950752",1200,204,71
1757607968,2025-09-11T16:26:08Z,CPA289,"22.315792,113.958992",1625,204,71
1757607977,2025-09-11T16:26:17Z,CPA289,"22.318306,113.96698",1925,210,71
1757607983,2025-09-11T16:26:23Z,CPA289,"22.320328,113.973419",2150,215,71
1757607991,2025-09-11T16:26:31Z,CPA289,"22.323166,113.982307",2525,218,71
1757607998,2025-09-11T16:26:38Z,CPA289,"22.32518,113.988548",2800,218,70
1757608006,2025-09-11T16:26:46Z,CPA289,"22.328018,113.997185",3150,216,70
1757608015,2025-09-11T16:26:55Z,CPA289,"22.330875,114.006096",3350,220,70
1757608021,2025-09-11T16:27:01Z,CPA289,"22.332916,114.012421",3500,222,70
1757608030,2025-09-11T16:27:10Z,CPA289,"22.335951,114.021858",3750,224,70
1757608036,2025-09-11T16:27:16Z,CPA289,"22.337626,114.028877",3925,222,76
1757608038,2025-09-11T16:27:18Z,CPA289,"22.337952,114.031067",3975,222,80
1757608040,2025-09-11T16:27:20Z,CPA289,"22.338135,114.033295",4050,221,83
1757608043,2025-09-11T16:27:23Z,CPA289,"22.33823,114.035591",4100,221,86
1757608045,2025-09-11T16:27:25Z,CPA289,"22.33823,114.038239",4150,221,89
1757608047,2025-09-11T16:27:27Z,CPA289,"22.338089,114.040482",4200,221,92
1757608049,2025-09-11T16:27:29Z,CPA289,"22.337858,114.042717",4250,220,94
1757608051,2025-09-11T16:27:31Z,CPA289,"22.33754,114.044876",4300,220,98
1757608053,2025-09-11T16:27:33Z,CPA289,"22.337173,114.046928",4350,220,99
1757608055,2025-09-11T16:27:35Z,CPA289,"22.336487,114.049675",4425,219,103
1757608057,2025-09-11T16:27:37Z,CPA289,"22.335903,114.051819",4475,219,105
1757608059,2025-09-11T16:27:39Z,CPA289,"22.335159,114.054008",4525,220,108
1757608061,2025-09-11T16:27:41Z,CPA289,"22.33432,114.056244",4600,219,110
1757608064,2025-09-11T16:27:44Z,CPA289,"22.333483,114.058281",4650,219,113
1757608066,2025-09-11T16:27:46Z,CPA289,"22.332552,114.060211",4675,219,115
1757608068,2025-09-11T16:27:48Z,CPA289,"22.331451,114.062256",4725,219,118
1757608070,2025-09-11T16:27:50Z,CPA289,"22.330223,114.064232",4775,219,121
1757608072,2025-09-11T16:27:52Z,CPA289,"22.328966,114.066109",4825,219,125
1757608074,2025-09-11T16:27:54Z,CPA289,"22.327618,114.06794",4875,219,127
1757608076,2025-09-11T16:27:56Z,CPA289,"22.326279,114.06955",4925,220,130
1757608078,2025-09-11T16:27:58Z,CPA289,"22.324448,114.071594",5000,220,133
1757608081,2025-09-11T16:28:01Z,CPA289,"22.322962,114.073082",5050,220,136
1757608083,2025-09-11T16:28:03Z,CPA289,"22.321426,114.074402",5075,221,138
1757608085,2025-09-11T16:28:05Z,CPA289,"22.31955,114.076042",5150,222,141
1757608087,2025-09-11T16:28:07Z,CPA289,"22.317423,114.077553",5200,222,144
1757608089,2025-09-11T16:28:09Z,CPA289,"22.315659,114.078835",5250,222,146
1757608091,2025-09-11T16:28:11Z,CPA289,"22.314163,114.079742",5275,223,148
1757608093,2025-09-11T16:28:13Z,CPA289,"22.311996,114.081032",5300,226,150
1757608095,2025-09-11T16:28:15Z,CPA289,"22.310066,114.082085",5325,226,152
1757608098,2025-09-11T16:28:18Z,CPA289,"22.307833,114.083199",5350,228,154
1757608100,2025-09-11T16:28:20Z,CPA289,"22.305725,114.084076",5375,230,157
1757608102,2025-09-11T16:28:22Z,CPA289,"22.303503,114.084877",5375,234,160
1757608104,2025-09-11T16:28:24Z,CPA289,"22.301409,114.085541",5400,236,163
1757608106,2025-09-11T16:28:26Z,CPA289,"22.298767,114.086273",5450,238,165
1757608108,2025-09-11T16:28:28Z,CPA289,"22.296661,114.086723",5475,240,168
1757608110,2025-09-11T16:28:30Z,CPA289,"22.294418,114.087074",5500,242,170
1757608112,2025-09-11T16:28:32Z,CPA289,"22.292097,114.087318",5525,244,173
1757608114,2025-09-11T16:28:34Z,CPA289,"22.289677,114.087524",5550,245,175
1757608117,2025-09-11T16:28:37Z,CPA289,"22.28693,114.087624",5575,247,177
1757608119,2025-09-11T16:28:39Z,CPA289,"22.284929,114.087624",5600,249,179
1757608121,2025-09-11T16:28:41Z,CPA289,"22.282059,114.087624",5650,251,179
1757608123,2025-09-11T16:28:43Z,CPA289,"22.279669,114.087578",5700,252,180
1757608125,2025-09-11T16:28:45Z,CPA289,"22.277115,114.087578",5750,254,180
1757608127,2025-09-11T16:28:47Z,CPA289,"22.274414,114.087578",5800,254,180
1757608129,2025-09-11T16:28:49Z,CPA289,"22.272125,114.087578",5825,256,180
1757608131,2025-09-11T16:28:51Z,CPA289,"22.269707,114.087524",5875,257,180
1757608134,2025-09-11T16:28:54Z,CPA289,"22.266769,114.087578",5900,259,180
1757608136,2025-09-11T16:28:56Z,CPA289,"22.264725,114.087578",5925,260,180
1757608138,2025-09-11T16:28:58Z,CPA289,"22.26178,114.087578",5975,262,180
1757608140,2025-09-11T16:29:00Z,CPA289,"22.259216,114.087578",6025,262,180
1757608153,2025-09-11T16:29:13Z,CPA289,"22.243498,114.087273",6300,269,181
1757608167,2025-09-11T16:29:27Z,CPA289,"22.225388,114.086861",6675,274,181
1757608180,2025-09-11T16:29:40Z,CPA289,"22.207901,114.086479",6875,284,181
1757608192,2025-09-11T16:29:52Z,CPA289,"22.192057,114.087776",7050,292,171
1757608195,2025-09-11T16:29:55Z,CPA289,"22.188629,114.088921",7100,294,165
1757608199,2025-09-11T16:29:59Z,CPA289,"22.183365,114.09137",7200,294,159
1757608201,2025-09-11T16:30:01Z,CPA289,"22.180847,114.092865",7250,296,153
1757608204,2025-09-11T16:30:04Z,CPA289,"22.177347,114.09536",7300,297,147
1757608211,2025-09-11T16:30:11Z,CPA289,"22.171463,114.100708",7375,304,136
1757608215,2025-09-11T16:30:15Z,CPA289,"22.166153,114.107246",7450,305,132
1757608232,2025-09-11T16:30:32Z,CPA289,"22.162264,114.113922",7525,310,121
1757608237,2025-09-11T16:30:37Z,CPA289,"22.159332,114.121483",7600,314,113
1757608246,2025-09-11T16:30:46Z,CPA289,"22.155514,114.153236",8125,320,93
1757608249,2025-09-11T16:30:49Z,CPA289,"22.155258,114.157135",8225,320,93
1757608251,2025-09-11T16:30:51Z,CPA289,"22.155094,114.160408",8300,320,93
1757608253,2025-09-11T16:30:53Z,CPA289,"22.154909,114.163971",8375,322,93
1757608255,2025-09-11T16:30:55Z,CPA289,"22.154755,114.166924",8425,322,93
1757608258,2025-09-11T16:30:58Z,CPA289,"22.154535,114.171448",8525,322,93
1757608260,2025-09-11T16:31:00Z,CPA289,"22.154343,114.174767",8600,322,93
1757608262,2025-09-11T16:31:02Z,CPA289,"22.154205,114.177963",8675,322,92
1757608264,2025-09-11T16:31:04Z,CPA289,"22.154024,114.182076",8750,322,92
1757608266,2025-09-11T16:31:06Z,CPA289,"22.153885,114.18528",8825,322,92
1757608268,2025-09-11T16:31:08Z,CPA289,"22.153744,114.188637",8900,322,92
1757608270,2025-09-11T16:31:10Z,CPA289,"22.153564,114.192093",8975,322,92
1757608283,2025-09-11T16:31:23Z,CPA289,"22.152674,114.212135",9425,324,92
1757608298,2025-09-11T16:31:38Z,CPA289,"22.151789,114.236549",9950,325,91
1757608308,2025-09-11T16:31:48Z,CPA289,"22.152813,114.248505",10200,326,82
1757608311,2025-09-11T16:31:51Z,CPA289,"22.155001,114.257866",10375,328,74
1757608315,2025-09-11T16:31:55Z,CPA289,"22.156677,114.262596",10475,329,68
1757608318,2025-09-11T16:31:58Z,CPA289,"22.158417,114.266701",10550,329,66
1757608322,2025-09-11T16:32:02Z,CPA289,"22.161758,114.273247",10700,330,60
1757608324,2025-09-11T16:32:04Z,CPA289,"22.163498,114.276138",10775,331,58
1757608326,2025-09-11T16:32:06Z,CPA289,"22.165104,114.278465",10825,331,54
1757608328,2025-09-11T16:32:08Z,CPA289,"22.167618,114.281731",10900,331,51
1757608330,2025-09-11T16:32:10Z,CPA289,"22.169769,114.284332",10975,332,48
1757608332,2025-09-11T16:32:12Z,CPA289,"22.172058,114.286827",11025,333,46
1757608334,2025-09-11T16:32:14Z,CPA289,"22.17432,114.28904",11100,333,43
1757608337,2025-09-11T16:32:17Z,CPA289,"22.176773,114.291222",11150,335,40
1757608339,2025-09-11T16:32:19Z,CPA289,"22.17972,114.293571",11225,335,37
1757608341,2025-09-11T16:32:21Z,CPA289,"22.182886,114.295753",11275,336,34
1757608343,2025-09-11T16:32:23Z,CPA289,"22.186203,114.297813",11350,337,30
1757608346,2025-09-11T16:32:26Z,CPA289,"22.188904,114.299263",11400,338,28
1757608348,2025-09-11T16:32:28Z,CPA289,"22.19215,114.300842",11450,340,25
1757608350,2025-09-11T16:32:30Z,CPA289,"22.195633,114.302155",11525,340,20
1757608352,2025-09-11T16:32:32Z,CPA289,"22.199432,114.303459",11600,342,17
1757608354,2025-09-11T16:32:34Z,CPA289,"22.202299,114.304199",11625,343,14
1757608356,2025-09-11T16:32:36Z,CPA289,"22.205521,114.304855",11700,344,11
1757608359,2025-09-11T16:32:39Z,CPA289,"22.208956,114.305321",11750,345,8
1757608361,2025-09-11T16:32:41Z,CPA289,"22.212204,114.305603",11825,345,5
1757608363,2025-09-11T16:32:43Z,CPA289,"22.215271,114.305702",11875,346,2
1757608365,2025-09-11T16:32:45Z,CPA289,"22.219244,114.305573",11950,348,2
1757608367,2025-09-11T16:32:47Z,CPA289,"22.222366,114.305305",12000,348,355
1757608369,2025-09-11T16:32:49Z,CPA289,"22.225668,114.304863",12050,349,352
1757608371,2025-09-11T16:32:51Z,CPA289,"22.22905,114.304207",12125,350,350
1757608373,2025-09-11T16:32:53Z,CPA289,"22.23279,114.30323",12175,350,347
1757608376,2025-09-11T16:32:56Z,CPA289,"22.236189,114.302116",12250,351,344
1757608378,2025-09-11T16:32:58Z,CPA289,"22.239166,114.300911",12300,352,341
1757608380,2025-09-11T16:33:00Z,CPA289,"22.242287,114.299522",12350,352,338
1757608382,2025-09-11T16:33:02Z,CPA289,"22.245438,114.297966",12425,352,336
1757608384,2025-09-11T16:33:04Z,CPA289,"22.248093,114.296616",12475,352,335
1757608386,2025-09-11T16:33:06Z,CPA289,"22.251617,114.294769",12575,352,334
1757608388,2025-09-11T16:33:08Z,CPA289,"22.254623,114.293213",12625,352,334
1757608390,2025-09-11T16:33:10Z,CPA289,"22.25766,114.291618",12700,351,333
1757608392,2025-09-11T16:33:12Z,CPA289,"22.260628,114.290009",12775,352,333
1757608394,2025-09-11T16:33:14Z,CPA289,"22.263519,114.288475",12825,351,333
1757608397,2025-09-11T16:33:17Z,CPA289,"22.266634,114.286804",12900,352,333
1757608399,2025-09-11T16:33:19Z,CPA289,"22.269791,114.28508",12950,353,333
1757608401,2025-09-11T16:33:21Z,CPA289,"22.272995,114.283279",13025,352,332
1757608403,2025-09-11T16:33:23Z,CPA289,"22.276131,114.281563",13075,353,332
1757608405,2025-09-11T16:33:25Z,CPA289,"22.279016,114.279884",13150,354,332
1757608437,2025-09-11T16:33:57Z,CPA289,"22.326416,114.25267",14050,358,331
1757608469,2025-09-11T16:34:29Z,CPA289,"22.373749,114.226051",14850,365,332
1757608500,2025-09-11T16:35:00Z,CPA289,"22.420162,114.200539",15650,368,333
1757608531,2025-09-11T16:35:31Z,CPA289,"22.469881,114.173485",16225,381,333
1757608563,2025-09-11T16:36:03Z,CPA289,"22.520782,114.145653",16625,397,333
1757608596,2025-09-11T16:36:36Z,CPA289,"22.575302,114.116241",17000,413,334
1757608628,2025-09-11T16:37:08Z,CPA289,"22.630625,114.088387",17475,426,334
1757608660,2025-09-11T16:37:40Z,CPA289,"22.689747,114.05838",18150,432,334
1757608690,2025-09-11T16:38:10Z,CPA289,"22.745499,114.029694",18900,435,334
1757608722,2025-09-11T16:38:42Z,CPA289,"22.802811,114.000084",19550,439,334
1757608754,2025-09-11T16:39:14Z,CPA289,"22.863144,113.968872",20200,444,334
1757608786,2025-09-11T16:39:46Z,CPA289,"22.923019,113.937935",20875,448,334
1757608818,2025-09-11T16:40:18Z,CPA289,"22.982887,113.906708",21475,454,334
1757608850,2025-09-11T16:40:50Z,CPA289,"23.044569,113.874565",22050,458,334
1757608878,2025-09-11T16:41:18Z,CPA289,"23.095139,113.841927",22525,462,324
1757608880,2025-09-11T16:41:20Z,CPA289,"23.098335,113.839417",22550,462,323
1757608882,2025-09-11T16:41:22Z,CPA289,"23.101822,113.83654",22575,464,323
1757608885,2025-09-11T16:41:25Z,CPA289,"23.1064,113.832695",22625,464,322
1757608887,2025-09-11T16:41:27Z,CPA289,"23.109695,113.829742",22650,464,320
1757608890,2025-09-11T16:41:30Z,CPA289,"23.114639,113.825249",22700,464,320
1757608892,2025-09-11T16:41:32Z,CPA289,"23.117189,113.822884",22725,464,319
1757608896,2025-09-11T16:41:36Z,CPA289,"23.123894,113.816322",22775,465,317
1757608898,2025-09-11T16:41:38Z,CPA289,"23.128372,113.811768",22825,465,316
1757608900,2025-09-11T16:41:40Z,CPA289,"23.131943,113.808075",22875,466,316
1757608902,2025-09-11T16:41:42Z,CPA289,"23.135147,113.804626",22900,466,315
1757608904,2025-09-11T16:41:44Z,CPA289,"23.13826,113.801384",22925,466,315
1757608937,2025-09-11T16:42:17Z,CPA289,"23.187716,113.749794",23425,470,316
1757608970,2025-09-11T16:42:50Z,CPA289,"23.239202,113.695831",23900,476,315
1757609001,2025-09-11T16:43:21Z,CPA289,"23.289825,113.642632",24425,476,315
1757609031,2025-09-11T16:43:51Z,CPA289,"23.336124,113.590904",24950,480,308
1757609037,2025-09-11T16:43:57Z,CPA289,"23.344086,113.579002",25000,481,305
1757609039,2025-09-11T16:43:59Z,CPA289,"23.347046,113.57431",25025,481,304
1757609041,2025-09-11T16:44:01Z,CPA289,"23.349792,113.569916",25050,481,304
1757609043,2025-09-11T16:44:03Z,CPA289,"23.352093,113.566185",25075,482,303
1757609046,2025-09-11T16:44:06Z,CPA289,"23.354736,113.561829",25100,481,303
1757609048,2025-09-11T16:44:08Z,CPA289,"23.35726,113.557686",25125,482,303
1757609050,2025-09-11T16:44:10Z,CPA289,"23.359819,113.553413",25175,482,303
1757609052,2025-09-11T16:44:12Z,CPA289,"23.362148,113.549553",25200,482,302
1757609054,2025-09-11T16:44:14Z,CPA289,"23.364569,113.545479",25225,482,302
1757609086,2025-09-11T16:44:46Z,CPA289,"23.401245,113.476433",25625,488,298
1757609117,2025-09-11T16:45:17Z,CPA289,"23.433105,113.408371",26050,490,296
1757609149,2025-09-11T16:45:49Z,CPA289,"23.46661,113.33786",26475,494,297
1757609181,2025-09-11T16:46:21Z,CPA289,"23.499939,113.26889",26850,496,297
1757609214,2025-09-11T16:46:54Z,CPA289,"23.538025,113.195786",27250,440,298
1757609240,2025-09-11T16:47:20Z,CPA289,"23.556459,113.16478",27375,502,303
1757609289,2025-09-11T16:48:09Z,CPA289,"23.62084,113.064339",27625,512,306
1757609322,2025-09-11T16:48:42Z,CPA289,"23.66851,112.991119",27600,515,306
1757609357,2025-09-11T16:49:17Z,CPA289,"23.716961,112.916359",27600,515,306
1757609393,2025-09-11T16:49:53Z,CPA289,"23.780548,112.817894",27600,514,305
1757609422,2025-09-11T16:50:22Z,CPA289,"23.805418,112.77906",27600,514,305
1757609457,2025-09-11T16:50:57Z,CPA289,"23.85191,112.708031",27600,513,308
1757609491,2025-09-11T16:51:31Z,CPA289,"23.90667,112.637589",27600,516,311
1757609533,2025-09-11T16:52:13Z,CPA289,"23.9729,112.55529",27600,517,311
1757609562,2025-09-11T16:52:42Z,CPA289,"24.01914,112.497719",27600,515,312
1757609600,2025-09-11T16:53:20Z,CPA289,"24.095718,112.40242",27600,514,311
1757609620,2025-09-11T16:53:40Z,CPA289,"24.10881,112.386116",27600,514,311
1757609641,2025-09-11T16:54:01Z,CPA289,"24.138571,112.349037",27600,514,311
1757609728,2025-09-11T16:55:28Z,CPA289,"24.275921,112.176315",27600,513,310
1757609760,2025-09-11T16:56:00Z,CPA289,"24.325058,112.112732",27600,515,310
1757609808,2025-09-11T16:56:48Z,CPA289,"24.397423,112.012093",27600,514,305
1757609843,2025-09-11T16:57:23Z,CPA289,"24.444534,111.936546",27600,513,304
1757609865,2025-09-11T16:57:45Z,CPA289,"24.473141,111.890312",27600,512,304
1757609880,2025-09-11T16:58:00Z,CPA289,"24.492096,111.859795",27600,512,304
1757609950,2025-09-11T16:59:10Z,CPA289,"24.584749,111.711937",27600,510,305
1757609997,2025-09-11T16:59:57Z,CPA289,"24.650253,111.607872",27600,511,305
1757610021,2025-09-11T17:00:21Z,CPA289,"24.682228,111.556885",27600,511,304
1757610056,2025-09-11T17:00:56Z,CPA289,"24.729155,111.482056",27600,511,304
1757610085,2025-09-11T17:01:25Z,CPA289,"24.766909,111.421783",27600,510,304
1757610153,2025-09-11T17:02:33Z,CPA289,"24.858616,111.274712",27600,507,304
1757610188,2025-09-11T17:03:08Z,CPA289,"24.903353,111.202835",27600,507,304
1757610221,2025-09-11T17:03:41Z,CPA289,"24.948416,111.13018",27600,507,304
1757610256,2025-09-11T17:04:16Z,CPA289,"24.994827,111.055405",27600,505,304
1757610285,2025-09-11T17:04:45Z,CPA289,"25.033035,110.993752",27600,507,304
1757610310,2025-09-11T17:05:10Z,CPA289,"25.06461,110.942635",27600,507,304
1757610325,2025-09-11T17:05:25Z,CPA289,"25.084351,110.910698",27600,507,304
1757610498,2025-09-11T17:08:18Z,CPA289,"25.313337,110.538681",27600,504,304
1757610529,2025-09-11T17:08:49Z,CPA289,"25.352163,110.47525",27600,504,304
1757610557,2025-09-11T17:09:17Z,CPA289,"25.390503,110.412651",27600,504,304
1757610586,2025-09-11T17:09:46Z,CPA289,"25.427717,110.351654",27600,504,304
1757610626,2025-09-11T17:10:26Z,CPA289,"25.479996,110.266014",27600,503,304
1757610655,2025-09-11T17:10:55Z,CPA289,"25.517563,110.204376",27600,503,304
1757610690,2025-09-11T17:11:30Z,CPA289,"25.563276,110.129181",27600,505,304
1757610725,2025-09-11T17:12:05Z,CPA289,"25.609318,110.053368",27600,505,304
1757610735,2025-09-11T17:12:15Z,CPA289,"25.620621,110.034737",27600,506,304
1757610863,2025-09-11T17:14:23Z,CPA289,"25.78598,109.761139",27600,508,304
1757610891,2025-09-11T17:14:51Z,CPA289,"25.82103,109.703011",27600,508,304
1757610924,2025-09-11T17:15:24Z,CPA289,"25.860229,109.617943",27600,511,293
1757610961,2025-09-11T17:16:01Z,CPA289,"25.886673,109.52478",27600,512,287
1757611010,2025-09-11T17:16:50Z,CPA289,"25.919081,109.402382",27600,511,286
1757611045,2025-09-11T17:17:25Z,CPA289,"25.9422,109.314743",27600,511,287
1757611075,2025-09-11T17:17:55Z,CPA289,"25.962158,109.239029",27600,510,286
1757611110,2025-09-11T17:18:30Z,CPA289,"25.985229,109.151489",27600,509,287
1757611145,2025-09-11T17:19:05Z,CPA289,"26.008347,109.063614",27600,509,286
1757611180,2025-09-11T17:19:40Z,CPA289,"26.031406,108.975609",27600,509,286
1757611215,2025-09-11T17:20:15Z,CPA289,"26.054543,108.886925",27600,509,287
1757611245,2025-09-11T17:20:45Z,CPA289,"26.073851,108.812737",27600,507,287
1757611275,2025-09-11T17:21:15Z,CPA289,"26.09271,108.740242",27600,508,287
1757611328,2025-09-11T17:22:08Z,CPA289,"26.139862,108.612968",27625,503,304
1757611357,2025-09-11T17:22:37Z,CPA289,"26.179779,108.54715",27600,504,304
1757611391,2025-09-11T17:23:11Z,CPA289,"26.22459,108.476929",27600,504,307
1757611425,2025-09-11T17:23:45Z,CPA289,"26.273899,108.406761",27600,505,309
1757611435,2025-09-11T17:23:55Z,CPA289,"26.28656,108.38884",27600,506,309
1757611493,2025-09-11T17:24:53Z,CPA289,"26.372494,108.265671",27600,509,308
1757611533,2025-09-11T17:25:33Z,CPA289,"26.429291,108.18338",28125,509,308
1757611568,2025-09-11T17:26:08Z,CPA289,"26.479843,108.110062",28875,502,308
1757611603,2025-09-11T17:26:43Z,CPA289,"26.52919,108.038597",29550,498,307
1757611867,2025-09-11T17:31:07Z,CPA289,"26.899111,107.503189",30100,500,307
1757611896,2025-09-11T17:31:36Z,CPA289,"26.93829,107.44577",30100,501,307
1757611933,2025-09-11T17:32:13Z,CPA289,"26.992151,107.366798",30100,502,307
1757611967,2025-09-11T17:32:47Z,CPA289,"27.040611,107.295807",30100,502,307
1757612002,2025-09-11T17:33:22Z,CPA289,"27.089584,107.224129",30100,503,308
1757612037,2025-09-11T17:33:57Z,CPA289,"27.139343,107.151161",30100,503,307
1757612062,2025-09-11T17:34:22Z,CPA289,"27.178499,107.1045",30100,500,319
1757612067,2025-09-11T17:34:27Z,CPA289,"27.188419,107.095657",30100,500,322
1757612072,2025-09-11T17:34:32Z,CPA289,"27.197067,107.088661",30100,500,325
1757612081,2025-09-11T17:34:41Z,CPA289,"27.214899,107.076286",30100,501,331
1757612086,2025-09-11T17:34:46Z,CPA289,"27.22584,107.069901",30100,501,333
1757612091,2025-09-11T17:34:51Z,CPA289,"27.235889,107.064667",30100,502,336
1757612096,2025-09-11T17:34:56Z,CPA289,"27.247021,107.059708",30100,503,338
1757612101,2025-09-11T17:35:01Z,CPA289,"27.257681,107.055389",30125,503,341
1757612111,2025-09-11T17:35:11Z,CPA289,"27.280542,107.047188",30100,506,343
1757612116,2025-09-11T17:35:16Z,CPA289,"27.291183,107.043579",30100,505,344
1757612145,2025-09-11T17:35:45Z,CPA289,"27.355865,107.021347",30100,505,343
1757612433,2025-09-11T17:40:33Z,CPA289,"27.994221,106.796829",30100,506,343
1757612465,2025-09-11T17:41:05Z,CPA289,"28.07021,106.770309",30100,505,343
1757612475,2025-09-11T17:41:15Z,CPA289,"28.09013,106.763359",30100,505,343
1757612658,2025-09-11T17:44:18Z,CPA289,"28.513758,106.65258",30100,505,348
1757612688,2025-09-11T17:44:48Z,CPA289,"28.57777,106.636749",30100,504,348
1757612722,2025-09-11T17:45:22Z,CPA289,"28.682045,106.609604",30100,500,346
1757612752,2025-09-11T17:45:52Z,CPA289,"28.748196,106.592697",30100,494,347
1757612809,2025-09-11T17:46:49Z,CPA289,"28.879303,106.57309",30100,492,353
1757612855,2025-09-11T17:47:35Z,CPA289,"28.981979,106.55941",30100,492,353
1757612886,2025-09-11T17:48:06Z,CPA289,"29.050415,106.55043",30100,488,353
1757612917,2025-09-11T17:48:37Z,CPA289,"29.122568,106.540726",30100,484,353
1757612949,2025-09-11T17:49:09Z,CPA289,"29.194399,106.531082",30100,478,353
1757612983,2025-09-11T17:49:43Z,CPA289,"29.267303,106.521538",30100,475,353
1757613015,2025-09-11T17:50:15Z,CPA289,"29.335964,106.512238",30100,475,353
1757613046,2025-09-11T17:50:46Z,CPA289,"29.406143,106.503159",30100,476,353
1757613078,2025-09-11T17:51:18Z,CPA289,"29.476089,106.494072",30100,475,353
1757613110,2025-09-11T17:51:50Z,CPA289,"29.545868,106.484985",30100,475,353
1757613142,2025-09-11T17:52:22Z,CPA289,"29.614426,106.476326",30100,474,353
1757613173,2025-09-11T17:52:53Z,CPA289,"29.684919,106.467484",30100,473,353
1757613206,2025-09-11T17:53:26Z,CPA289,"29.754822,106.458366",30125,473,353
1757613236,2025-09-11T17:53:56Z,CPA289,"29.820759,106.449768",30125,477,353
1757613268,2025-09-11T17:54:28Z,CPA289,"29.892542,106.440613",30100,480,353
1757613301,2025-09-11T17:55:01Z,CPA289,"29.964981,106.431023",30100,480,353
1757613331,2025-09-11T17:55:31Z,CPA289,"30.032478,106.422363",30125,481,353
1757613363,2025-09-11T17:56:03Z,CPA289,"30.102818,106.41407",30100,483,354
1757613393,2025-09-11T17:56:33Z,CPA289,"30.170288,106.406952",30100,480,355
1757613426,2025-09-11T17:57:06Z,CPA289,"30.241791,106.400055",30100,481,355
1757613458,2025-09-11T17:57:38Z,CPA289,"30.313522,106.393433",30100,482,355
1757613490,2025-09-11T17:58:10Z,CPA289,"30.385941,106.387024",30100,482,355
1757613523,2025-09-11T17:58:43Z,CPA289,"30.457407,106.380722",30100,484,355
1757613555,2025-09-11T17:59:15Z,CPA289,"30.529795,106.37468",30100,489,355
1757613585,2025-09-11T17:59:45Z,CPA289,"30.599392,106.369026",30100,491,355
1757613617,2025-09-11T18:00:17Z,CPA289,"30.672525,106.362381",30100,492,355
1757613649,2025-09-11T18:00:49Z,CPA289,"30.745605,106.356598",30100,491,355
1757613681,2025-09-11T18:01:21Z,CPA289,"30.817703,106.350243",30100,492,355
1757613694,2025-09-11T18:01:34Z,CPA289,"30.846769,106.344414",30075,484,344
1757613696,2025-09-11T18:01:36Z,CPA289,"30.850937,106.342812",30100,483,342
1757613699,2025-09-11T18:01:39Z,CPA289,"30.856201,106.340599",30100,482,340
1757613701,2025-09-11T18:01:41Z,CPA289,"30.860596,106.338486",30100,482,338
1757613703,2025-09-11T18:01:43Z,CPA289,"30.864944,106.336021",30100,481,336
1757613705,2025-09-11T18:01:45Z,CPA289,"30.869293,106.333435",30125,480,332
1757613707,2025-09-11T18:01:47Z,CPA289,"30.873444,106.330681",30125,479,330
1757613710,2025-09-11T18:01:50Z,CPA289,"30.87822,106.327248",30100,478,328
1757613712,2025-09-11T18:01:52Z,CPA289,"30.881033,106.324966",30100,478,326
1757613714,2025-09-11T18:01:54Z,CPA289,"30.88472,106.321861",30125,478,324
1757613716,2025-09-11T18:01:56Z,CPA289,"30.888885,106.318092",30125,477,321
1757613718,2025-09-11T18:01:58Z,CPA289,"30.892204,106.314919",30125,476,320
1757613720,2025-09-11T18:02:00Z,CPA289,"30.896255,106.310905",30125,476,319
1757613722,2025-09-11T18:02:02Z,CPA289,"30.899746,106.307388",30125,477,319
1757613724,2025-09-11T18:02:04Z,CPA289,"30.902985,106.304085",30125,477,318
1757613726,2025-09-11T18:02:06Z,CPA289,"30.906357,106.300583",30125,477,318
1757613729,2025-09-11T18:02:09Z,CPA289,"30.910583,106.296227",30125,478,318
1757613731,2025-09-11T18:02:11Z,CPA289,"30.914063,106.292671",30100,478,318
1757613733,2025-09-11T18:02:13Z,CPA289,"30.917038,106.289604",30100,478,318
1757613735,2025-09-11T18:02:15Z,CPA289,"30.921114,106.285416",30100,478,318
1757613737,2025-09-11T18:02:17Z,CPA289,"30.924683,106.281792",30100,478,318
1757613739,2025-09-11T18:02:19Z,CPA289,"30.927958,106.278549",30100,477,318
1757613772,2025-09-11T18:02:52Z,CPA289,"30.983727,106.226204",30100,479,320
1757613802,2025-09-11T18:03:22Z,CPA289,"31.034409,106.172951",30100,479,315
1757613832,2025-09-11T18:03:52Z,CPA289,"31.081579,106.116837",30100,480,314
1757613865,2025-09-11T18:04:25Z,CPA289,"31.131762,106.057724",30100,484,314
1757613896,2025-09-11T18:04:56Z,CPA289,"31.181154,105.999664",30100,486,314
1757613928,2025-09-11T18:05:28Z,CPA289,"31.232071,105.939758",30100,487,314
1757613960,2025-09-11T18:06:00Z,CPA289,"31.282928,105.880035",30100,487,314
1757613991,2025-09-11T18:06:31Z,CPA289,"31.33189,105.822342",30100,488,314
1757614024,2025-09-11T18:07:04Z,CPA289,"31.384029,105.760765",30100,487,314
1757614057,2025-09-11T18:07:37Z,CPA289,"31.436493,105.698746",30100,487,314
1757614089,2025-09-11T18:08:09Z,CPA289,"31.48649,105.639534",30100,488,314
1757614120,2025-09-11T18:08:40Z,CPA289,"31.536953,105.579605",30100,488,314
1757614152,2025-09-11T18:09:12Z,CPA289,"31.586672,105.520493",30100,487,314
1757614182,2025-09-11T18:09:42Z,CPA289,"31.635223,105.462662",30100,487,314
1757614215,2025-09-11T18:10:15Z,CPA289,"31.686665,105.401237",30100,485,314
1757614245,2025-09-11T18:10:45Z,CPA289,"31.73494,105.343674",30100,486,314
1757614278,2025-09-11T18:11:18Z,CPA289,"31.786835,105.28154",30100,486,314
1757614309,2025-09-11T18:11:49Z,CPA289,"31.835083,105.223808",30100,485,314
1757614341,2025-09-11T18:12:21Z,CPA289,"31.88562,105.163055",30100,485,314
1757614373,2025-09-11T18:12:53Z,CPA289,"31.935287,105.103401",30100,487,314
1757614405,2025-09-11T18:13:25Z,CPA289,"31.984314,105.044296",30100,486,314
1757614437,2025-09-11T18:13:57Z,CPA289,"32.034969,104.983223",30100,484,314
1757614467,2025-09-11T18:14:27Z,CPA289,"32.082962,104.925201",30100,486,314
1757614499,2025-09-11T18:14:59Z,CPA289,"32.132729,104.864891",30100,487,314
1757614531,2025-09-11T18:15:31Z,CPA289,"32.183426,104.803459",30100,487,314
1757614562,2025-09-11T18:16:02Z,CPA289,"32.232697,104.743599",30100,485,314
1757614594,2025-09-11T18:16:34Z,CPA289,"32.281742,104.684013",30100,483,314
1757614626,2025-09-11T18:17:06Z,CPA289,"32.331879,104.622856",30100,483,314
1757614657,2025-09-11T18:17:37Z,CPA289,"32.380325,104.563751",30100,483,313
1757614690,2025-09-11T18:18:10Z,CPA289,"32.429733,104.503296",30100,479,313
1757614702,2025-09-11T18:18:22Z,CPA289,"32.449936,104.478638",30100,480,313
1757614801,2025-09-11T18:20:01Z,CPA289,"32.613556,104.313431",30100,482,341
1757614818,2025-09-11T18:20:18Z,CPA289,"32.637634,104.306839",30100,488,355
1757616256,2025-09-11T18:44:16Z,CPA289,"35.864685,104.109131",30100,484,356
1757616291,2025-09-11T18:44:51Z,CPA289,"35.942642,104.101067",30100,481,355
1757616326,2025-09-11T18:45:26Z,CPA289,"36.021194,104.092484",30100,480,354
1757616373,2025-09-11T18:46:13Z,CPA289,"36.123184,104.081154",30100,480,354
1757616402,2025-09-11T18:46:42Z,CPA289,"36.188869,104.073952",30100,482,355
1757616436,2025-09-11T18:47:16Z,CPA289,"36.264038,104.065704",30100,482,354
1757616482,2025-09-11T18:48:02Z,CPA289,"36.367771,104.054382",30100,482,356
1757616517,2025-09-11T18:48:37Z,CPA289,"36.444859,104.045959",30100,483,355
1757616550,2025-09-11T18:49:10Z,CPA289,"36.518875,104.037781",30100,480,354
1757616575,2025-09-11T18:49:35Z,CPA289,"36.570053,104.028168",30100,466,344
1757616653,2025-09-11T18:50:53Z,CPA289,"36.678646,103.885551",30100,437,298
1757616688,2025-09-11T18:51:28Z,CPA289,"36.7117,103.808533",30100,437,298
1757616728,2025-09-11T18:52:08Z,CPA289,"36.74992,103.719238",30100,433,298
1757616763,2025-09-11T18:52:43Z,CPA289,"36.782784,103.642799",30100,436,298
1757616798,2025-09-11T18:53:18Z,CPA289,"36.81588,103.566193",30100,435,299
1757616833,2025-09-11T18:53:53Z,CPA289,"36.849819,103.487297",30100,435,298
1757616868,2025-09-11T18:54:28Z,CPA289,"36.882919,103.410309",30100,437,299
1757616908,2025-09-11T18:55:08Z,CPA289,"36.921112,103.321037",30100,437,298
1757616942,2025-09-11T18:55:42Z,CPA289,"36.95549,103.247406",30100,437,301
1757616977,2025-09-11T18:56:17Z,CPA289,"36.993572,103.171532",30100,435,302
1757617012,2025-09-11T18:56:52Z,CPA289,"37.030655,103.097923",30100,433,302
1757617046,2025-09-11T18:57:26Z,CPA289,"37.067184,103.025169",30100,433,302
1757617075,2025-09-11T18:57:55Z,CPA289,"37.098724,102.962112",30100,433,302
1757617118,2025-09-11T18:58:38Z,CPA289,"37.14431,102.871262",30100,437,302
1757617147,2025-09-11T18:59:07Z,CPA289,"37.17485,102.809883",30100,437,301
1757617176,2025-09-11T18:59:36Z,CPA289,"37.206253,102.746887",30100,440,302
1757617206,2025-09-11T19:00:06Z,CPA289,"37.239212,102.680557",30100,439,301
1757617246,2025-09-11T19:00:46Z,CPA289,"37.282104,102.593895",30100,441,301
1757617275,2025-09-11T19:01:15Z,CPA289,"37.313416,102.530609",30100,441,301
1757617305,2025-09-11T19:01:45Z,CPA289,"37.344391,102.466141",30100,442,299
1757617323,2025-09-11T19:02:03Z,CPA289,"37.359333,102.423866",30100,439,290
1757617328,2025-09-11T19:02:08Z,CPA289,"37.36301,102.410912",30100,439,289
1757617334,2025-09-11T19:02:14Z,CPA289,"37.366104,102.398659",30100,439,287
1757617338,2025-09-11T19:02:18Z,CPA289,"37.368851,102.386383",30100,439,285
1757617343,2025-09-11T19:02:23Z,CPA289,"37.371414,102.373764",30100,439,283
1757617372,2025-09-11T19:02:52Z,CPA289,"37.385605,102.302528",30100,439,283
1757617407,2025-09-11T19:03:27Z,CPA289,"37.402451,102.215683",30100,435,283
1757617447,2025-09-11T19:04:07Z,CPA289,"37.421482,102.117561",30100,433,283
1757617481,2025-09-11T19:04:41Z,CPA289,"37.437355,102.035698",30100,433,283
1757617516,2025-09-11T19:05:16Z,CPA289,"37.454254,101.948708",30100,432,283
1757617551,2025-09-11T19:05:51Z,CPA289,"37.470795,101.862778",30100,433,283
1757617585,2025-09-11T19:06:25Z,CPA289,"37.486908,101.778801",30100,435,283
1757617620,2025-09-11T19:07:00Z,CPA289,"37.504997,101.695541",30100,433,289
1757617655,2025-09-11T19:07:35Z,CPA289,"37.535397,101.613861",30100,435,298
1757617691,2025-09-11T19:08:11Z,CPA289,"37.569855,101.532898",30100,435,298
1757617721,2025-09-11T19:08:41Z,CPA289,"37.598568,101.465843",30100,435,298
1757617761,2025-09-11T19:09:21Z,CPA289,"37.636459,101.376579",30100,435,298
1757617790,2025-09-11T19:09:50Z,CPA289,"37.664108,101.311302",30100,437,298
1757617833,2025-09-11T19:10:33Z,CPA289,"37.703201,101.218796",30100,435,297
1757617866,2025-09-11T19:11:06Z,CPA289,"37.734684,101.144135",30100,435,297
1757617895,2025-09-11T19:11:35Z,CPA289,"37.763596,101.075294",30100,435,297
1757617936,2025-09-11T19:12:16Z,CPA289,"37.80233,100.982918",30100,433,297
1757617965,2025-09-11T19:12:45Z,CPA289,"37.828815,100.919632",30100,433,297
1757617984,2025-09-11T19:13:04Z,CPA289,"37.846985,100.877403",30100,433,299
1757618055,2025-09-11T19:14:15Z,CPA289,"37.916656,100.723419",30100,430,300
1757618091,2025-09-11T19:14:51Z,CPA289,"37.953415,100.64061",30100,430,299
1757618131,2025-09-11T19:15:31Z,CPA289,"37.991871,100.553886",30100,431,300
1757618161,2025-09-11T19:16:01Z,CPA289,"38.021168,100.487343",30100,432,299
1757618195,2025-09-11T19:16:35Z,CPA289,"38.054173,100.412354",30100,432,299
1757618235,2025-09-11T19:17:15Z,CPA289,"38.091156,100.328438",30100,434,300
1757618265,2025-09-11T19:17:45Z,CPA289,"38.122047,100.25795",30100,433,299
1757618300,2025-09-11T19:18:20Z,CPA289,"38.157166,100.177841",30100,435,298
1757618310,2025-09-11T19:18:30Z,CPA289,"38.165085,100.159782",30100,433,299
1757618368,2025-09-11T19:19:28Z,CPA289,"38.223221,100.026665",30100,437,299
1757618403,2025-09-11T19:20:03Z,CPA289,"38.256767,99.949257",30100,435,298
1757618432,2025-09-11T19:20:32Z,CPA289,"38.28511,99.884132",30100,435,298
1757618472,2025-09-11T19:21:12Z,CPA289,"38.32283,99.796997",30100,433,298
1757618501,2025-09-11T19:21:41Z,CPA289,"38.35276,99.727554",30100,435,298
1757618535,2025-09-11T19:22:15Z,CPA289,"38.385345,99.651909",30100,437,299
1757618572,2025-09-11T19:22:52Z,CPA289,"38.420959,99.569214",30100,437,298
1757618607,2025-09-11T19:23:27Z,CPA289,"38.455406,99.48877",30100,435,298
1757618637,2025-09-11T19:23:57Z,CPA289,"38.483414,99.423164",30100,435,298
1757618678,2025-09-11T19:24:38Z,CPA289,"38.523422,99.329544",30100,435,298
1757618713,2025-09-11T19:25:13Z,CPA289,"38.555775,99.253479",30100,435,298
1757618741,2025-09-11T19:25:41Z,CPA289,"38.584213,99.186478",30100,433,298
1757618770,2025-09-11T19:26:10Z,CPA289,"38.610306,99.124802",30100,435,298
1757618828,2025-09-11T19:27:08Z,CPA289,"38.666016,98.992844",30100,433,298
1757618861,2025-09-11T19:27:41Z,CPA289,"38.698132,98.916565",30100,433,298
1757618891,2025-09-11T19:28:11Z,CPA289,"38.726898,98.848022",30100,435,299
1757618925,2025-09-11T19:28:45Z,CPA289,"38.759071,98.771362",30100,435,299
1757618955,2025-09-11T19:29:15Z,CPA289,"38.788021,98.701897",30100,436,299
1757618985,2025-09-11T19:29:45Z,CPA289,"38.81538,98.63633",30100,437,299
1757619020,2025-09-11T19:30:20Z,CPA289,"38.848541,98.556641",30100,437,298
1757619050,2025-09-11T19:30:50Z,CPA289,"38.878151,98.485413",30100,437,298
1757619060,2025-09-11T19:31:00Z,CPA289,"38.88707,98.463829",30100,436,298
1757619110,2025-09-11T19:31:50Z,CPA289,"38.932941,98.352837",30100,435,298
1757619168,2025-09-11T19:32:48Z,CPA289,"38.987782,98.219681",30100,433,298
1757619202,2025-09-11T19:33:22Z,CPA289,"39.020512,98.139969",30100,433,298
1757619237,2025-09-11T19:33:57Z,CPA289,"39.053326,98.059753",30100,433,298
1757619272,2025-09-11T19:34:32Z,CPA289,"39.085922,97.979897",30100,434,298
1757619312,2025-09-11T19:35:12Z,CPA289,"39.123013,97.888855",30100,437,298
1757619345,2025-09-11T19:35:45Z,CPA289,"39.152714,97.815918",30125,428,298
1757619370,2025-09-11T19:36:10Z,CPA289,"39.172806,97.766258",30100,429,297
1757619400,2025-09-11T19:36:40Z,CPA289,"39.202194,97.693352",30100,433,297
1757619560,2025-09-11T19:39:20Z,CPA289,"39.348701,97.329903",30100,433,297
1757619626,2025-09-11T19:40:26Z,CPA289,"39.410568,97.17511",30100,425,298
1757619649,2025-09-11T19:40:49Z,CPA289,"39.431171,97.12326",30100,425,298
1757619728,2025-09-11T19:42:08Z,CPA289,"39.50325,96.942749",30100,425,298
1757619768,2025-09-11T19:42:48Z,CPA289,"39.53896,96.853699",30100,424,298
1757619808,2025-09-11T19:43:28Z,CPA289,"39.574848,96.763786",30100,423,298
1757619842,2025-09-11T19:44:02Z,CPA289,"39.604599,96.688843",30100,423,298
1757619871,2025-09-11T19:44:31Z,CPA289,"39.629379,96.62661",30100,422,298
1757619906,2025-09-11T19:45:06Z,CPA289,"39.66193,96.54409",30100,423,297
1757619921,2025-09-11T19:45:21Z,CPA289,"39.673962,96.513428",30100,423,297
1757619950,2025-09-11T19:45:50Z,CPA289,"39.700649,96.445267",30100,424,297
1757620342,2025-09-11T19:52:22Z,CPA289,"40.048889,95.544907",30100,429,297
1757620377,2025-09-11T19:52:57Z,CPA289,"40.080139,95.462708",30100,430,297
1757620417,2025-09-11T19:53:37Z,CPA289,"40.11525,95.370117",30100,430,297
1757620445,2025-09-11T19:54:05Z,CPA289,"40.139511,95.305794",30100,432,297
1757620465,2025-09-11T19:54:25Z,CPA289,"40.156101,95.261703",30100,432,297
1757620518,2025-09-11T19:55:18Z,CPA289,"40.203819,95.135231",30100,434,297
1757620558,2025-09-11T19:55:58Z,CPA289,"40.239849,95.040588",30100,432,297
1757620593,2025-09-11T19:56:33Z,CPA289,"40.27071,94.959579",30100,432,297
1757620633,2025-09-11T19:57:13Z,CPA289,"40.309158,94.866074",30100,436,303
1757620668,2025-09-11T19:57:48Z,CPA289,"40.351318,94.791748",30100,442,309
1757620697,2025-09-11T19:58:17Z,CPA289,"40.38789,94.731262",30100,443,309
1757620736,2025-09-11T19:58:56Z,CPA289,"40.43742,94.649658",30100,442,309
1757620770,2025-09-11T19:59:30Z,CPA289,"40.481319,94.576897",30100,442,309
1757620805,2025-09-11T20:00:05Z,CPA289,"40.525169,94.503899",30100,443,309
1757620853,2025-09-11T20:00:53Z,CPA289,"40.58643,94.40155",30100,445,309
1757620882,2025-09-11T20:01:22Z,CPA289,"40.622768,94.340759",30100,445,309
1757620916,2025-09-11T20:01:56Z,CPA289,"40.664791,94.270508",30100,444,309
1757620958,2025-09-11T20:02:38Z,CPA289,"40.718029,94.181091",30100,444,309
1757620981,2025-09-11T20:03:01Z,CPA289,"40.748661,94.129608",30100,445,308
1757621016,2025-09-11T20:03:36Z,CPA289,"40.792423,94.055763",30100,446,308
1757621051,2025-09-11T20:04:11Z,CPA289,"40.83762,93.979424",30100,447,308
1757621086,2025-09-11T20:04:46Z,CPA289,"40.881664,93.904701",30100,448,308
1757621116,2025-09-11T20:05:16Z,CPA289,"40.920269,93.839172",30100,449,308
1757621151,2025-09-11T20:05:51Z,CPA289,"40.967506,93.765442",30100,450,312
1757621185,2025-09-11T20:06:25Z,CPA289,"41.01379,93.695374",30100,450,311
1757621200,2025-09-11T20:06:40Z,CPA289,"41.0327,93.666443",30100,451,311
1757621263,2025-09-11T20:07:43Z,CPA289,"41.118481,93.53302",30100,449,310
1757621303,2025-09-11T20:08:23Z,CPA289,"41.172382,93.448456",30100,448,311
1757621343,2025-09-11T20:09:03Z,CPA289,"41.226101,93.363998",30100,451,311
1757621373,2025-09-11T20:09:33Z,CPA289,"41.266296,93.300903",30100,451,310
1757621408,2025-09-11T20:10:08Z,CPA289,"41.31216,93.228638",30100,449,311
1757621443,2025-09-11T20:10:43Z,CPA289,"41.359909,93.15332",30100,449,311
1757621478,2025-09-11T20:11:18Z,CPA289,"41.406448,93.07975",30100,449,310
1757621512,2025-09-11T20:11:52Z,CPA289,"41.451645,93.007942",30100,447,310
1757621547,2025-09-11T20:12:27Z,CPA289,"41.499088,92.932579",30100,445,310
1757621582,2025-09-11T20:13:02Z,CPA289,"41.544754,92.859818",30100,445,310
1757621617,2025-09-11T20:13:37Z,CPA289,"41.591209,92.785744",30100,446,310
1757621647,2025-09-11T20:14:07Z,CPA289,"41.630131,92.723328",30100,447,310
1757621687,2025-09-11T20:14:47Z,CPA289,"41.682678,92.63903",30100,448,310
1757621717,2025-09-11T20:15:17Z,CPA289,"41.72319,92.573799",30100,448,310
1757621752,2025-09-11T20:15:52Z,CPA289,"41.76709,92.50309",30100,448,310
1757621787,2025-09-11T20:16:27Z,CPA289,"41.815361,92.424973",30100,448,310
1757621816,2025-09-11T20:16:56Z,CPA289,"41.853882,92.362617",30100,448,309
1757621851,2025-09-11T20:17:31Z,CPA289,"41.899715,92.288223",30100,448,309
1757621886,2025-09-11T20:18:06Z,CPA289,"41.94672,92.211693",30100,449,309
1757621916,2025-09-11T20:18:36Z,CPA289,"41.986488,92.146812",30100,450,309
1757621952,2025-09-11T20:19:12Z,CPA289,"42.033508,92.069771",30100,448,309
1757621992,2025-09-11T20:19:52Z,CPA289,"42.085876,91.983925",30100,446,310
1757622022,2025-09-11T20:20:22Z,CPA289,"42.124786,91.920052",30100,447,309
1757622052,2025-09-11T20:20:52Z,CPA289,"42.164082,91.855278",30100,446,309
1757622094,2025-09-11T20:21:34Z,CPA289,"42.218033,91.767235",30100,447,311
1757622122,2025-09-11T20:22:02Z,CPA289,"42.26012,91.707932",30100,451,316
1757622157,2025-09-11T20:22:37Z,CPA289,"42.307751,91.646828",30100,451,317
1757622197,2025-09-11T20:23:17Z,CPA289,"42.372822,91.563637",30100,452,317
1757622230,2025-09-11T20:23:50Z,CPA289,"42.422821,91.499573",30100,451,317
1757622278,2025-09-11T20:24:38Z,CPA289,"42.49612,91.405128",30100,450,317
1757622308,2025-09-11T20:25:08Z,CPA289,"42.540039,91.348381",30100,451,316
1757622346,2025-09-11T20:25:46Z,CPA289,"42.598888,91.278526",30100,455,324
1757622375,2025-09-11T20:26:15Z,CPA289,"42.647339,91.233917",30100,456,327
1757622410,2025-09-11T20:26:50Z,CPA289,"42.713558,91.174103",30100,455,327
1757622504,2025-09-11T20:28:24Z,CPA289,"42.86911,91.016434",30100,444,317
1757622534,2025-09-11T20:28:54Z,CPA289,"42.912781,90.956322",30100,443,313
1757622593,2025-09-11T20:29:53Z,CPA289,"42.980759,90.82148",30100,437,302
1757622628,2025-09-11T20:30:28Z,CPA289,"43.016651,90.742409",30100,438,302
1757622663,2025-09-11T20:31:03Z,CPA289,"43.055561,90.656631",30100,438,302
1757622688,2025-09-11T20:31:28Z,CPA289,"43.082241,90.597923",30100,436,302
1757622743,2025-09-11T20:32:23Z,CPA289,"43.139542,90.471169",30100,434,302
1757622778,2025-09-11T20:32:58Z,CPA289,"43.176449,90.389061",30100,434,302
1757622813,2025-09-11T20:33:33Z,CPA289,"43.21312,90.307228",30100,433,302
1757622848,2025-09-11T20:34:08Z,CPA289,"43.249599,90.225479",30100,430,302
1757622883,2025-09-11T20:34:43Z,CPA289,"43.28558,90.144867",30100,429,302
1757622923,2025-09-11T20:35:23Z,CPA289,"43.327061,90.051552",30100,428,302
1757622957,2025-09-11T20:35:57Z,CPA289,"43.361759,89.973297",30100,424,302
1757622987,2025-09-11T20:36:27Z,CPA289,"43.392132,89.904518",30100,422,302
1757623027,2025-09-11T20:37:07Z,CPA289,"43.432709,89.812531",30100,422,302
1757623062,2025-09-11T20:37:42Z,CPA289,"43.46809,89.732048",30100,421,302
1757623092,2025-09-11T20:38:12Z,CPA289,"43.49789,89.663963",30100,421,302
1757623132,2025-09-11T20:38:52Z,CPA289,"43.538361,89.571342",30100,422,301
1757623162,2025-09-11T20:39:22Z,CPA289,"43.56839,89.502548",30100,422,301
1757623202,2025-09-11T20:40:02Z,CPA289,"43.608398,89.410629",30075,421,302
1757623232,2025-09-11T20:40:32Z,CPA289,"43.639179,89.341927",30100,421,302
1757623272,2025-09-11T20:41:12Z,CPA289,"43.67992,89.250771",30100,422,302
1757623307,2025-09-11T20:41:47Z,CPA289,"43.715561,89.170792",30100,422,302
1757623337,2025-09-11T20:42:17Z,CPA289,"43.746719,89.100304",30100,422,302
1757623377,2025-09-11T20:42:57Z,CPA289,"43.7869,89.009201",30100,421,302
1757623417,2025-09-11T20:43:37Z,CPA289,"43.827621,88.916817",30100,422,302
1757623447,2025-09-11T20:44:07Z,CPA289,"43.85651,88.850777",30100,423,302
1757623486,2025-09-11T20:44:46Z,CPA289,"43.897041,88.758476",30100,422,302
1757623516,2025-09-11T20:45:16Z,CPA289,"43.927689,88.688278",30100,423,301
1757623551,2025-09-11T20:45:51Z,CPA289,"43.962864,88.607414",30100,422,302
1757623586,2025-09-11T20:46:26Z,CPA289,"43.998459,88.525467",30100,420,302
1757623621,2025-09-11T20:47:01Z,CPA289,"44.033161,88.445427",30100,418,301
1757623651,2025-09-11T20:47:31Z,CPA289,"44.062908,88.376511",30100,417,301
1757623690,2025-09-11T20:48:10Z,CPA289,"44.101261,88.287514",30100,418,301
1757623725,2025-09-11T20:48:45Z,CPA289,"44.136021,88.206741",30100,417,301
1757623760,2025-09-11T20:49:20Z,CPA289,"44.17086,88.125328",30100,418,301
1757623795,2025-09-11T20:49:55Z,CPA289,"44.205399,88.045303",30100,419,303
1757623830,2025-09-11T20:50:30Z,CPA289,"44.244831,87.966858",30100,419,307
1757623865,2025-09-11T20:51:05Z,CPA289,"44.285198,87.89193",30100,419,307
1757623895,2025-09-11T20:51:35Z,CPA289,"44.319778,87.827858",30100,418,307
1757623930,2025-09-11T20:52:10Z,CPA289,"44.360512,87.752022",30100,417,307
1757623965,2025-09-11T20:52:45Z,CPA289,"44.401661,87.676064",30100,417,308
1757624000,2025-09-11T20:53:20Z,CPA289,"44.442261,87.602768",30100,417,308
1757624036,2025-09-11T20:53:56Z,CPA289,"44.484009,87.526833",30100,419,308
1757624070,2025-09-11T20:54:30Z,CPA289,"44.5247,87.452438",30100,417,308
1757624105,2025-09-11T20:55:05Z,CPA289,"44.565811,87.377007",30100,416,308
1757624135,2025-09-11T20:55:35Z,CPA289,"44.600861,87.312637",30100,415,308
1757624170,2025-09-11T20:56:10Z,CPA289,"44.64336,87.239883",30100,418,310
1757624205,2025-09-11T20:56:45Z,CPA289,"44.686378,87.166733",30100,418,310
1757624240,2025-09-11T20:57:20Z,CPA289,"44.72937,87.092484",30100,419,310
1757624275,2025-09-11T20:57:55Z,CPA289,"44.7719,87.018593",30100,417,309
1757624310,2025-09-11T20:58:30Z,CPA289,"44.814468,86.944687",30100,416,309
1757624345,2025-09-11T20:59:05Z,CPA289,"44.85622,86.872101",30100,415,309
1757624375,2025-09-11T20:59:35Z,CPA289,"44.892368,86.808739",30100,413,309
1757624410,2025-09-11T21:00:10Z,CPA289,"44.933659,86.734978",30100,413,309
1757624445,2025-09-11T21:00:45Z,CPA289,"44.97533,86.660362",30100,412,309
1757624480,2025-09-11T21:01:20Z,CPA289,"45.016159,86.587372",30100,411,309
1757624515,2025-09-11T21:01:55Z,CPA289,"45.057308,86.513611",30100,410,309
1757624550,2025-09-11T21:02:30Z,CPA289,"45.098881,86.438889",30100,410,309
1757624585,2025-09-11T21:03:05Z,CPA289,"45.139481,86.365623",30100,411,308
1757624620,2025-09-11T21:03:40Z,CPA289,"45.18058,86.291382",30100,412,309
1757624655,2025-09-11T21:04:15Z,CPA289,"45.222382,86.215607",30100,412,309
1757624690,2025-09-11T21:04:50Z,CPA289,"45.263302,86.141319",30100,410,308
1757624720,2025-09-11T21:05:20Z,CPA289,"45.297699,86.078552",30100,412,308
1757624755,2025-09-11T21:05:55Z,CPA289,"45.338242,86.00444",30100,411,308
1757624790,2025-09-11T21:06:30Z,CPA289,"45.379211,85.929428",30100,411,308
1757624825,2025-09-11T21:07:05Z,CPA289,"45.419991,85.854538",30100,412,308
1757624865,2025-09-11T21:07:45Z,CPA289,"45.466499,85.769119",30100,414,308
1757625288,2025-09-11T21:14:48Z,CPA289,"45.955021,84.856819",32100,411,308
1757625328,2025-09-11T21:15:28Z,CPA289,"46.000851,84.770241",32100,410,308
1757625363,2025-09-11T21:16:03Z,CPA289,"46.040722,84.694504",32075,406,308
1757625398,2025-09-11T21:16:38Z,CPA289,"46.080521,84.618896",32100,405,307
1757625433,2025-09-11T21:17:13Z,CPA289,"46.120838,84.541992",32125,410,307
1757625468,2025-09-11T21:17:48Z,CPA289,"46.16061,84.465843",32100,415,307
1757625508,2025-09-11T21:18:28Z,CPA289,"46.206161,84.378548",32100,414,307
1757625543,2025-09-11T21:19:03Z,CPA289,"46.246399,84.301041",32100,413,307
1757625578,2025-09-11T21:19:38Z,CPA289,"46.286751,84.223183",32100,413,307
1757625608,2025-09-11T21:20:08Z,CPA289,"46.320789,84.157623",32100,412,307
1757625653,2025-09-11T21:20:53Z,CPA289,"46.371288,84.058662",32100,408,307
1757625698,2025-09-11T21:21:38Z,CPA289,"46.421982,83.959373",32100,406,307
1757625738,2025-09-11T21:22:18Z,CPA289,"46.46608,83.87278",32100,406,307
1757625773,2025-09-11T21:22:53Z,CPA289,"46.505402,83.795341",32100,407,307
1757625808,2025-09-11T21:23:28Z,CPA289,"46.5439,83.719254",32100,406,307
1757625843,2025-09-11T21:24:03Z,CPA289,"46.583469,83.640839",32100,404,307
1757625878,2025-09-11T21:24:38Z,CPA289,"46.621651,83.564957",32100,404,307
1757625913,2025-09-11T21:25:13Z,CPA289,"46.659851,83.488861",32100,403,307
1757625948,2025-09-11T21:25:48Z,CPA289,"46.69775,83.41169",32100,403,305
1757625988,2025-09-11T21:26:28Z,CPA289,"46.737808,83.321381",32100,402,303
1757626023,2025-09-11T21:27:03Z,CPA289,"46.772572,83.241211",32100,402,303
1757626063,2025-09-11T21:27:43Z,CPA289,"46.812328,83.14872",32100,404,303
1757626098,2025-09-11T21:28:18Z,CPA289,"46.845249,83.072052",32100,403,303
1757626126,2025-09-11T21:28:46Z,CPA289,"46.874821,83.003288",32100,403,303
1757626161,2025-09-11T21:29:21Z,CPA289,"46.906769,82.920479",32100,402,294
1757626166,2025-09-11T21:29:26Z,CPA289,"46.90976,82.908958",32100,402,291
1757626171,2025-09-11T21:29:31Z,CPA289,"46.912739,82.896141",32100,401,289
1757626176,2025-09-11T21:29:36Z,CPA289,"46.91592,82.881607",32100,401,288
1757626181,2025-09-11T21:29:41Z,CPA289,"46.918369,82.870369",32100,401,288
1757626216,2025-09-11T21:30:16Z,CPA289,"46.934849,82.777763",32100,402,283
1757626251,2025-09-11T21:30:51Z,CPA289,"46.946259,82.686348",32100,402,281
1757626291,2025-09-11T21:31:31Z,CPA289,"46.960098,82.576134",32100,402,281
1757626328,2025-09-11T21:32:08Z,CPA289,"46.971272,82.483498",32100,402,280
1757626363,2025-09-11T21:32:43Z,CPA289,"46.982761,82.386063",32100,403,280
1757626393,2025-09-11T21:33:13Z,CPA289,"46.992298,82.304573",32100,404,280
1757626428,2025-09-11T21:33:48Z,CPA289,"47.003052,82.212097",32100,404,280
1757626440,2025-09-11T21:34:00Z,CPA289,"47.006741,82.179932",32100,404,280
1757626486,2025-09-11T21:34:46Z,CPA289,"47.020512,82.060051",32100,405,280
1757626532,2025-09-11T21:35:32Z,CPA289,"47.035172,81.930611",32100,404,280
1757626603,2025-09-11T21:36:43Z,CPA289,"47.057331,81.73645",32000,404,280
1757626640,2025-09-11T21:37:20Z,CPA289,"47.06831,81.63858",32000,405,280
1757626685,2025-09-11T21:38:05Z,CPA289,"47.081909,81.516006",32000,407,280
1757626700,2025-09-11T21:38:20Z,CPA289,"47.085911,81.479683",32000,407,280
1757626758,2025-09-11T21:39:18Z,CPA289,"47.10384,81.315659",32000,407,280
1757626793,2025-09-11T21:39:53Z,CPA289,"47.114029,81.221779",32000,406,279
1757626824,2025-09-11T21:40:24Z,CPA289,"47.122501,81.142342",32000,406,279
1757626858,2025-09-11T21:40:58Z,CPA289,"47.133091,81.043602",32000,405,279
1757626898,2025-09-11T21:41:38Z,CPA289,"47.144531,80.93573",32000,406,279
1757626940,2025-09-11T21:42:20Z,CPA289,"47.159512,80.79184",32000,408,278
1757626972,2025-09-11T21:42:52Z,CPA289,"47.168427,80.706047",32000,408,278
1757627004,2025-09-11T21:43:24Z,CPA289,"47.17749,80.617607",32000,408,278
1757627037,2025-09-11T21:43:57Z,CPA289,"47.186737,80.527039",32000,408,278
1757627068,2025-09-11T21:44:28Z,CPA289,"47.195435,80.440453",32000,408,278
1757627099,2025-09-11T21:44:59Z,CPA289,"47.204063,80.3545",32000,409,278
1757627131,2025-09-11T21:45:31Z,CPA289,"47.212646,80.268517",32000,409,278
1757627178,2025-09-11T21:46:18Z,CPA289,"47.225098,80.14183",32000,409,278
1757627517,2025-09-11T21:51:57Z,CPA289,"47.313354,79.200439",32000,415,277
1757627541,2025-09-11T21:52:21Z,CPA289,"47.319397,79.133286",32000,415,277
1757628509,2025-09-11T22:08:29Z,CPA289,"47.527954,76.411972",32000,415,275
1757628542,2025-09-11T22:09:02Z,CPA289,"47.53384,76.321243",32000,415,275
1757628572,2025-09-11T22:09:32Z,CPA289,"47.539284,76.235184",32000,415,275
1757628605,2025-09-11T22:10:05Z,CPA289,"47.544983,76.143013",32000,415,275
1757628637,2025-09-11T22:10:37Z,CPA289,"47.550613,76.052582",32000,416,275
1757628667,2025-09-11T22:11:07Z,CPA289,"47.55595,75.964966",32000,416,275
1757628700,2025-09-11T22:11:40Z,CPA289,"47.561443,75.873627",32000,417,275
1757628730,2025-09-11T22:12:10Z,CPA289,"47.566635,75.786026",32000,417,274
1757628761,2025-09-11T22:12:41Z,CPA289,"47.571625,75.700264",32000,417,274
1757628794,2025-09-11T22:13:14Z,CPA289,"47.577133,75.604744",32000,417,274
1757628826,2025-09-11T22:13:46Z,CPA289,"47.582298,75.513611",32000,417,274
1757628858,2025-09-11T22:14:18Z,CPA289,"47.587421,75.423325",32000,417,274
1757628889,2025-09-11T22:14:49Z,CPA289,"47.591888,75.34417",32000,418,274
1757628921,2025-09-11T22:15:21Z,CPA289,"47.597244,75.245857",32000,417,274
1757628952,2025-09-11T22:15:52Z,CPA289,"47.602066,75.156372",32000,417,274
1757628984,2025-09-11T22:16:24Z,CPA289,"47.606735,75.067314",32000,418,274
1757629014,2025-09-11T22:16:54Z,CPA289,"47.611359,74.979149",32000,417,274
1757629046,2025-09-11T22:17:26Z,CPA289,"47.61591,74.89035",32000,417,274
1757629078,2025-09-11T22:17:58Z,CPA289,"47.62038,74.801613",32000,416,274
1757629109,2025-09-11T22:18:29Z,CPA289,"47.624989,74.710411",32000,415,274
1757629141,2025-09-11T22:19:01Z,CPA289,"47.629364,74.620621",32000,415,274
1757629172,2025-09-11T22:19:32Z,CPA289,"47.63356,74.53331",32000,415,274
1757629204,2025-09-11T22:20:04Z,CPA289,"47.637928,74.442657",32000,415,274
1757629235,2025-09-11T22:20:35Z,CPA289,"47.642029,74.353889",32000,414,273
1757629268,2025-09-11T22:21:08Z,CPA289,"47.646286,74.261948",32000,414,273
1757629300,2025-09-11T22:21:40Z,CPA289,"47.650497,74.168701",32000,414,273
1757629331,2025-09-11T22:22:11Z,CPA289,"47.654251,74.083694",32000,414,273
1757629363,2025-09-11T22:22:43Z,CPA289,"47.658279,73.990585",32000,414,273
1757629394,2025-09-11T22:23:14Z,CPA289,"47.662033,73.903107",32000,414,273
1757629425,2025-09-11T22:23:45Z,CPA289,"47.665722,73.815376",32000,415,273
1757629456,2025-09-11T22:24:16Z,CPA289,"47.669304,73.727982",32000,415,273
1757629488,2025-09-11T22:24:48Z,CPA289,"47.673019,73.636551",32000,416,273
1757629519,2025-09-11T22:25:19Z,CPA289,"47.676521,73.549591",32000,417,273
1757629552,2025-09-11T22:25:52Z,CPA289,"47.680161,73.455894",32000,417,273
1757629583,2025-09-11T22:26:23Z,CPA289,"47.683502,73.366768",32000,417,273
1757629616,2025-09-11T22:26:56Z,CPA289,"47.686981,73.273315",32000,418,273
1757629649,2025-09-11T22:27:29Z,CPA289,"47.690414,73.179039",32000,418,273
1757629679,2025-09-11T22:27:59Z,CPA289,"47.693573,73.090668",32000,418,273
1757629711,2025-09-11T22:28:31Z,CPA289,"47.696724,72.999924",32000,418,272
1757629743,2025-09-11T22:29:03Z,CPA289,"47.69989,72.90802",32000,418,272
1757629775,2025-09-11T22:29:35Z,CPA289,"47.702957,72.81601",32000,417,272
1757629806,2025-09-11T22:30:06Z,CPA289,"47.705803,72.728508",32000,418,272
1757629839,2025-09-11T22:30:39Z,CPA289,"47.708679,72.635902",32000,417,272
1757629885,2025-09-11T22:31:25Z,CPA289,"47.712784,72.503426",32000,400,272
1757629907,2025-09-11T22:31:47Z,CPA289,"47.714584,72.443779",32000,418,272
1757629966,2025-09-11T22:32:46Z,CPA289,"47.719395,72.275742",32000,418,272
1757629997,2025-09-11T22:33:17Z,CPA289,"47.721954,72.18251",32000,418,272
1757630028,2025-09-11T22:33:48Z,CPA289,"47.724331,72.093269",32000,418,272
1757630059,2025-09-11T22:34:19Z,CPA289,"47.726669,72.005836",32000,418,272
1757630082,2025-09-11T22:34:42Z,CPA289,"47.727768,71.962303",32000,418,272
1757630197,2025-09-11T22:36:37Z,CPA289,"47.740299,71.611771",32000,418,273
1757630206,2025-09-11T22:36:46Z,CPA289,"47.741364,71.586708",32000,418,273
1757630252,2025-09-11T22:37:32Z,CPA289,"47.746857,71.451714",32000,419,273
1757630323,2025-09-11T22:38:43Z,CPA289,"47.754543,71.249718",32000,417,273
1757630355,2025-09-11T22:39:15Z,CPA289,"47.757847,71.160561",32000,417,273
1757630394,2025-09-11T22:39:54Z,CPA289,"47.76199,71.045906",32000,416,273
1757630404,2025-09-11T22:40:04Z,CPA289,"47.763062,71.017067",32000,416,273
1757630458,2025-09-11T22:40:58Z,CPA289,"47.767822,70.881248",32000,414,273
1757630541,2025-09-11T22:42:21Z,CPA289,"47.776283,70.630821",32000,412,272
1757631513,2025-09-11T22:58:33Z,CPA289,"47.731705,67.865707",32000,419,261
1757631599,2025-09-11T22:59:59Z,CPA289,"47.700356,67.619438",32000,418,257
1757631676,2025-09-11T23:01:16Z,CPA289,"47.668167,67.405037",32000,410,257
1757631708,2025-09-11T23:01:48Z,CPA289,"47.654984,67.317764",32000,419,257
1757631726,2025-09-11T23:02:06Z,CPA289,"47.647194,67.266472",32000,418,257
1757631810,2025-09-11T23:03:30Z,CPA289,"47.611084,67.031021",32000,422,257
1757631851,2025-09-11T23:04:11Z,CPA289,"47.594402,66.923714",32000,422,257
1757631895,2025-09-11T23:04:55Z,CPA289,"47.573593,66.790421",32000,421,257
1757631927,2025-09-11T23:05:27Z,CPA289,"47.559357,66.700195",32000,422,256
1757631964,2025-09-11T23:06:04Z,CPA289,"47.542545,66.597786",32000,423,256
1757631979,2025-09-11T23:06:19Z,CPA289,"47.535934,66.557991",32000,423,256
1757632031,2025-09-11T23:07:11Z,CPA289,"47.511539,66.411156",32000,424,256
1757632115,2025-09-11T23:08:35Z,CPA289,"47.472435,66.177696",32000,423,256
1757632146,2025-09-11T23:09:06Z,CPA289,"47.456841,66.085228",32000,423,255
1757632234,2025-09-11T23:10:34Z,CPA289,"47.414852,65.839447",32000,410,255
1757632244,2025-09-11T23:10:44Z,CPA289,"47.410892,65.816063",32000,430,255
1757632306,2025-09-11T23:11:46Z,CPA289,"47.382111,65.640564",32000,419,256
1757632339,2025-09-11T23:12:19Z,CPA289,"47.367096,65.550201",32000,419,256
1757632349,2025-09-11T23:12:29Z,CPA289,"47.362427,65.522186",32000,419,256
1757632427,2025-09-11T23:13:47Z,CPA289,"47.326126,65.306992",32000,419,256
1757634461,2025-09-11T23:47:41Z,CPA289,"46.244434,59.813965",32000,419,251
1757634547,2025-09-11T23:49:07Z,CPA289,"46.192886,59.58931",31975,418,251
1757634584,2025-09-11T23:49:44Z,CPA289,"46.170181,59.491234",32000,417,251
1757634616,2025-09-11T23:50:16Z,CPA289,"46.149746,59.403625",32000,418,251
1757634647,2025-09-11T23:50:47Z,CPA289,"46.130939,59.323013",32000,417,251
1757634678,2025-09-11T23:51:18Z,CPA289,"46.111526,59.239998",31975,418,251
1757634709,2025-09-11T23:51:49Z,CPA289,"46.092957,59.161175",32000,415,251
1757634742,2025-09-11T23:52:22Z,CPA289,"46.072495,59.07449",32000,417,251
1757634788,2025-09-11T23:53:08Z,CPA289,"46.043377,58.951813",32000,416,251
1757634821,2025-09-11T23:53:41Z,CPA289,"46.023544,58.86866",32000,416,250
1757634851,2025-09-11T23:54:11Z,CPA289,"46.004379,58.788311",32000,417,251
1757634882,2025-09-11T23:54:42Z,CPA289,"45.98465,58.706116",32000,418,250
1757634915,2025-09-11T23:55:15Z,CPA289,"45.964237,58.621262",32000,416,250
1757634946,2025-09-11T23:55:46Z,CPA289,"45.945007,58.540649",32000,416,251
1757634979,2025-09-11T23:56:19Z,CPA289,"45.927135,58.45269",32000,417,254
1757635010,2025-09-11T23:56:50Z,CPA289,"45.910629,58.3717",32000,416,252
1757635040,2025-09-11T23:57:20Z,CPA289,"45.891987,58.291397",32000,414,250
1757635072,2025-09-11T23:57:52Z,CPA289,"45.87149,58.208984",32000,413,250
1757635104,2025-09-11T23:58:24Z,CPA289,"45.850754,58.126987",31975,415,250
1757635136,2025-09-11T23:58:56Z,CPA289,"45.830521,58.046867",32000,413,250
1757635168,2025-09-11T23:59:28Z,CPA289,"45.809635,57.963249",32000,411,250
1757635200,2025-09-12T00:00:00Z,CPA289,"45.789276,57.881538",32000,413,250
1757635232,2025-09-12T00:00:32Z,CPA289,"45.76886,57.799606",32000,416,250
1757635263,2025-09-12T00:01:03Z,CPA289,"45.74881,57.719154",32000,416,250
1757635295,2025-09-12T00:01:35Z,CPA289,"45.727657,57.634552",32000,417,250
1757635327,2025-09-12T00:02:07Z,CPA289,"45.707291,57.553421",32000,418,250
1757635359,2025-09-12T00:02:39Z,CPA289,"45.685822,57.46841",32000,417,250
1757635391,2025-09-12T00:03:11Z,CPA289,"45.664764,57.385208",32000,417,250
1757635423,2025-09-12T00:03:43Z,CPA289,"45.644238,57.304207",32000,417,250
1757635453,2025-09-12T00:04:13Z,CPA289,"45.624161,57.225239",32000,416,250
1757635492,2025-09-12T00:04:52Z,CPA289,"45.598663,57.125488",32000,416,249
1757635528,2025-09-12T00:05:28Z,CPA289,"45.574448,57.03117",32000,414,249
1757635559,2025-09-12T00:05:59Z,CPA289,"45.554623,56.953949",32000,414,249
1757635591,2025-09-12T00:06:31Z,CPA289,"45.533627,56.872604",32000,414,249
1757635629,2025-09-12T00:07:09Z,CPA289,"45.515846,56.80394",32000,415,249
1757635660,2025-09-12T00:07:40Z,CPA289,"45.488472,56.698429",32000,415,249
1757635719,2025-09-12T00:08:39Z,CPA289,"45.448765,56.546295",32000,416,249
1757635751,2025-09-12T00:09:11Z,CPA289,"45.426838,56.462692",32000,417,249
1757635783,2025-09-12T00:09:43Z,CPA289,"45.405212,56.380398",32000,417,249
1757635814,2025-09-12T00:10:14Z,CPA289,"45.384102,56.300308",32000,417,249
1757635846,2025-09-12T00:10:46Z,CPA289,"45.362457,56.21838",32000,418,249
1757635879,2025-09-12T00:11:19Z,CPA289,"45.346619,56.15871",32000,417,249
1757635892,2025-09-12T00:11:32Z,CPA289,"45.331825,56.102959",32000,419,249
1757635951,2025-09-12T00:12:31Z,CPA289,"45.29179,55.951023",32000,421,249
1757635982,2025-09-12T00:13:02Z,CPA289,"45.270676,55.868618",32000,424,250
1757636015,2025-09-12T00:13:35Z,CPA289,"45.248291,55.779091",32000,426,250
1757636048,2025-09-12T00:14:08Z,CPA289,"45.227325,55.692574",32000,428,251
1757636081,2025-09-12T00:14:41Z,CPA289,"45.206635,55.604683",32000,430,251
1757636112,2025-09-12T00:15:12Z,CPA289,"45.187374,55.523094",32000,434,251
1757636145,2025-09-12T00:15:45Z,CPA289,"45.166378,55.433327",32000,436,252
1757636178,2025-09-12T00:16:18Z,CPA289,"45.145798,55.344414",32000,440,251
1757636211,2025-09-12T00:16:51Z,CPA289,"45.121765,55.252075",32000,442,247
1757636226,2025-09-12T00:17:06Z,CPA289,"45.10849,55.21748",31975,444,238
1757636228,2025-09-12T00:17:08Z,CPA289,"45.104965,55.210026",32000,444,237
1757636231,2025-09-12T00:17:11Z,CPA289,"45.102631,55.205254",31975,444,236
1757636233,2025-09-12T00:17:13Z,CPA289,"45.098969,55.198254",31975,444,234
1757636235,2025-09-12T00:17:15Z,CPA289,"45.096642,55.193974",32000,445,232
1757636238,2025-09-12T00:17:18Z,CPA289,"45.092972,55.187595",32000,445,231
1757636240,2025-09-12T00:17:20Z,CPA289,"45.090454,55.183346",32000,444,229
1757636244,2025-09-12T00:17:24Z,CPA289,"45.085373,55.175365",32000,446,228
1757636246,2025-09-12T00:17:26Z,CPA289,"45.083282,55.172337",32000,445,226
1757636248,2025-09-12T00:17:28Z,CPA289,"45.079094,55.166374",32000,446,225
1757636250,2025-09-12T00:17:30Z,CPA289,"45.076218,55.162418",32000,446,223
1757636252,2025-09-12T00:17:32Z,CPA289,"45.073273,55.158535",32000,446,223
1757636255,2025-09-12T00:17:35Z,CPA289,"45.068253,55.152283",32000,446,221
1757636257,2025-09-12T00:17:37Z,CPA289,"45.065277,55.148621",32000,446,221
1757636259,2025-09-12T00:17:39Z,CPA289,"45.061432,55.143848",32000,445,221
1757636262,2025-09-12T00:17:42Z,CPA289,"45.058563,55.140312",32000,445,221
1757636265,2025-09-12T00:17:45Z,CPA289,"45.053768,55.134354",32000,445,221
1757636267,2025-09-12T00:17:47Z,CPA289,"45.050369,55.130131",32000,445,221
1757636298,2025-09-12T00:18:18Z,CPA289,"45.001236,55.07008",32000,446,220
1757636330,2025-09-12T00:18:50Z,CPA289,"44.951401,55.011223",32000,446,220
1757636360,2025-09-12T00:19:20Z,CPA289,"44.903961,54.95335",32000,445,221
1757636393,2025-09-12T00:19:53Z,CPA289,"44.854797,54.891029",32000,446,222
1757636425,2025-09-12T00:20:25Z,CPA289,"44.804203,54.825665",32000,447,222
1757636457,2025-09-12T00:20:57Z,CPA289,"44.756104,54.763248",32000,447,222
1757636489,2025-09-12T00:21:29Z,CPA289,"44.707626,54.700405",31975,450,222
1757636521,2025-09-12T00:22:01Z,CPA289,"44.66185,54.630497",32000,447,231
1757636553,2025-09-12T00:22:33Z,CPA289,"44.624649,54.557102",32000,448,235
1757636584,2025-09-12T00:23:04Z,CPA289,"44.587639,54.482742",32000,449,235
1757636617,2025-09-12T00:23:37Z,CPA289,"44.54924,54.405476",32000,447,235
1757636648,2025-09-12T00:24:08Z,CPA289,"44.511703,54.330597",31975,447,234
1757636681,2025-09-12T00:24:41Z,CPA289,"44.472519,54.25219",31975,447,235
1757636713,2025-09-12T00:25:13Z,CPA289,"44.43425,54.175797",32000,446,234
1757636746,2025-09-12T00:25:46Z,CPA289,"44.396072,54.099884",32000,446,234
1757636776,2025-09-12T00:26:16Z,CPA289,"44.359627,54.027546",32000,448,234
1757636809,2025-09-12T00:26:49Z,CPA289,"44.320618,53.950375",31975,448,235
1757636841,2025-09-12T00:27:21Z,CPA289,"44.282864,53.876282",32000,448,234
1757636873,2025-09-12T00:27:53Z,CPA289,"44.243851,53.799847",32000,448,234
1757636905,2025-09-12T00:28:25Z,CPA289,"44.20512,53.724617",32000,450,234
1757636936,2025-09-12T00:28:56Z,CPA289,"44.168251,53.652912",32000,449,234
1757636968,2025-09-12T00:29:28Z,CPA289,"44.128922,53.576874",32000,450,234
1757637000,2025-09-12T00:30:00Z,CPA289,"44.090332,53.50214",32000,449,234
1757637032,2025-09-12T00:30:32Z,CPA289,"44.052155,53.428173",32000,449,234
1757637065,2025-09-12T00:31:05Z,CPA289,"44.01178,53.350185",31975,448,234
1757637095,2025-09-12T00:31:35Z,CPA289,"43.97506,53.279308",32000,447,234
1757637127,2025-09-12T00:32:07Z,CPA289,"43.936569,53.205383",32000,446,234
1757637158,2025-09-12T00:32:38Z,CPA289,"43.899399,53.134098",32000,446,234
1757637190,2025-09-12T00:33:10Z,CPA289,"43.860821,53.060432",32000,449,233
1757637223,2025-09-12T00:33:43Z,CPA289,"43.821064,52.984901",32000,449,234
1757637253,2025-09-12T00:34:13Z,CPA289,"43.78331,52.913097",32000,449,234
1757637286,2025-09-12T00:34:46Z,CPA289,"43.743229,52.836849",32000,450,234
1757637316,2025-09-12T00:35:16Z,CPA289,"43.706543,52.766953",32000,451,234
1757637348,2025-09-12T00:35:48Z,CPA289,"43.666416,52.691151",32000,452,234
1757637380,2025-09-12T00:36:20Z,CPA289,"43.627487,52.617359",31975,450,233
1757637395,2025-09-12T00:36:35Z,CPA289,"43.609909,52.584335",32000,450,233
1757637455,2025-09-12T00:37:35Z,CPA289,"43.536163,52.446175",32000,452,233
1757637487,2025-09-12T00:38:07Z,CPA289,"43.495834,52.370934",32000,453,233
1757637519,2025-09-12T00:38:39Z,CPA289,"43.455826,52.296326",32000,454,233
1757637550,2025-09-12T00:39:10Z,CPA289,"43.417694,52.225555",32000,455,233
1757637556,2025-09-12T00:39:16Z,CPA289,"43.410187,52.211632",32000,455,233
1757637642,2025-09-12T00:40:42Z,CPA289,"43.302109,52.011959",32000,456,233
1757637672,2025-09-12T00:41:12Z,CPA289,"43.263554,51.941071",32000,456,233
1757637704,2025-09-12T00:41:44Z,CPA289,"43.22406,51.86869",32000,454,233
1757637713,2025-09-12T00:41:53Z,CPA289,"43.212158,51.847866",32000,545,222
1757637735,2025-09-12T00:42:15Z,CPA289,"43.185162,51.797462",32000,453,233
1757637737,2025-09-12T00:42:17Z,CPA289,"43.182648,51.792885",32000,453,233
1757637739,2025-09-12T00:42:19Z,CPA289,"43.179527,51.787132",32000,453,233
1757637741,2025-09-12T00:42:21Z,CPA289,"43.176876,51.782291",32000,454,233
1757637743,2025-09-12T00:42:23Z,CPA289,"43.17453,51.778053",32000,453,233
1757637774,2025-09-12T00:42:54Z,CPA289,"43.135162,51.706261",32000,454,233
1757637799,2025-09-12T00:43:19Z,CPA289,"43.105743,51.652679",32000,455,233
1757637838,2025-09-12T00:43:58Z,CPA289,"43.056244,51.562988",32000,454,232
1757637897,2025-09-12T00:44:57Z,CPA289,"42.980347,51.425789",32000,454,233
1757637931,2025-09-12T00:45:31Z,CPA289,"42.93729,51.360611",32000,452,232
1757637960,2025-09-12T00:46:00Z,CPA289,"42.901318,51.290051",32000,370,242
1757637966,2025-09-12T00:46:06Z,CPA289,"42.893135,51.272648",32000,510,243
1757637968,2025-09-12T00:46:08Z,CPA289,"42.889473,51.268257",32000,390,221
1757637991,2025-09-12T00:46:31Z,CPA289,"42.855938,51.251568",32000,100,143
1757637999,2025-09-12T00:46:39Z,CPA289,"42.85067,51.203732",32000,870,260
1757638001,2025-09-12T00:46:41Z,CPA289,"42.84795,51.18951",32000,760,254
1757638015,2025-09-12T00:46:55Z,CPA289,"42.827942,51.183956",32000,230,231
1757638019,2025-09-12T00:46:59Z,CPA289,"42.821457,51.17683",32000,250,196
1757638025,2025-09-12T00:47:05Z,CPA289,"42.813576,51.160355",32000,450,236
1757638032,2025-09-12T00:47:12Z,CPA289,"42.807503,51.136757",32000,390,269
1757638041,2025-09-12T00:47:21Z,CPA289,"42.798767,51.104149",32000,570,249
1757638054,2025-09-12T00:47:34Z,CPA289,"42.777214,51.10104",32000,200,213
1757638056,2025-09-12T00:47:36Z,CPA289,"42.778431,51.071751",32000,810,278
1757638060,2025-09-12T00:47:40Z,CPA289,"42.769596,51.087383",32000,70,202
1757638062,2025-09-12T00:47:42Z,CPA289,"42.767067,51.082447",32000,350,235
1757638066,2025-09-12T00:47:46Z,CPA289,"42.761234,51.070221",32000,470,236
1757638068,2025-09-12T00:47:48Z,CPA289,"42.759335,51.064442",32000,290,237
1757638072,2025-09-12T00:47:52Z,CPA289,"42.754074,51.051189",32000,568,243
1757638075,2025-09-12T00:47:55Z,CPA289,"42.751202,51.04644",32000,517,239
1757638077,2025-09-12T00:47:57Z,CPA289,"42.748844,51.043343",32000,489,237
1757638079,2025-09-12T00:47:59Z,CPA289,"42.74855,51.018169",31975,485,274
1757638082,2025-09-12T00:48:02Z,CPA289,"42.745056,51.003407",32000,440,276
1757638086,2025-09-12T00:48:06Z,CPA289,"42.740643,50.99762",32000,520,262
1757638088,2025-09-12T00:48:08Z,CPA289,"42.737736,50.991001",32000,420,256
1757638090,2025-09-12T00:48:10Z,CPA289,"42.732853,50.99511",32000,200,193
1757638092,2025-09-12T00:48:12Z,CPA289,"42.730583,50.993435",32000,130,201
1757638100,2025-09-12T00:48:20Z,CPA289,"42.721367,50.973286",32000,270,185
1757638102,2025-09-12T00:48:22Z,CPA289,"42.718864,50.96862",32000,340,230
1757638109,2025-09-12T00:48:29Z,CPA289,"42.709301,50.952709",31975,420,225
1757638111,2025-09-12T00:48:31Z,CPA289,"42.706341,50.947632",32025,431,227
1757638116,2025-09-12T00:48:36Z,CPA289,"42.698044,50.953701",31975,364,232
1757638118,2025-09-12T00:48:38Z,CPA289,"42.694832,50.946583",32000,458,232
1757638120,2025-09-12T00:48:40Z,CPA289,"42.691872,50.946232",32000,457,232
1757638129,2025-09-12T00:48:49Z,CPA289,"42.683453,50.90733",32000,458,232
1757638161,2025-09-12T00:49:21Z,CPA289,"42.641113,50.840797",32000,459,232
1757638181,2025-09-12T00:49:41Z,CPA289,"42.617268,50.783726",32000,700,258
1757638190,2025-09-12T00:49:50Z,CPA289,"42.604733,50.769241",32000,250,192
1757638195,2025-09-12T00:49:55Z,CPA289,"42.599155,50.752747",32000,430,249
1757638197,2025-09-12T00:49:57Z,CPA289,"42.596573,50.747406",32000,110,199
1757638199,2025-09-12T00:49:59Z,CPA289,"42.59351,50.744545",32000,270,222
1757638201,2025-09-12T00:50:01Z,CPA289,"42.591045,50.739227",32000,360,245
1757638206,2025-09-12T00:50:06Z,CPA289,"42.58588,50.729233",32000,472,234
1757638208,2025-09-12T00:50:08Z,CPA289,"42.582947,50.72406",32000,468,233
1757638210,2025-09-12T00:50:10Z,CPA289,"42.580173,50.718945",32000,466,233
1757638223,2025-09-12T00:50:23Z,CPA289,"42.561867,50.691162",32000,370,218
1757638227,2025-09-12T00:50:27Z,CPA289,"42.557262,50.678772",32000,200,238
1757638230,2025-09-12T00:50:30Z,CPA289,"42.554852,50.67519",32000,130,190
1757638232,2025-09-12T00:50:32Z,CPA289,"42.551014,50.669918",32000,220,212
1757638235,2025-09-12T00:50:35Z,CPA289,"42.547417,50.664696",32000,120,214
1757638237,2025-09-12T00:50:37Z,CPA289,"42.544518,50.657829",32000,430,247
1757638248,2025-09-12T00:50:48Z,CPA289,"42.531265,50.635315",32000,449,230
1757638250,2025-09-12T00:50:50Z,CPA289,"42.52861,50.630695",32000,450,231
1757638252,2025-09-12T00:50:52Z,CPA289,"42.525433,50.625107",32000,451,231
1757638254,2025-09-12T00:50:54Z,CPA289,"42.522709,50.620537",31975,450,231
1757638258,2025-09-12T00:50:58Z,CPA289,"42.516518,50.610191",32000,451,231
1757638260,2025-09-12T00:51:00Z,CPA289,"42.514462,50.606628",32000,450,231
1757638262,2025-09-12T00:51:02Z,CPA289,"42.51099,50.600754",32000,470,231
1757638270,2025-09-12T00:51:10Z,CPA289,"42.501919,50.586048",32000,180,265
1757638272,2025-09-12T00:51:12Z,CPA289,"42.500313,50.574455",32000,780,260
1757638274,2025-09-12T00:51:14Z,CPA289,"42.49778,50.566406",32000,530,252
1757638276,2025-09-12T00:51:16Z,CPA289,"42.495853,50.563919",32000,559,244
1757638293,2025-09-12T00:51:33Z,CPA289,"42.473801,50.528446",32000,458,233
1757638297,2025-09-12T00:51:37Z,CPA289,"42.467636,50.520462",32000,444,229
1757638299,2025-09-12T00:51:39Z,CPA289,"42.464878,50.517159",32000,439,228
1757638301,2025-09-12T00:51:41Z,CPA289,"42.462101,50.513283",32000,436,228
1757638304,2025-09-12T00:51:44Z,CPA289,"42.458786,50.508308",32000,435,228
1757638306,2025-09-12T00:51:46Z,CPA289,"42.455841,50.503582",32025,439,228
1757638312,2025-09-12T00:51:52Z,CPA289,"42.449158,50.49094",32025,350,242
1757638343,2025-09-12T00:52:23Z,CPA289,"42.409039,50.412945",32000,457,234
1757638375,2025-09-12T00:52:55Z,CPA289,"42.3699,50.337143",32000,460,235
1757638407,2025-09-12T00:53:27Z,CPA289,"42.33054,50.26152",32000,459,234
1757638439,2025-09-12T00:53:59Z,CPA289,"42.291855,50.188141",32000,453,233
1757638470,2025-09-12T00:54:30Z,CPA289,"42.25304,50.115726",32000,310,229
1757638502,2025-09-12T00:55:02Z,CPA289,"42.213802,50.042057",32000,320,236
1757638530,2025-09-12T00:55:30Z,CPA289,"42.179989,49.979187",32000,320,270
1757638534,2025-09-12T00:55:34Z,CPA289,"42.175095,49.969288",32000,350,245
1757638540,2025-09-12T00:55:40Z,CPA289,"42.169655,49.941612",32000,240,275
1757638555,2025-09-12T00:55:55Z,CPA289,"42.149487,49.922039",32000,260,244
1757638559,2025-09-12T00:55:59Z,CPA289,"42.143528,49.914772",32000,220,179
1757638564,2025-09-12T00:56:04Z,CPA289,"42.137573,49.900639",32000,451,233
1757638571,2025-09-12T00:56:11Z,CPA289,"42.129364,49.88522",32000,320,232
1757638579,2025-09-12T00:56:19Z,CPA289,"42.118874,49.867592",32000,260,211
1757638584,2025-09-12T00:56:24Z,CPA289,"42.113766,49.856434",32000,448,233
1757638588,2025-09-12T00:56:28Z,CPA289,"42.108543,49.846573",32000,451,234
1757638591,2025-09-12T00:56:31Z,CPA289,"42.104721,49.839436",32000,390,266
1757638602,2025-09-12T00:56:42Z,CPA289,"42.091801,49.815502",32000,200,247
1757638608,2025-09-12T00:56:48Z,CPA289,"42.083721,49.800537",32000,310,234
1757638621,2025-09-12T00:57:01Z,CPA289,"42.068012,49.772045",32000,455,233
1757638631,2025-09-12T00:57:11Z,CPA289,"42.054813,49.748203",32000,457,233
1757638660,2025-09-12T00:57:40Z,CPA289,"42.016891,49.683079",32000,200,188
1757638668,2025-09-12T00:57:48Z,CPA289,"42.008217,49.66481",32000,380,263
1757638673,2025-09-12T00:57:53Z,CPA289,"42.001019,49.655598",32000,190,248
1757638690,2025-09-12T00:58:10Z,CPA289,"41.979969,49.613983",32000,461,233
1757638696,2025-09-12T00:58:16Z,CPA289,"41.971863,49.599586",32000,462,233
1757638700,2025-09-12T00:58:20Z,CPA289,"41.966007,49.58926",32000,465,234
1757638703,2025-09-12T00:58:23Z,CPA289,"41.963631,49.584927",32000,230,235
1757638707,2025-09-12T00:58:27Z,CPA289,"41.957359,49.575436",32000,360,214
1757638737,2025-09-12T00:58:57Z,CPA289,"41.920292,49.505951",32000,469,236
1757638741,2025-09-12T00:59:01Z,CPA289,"41.915085,49.496799",32000,330,259
1757638771,2025-09-12T00:59:31Z,CPA289,"41.876148,49.425632",32000,400,237
1757638788,2025-09-12T00:59:48Z,CPA289,"41.854874,49.386353",32000,400,261
1757638799,2025-09-12T00:59:59Z,CPA289,"41.840996,49.361099",32000,466,233
1757638815,2025-09-12T01:00:15Z,CPA289,"41.819839,49.321934",32000,464,234
1757638817,2025-09-12T01:00:17Z,CPA289,"41.81715,49.317482",32000,270,231
1757638847,2025-09-12T01:00:47Z,CPA289,"41.780743,49.247776",32000,463,236
1757638881,2025-09-12T01:01:21Z,CPA289,"41.741211,49.166801",32000,463,237
1757638912,2025-09-12T01:01:52Z,CPA289,"41.703739,49.090126",32000,467,236
1757638944,2025-09-12T01:02:24Z,CPA289,"41.666058,49.014679",32000,467,236
1757638976,2025-09-12T01:02:56Z,CPA289,"41.627415,48.938202",32000,470,235
1757639008,2025-09-12T01:03:28Z,CPA289,"41.589142,48.862377",32000,471,236
1757639040,2025-09-12T01:04:00Z,CPA289,"41.550251,48.785885",32000,470,236
1757639072,2025-09-12T01:04:32Z,CPA289,"41.511154,48.709003",32000,472,235
1757639103,2025-09-12T01:05:03Z,CPA289,"41.470436,48.636574",32000,470,232
1757639135,2025-09-12T01:05:35Z,CPA289,"41.42836,48.563068",32000,470,232
1757639166,2025-09-12T01:06:06Z,CPA289,"41.387817,48.490704",32000,471,233
1757639198,2025-09-12T01:06:38Z,CPA289,"41.347435,48.416222",32000,467,234
1757639230,2025-09-12T01:07:10Z,CPA289,"41.306587,48.340824",32000,468,234
1757639262,2025-09-12T01:07:42Z,CPA289,"41.265827,48.26609",32000,469,233
1757639294,2025-09-12T01:08:14Z,CPA289,"41.225262,48.192043",32000,468,233
1757639325,2025-09-12T01:08:45Z,CPA289,"41.185314,48.119247",32000,472,233
1757639356,2025-09-12T01:09:16Z,CPA289,"41.145542,48.046825",32000,469,234
1757639371,2025-09-12T01:09:31Z,CPA289,"41.130131,48.009617",32000,475,245
1757639373,2025-09-12T01:09:33Z,CPA289,"41.128422,48.003696",32000,477,247
1757639375,2025-09-12T01:09:35Z,CPA289,"41.127033,47.998558",32000,475,249
1757639377,2025-09-12T01:09:37Z,CPA289,"41.125633,47.993038",32000,475,250
1757639379,2025-09-12T01:09:39Z,CPA289,"41.124271,47.987148",32000,475,252
1757639381,2025-09-12T01:09:41Z,CPA289,"41.123116,47.981251",32000,474,254
1757639383,2025-09-12T01:09:43Z,CPA289,"41.122143,47.975624",32000,475,255
1757639385,2025-09-12T01:09:45Z,CPA289,"41.121143,47.96928",32000,479,257
1757639387,2025-09-12T01:09:47Z,CPA289,"41.120403,47.963608",32000,480,258
1757639389,2025-09-12T01:09:49Z,CPA289,"41.11977,47.957798",32000,478,260
1757639392,2025-09-12T01:09:52Z,CPA289,"41.119305,47.951847",32000,479,262
1757639394,2025-09-12T01:09:54Z,CPA289,"41.11887,47.945038",32000,480,264
1757639396,2025-09-12T01:09:56Z,CPA289,"41.118706,47.939163",32000,481,266
1757639398,2025-09-12T01:09:58Z,CPA289,"41.118656,47.932964",32000,485,267
1757639400,2025-09-12T01:10:00Z,CPA289,"41.118763,47.926922",32000,480,269
1757639402,2025-09-12T01:10:02Z,CPA289,"41.118973,47.920979",32000,480,271
1757639404,2025-09-12T01:10:04Z,CPA289,"41.119419,47.91444",32000,483,273
1757639406,2025-09-12T01:10:06Z,CPA289,"41.1199,47.908203",32000,485,274
1757639409,2025-09-12T01:10:09Z,CPA289,"41.120686,47.901371",32000,484,277
1757639411,2025-09-12T01:10:11Z,CPA289,"41.121468,47.895134",32000,485,278
1757639413,2025-09-12T01:10:13Z,CPA289,"41.122391,47.889126",32000,488,279
1757639415,2025-09-12T01:10:15Z,CPA289,"41.123348,47.882889",32000,484,281
1757639417,2025-09-12T01:10:17Z,CPA289,"41.124313,47.877068",32000,484,281
1757639419,2025-09-12T01:10:19Z,CPA289,"41.125263,47.870663",32000,485,281
1757639421,2025-09-12T01:10:21Z,CPA289,"41.126179,47.864502",32000,484,281
1757639423,2025-09-12T01:10:23Z,CPA289,"41.12701,47.858452",32000,486,280
1757639425,2025-09-12T01:10:25Z,CPA289,"41.127964,47.852142",32000,483,281
1757639428,2025-09-12T01:10:28Z,CPA289,"41.128845,47.846474",32000,486,281
1757639430,2025-09-12T01:10:30Z,CPA289,"41.129719,47.840424",32000,486,281
1757639432,2025-09-12T01:10:32Z,CPA289,"41.130772,47.833458",31975,491,281
1757639463,2025-09-12T01:11:03Z,CPA289,"41.145088,47.742111",32000,482,281
1757639496,2025-09-12T01:11:36Z,CPA289,"41.160133,47.649136",32000,482,282
1757639527,2025-09-12T01:12:07Z,CPA289,"41.174595,47.558319",32000,483,282
1757639559,2025-09-12T01:12:39Z,CPA289,"41.18911,47.464039",32100,486,281
1757639590,2025-09-12T01:13:10Z,CPA289,"41.203178,47.37112",33075,487,280
1757639622,2025-09-12T01:13:42Z,CPA289,"41.216869,47.27977",33900,486,281
1757639654,2025-09-12T01:14:14Z,CPA289,"41.230885,47.186501",34000,491,281
1757639685,2025-09-12T01:14:45Z,CPA289,"41.244434,47.09544",34000,488,281
1757639717,2025-09-12T01:15:17Z,CPA289,"41.258442,47.001804",34000,490,280
1757639749,2025-09-12T01:15:49Z,CPA289,"41.272655,46.907349",34000,489,280
1757639780,2025-09-12T01:16:20Z,CPA289,"41.286499,46.813488",34000,488,280
1757639812,2025-09-12T01:16:52Z,CPA289,"41.29982,46.721386",34000,489,280
1757639843,2025-09-12T01:17:23Z,CPA289,"41.312763,46.628277",34000,486,279
1757639875,2025-09-12T01:17:55Z,CPA289,"41.325584,46.535748",34000,492,280
1757639906,2025-09-12T01:18:26Z,CPA289,"41.338287,46.443962",34000,487,281
1757639938,2025-09-12T01:18:58Z,CPA289,"41.351196,46.350887",34000,485,280
1757639969,2025-09-12T01:19:29Z,CPA289,"41.363888,46.258892",34000,482,280
1757640001,2025-09-12T01:20:01Z,CPA289,"41.376518,46.166721",34000,483,280
1757640032,2025-09-12T01:20:32Z,CPA289,"41.389,46.073795",34000,484,280
1757640064,2025-09-12T01:21:04Z,CPA289,"41.401386,45.982479",34000,480,280
1757640095,2025-09-12T01:21:35Z,CPA289,"41.413574,45.891991",34000,484,280
1757640127,2025-09-12T01:22:07Z,CPA289,"41.425926,45.798176",34000,492,277
1757640158,2025-09-12T01:22:38Z,CPA289,"41.438263,45.70853",34000,483,278
1757640190,2025-09-12T01:23:10Z,CPA289,"41.450603,45.616852",34000,472,279
1757640222,2025-09-12T01:23:42Z,CPA289,"41.462482,45.525803",34000,471,279
1757640254,2025-09-12T01:24:14Z,CPA289,"41.474239,45.432095",34000,469,280
1757640286,2025-09-12T01:24:46Z,CPA289,"41.484692,45.340462",34000,469,277
1757640318,2025-09-12T01:25:18Z,CPA289,"41.492798,45.249672",34000,468,276
1757640350,2025-09-12T01:25:50Z,CPA289,"41.500763,45.157784",34000,468,276
1757640381,2025-09-12T01:26:21Z,CPA289,"41.507771,45.069008",34000,466,276
1757640413,2025-09-12T01:26:53Z,CPA289,"41.514992,44.978607",34000,466,276
1757640444,2025-09-12T01:27:24Z,CPA289,"41.522179,44.890217",34000,467,276
1757640475,2025-09-12T01:27:55Z,CPA289,"41.529293,44.801357",34000,466,276
1757640506,2025-09-12T01:28:26Z,CPA289,"41.53635,44.711487",34000,464,276
1757640538,2025-09-12T01:28:58Z,CPA289,"41.543465,44.622265",34000,461,276
1757640569,2025-09-12T01:29:29Z,CPA289,"41.550198,44.534786",34000,459,275
1757640600,2025-09-12T01:30:00Z,CPA289,"41.556721,44.446152",34000,455,275
1757640632,2025-09-12T01:30:32Z,CPA289,"41.562992,44.356838",34000,466,275
1757640663,2025-09-12T01:31:03Z,CPA289,"41.569599,44.268486",34000,464,275
1757640694,2025-09-12T01:31:34Z,CPA289,"41.575954,44.180367",34000,459,275
1757640725,2025-09-12T01:32:05Z,CPA289,"41.582619,44.091206",34000,458,275
1757640757,2025-09-12T01:32:37Z,CPA289,"41.589546,44.003719",34000,458,276
1757640788,2025-09-12T01:33:08Z,CPA289,"41.596512,43.916443",34000,460,275
1757640819,2025-09-12T01:33:39Z,CPA289,"41.603199,43.828674",34000,461,275
1757640850,2025-09-12T01:34:10Z,CPA289,"41.609867,43.74086",34000,466,275
1757640881,2025-09-12T01:34:41Z,CPA289,"41.616714,43.650822",34000,467,275
1757640912,2025-09-12T01:35:12Z,CPA289,"41.623451,43.561924",34000,467,275
1757640943,2025-09-12T01:35:43Z,CPA289,"41.630264,43.473103",34000,466,275
1757640974,2025-09-12T01:36:14Z,CPA289,"41.636608,43.384563",34000,466,275
1757641007,2025-09-12T01:36:47Z,CPA289,"41.643185,43.290932",34000,462,275
1757641039,2025-09-12T01:37:19Z,CPA289,"41.649185,43.201801",34000,456,275
1757641070,2025-09-12T01:37:50Z,CPA289,"41.655182,43.114838",34000,456,275
1757641101,2025-09-12T01:38:21Z,CPA289,"41.661312,43.027073",34000,455,275
1757641133,2025-09-12T01:38:53Z,CPA289,"41.667385,42.937332",34000,455,275
1757641164,2025-09-12T01:39:24Z,CPA289,"41.669891,42.848915",34000,458,268
1757641196,2025-09-12T01:39:56Z,CPA289,"41.664505,42.760933",34000,460,263
1757641227,2025-09-12T01:40:27Z,CPA289,"41.65728,42.673538",34000,460,263
1757641258,2025-09-12T01:40:58Z,CPA289,"41.649876,42.584282",34000,459,263
1757641289,2025-09-12T01:41:29Z,CPA289,"41.642269,42.496975",34000,456,263
1757641322,2025-09-12T01:42:02Z,CPA289,"41.634716,42.407127",34000,454,263
1757641354,2025-09-12T01:42:34Z,CPA289,"41.62693,42.318012",34000,452,263
1757641385,2025-09-12T01:43:05Z,CPA289,"41.619473,42.230289",34000,454,263
1757641417,2025-09-12T01:43:37Z,CPA289,"41.611801,42.140251",34000,453,263
1757641449,2025-09-12T01:44:09Z,CPA289,"41.60392,42.054016",34000,452,263
1757641481,2025-09-12T01:44:41Z,CPA289,"41.596573,41.965004",34000,450,263
1757641512,2025-09-12T01:45:12Z,CPA289,"41.58876,41.878487",34000,450,262
1757641544,2025-09-12T01:45:44Z,CPA289,"41.58094,41.790363",34000,450,262
1757641577,2025-09-12T01:46:17Z,CPA289,"41.572788,41.701241",34000,447,262
1757641609,2025-09-12T01:46:49Z,CPA289,"41.565014,41.61401",34000,446,263
1757641641,2025-09-12T01:47:21Z,CPA289,"41.556671,41.526058",34000,446,262
1757641673,2025-09-12T01:47:53Z,CPA289,"41.553009,41.438618",34000,440,269
1757641703,2025-09-12T01:48:23Z,CPA289,"41.556248,41.357483",34000,437,274
1757641734,2025-09-12T01:48:54Z,CPA289,"41.560364,41.274921",34000,437,274
1757641767,2025-09-12T01:49:27Z,CPA289,"41.56514,41.18716",34000,436,274
1757641799,2025-09-12T01:49:59Z,CPA289,"41.569756,41.1012",34000,436,274
1757641831,2025-09-12T01:50:31Z,CPA289,"41.574749,41.016243",34000,435,274
1757641862,2025-09-12T01:51:02Z,CPA289,"41.579285,40.931965",34000,433,274
1757641894,2025-09-12T01:51:34Z,CPA289,"41.584003,40.846664",34000,431,274
1757641926,2025-09-12T01:52:06Z,CPA289,"41.588604,40.762516",34000,428,273
1757641958,2025-09-12T01:52:38Z,CPA289,"41.592106,40.67643",34000,428,274
1757641990,2025-09-12T01:53:10Z,CPA289,"41.59737,40.593124",34000,427,273
1757642022,2025-09-12T01:53:42Z,CPA289,"41.602482,40.508526",34000,428,274
1757642054,2025-09-12T01:54:14Z,CPA289,"41.605835,40.425854",34000,428,274
1757642087,2025-09-12T01:54:47Z,CPA289,"41.61034,40.34016",34000,428,274
1757642118,2025-09-12T01:55:18Z,CPA289,"41.614456,40.257198",34000,426,273
1757642151,2025-09-12T01:55:51Z,CPA289,"41.618729,40.17115",34000,425,273
1757642184,2025-09-12T01:56:24Z,CPA289,"41.622932,40.085762",34000,424,273
1757642216,2025-09-12T01:56:56Z,CPA289,"41.62685,40.001331",34000,425,273
1757642248,2025-09-12T01:57:28Z,CPA289,"41.629715,39.918457",34000,425,272
1757642280,2025-09-12T01:58:00Z,CPA289,"41.632652,39.835552",34000,424,272
1757642310,2025-09-12T01:58:30Z,CPA289,"41.635883,39.755447",34000,424,273
1757642343,2025-09-12T01:59:03Z,CPA289,"41.639645,39.670319",34000,423,273
1757642373,2025-09-12T01:59:33Z,CPA289,"41.643196,39.591564",34000,424,273
1757642405,2025-09-12T02:00:05Z,CPA289,"41.646809,39.507881",34000,424,273
1757642438,2025-09-12T02:00:38Z,CPA289,"41.650414,39.422382",34000,431,273
1757642470,2025-09-12T02:01:10Z,CPA289,"41.653946,39.338375",34000,426,273
1757642502,2025-09-12T02:01:42Z,CPA289,"41.657177,39.254032",34000,422,272
1757642534,2025-09-12T02:02:14Z,CPA289,"41.66048,39.169456",34000,430,272
1757642565,2025-09-12T02:02:45Z,CPA289,"41.663654,39.086929",34000,431,272
1757642598,2025-09-12T02:03:18Z,CPA289,"41.666832,38.99968",34000,432,272
1757642630,2025-09-12T02:03:50Z,CPA289,"41.670033,38.91412",34000,434,272
1757642662,2025-09-12T02:04:22Z,CPA289,"41.673084,38.827972",34000,442,272
1757642694,2025-09-12T02:04:54Z,CPA289,"41.676125,38.741928",34000,435,272
1757642726,2025-09-12T02:05:26Z,CPA289,"41.678825,38.655937",34000,436,272
1757642757,2025-09-12T02:05:57Z,CPA289,"41.68195,38.572239",34000,435,272
1757642790,2025-09-12T02:06:30Z,CPA289,"41.684784,38.48468",34000,432,271
1757642821,2025-09-12T02:07:01Z,CPA289,"41.688122,38.399456",34000,432,273
1757642854,2025-09-12T02:07:34Z,CPA289,"41.690895,38.312069",34000,439,272
1757642884,2025-09-12T02:08:04Z,CPA289,"41.693569,38.228924",34000,439,272
1757642916,2025-09-12T02:08:36Z,CPA289,"41.696213,38.143002",34000,439,272
1757642948,2025-09-12T02:09:08Z,CPA289,"41.701099,38.056328",34000,439,276
1757642980,2025-09-12T02:09:40Z,CPA289,"41.71032,37.971504",34000,438,279
1757643013,2025-09-12T02:10:13Z,CPA289,"41.723663,37.885391",34000,438,283
1757643043,2025-09-12T02:10:43Z,CPA289,"41.736336,37.806259",34000,436,281
1757643075,2025-09-12T02:11:15Z,CPA289,"41.749645,37.722359",34000,437,281
1757643105,2025-09-12T02:11:45Z,CPA289,"41.762737,37.642811",34000,438,281
1757643137,2025-09-12T02:12:17Z,CPA289,"41.774952,37.558025",34000,436,280
1757643169,2025-09-12T02:12:49Z,CPA289,"41.787323,37.473564",34000,438,281
1757643200,2025-09-12T02:13:20Z,CPA289,"41.799618,37.390179",34000,434,280
1757643232,2025-09-12T02:13:52Z,CPA289,"41.811947,37.306225",34000,436,281
1757643264,2025-09-12T02:14:24Z,CPA289,"41.824341,37.223255",34000,190,281
1757643294,2025-09-12T02:14:54Z,CPA289,"41.83601,37.141479",34000,436,280
1757643326,2025-09-12T02:15:26Z,CPA289,"41.848564,37.055981",34000,440,281
1757643359,2025-09-12T02:15:59Z,CPA289,"41.860802,36.970444",34000,443,280
1757643390,2025-09-12T02:16:30Z,CPA289,"41.87273,36.885273",34000,435,280
1757643422,2025-09-12T02:17:02Z,CPA289,"41.885063,36.799984",34000,442,281
1757643455,2025-09-12T02:17:35Z,CPA289,"41.897243,36.712791",34000,442,280
1757643486,2025-09-12T02:18:06Z,CPA289,"41.909374,36.627678",34000,445,281
1757643519,2025-09-12T02:18:39Z,CPA289,"41.921738,36.538475",34000,438,279
1757643525,2025-09-12T02:18:45Z,CPA289,"41.922218,36.524399",34000,200,229
1757643537,2025-09-12T02:18:57Z,CPA289,"41.928055,36.492622",34000,440,296
1757643549,2025-09-12T02:19:09Z,CPA289,"41.931278,36.457699",34000,210,266
1757643577,2025-09-12T02:19:37Z,CPA289,"41.942924,36.38493",34000,444,280
1757643579,2025-09-12T02:19:39Z,CPA289,"41.943893,36.378204",34000,445,280
1757643613,2025-09-12T02:20:13Z,CPA289,"41.956837,36.283985",34000,430,280
1757643645,2025-09-12T02:20:45Z,CPA289,"41.968548,36.197514",34000,462,281
1757643690,2025-09-12T02:21:30Z,CPA289,"41.985119,36.07502",34000,430,280
1757643722,2025-09-12T02:22:02Z,CPA289,"41.996887,35.987041",34000,444,279
1757644081,2025-09-12T02:28:01Z,CPA289,"42.122398,35.000462",34000,450,277
1757644111,2025-09-12T02:28:31Z,CPA289,"42.132099,34.919373",34000,260,275
1757644215,2025-09-12T02:30:15Z,CPA289,"42.165791,34.632999",34000,440,278
1757644246,2025-09-12T02:30:46Z,CPA289,"42.174896,34.5481",34000,465,273
1757644261,2025-09-12T02:31:01Z,CPA289,"42.180004,34.506687",34000,100,294
1757644266,2025-09-12T02:31:06Z,CPA289,"42.182552,34.493553",34000,370,295
1757644270,2025-09-12T02:31:10Z,CPA289,"42.190098,34.478939",34000,330,327
1757644280,2025-09-12T02:31:20Z,CPA289,"42.186596,34.453915",34000,210,267
1757644290,2025-09-12T02:31:30Z,CPA289,"42.189224,34.42836",34000,180,275
1757644294,2025-09-12T02:31:34Z,CPA289,"42.191116,34.416351",34000,451,279
1757644300,2025-09-12T02:31:40Z,CPA289,"42.192619,34.399063",34000,400,276
1757644302,2025-09-12T02:31:42Z,CPA289,"42.193108,34.394352",34000,130,258
1757644308,2025-09-12T02:31:48Z,CPA289,"42.195183,34.377953",34000,330,279
1757644330,2025-09-12T02:32:10Z,CPA289,"42.202019,34.316448",34000,447,278
1757644332,2025-09-12T02:32:12Z,CPA289,"42.202801,34.311535",34000,448,279
1757644341,2025-09-12T02:32:21Z,CPA289,"42.205345,34.287201",34000,451,278
1757644343,2025-09-12T02:32:23Z,CPA289,"42.206581,34.28146",34000,280,294
1757644371,2025-09-12T02:32:51Z,CPA289,"42.215805,34.202614",34000,280,283
1757644399,2025-09-12T02:33:19Z,CPA289,"42.225132,34.126026",34000,442,266
1757644403,2025-09-12T02:33:23Z,CPA289,"42.226341,34.115837",34000,446,278
1757644406,2025-09-12T02:33:26Z,CPA289,"42.226616,34.109249",34000,230,268
1757644428,2025-09-12T02:33:48Z,CPA289,"42.234196,34.048458",34000,448,279
1757644438,2025-09-12T02:33:58Z,CPA289,"42.226654,34.005829",34000,442,237
1757644441,2025-09-12T02:34:01Z,CPA289,"42.231964,34.003918",34000,190,242
1757644445,2025-09-12T02:34:05Z,CPA289,"42.229172,33.984501",34000,880,242
1757644447,2025-09-12T02:34:07Z,CPA289,"42.240234,33.992527",34000,130,262
1757644450,2025-09-12T02:34:10Z,CPA289,"42.241222,33.987358",34000,90,293
1757644452,2025-09-12T02:34:12Z,CPA289,"42.237694,33.975956",34000,930,235
1757644464,2025-09-12T02:34:24Z,CPA289,"42.2472,33.949028",34000,370,291
1757644466,2025-09-12T02:34:26Z,CPA289,"42.246998,33.942406",34000,180,309
1757644469,2025-09-12T02:34:29Z,CPA289,"42.247311,33.936058",34000,445,273
1757644471,2025-09-12T02:34:31Z,CPA289,"42.247948,33.93021",34000,449,278
1757644473,2025-09-12T02:34:33Z,CPA289,"42.248672,33.92173",34000,446,277
1757644479,2025-09-12T02:34:39Z,CPA289,"42.250591,33.905361",34000,390,353
1757644482,2025-09-12T02:34:42Z,CPA289,"42.251469,33.899857",34000,437,278
1757644484,2025-09-12T02:34:44Z,CPA289,"42.251942,33.894444",34000,442,278
1757644489,2025-09-12T02:34:49Z,CPA289,"42.246201,33.868443",34000,441,240
1757644495,2025-09-12T02:34:55Z,CPA289,"42.250916,33.856998",34000,250,272
1757644497,2025-09-12T02:34:57Z,CPA289,"42.243561,33.842186",34000,230,232
1757644499,2025-09-12T02:34:59Z,CPA289,"42.246601,33.841343",34000,190,261
1757644503,2025-09-12T02:35:03Z,CPA289,"42.25687,33.837219",34000,450,257
1757644505,2025-09-12T02:35:05Z,CPA289,"42.254627,33.830372",34000,640,226
1757644509,2025-09-12T02:35:09Z,CPA289,"42.24931,33.811069",34000,270,230
1757644512,2025-09-12T02:35:12Z,CPA289,"42.248173,33.802727",34000,970,232
1757644514,2025-09-12T02:35:14Z,CPA289,"42.247852,33.795891",34000,830,226
1757644517,2025-09-12T02:35:17Z,CPA289,"42.263573,33.801392",34000,320,267
1757644524,2025-09-12T02:35:24Z,CPA289,"42.265495,33.785351",34000,300,337
1757644526,2025-09-12T02:35:26Z,CPA289,"42.266094,33.779549",34000,300,35
1757644528,2025-09-12T02:35:28Z,CPA289,"42.266956,33.774418",34000,300,35
1757644530,2025-09-12T02:35:30Z,CPA289,"42.267189,33.768383",34000,80,271
1757644533,2025-09-12T02:35:33Z,CPA289,"42.260899,33.750652",34000,230,354
1757644538,2025-09-12T02:35:38Z,CPA289,"42.270237,33.746906",34000,820,20
1757644540,2025-09-12T02:35:40Z,CPA289,"42.271114,33.741623",34000,70,341
1757644542,2025-09-12T02:35:42Z,CPA289,"42.271259,33.735714",34000,400,257
1757644544,2025-09-12T02:35:44Z,CPA289,"42.271877,33.729599",34000,250,268
1757644546,2025-09-12T02:35:46Z,CPA289,"42.272491,33.724064",34000,457,277
1757644548,2025-09-12T02:35:48Z,CPA289,"42.27335,33.718376",34000,449,278
1757644550,2025-09-12T02:35:50Z,CPA289,"42.274567,33.711197",34000,442,280
1757644552,2025-09-12T02:35:52Z,CPA289,"42.274906,33.706482",34000,446,279
1757644555,2025-09-12T02:35:55Z,CPA289,"42.275463,33.700432",34000,447,278
1757644557,2025-09-12T02:35:57Z,CPA289,"42.27618,33.69503",34000,447,279
1757644563,2025-09-12T02:36:03Z,CPA289,"42.278301,33.678089",34000,444,279
1757644565,2025-09-12T02:36:05Z,CPA289,"42.278912,33.672123",34000,447,279
1757644567,2025-09-12T02:36:07Z,CPA289,"42.27951,33.666039",34000,449,278
1757644569,2025-09-12T02:36:09Z,CPA289,"42.279995,33.660297",34000,451,278
1757644571,2025-09-12T02:36:11Z,CPA289,"42.280602,33.65461",34000,451,278
1757644574,2025-09-12T02:36:14Z,CPA289,"42.281372,33.647423",34000,451,278
1757644606,2025-09-12T02:36:46Z,CPA289,"42.291393,33.55901",34000,449,278
1757644608,2025-09-12T02:36:48Z,CPA289,"42.291264,33.552361",34000,290,258
1757644610,2025-09-12T02:36:50Z,CPA289,"42.292942,33.547653",34000,80,319
1757644612,2025-09-12T02:36:52Z,CPA289,"42.292854,33.541302",34000,340,259
1757644635,2025-09-12T02:37:15Z,CPA289,"42.300911,33.478321",34000,449,279
1757644637,2025-09-12T02:37:17Z,CPA289,"42.30162,33.470879",34000,453,278
1757644639,2025-09-12T02:37:19Z,CPA289,"42.302177,33.466053",34000,451,278
1757644641,2025-09-12T02:37:21Z,CPA289,"42.302742,33.460804",34000,450,278
1757644650,2025-09-12T02:37:30Z,CPA289,"42.305061,33.437519",34000,446,277
1757644682,2025-09-12T02:38:02Z,CPA289,"42.31485,33.348927",34000,446,278
1757644715,2025-09-12T02:38:35Z,CPA289,"42.325375,33.25671",34000,446,278
1757644746,2025-09-12T02:39:06Z,CPA289,"42.334732,33.171913",34000,432,284
1757644778,2025-09-12T02:39:38Z,CPA289,"42.343845,33.083267",34000,450,277
1757644792,2025-09-12T02:39:52Z,CPA289,"42.3479,33.043392",34000,980,13
1757644820,2025-09-12T02:40:20Z,CPA289,"42.33572,32.954239",34000,449,207
1757644839,2025-09-12T02:40:39Z,CPA289,"42.36253,32.909618",34000,340,250
1757644846,2025-09-12T02:40:46Z,CPA289,"42.362576,32.889812",34000,517,266
1757644848,2025-09-12T02:40:48Z,CPA289,"42.363712,32.88599",34000,462,276
1757644855,2025-09-12T02:40:55Z,CPA289,"42.36694,32.867264",34000,280,297
1757644860,2025-09-12T02:41:00Z,CPA289,"42.370747,32.852589",34000,830,20
1757644871,2025-09-12T02:41:11Z,CPA289,"42.36483,32.817085",34000,540,252
1757644873,2025-09-12T02:41:13Z,CPA289,"42.363277,32.806042",34000,540,227
1757644877,2025-09-12T02:41:17Z,CPA289,"42.362762,32.797321",34000,550,208
1757644879,2025-09-12T02:41:19Z,CPA289,"42.37318,32.797977",34000,230,248
1757644884,2025-09-12T02:41:24Z,CPA289,"42.374432,32.785805",34000,435,279
1757644889,2025-09-12T02:41:29Z,CPA289,"42.365849,32.766285",34000,450,210
1757644891,2025-09-12T02:41:31Z,CPA289,"42.368549,32.761574",34000,310,244
1757644894,2025-09-12T02:41:34Z,CPA289,"42.362476,32.751289",34000,650,203
1757644900,2025-09-12T02:41:40Z,CPA289,"42.381157,32.740646",34000,730,8
1757644903,2025-09-12T02:41:43Z,CPA289,"42.381447,32.732765",34000,900,3
1757644905,2025-09-12T02:41:45Z,CPA289,"42.371307,32.722065",34000,150,272
1757644907,2025-09-12T02:41:47Z,CPA289,"42.383217,32.719269",34000,150,7
1757644910,2025-09-12T02:41:50Z,CPA289,"42.360298,32.705467",34000,150,197
1757644915,2025-09-12T02:41:55Z,CPA289,"42.369259,32.693027",34000,330,257
1757644917,2025-09-12T02:41:57Z,CPA289,"42.366802,32.687489",34000,330,198
1757644920,2025-09-12T02:42:00Z,CPA289,"42.371666,32.678871",34000,110,111
1757644924,2025-09-12T02:42:04Z,CPA289,"42.3703,32.666744",34000,870,213
1757644926,2025-09-12T02:42:06Z,CPA289,"42.375187,32.662094",34000,390,335
1757644929,2025-09-12T02:42:09Z,CPA289,"42.381325,32.657925",34000,990,4
1757644931,2025-09-12T02:42:11Z,CPA289,"42.373669,32.648769",34000,520,213
1757644934,2025-09-12T02:42:14Z,CPA289,"42.386005,32.644363",34000,380,232
1757644936,2025-09-12T02:42:16Z,CPA289,"42.391197,32.639576",34000,200,260
1757644939,2025-09-12T02:42:19Z,CPA289,"42.371273,32.625477",34000,200,208
1757644941,2025-09-12T02:42:21Z,CPA289,"42.375271,32.622421",34000,200,216
1757644943,2025-09-12T02:42:23Z,CPA289,"42.357281,32.609581",34000,200,200
1757644951,2025-09-12T02:42:31Z,CPA289,"42.371246,32.591782",34000,370,258
1757644954,2025-09-12T02:42:34Z,CPA289,"42.376682,32.581993",34000,290,289
1757644961,2025-09-12T02:42:41Z,CPA289,"42.386848,32.568005",34000,350,261
1757644965,2025-09-12T02:42:45Z,CPA289,"42.399532,32.559109",34000,290,276
1757644967,2025-09-12T02:42:47Z,CPA289,"42.398746,32.54985",34000,640,254
1757644970,2025-09-12T02:42:50Z,CPA289,"42.399837,32.54422",34000,438,281
1757644972,2025-09-12T02:42:52Z,CPA289,"42.40136,32.540031",34000,422,288
1757644974,2025-09-12T02:42:54Z,CPA289,"42.400745,32.533348",34000,451,277
1757644976,2025-09-12T02:42:56Z,CPA289,"42.401428,32.5271",34000,450,278
1757644979,2025-09-12T02:42:59Z,CPA289,"42.402214,32.519306",34000,449,277
1757644981,2025-09-12T02:43:01Z,CPA289,"42.402832,32.513889",34000,449,278
1757644983,2025-09-12T02:43:03Z,CPA289,"42.403412,32.508053",34000,452,277
1757644985,2025-09-12T02:43:05Z,CPA289,"42.404022,32.502266",34000,450,278
1757644987,2025-09-12T02:43:07Z,CPA289,"42.404831,32.495014",34000,446,278
1757644989,2025-09-12T02:43:09Z,CPA289,"42.405235,32.490437",34000,450,277
1757644998,2025-09-12T02:43:18Z,CPA289,"42.407616,32.466442",34000,210,248
1757645000,2025-09-12T02:43:20Z,CPA289,"42.408291,32.459972",34000,447,278
1757645020,2025-09-12T02:43:40Z,CPA289,"42.4161,32.403896",34000,448,223
1757645023,2025-09-12T02:43:43Z,CPA289,"42.40667,32.387749",34000,448,228
1757645026,2025-09-12T02:43:46Z,CPA289,"42.417614,32.389099",34000,449,301
1757645031,2025-09-12T02:43:51Z,CPA289,"42.417072,32.372437",34000,290,261
1757645040,2025-09-12T02:44:00Z,CPA289,"42.422173,32.348522",34000,460,319
1757645049,2025-09-12T02:44:09Z,CPA289,"42.422508,32.318413",34000,560,276
1757645055,2025-09-12T02:44:15Z,CPA289,"42.424095,32.303829",34000,506,278
1757645061,2025-09-12T02:44:21Z,CPA289,"42.425678,32.288364",34000,300,277
1757645063,2025-09-12T02:44:23Z,CPA289,"42.426273,32.28149",34000,330,252
1757645069,2025-09-12T02:44:29Z,CPA289,"42.427708,32.267387",34000,320,247
1757645071,2025-09-12T02:44:31Z,CPA289,"42.428112,32.262283",34000,220,261
1757645074,2025-09-12T02:44:34Z,CPA289,"42.42923,32.253674",34000,90,287
1757645076,2025-09-12T02:44:36Z,CPA289,"42.430077,32.24704",34000,290,288
1757645078,2025-09-12T02:44:38Z,CPA289,"42.430325,32.241428",34000,130,249
1757645082,2025-09-12T02:44:42Z,CPA289,"42.431522,32.230103",34000,370,253
1757645087,2025-09-12T02:44:47Z,CPA289,"42.43224,32.216007",34000,260,245
1757645089,2025-09-12T02:44:49Z,CPA289,"42.433807,32.21154",34000,250,290
1757645094,2025-09-12T02:44:54Z,CPA289,"42.436607,32.198704",34000,180,306
1757645097,2025-09-12T02:44:57Z,CPA289,"42.435658,32.188393",34000,436,277
1757645099,2025-09-12T02:44:59Z,CPA289,"42.436367,32.181835",34000,436,218
1757645101,2025-09-12T02:45:01Z,CPA289,"42.437283,32.17741",34000,411,288
1757645105,2025-09-12T02:45:05Z,CPA289,"42.43795,32.165203",34000,485,275
1757645108,2025-09-12T02:45:08Z,CPA289,"42.438606,32.157902",34000,466,276
1757645110,2025-09-12T02:45:10Z,CPA289,"42.439186,32.151901",34000,455,276
1757645112,2025-09-12T02:45:12Z,CPA289,"42.439831,32.146015",34000,451,277
1757645114,2025-09-12T02:45:14Z,CPA289,"42.44043,32.140629",34000,449,277
1757645116,2025-09-12T02:45:16Z,CPA289,"42.440994,32.134613",34000,190,281
1757645119,2025-09-12T02:45:19Z,CPA289,"42.441624,32.127613",34000,380,279
1757645124,2025-09-12T02:45:24Z,CPA289,"42.443485,32.114044",34000,240,290
1757645128,2025-09-12T02:45:28Z,CPA289,"42.444172,32.102474",34000,180,255
1757645130,2025-09-12T02:45:30Z,CPA289,"42.444721,32.096104",34000,451,277
1757645137,2025-09-12T02:45:37Z,CPA289,"42.518524,32.246857",34000,444,60
1757645158,2025-09-12T02:45:58Z,CPA289,"42.452057,32.018749",34000,400,277
1757645161,2025-09-12T02:46:01Z,CPA289,"42.453236,32.005955",34000,270,247
1757645166,2025-09-12T02:46:06Z,CPA289,"42.454838,31.99748",34000,320,291
1757645169,2025-09-12T02:46:09Z,CPA289,"42.455036,31.987789",34000,270,265
1757645181,2025-09-12T02:46:21Z,CPA289,"42.458542,31.955854",34000,390,210
1757645184,2025-09-12T02:46:24Z,CPA289,"42.459003,31.945965",34000,260,210
1757645187,2025-09-12T02:46:27Z,CPA289,"42.458076,31.934605",34000,340,260
1757645189,2025-09-12T02:46:29Z,CPA289,"42.461201,31.92934",34000,160,288
1757645191,2025-09-12T02:46:31Z,CPA289,"42.461151,31.923468",34000,180,275
1757645196,2025-09-12T02:46:36Z,CPA289,"42.462017,31.913162",34000,466,276
1757645198,2025-09-12T02:46:38Z,CPA289,"42.462677,31.907351",34000,451,277
1757645208,2025-09-12T02:46:48Z,CPA289,"42.465561,31.87652",34000,451,277
1757645211,2025-09-12T02:46:51Z,CPA289,"42.465996,31.871183",34000,452,276
1757645213,2025-09-12T02:46:53Z,CPA289,"42.466778,31.863468",34000,450,277
1757645215,2025-09-12T02:46:55Z,CPA289,"42.467197,31.8585",34000,453,277
1757645217,2025-09-12T02:46:57Z,CPA289,"42.467846,31.851297",34000,453,277
1757645219,2025-09-12T02:46:59Z,CPA289,"42.468391,31.846151",34000,100,267
1757645247,2025-09-12T02:47:27Z,CPA289,"42.47538,31.769854",34000,290,262
1757645249,2025-09-12T02:47:29Z,CPA289,"42.476158,31.761751",34000,451,277
1757645281,2025-09-12T02:48:01Z,CPA289,"42.484489,31.672873",34000,459,277
1757645313,2025-09-12T02:48:33Z,CPA289,"42.492786,31.582403",34000,360,276
1757645345,2025-09-12T02:49:05Z,CPA289,"42.50103,31.492813",34000,460,277
1757645378,2025-09-12T02:49:38Z,CPA289,"42.509212,31.401466",34000,454,276
1757645410,2025-09-12T02:50:10Z,CPA289,"42.517399,31.310692",34000,458,276
1757645440,2025-09-12T02:50:40Z,CPA289,"42.524956,31.225536",34000,453,276
1757645472,2025-09-12T02:51:12Z,CPA289,"42.533146,31.135273",34000,455,277
1757645504,2025-09-12T02:51:44Z,CPA289,"42.541351,31.045507",34000,453,277
1757645535,2025-09-12T02:52:15Z,CPA289,"42.549294,30.955887",34000,455,276
1757645567,2025-09-12T02:52:47Z,CPA289,"42.557053,30.866779",34000,457,277
1757645598,2025-09-12T02:53:18Z,CPA289,"42.564617,30.777523",34000,459,276
1757645630,2025-09-12T02:53:50Z,CPA289,"42.57246,30.685345",34000,458,276
1757645662,2025-09-12T02:54:22Z,CPA289,"42.580128,30.594017",34000,459,276
1757645695,2025-09-12T02:54:55Z,CPA289,"42.587898,30.500534",34000,458,276
1757645727,2025-09-12T02:55:27Z,CPA289,"42.595306,30.411379",34000,453,276
1757645758,2025-09-12T02:55:58Z,CPA289,"42.602921,30.321711",34000,456,277
1757645771,2025-09-12T02:56:11Z,CPA289,"42.609314,30.284733",34000,456,286
1757645773,2025-09-12T02:56:13Z,CPA289,"42.610661,30.279182",34000,457,287
1757645776,2025-09-12T02:56:16Z,CPA289,"42.612328,30.27289",34000,459,288
1757645778,2025-09-12T02:56:18Z,CPA289,"42.613644,30.268383",34000,457,290
1757645780,2025-09-12T02:56:20Z,CPA289,"42.615715,30.261316",34000,460,291
1757645782,2025-09-12T02:56:22Z,CPA289,"42.617371,30.256294",34000,462,292
1757645784,2025-09-12T02:56:24Z,CPA289,"42.619194,30.251032",34000,461,294
1757645786,2025-09-12T02:56:26Z,CPA289,"42.621048,30.245781",34000,462,295
1757645788,2025-09-12T02:56:28Z,CPA289,"42.623055,30.240412",34000,462,295
1757645790,2025-09-12T02:56:30Z,CPA289,"42.625408,30.23455",34000,465,297
1757645792,2025-09-12T02:56:32Z,CPA289,"42.627602,30.229572",34000,465,299
1757645795,2025-09-12T02:56:35Z,CPA289,"42.630085,30.224039",34000,466,300
1757645797,2025-09-12T02:56:37Z,CPA289,"42.632496,30.21916",34000,466,302
1757645799,2025-09-12T02:56:39Z,CPA289,"42.635021,30.214128",34000,467,303
1757645801,2025-09-12T02:56:41Z,CPA289,"42.637821,30.208845",34000,468,304
1757645803,2025-09-12T02:56:43Z,CPA289,"42.640469,30.204054",34000,468,305
1757645805,2025-09-12T02:56:45Z,CPA289,"42.643764,30.19829",34000,471,307
1757645807,2025-09-12T02:56:47Z,CPA289,"42.646324,30.193954",34000,470,307
1757645810,2025-09-12T02:56:50Z,CPA289,"42.649097,30.189159",34000,467,307
1757645812,2025-09-12T02:56:52Z,CPA289,"42.652294,30.183561",34000,469,307
1757645814,2025-09-12T02:56:54Z,CPA289,"42.654675,30.179312",34000,470,307
1757645816,2025-09-12T02:56:56Z,CPA289,"42.657482,30.174252",34000,469,307
1757645818,2025-09-12T02:56:58Z,CPA289,"42.660217,30.169394",34000,466,307
1757645820,2025-09-12T02:57:00Z,CPA289,"42.662838,30.164726",34000,468,307
1757645852,2025-09-12T02:57:32Z,CPA289,"42.704685,30.09046",34000,470,307
1757645884,2025-09-12T02:58:04Z,CPA289,"42.747246,30.015442",34000,473,307
1757645916,2025-09-12T02:58:36Z,CPA289,"42.789951,29.940884",34000,475,308
1757645947,2025-09-12T02:59:07Z,CPA289,"42.832596,29.866888",34000,476,307
1757645978,2025-09-12T02:59:38Z,CPA289,"42.875263,29.792305",34000,476,308
1757646010,2025-09-12T03:00:10Z,CPA289,"42.917374,29.71804",34000,476,307
1757646042,2025-09-12T03:00:42Z,CPA289,"42.959572,29.643017",34000,480,307
1757646073,2025-09-12T03:01:13Z,CPA289,"43.001438,29.568508",34000,470,307
1757646105,2025-09-12T03:01:45Z,CPA289,"43.043556,29.4932",34000,472,307
1757646136,2025-09-12T03:02:16Z,CPA289,"43.085682,29.417999",34000,473,307
1757646168,2025-09-12T03:02:48Z,CPA289,"43.127975,29.342148",34000,473,307
1757646200,2025-09-12T03:03:20Z,CPA289,"43.170456,29.265648",34000,474,307
1757646232,2025-09-12T03:03:52Z,CPA289,"43.212078,29.190531",34000,471,307
1757646263,2025-09-12T03:04:23Z,CPA289,"43.253391,29.115229",34000,474,306
1757646295,2025-09-12T03:04:55Z,CPA289,"43.295971,29.03784",34000,474,307
1757646327,2025-09-12T03:05:27Z,CPA289,"43.337101,28.962578",34000,472,306
1757646359,2025-09-12T03:05:59Z,CPA289,"43.378895,28.885761",34000,478,306
1757646390,2025-09-12T03:06:30Z,CPA289,"43.419754,28.810474",34000,474,306
1757646421,2025-09-12T03:07:01Z,CPA289,"43.460415,28.735378",34000,474,306
1757646452,2025-09-12T03:07:32Z,CPA289,"43.501308,28.659431",34000,469,305
1757646484,2025-09-12T03:08:04Z,CPA289,"43.54224,28.58334",34000,473,306
1757646515,2025-09-12T03:08:35Z,CPA289,"43.583237,28.50684",34000,470,306
1757646546,2025-09-12T03:09:06Z,CPA289,"43.62384,28.430672",34000,476,306
1757646578,2025-09-12T03:09:38Z,CPA289,"43.665455,28.35268",34000,475,306
1757646610,2025-09-12T03:10:10Z,CPA289,"43.70689,28.275179",34000,477,306
1757646642,2025-09-12T03:10:42Z,CPA289,"43.748417,28.197519",34000,476,306
1757646673,2025-09-12T03:11:13Z,CPA289,"43.789406,28.120375",34000,482,305
1757646704,2025-09-12T03:11:44Z,CPA289,"43.830441,28.043123",34000,477,306
1757646736,2025-09-12T03:12:16Z,CPA289,"43.87188,27.964552",34000,478,305
1757646767,2025-09-12T03:12:47Z,CPA289,"43.912331,27.88623",34000,480,304
1757646799,2025-09-12T03:13:19Z,CPA289,"43.950771,27.805573",34000,480,303
1757646830,2025-09-12T03:13:50Z,CPA289,"43.989292,27.723991",34000,478,302
1757646862,2025-09-12T03:14:22Z,CPA289,"44.028049,27.642956",34000,482,303
1757646894,2025-09-12T03:14:54Z,CPA289,"44.06744,27.560303",34000,487,304
1757646926,2025-09-12T03:15:26Z,CPA289,"44.106705,27.477802",34000,485,303
1757646957,2025-09-12T03:15:57Z,CPA289,"44.145527,27.396702",34000,488,303
1757646989,2025-09-12T03:16:29Z,CPA289,"44.184742,27.315538",34000,487,303
1757647021,2025-09-12T03:17:01Z,CPA289,"44.22504,27.232872",34000,489,304
1757647052,2025-09-12T03:17:32Z,CPA289,"44.264908,27.151121",34000,492,304
1757647083,2025-09-12T03:18:03Z,CPA289,"44.30463,27.06908",34000,488,304
1757647115,2025-09-12T03:18:35Z,CPA289,"44.34473,26.985605",34000,492,303
1757647147,2025-09-12T03:19:07Z,CPA289,"44.38485,26.901606",34000,490,303
1757647178,2025-09-12T03:19:38Z,CPA289,"44.4244,26.817976",34000,489,303
1757647209,2025-09-12T03:20:09Z,CPA289,"44.46365,26.734953",34000,495,303
1757647241,2025-09-12T03:20:41Z,CPA289,"44.503277,26.650543",34000,494,302
1757647272,2025-09-12T03:21:12Z,CPA289,"44.542728,26.566568",34000,496,303
1757647304,2025-09-12T03:21:44Z,CPA289,"44.582172,26.482584",34000,495,302
1757647335,2025-09-12T03:22:15Z,CPA289,"44.620914,26.398775",34000,499,303
1757647365,2025-09-12T03:22:45Z,CPA289,"44.65873,26.314388",34000,502,301
1757647396,2025-09-12T03:23:16Z,CPA289,"44.69582,26.230488",34000,497,301
1757647429,2025-09-12T03:23:49Z,CPA289,"44.735001,26.141863",34000,491,301
1757647461,2025-09-12T03:24:21Z,CPA289,"44.773594,26.054811",34000,488,302
1757647494,2025-09-12T03:24:54Z,CPA289,"44.812954,25.967352",34000,552,305
1757647525,2025-09-12T03:25:25Z,CPA289,"44.850571,25.88287",34000,486,300
1757647557,2025-09-12T03:25:57Z,CPA289,"44.889297,25.79583",34000,488,301
1757647589,2025-09-12T03:26:29Z,CPA289,"44.927578,25.710104",34000,493,302
1757647621,2025-09-12T03:27:01Z,CPA289,"44.966667,25.623379",34000,491,301
1757647652,2025-09-12T03:27:32Z,CPA289,"45.005142,25.53756",34000,497,302
1757647684,2025-09-12T03:28:04Z,CPA289,"45.043682,25.451384",34000,494,302
1757647715,2025-09-12T03:28:35Z,CPA289,"45.081184,25.363714",34000,493,300
1757647747,2025-09-12T03:29:07Z,CPA289,"45.117355,25.274572",34000,493,299
1757647779,2025-09-12T03:29:39Z,CPA289,"45.152096,25.185953",34000,491,298
1757647811,2025-09-12T03:30:11Z,CPA289,"45.186619,25.095663",34000,493,298
1757647843,2025-09-12T03:30:43Z,CPA289,"45.220818,25.004946",34000,495,298
1757647874,2025-09-12T03:31:14Z,CPA289,"45.254753,24.914692",34000,495,298
1757647905,2025-09-12T03:31:45Z,CPA289,"45.288525,24.82519",34000,494,298
1757647937,2025-09-12T03:32:17Z,CPA289,"45.322308,24.735844",34000,492,298
1757647968,2025-09-12T03:32:48Z,CPA289,"45.356224,24.646008",34000,490,298
1757648000,2025-09-12T03:33:20Z,CPA289,"45.38998,24.556602",34000,488,298
1757648031,2025-09-12T03:33:51Z,CPA289,"45.422878,24.469069",34000,486,297
1757648063,2025-09-12T03:34:23Z,CPA289,"45.456726,24.378431",34000,485,297
1757648095,2025-09-12T03:34:55Z,CPA289,"45.490269,24.288244",34000,482,297
1757648127,2025-09-12T03:35:27Z,CPA289,"45.523418,24.198318",34000,482,297
1757648158,2025-09-12T03:35:58Z,CPA289,"45.555553,24.110867",34000,480,297
1757648190,2025-09-12T03:36:30Z,CPA289,"45.587936,24.023094",34000,481,297
1757648221,2025-09-12T03:37:01Z,CPA289,"45.620926,23.934456",34000,484,297
1757648253,2025-09-12T03:37:33Z,CPA289,"45.653877,23.844944",34025,484,297
1757648285,2025-09-12T03:38:05Z,CPA289,"45.686707,23.754997",34850,482,297
1757648316,2025-09-12T03:38:36Z,CPA289,"45.718616,23.667248",35900,470,297
1757648348,2025-09-12T03:39:08Z,CPA289,"45.750595,23.578758",36000,474,297
1757648380,2025-09-12T03:39:40Z,CPA289,"45.782925,23.489532",36000,474,297
1757648411,2025-09-12T03:40:11Z,CPA289,"45.814457,23.401999",36000,473,297
1757648443,2025-09-12T03:40:43Z,CPA289,"45.845966,23.314053",36000,474,297
1757648475,2025-09-12T03:41:15Z,CPA289,"45.87785,23.224846",36000,474,297
1757648506,2025-09-12T03:41:46Z,CPA289,"45.908867,23.137583",36000,473,296
1757648538,2025-09-12T03:42:18Z,CPA289,"45.939552,23.050327",36000,468,296
1757648569,2025-09-12T03:42:49Z,CPA289,"45.970341,22.962706",36000,467,296
1757648600,2025-09-12T03:43:20Z,CPA289,"46.000393,22.877203",36000,466,297
1757648632,2025-09-12T03:43:52Z,CPA289,"46.031448,22.790026",36000,468,297
1757648663,2025-09-12T03:44:23Z,CPA289,"46.062798,22.702303",36000,468,297
1757648695,2025-09-12T03:44:55Z,CPA289,"46.093616,22.615719",36000,465,296
1757648727,2025-09-12T03:45:27Z,CPA289,"46.124832,22.527493",36000,464,296
1757648759,2025-09-12T03:45:59Z,CPA289,"46.155323,22.440737",36000,460,296
1757648790,2025-09-12T03:46:30Z,CPA289,"46.185616,22.354433",36000,460,296
1757648822,2025-09-12T03:47:02Z,CPA289,"46.215569,22.268202",36000,461,296
1757648853,2025-09-12T03:47:33Z,CPA289,"46.245605,22.181854",36000,459,296
1757648885,2025-09-12T03:48:05Z,CPA289,"46.275269,22.095531",36000,458,296
1757648916,2025-09-12T03:48:36Z,CPA289,"46.305229,22.008335",36000,453,296
1757648948,2025-09-12T03:49:08Z,CPA289,"46.334415,21.923216",36000,450,296
1757648980,2025-09-12T03:49:40Z,CPA289,"46.363651,21.83777",36000,449,296
1757649011,2025-09-12T03:50:11Z,CPA289,"46.392544,21.752827",36000,448,296
1757649043,2025-09-12T03:50:43Z,CPA289,"46.421165,21.668564",36000,448,296
1757649073,2025-09-12T03:51:13Z,CPA289,"46.448685,21.587646",36000,448,296
1757649105,2025-09-12T03:51:45Z,CPA289,"46.477798,21.501583",36000,448,296
1757649137,2025-09-12T03:52:17Z,CPA289,"46.506752,21.415073",36000,449,295
1757649169,2025-09-12T03:52:49Z,CPA289,"46.535461,21.327938",36000,452,295
1757649200,2025-09-12T03:53:20Z,CPA289,"46.563442,21.242382",36000,455,295
1757649232,2025-09-12T03:53:52Z,CPA289,"46.592487,21.153347",36000,458,295
1757649265,2025-09-12T03:54:25Z,CPA289,"46.621639,21.063955",36000,458,295
1757649296,2025-09-12T03:54:56Z,CPA289,"46.650394,20.976391",36000,458,295
1757649328,2025-09-12T03:55:28Z,CPA289,"46.679153,20.888506",35975,457,295
1757649359,2025-09-12T03:55:59Z,CPA289,"46.707497,20.801933",36000,454,295
1757649391,2025-09-12T03:56:31Z,CPA289,"46.735645,20.715473",36000,454,295
1757649423,2025-09-12T03:57:03Z,CPA289,"46.764202,20.627657",36000,452,295
1757649454,2025-09-12T03:57:34Z,CPA289,"46.792488,20.540335",36000,450,295
1757649485,2025-09-12T03:58:05Z,CPA289,"46.820103,20.454956",36000,449,295
1757649517,2025-09-12T03:58:37Z,CPA289,"46.847763,20.368937",36000,448,295
1757649549,2025-09-12T03:59:09Z,CPA289,"46.875301,20.282688",36000,446,295
1757649580,2025-09-12T03:59:40Z,CPA289,"46.902287,20.198469",36000,442,295
1757649611,2025-09-12T04:00:11Z,CPA289,"46.929466,20.113413",36000,440,295
1757649643,2025-09-12T04:00:43Z,CPA289,"46.956814,20.02795",36000,440,295
1757649675,2025-09-12T04:01:15Z,CPA289,"46.983791,19.943596",36000,439,295
1757649706,2025-09-12T04:01:46Z,CPA289,"47.010769,19.858925",36000,439,294
1757649737,2025-09-12T04:02:17Z,CPA289,"47.037079,19.775042",36000,438,294
1757649768,2025-09-12T04:02:48Z,CPA289,"47.06292,19.691055",36000,438,294
1757649799,2025-09-12T04:03:19Z,CPA289,"47.08902,19.606184",36000,437,294
1757649831,2025-09-12T04:03:51Z,CPA289,"47.114796,19.522552",36000,438,294
1757649862,2025-09-12T04:04:22Z,CPA289,"47.14093,19.438179",36000,437,294
1757649893,2025-09-12T04:04:53Z,CPA289,"47.167755,19.354839",36000,436,295
1757649924,2025-09-12T04:05:24Z,CPA289,"47.194691,19.271967",36000,434,295
1757649955,2025-09-12T04:05:55Z,CPA289,"47.221073,19.189054",36000,434,294
1757649987,2025-09-12T04:06:27Z,CPA289,"47.247051,19.104971",36000,434,294
1757650018,2025-09-12T04:06:58Z,CPA289,"47.272491,19.02092",36000,433,293
1757650049,2025-09-12T04:07:29Z,CPA289,"47.297997,18.935932",36000,432,293
1757650081,2025-09-12T04:08:01Z,CPA289,"47.323181,18.85195",36000,432,293
1757650112,2025-09-12T04:08:32Z,CPA289,"47.348564,18.767271",36000,430,293
1757650144,2025-09-12T04:09:04Z,CPA289,"47.374126,18.681971",36000,431,293
1757650175,2025-09-12T04:09:35Z,CPA289,"47.399048,18.599041",36000,430,293
1757650206,2025-09-12T04:10:06Z,CPA289,"47.423752,18.516621",36000,430,293
1757650237,2025-09-12T04:10:37Z,CPA289,"47.448669,18.433319",36000,429,293
1757650268,2025-09-12T04:11:08Z,CPA289,"47.473469,18.34993",36000,428,293
1757650299,2025-09-12T04:11:39Z,CPA289,"47.498264,18.266241",36000,428,293
1757650331,2025-09-12T04:12:11Z,CPA289,"47.522972,18.182577",36000,428,293
1757650362,2025-09-12T04:12:42Z,CPA289,"47.547703,18.098438",36000,428,293
1757650393,2025-09-12T04:13:13Z,CPA289,"47.572411,18.01417",36000,428,293
1757650425,2025-09-12T04:13:45Z,CPA289,"47.597103,17.929472",36000,428,293
1757650456,2025-09-12T04:14:16Z,CPA289,"47.621311,17.846493",36000,425,293
1757650487,2025-09-12T04:14:47Z,CPA289,"47.645729,17.762398",36000,426,293
1757650519,2025-09-12T04:15:19Z,CPA289,"47.670891,17.679134",36000,428,296
1757650550,2025-09-12T04:15:50Z,CPA289,"47.70145,17.600214",36000,430,302
1757650581,2025-09-12T04:16:21Z,CPA289,"47.738007,17.525257",36000,428,307
1757650612,2025-09-12T04:16:52Z,CPA289,"47.775345,17.451767",36000,430,307
1757650644,2025-09-12T04:17:24Z,CPA289,"47.812695,17.378868",36000,430,307
1757650675,2025-09-12T04:17:55Z,CPA289,"47.850288,17.305376",36000,432,307
1757650706,2025-09-12T04:18:26Z,CPA289,"47.888256,17.231287",36000,436,307
1757650737,2025-09-12T04:18:57Z,CPA289,"47.926338,17.156277",36000,436,306
1757650768,2025-09-12T04:19:28Z,CPA289,"47.962704,17.081972",36000,436,306
1757650799,2025-09-12T04:19:59Z,CPA289,"47.999653,17.006794",36000,438,306
1757650830,2025-09-12T04:20:30Z,CPA289,"48.036701,16.931301",36000,440,306
1757650861,2025-09-12T04:21:01Z,CPA289,"48.074047,16.855021",36000,440,306
1757650892,2025-09-12T04:21:32Z,CPA289,"48.110985,16.779675",36000,439,306
1757650923,2025-09-12T04:22:03Z,CPA289,"48.148293,16.703257",36000,438,306
1757650955,2025-09-12T04:22:35Z,CPA289,"48.185661,16.625927",36000,438,305
1757650986,2025-09-12T04:23:06Z,CPA289,"48.222485,16.550167",36000,436,305
1757651017,2025-09-12T04:23:37Z,CPA289,"48.259274,16.474049",36000,436,305
1757651048,2025-09-12T04:24:08Z,CPA289,"48.296024,16.397938",36000,434,305
1757651079,2025-09-12T04:24:39Z,CPA289,"48.332355,16.322165",36000,434,305
1757651110,2025-09-12T04:25:10Z,CPA289,"48.368484,16.246622",36000,434,305
1757651141,2025-09-12T04:25:41Z,CPA289,"48.404865,16.170456",36000,436,305
1757651172,2025-09-12T04:26:12Z,CPA289,"48.441132,16.09425",36000,435,305
1757651204,2025-09-12T04:26:44Z,CPA289,"48.478188,16.016424",36000,434,305
1757651235,2025-09-12T04:27:15Z,CPA289,"48.514759,15.939184",36000,434,305
1757651266,2025-09-12T04:27:46Z,CPA289,"48.551014,15.862591",36000,436,305
1757651297,2025-09-12T04:28:17Z,CPA289,"48.587242,15.785399",36000,436,305
1757651329,2025-09-12T04:28:49Z,CPA289,"48.623623,15.708136",36000,438,305
1757651360,2025-09-12T04:29:20Z,CPA289,"48.660385,15.629642",36000,440,305
1757651391,2025-09-12T04:29:51Z,CPA289,"48.696751,15.551792",36000,438,305
1757651422,2025-09-12T04:30:22Z,CPA289,"48.732746,15.474422",36000,436,305
1757651453,2025-09-12T04:30:53Z,CPA289,"48.768997,15.396161",36000,436,305
1757651485,2025-09-12T04:31:25Z,CPA289,"48.805355,15.31756",36000,439,305
1757651516,2025-09-12T04:31:56Z,CPA289,"48.841999,15.238264",36000,440,305
1757651547,2025-09-12T04:32:27Z,CPA289,"48.878368,15.15939",36000,438,304
1757651579,2025-09-12T04:32:59Z,CPA289,"48.914574,15.080894",36000,439,305
1757651611,2025-09-12T04:33:31Z,CPA289,"48.953705,15.001802",36000,441,307
1757651642,2025-09-12T04:34:02Z,CPA289,"48.992321,14.923714",36000,440,306
1757651674,2025-09-12T04:34:34Z,CPA289,"49.030285,14.845847",36000,439,306
1757651705,2025-09-12T04:35:05Z,CPA289,"49.067734,14.768318",36000,440,306
1757651736,2025-09-12T04:35:36Z,CPA289,"49.105766,14.689202",36000,442,306
1757651768,2025-09-12T04:36:08Z,CPA289,"49.143585,14.610594",36000,444,306
1757651799,2025-09-12T04:36:39Z,CPA289,"49.181572,14.531283",36000,444,306
1757651830,2025-09-12T04:37:10Z,CPA289,"49.219776,14.451526",36000,444,306
1757651862,2025-09-12T04:37:42Z,CPA289,"49.25771,14.372128",36000,444,306
1757651893,2025-09-12T04:38:13Z,CPA289,"49.295486,14.292665",36000,443,306
1757651925,2025-09-12T04:38:45Z,CPA289,"49.333977,14.211439",36000,445,305
1757651956,2025-09-12T04:39:16Z,CPA289,"49.371292,14.132376",36000,446,305
1757651989,2025-09-12T04:39:49Z,CPA289,"49.410652,14.049025",36000,447,305
1757652021,2025-09-12T04:40:21Z,CPA289,"49.448879,13.96777",36000,446,305
1757652052,2025-09-12T04:40:52Z,CPA289,"49.486099,13.888317",36000,444,305
1757652083,2025-09-12T04:41:23Z,CPA289,"49.523621,13.808011",36000,442,305
1757652115,2025-09-12T04:41:55Z,CPA289,"49.561161,13.727317",36000,442,305
1757652146,2025-09-12T04:42:26Z,CPA289,"49.598541,13.646834",36000,442,305
1757652178,2025-09-12T04:42:58Z,CPA289,"49.636139,13.565766",36000,441,305
1757652210,2025-09-12T04:43:30Z,CPA289,"49.673717,13.484277",36000,441,305
1757652242,2025-09-12T04:44:02Z,CPA289,"49.71085,13.402002",36000,439,302
1757652273,2025-09-12T04:44:33Z,CPA289,"49.740784,13.316149",36000,430,294
1757652305,2025-09-12T04:45:05Z,CPA289,"49.762703,13.225614",36000,429,287
1757652336,2025-09-12T04:45:36Z,CPA289,"49.781796,13.133619",36000,429,287
1757652368,2025-09-12T04:46:08Z,CPA289,"49.8008,13.041138",36000,430,287
1757652400,2025-09-12T04:46:40Z,CPA289,"49.819683,12.947861",36000,431,287
1757652431,2025-09-12T04:47:11Z,CPA289,"49.838432,12.854744",35825,430,287
1757652463,2025-09-12T04:47:43Z,CPA289,"49.856976,12.762813",35000,427,287
1757652495,2025-09-12T04:48:15Z,CPA289,"49.875549,12.668961",33950,426,287
1757652526,2025-09-12T04:48:46Z,CPA289,"49.893589,12.578351",32925,423,287
1757652558,2025-09-12T04:49:18Z,CPA289,"49.911442,12.487501",32175,424,287
1757652589,2025-09-12T04:49:49Z,CPA289,"49.929501,12.395261",32000,426,286
1757652622,2025-09-12T04:50:22Z,CPA289,"49.947948,12.300874",32000,426,286
1757652654,2025-09-12T04:50:54Z,CPA289,"49.966072,12.207763",32000,426,286
1757652685,2025-09-12T04:51:25Z,CPA289,"49.984795,12.117235",31750,417,288
1757652717,2025-09-12T04:51:57Z,CPA289,"50.00349,12.028496",31350,407,287
1757652748,2025-09-12T04:52:28Z,CPA289,"50.021118,11.942204",30900,394,287
1757652780,2025-09-12T04:53:00Z,CPA289,"50.038239,11.858261",30300,383,287
1757652811,2025-09-12T04:53:31Z,CPA289,"50.054737,11.776667",29700,379,287
1757652842,2025-09-12T04:54:02Z,CPA289,"50.070679,11.697251",29225,370,287
1757652873,2025-09-12T04:54:33Z,CPA289,"50.086678,11.618059",28700,362,287
1757652904,2025-09-12T04:55:04Z,CPA289,"50.10186,11.542449",28125,358,287
1757652936,2025-09-12T04:55:36Z,CPA289,"50.117393,11.465176",27475,358,287
1757652968,2025-09-12T04:56:08Z,CPA289,"50.132988,11.385921",26575,370,287
1757652999,2025-09-12T04:56:39Z,CPA289,"50.148853,11.30648",26000,366,287
1757653030,2025-09-12T04:57:10Z,CPA289,"50.164314,11.228153",25325,362,287
1757653062,2025-09-12T04:57:42Z,CPA289,"50.17979,11.149667",24575,358,286
1757653094,2025-09-12T04:58:14Z,CPA289,"50.19495,11.071577",23975,349,286
1757653126,2025-09-12T04:58:46Z,CPA289,"50.209736,10.996585",23225,342,286
1757653156,2025-09-12T04:59:16Z,CPA289,"50.223454,10.925778",22525,337,286
1757653189,2025-09-12T04:59:49Z,CPA289,"50.238037,10.850408",21775,334,286
1757653217,2025-09-12T05:00:17Z,CPA289,"50.250607,10.785096",21075,331,286
1757653255,2025-09-12T05:00:55Z,CPA289,"50.26722,10.698599",20175,325,286
1757653287,2025-09-12T05:01:27Z,CPA289,"50.280613,10.62881",20000,308,286
1757653319,2025-09-12T05:01:59Z,CPA289,"50.293243,10.56237",20000,300,286
1757653350,2025-09-12T05:02:30Z,CPA289,"50.305546,10.497259",20000,302,286
1757653382,2025-09-12T05:03:02Z,CPA289,"50.318165,10.430738",20000,302,286
1757653414,2025-09-12T05:03:34Z,CPA289,"50.33083,10.364008",20000,304,286
1757653445,2025-09-12T05:04:05Z,CPA289,"50.343369,10.296933",20000,303,286
1757653477,2025-09-12T05:04:37Z,CPA289,"50.356007,10.22956",20000,303,286
1757653509,2025-09-12T05:05:09Z,CPA289,"50.368542,10.162593",19825,304,286
1757653541,2025-09-12T05:05:41Z,CPA289,"50.380978,10.095899",19075,300,286
1757653573,2025-09-12T05:06:13Z,CPA289,"50.393257,10.029739",18250,298,286
1757653594,2025-09-12T05:06:34Z,CPA289,"50.403603,9.985382",17750,305,296
1757653596,2025-09-12T05:06:36Z,CPA289,"50.404736,9.982074",17700,305,297
1757653598,2025-09-12T05:06:38Z,CPA289,"50.406212,9.977798",17675,306,298
1757653601,2025-09-12T05:06:41Z,CPA289,"50.407497,9.974088",17625,305,298
1757653603,2025-09-12T05:06:43Z,CPA289,"50.408947,9.970052",17600,306,299
1757653605,2025-09-12T05:06:45Z,CPA289,"50.410522,9.965841",17550,305,299
1757653607,2025-09-12T05:06:47Z,CPA289,"50.411896,9.96209",17525,305,300
1757653609,2025-09-12T05:06:49Z,CPA289,"50.413376,9.958115",17475,304,300
1757653611,2025-09-12T05:06:51Z,CPA289,"50.414948,9.954032",17425,305,300
1757653613,2025-09-12T05:06:53Z,CPA289,"50.416302,9.950355",17400,304,300
1757653615,2025-09-12T05:06:55Z,CPA289,"50.417877,9.946291",17350,304,300
1757653647,2025-09-12T05:07:27Z,CPA289,"50.440941,9.886284",16625,300,301
1757653679,2025-09-12T05:07:59Z,CPA289,"50.463261,9.828575",16100,290,301
1757653709,2025-09-12T05:08:29Z,CPA289,"50.483204,9.774944",15400,286,299
1757653740,2025-09-12T05:09:00Z,CPA289,"50.504166,9.718814",14650,286,300
1757653772,2025-09-12T05:09:32Z,CPA289,"50.526051,9.66173",13875,285,300
1757653804,2025-09-12T05:10:04Z,CPA289,"50.547585,9.603743",13200,282,299
1757653835,2025-09-12T05:10:35Z,CPA289,"50.565472,9.549854",13000,272,289
1757653837,2025-09-12T05:10:37Z,CPA289,"50.566196,9.5461",13000,271,287
1757653839,2025-09-12T05:10:39Z,CPA289,"50.566917,9.541731",13000,269,283
1757653841,2025-09-12T05:10:41Z,CPA289,"50.567429,9.53796",13000,269,282
1757653843,2025-09-12T05:10:43Z,CPA289,"50.56781,9.533965",13000,267,278
1757653845,2025-09-12T05:10:45Z,CPA289,"50.568172,9.529694",13000,266,277
1757653847,2025-09-12T05:10:47Z,CPA289,"50.56826,9.526024",13000,264,274
1757653849,2025-09-12T05:10:49Z,CPA289,"50.568306,9.521941",13000,264,272
1757653852,2025-09-12T05:10:52Z,CPA289,"50.568195,9.517684",12975,262,267
1757653854,2025-09-12T05:10:54Z,CPA289,"50.567936,9.513523",12950,261,263
1757653856,2025-09-12T05:10:56Z,CPA289,"50.567432,9.508988",12950,260,260
1757653858,2025-09-12T05:10:58Z,CPA289,"50.566872,9.505482",12925,260,256
1757653860,2025-09-12T05:11:00Z,CPA289,"50.565983,9.501415",12900,257,250
1757653862,2025-09-12T05:11:02Z,CPA289,"50.565044,9.497741",12875,257,247
1757653864,2025-09-12T05:11:04Z,CPA289,"50.563862,9.494174",12850,256,243
1757653867,2025-09-12T05:11:07Z,CPA289,"50.562695,9.490742",12825,257,239
1757653869,2025-09-12T05:11:09Z,CPA289,"50.561199,9.487458",12800,256,235
1757653871,2025-09-12T05:11:11Z,CPA289,"50.559643,9.484352",12775,256,231
1757653873,2025-09-12T05:11:13Z,CPA289,"50.557983,9.481436",12725,255,228
1757653875,2025-09-12T05:11:15Z,CPA289,"50.556206,9.478753",12700,256,222
1757653877,2025-09-12T05:11:17Z,CPA289,"50.554089,9.476009",12650,257,219
1757653879,2025-09-12T05:11:19Z,CPA289,"50.552082,9.473668",12625,258,215
1757653881,2025-09-12T05:11:21Z,CPA289,"50.549892,9.471587",12575,258,211
1757653883,2025-09-12T05:11:23Z,CPA289,"50.547638,9.469639",12500,259,208
1757653886,2025-09-12T05:11:26Z,CPA289,"50.545197,9.467829",12450,260,205
1757653888,2025-09-12T05:11:28Z,CPA289,"50.542923,9.466476",12375,261,202
1757653890,2025-09-12T05:11:30Z,CPA289,"50.540821,9.465261",12325,262,200
1757653892,2025-09-12T05:11:32Z,CPA289,"50.538395,9.463868",12275,262,199
1757653894,2025-09-12T05:11:34Z,CPA289,"50.535828,9.462687",12200,263,197
1757653896,2025-09-12T05:11:36Z,CPA289,"50.533539,9.461532",12150,263,196
1757653898,2025-09-12T05:11:38Z,CPA289,"50.530983,9.460301",12075,263,196
1757653900,2025-09-12T05:11:40Z,CPA289,"50.528591,9.459285",12025,263,196
1757653902,2025-09-12T05:11:42Z,CPA289,"50.525406,9.457824",11975,264,196
1757653904,2025-09-12T05:11:44Z,CPA289,"50.523796,9.45709",11925,264,195
1757653907,2025-09-12T05:11:47Z,CPA289,"50.521175,9.455925",11900,264,195
1757653909,2025-09-12T05:11:49Z,CPA289,"50.518791,9.45487",11850,263,195
1757653911,2025-09-12T05:11:51Z,CPA289,"50.516266,9.453748",11800,264,195
1757653913,2025-09-12T05:11:53Z,CPA289,"50.51387,9.452709",11750,262,195
1757653915,2025-09-12T05:11:55Z,CPA289,"50.511353,9.451528",11700,262,195
1757653928,2025-09-12T05:12:08Z,CPA289,"50.496197,9.444777",11350,264,196
1757653943,2025-09-12T05:12:23Z,CPA289,"50.478588,9.436749",10875,268,196
1757653958,2025-09-12T05:12:38Z,CPA289,"50.460762,9.428576",10475,270,196
1757653971,2025-09-12T05:12:51Z,CPA289,"50.445629,9.421387",10125,267,196
1757653984,2025-09-12T05:13:04Z,CPA289,"50.430073,9.413887",9675,267,197
1757653996,2025-09-12T05:13:16Z,CPA289,"50.414898,9.406492",9225,268,197
1757654009,2025-09-12T05:13:29Z,CPA289,"50.399559,9.398825",8850,267,197
1757654022,2025-09-12T05:13:42Z,CPA289,"50.384769,9.391356",8450,266,197
1757654037,2025-09-12T05:13:57Z,CPA289,"50.367397,9.382993",7950,265,197
1757654052,2025-09-12T05:14:12Z,CPA289,"50.349472,9.374402",7575,268,197
1757654064,2025-09-12T05:14:24Z,CPA289,"50.334694,9.367239",7300,266,197
1757654077,2025-09-12T05:14:37Z,CPA289,"50.320679,9.357791",7075,260,209
1757654080,2025-09-12T05:14:40Z,CPA289,"50.317326,9.354636",7050,259,213
1757654082,2025-09-12T05:14:42Z,CPA289,"50.315159,9.352178",7025,257,215
1757654084,2025-09-12T05:14:44Z,CPA289,"50.313171,9.349965",7025,257,216
1757654086,2025-09-12T05:14:46Z,CPA289,"50.311443,9.347989",7025,257,217
1757654089,2025-09-12T05:14:49Z,CPA289,"50.309471,9.345609",7025,258,217
1757654091,2025-09-12T05:14:51Z,CPA289,"50.307503,9.343153",7000,257,218
1757654093,2025-09-12T05:14:53Z,CPA289,"50.305481,9.340558",7000,256,218
1757654095,2025-09-12T05:14:55Z,CPA289,"50.303829,9.338518",7000,256,218
1757654097,2025-09-12T05:14:57Z,CPA289,"50.301853,9.335969",7000,256,218
1757654099,2025-09-12T05:14:59Z,CPA289,"50.299767,9.333396",7000,255,218
1757654101,2025-09-12T05:15:01Z,CPA289,"50.297787,9.331",7000,256,219
1757654103,2025-09-12T05:15:03Z,CPA289,"50.296009,9.328605",7000,255,219
1757654117,2025-09-12T05:15:17Z,CPA289,"50.283485,9.312689",6975,256,218
1757654129,2025-09-12T05:15:29Z,CPA289,"50.272003,9.298339",6875,256,218
1757654142,2025-09-12T05:15:42Z,CPA289,"50.259918,9.283271",6775,254,218
1757654155,2025-09-12T05:15:55Z,CPA289,"50.248581,9.268996",6675,253,218
1757654168,2025-09-12T05:16:08Z,CPA289,"50.236713,9.254137",6575,251,218
1757654183,2025-09-12T05:16:23Z,CPA289,"50.223103,9.237018",6450,252,219
1757654195,2025-09-12T05:16:35Z,CPA289,"50.211571,9.22247",6325,251,218
1757654208,2025-09-12T05:16:48Z,CPA289,"50.200375,9.208528",6225,251,219
1757654223,2025-09-12T05:17:03Z,CPA289,"50.188324,9.190099",6100,246,227
1757654227,2025-09-12T05:17:07Z,CPA289,"50.18523,9.184669",6050,243,228
1757654229,2025-09-12T05:17:09Z,CPA289,"50.183655,9.181746",6050,242,230
1757654231,2025-09-12T05:17:11Z,CPA289,"50.182186,9.179039",6025,240,233
1757654233,2025-09-12T05:17:13Z,CPA289,"50.180813,9.176111",6000,239,235
1757654235,2025-09-12T05:17:15Z,CPA289,"50.179665,9.173205",6000,237,237
1757654237,2025-09-12T05:17:17Z,CPA289,"50.178505,9.170266",5975,235,239
1757654239,2025-09-12T05:17:19Z,CPA289,"50.177353,9.166908",5975,234,241
1757654242,2025-09-12T05:17:22Z,CPA289,"50.176456,9.164037",5950,231,243
1757654244,2025-09-12T05:17:24Z,CPA289,"50.175365,9.160367",5950,229,244
1757654246,2025-09-12T05:17:26Z,CPA289,"50.174484,9.15736",5925,227,245
1757654248,2025-09-12T05:17:28Z,CPA289,"50.173653,9.154404",5925,226,246
1757654250,2025-09-12T05:17:30Z,CPA289,"50.172817,9.151018",5900,224,247
1757654252,2025-09-12T05:17:32Z,CPA289,"50.172043,9.147812",5900,223,248
1757654254,2025-09-12T05:17:34Z,CPA289,"50.171242,9.144557",5875,221,249
1757654257,2025-09-12T05:17:37Z,CPA289,"50.170517,9.141494",5875,220,249
1757654259,2025-09-12T05:17:39Z,CPA289,"50.169804,9.138275",5850,220,250
1757654261,2025-09-12T05:17:41Z,CPA289,"50.16898,9.135059",5850,219,250
1757654263,2025-09-12T05:17:43Z,CPA289,"50.168251,9.132001",5825,219,250
1757654265,2025-09-12T05:17:45Z,CPA289,"50.167606,9.128924",5800,219,250
1757654267,2025-09-12T05:17:47Z,CPA289,"50.16687,9.125619",5800,218,250
1757654282,2025-09-12T05:18:02Z,CPA289,"50.16193,9.103401",5675,216,250
1757654297,2025-09-12T05:18:17Z,CPA289,"50.157131,9.082266",5550,216,250
1757654309,2025-09-12T05:18:29Z,CPA289,"50.152897,9.063639",5450,217,250
1757654322,2025-09-12T05:18:42Z,CPA289,"50.148552,9.045115",5325,216,250
1757654335,2025-09-12T05:18:55Z,CPA289,"50.144081,9.026114",5250,216,249
1757654349,2025-09-12T05:19:09Z,CPA289,"50.138943,9.004514",5150,209,249
1757654362,2025-09-12T05:19:22Z,CPA289,"50.135178,8.988183",5100,199,249
1757654375,2025-09-12T05:19:35Z,CPA289,"50.131123,8.971712",5050,188,249
1757654390,2025-09-12T05:19:50Z,CPA289,"50.126827,8.952854",4975,174,249
1757654398,2025-09-12T05:19:58Z,CPA289,"50.12458,8.943233",4925,170,250
1757654407,2025-09-12T05:20:07Z,CPA289,"50.122299,8.932978",4875,170,250
1757654413,2025-09-12T05:20:13Z,CPA289,"50.120525,8.926368",4850,170,249
1757654421,2025-09-12T05:20:21Z,CPA289,"50.118313,8.91661",4800,170,250
1757654430,2025-09-12T05:20:30Z,CPA289,"50.115932,8.906442",4700,172,250
1757654436,2025-09-12T05:20:36Z,CPA289,"50.114307,8.899711",4600,172,249
1757654445,2025-09-12T05:20:45Z,CPA289,"50.111965,8.889782",4475,171,249
1757654451,2025-09-12T05:20:51Z,CPA289,"50.110142,8.882743",4375,172,249
1757654459,2025-09-12T05:20:59Z,CPA289,"50.108032,8.872891",4225,170,249
1757654467,2025-09-12T05:21:07Z,CPA289,"50.105751,8.863382",4075,169,249
1757654476,2025-09-12T05:21:16Z,CPA289,"50.10347,8.853317",3950,167,249
1757654482,2025-09-12T05:21:22Z,CPA289,"50.101696,8.846498",3875,166,249
1757654490,2025-09-12T05:21:30Z,CPA289,"50.099644,8.837436",3725,163,250
1757654499,2025-09-12T05:21:39Z,CPA289,"50.097385,8.828131",3600,161,249
1757654507,2025-09-12T05:21:47Z,CPA289,"50.095203,8.819285",3500,160,249
1757654516,2025-09-12T05:21:56Z,CPA289,"50.093037,8.810035",3375,159,249
1757654523,2025-09-12T05:22:03Z,CPA289,"50.090763,8.801484",3250,158,249
1757654531,2025-09-12T05:22:11Z,CPA289,"50.089256,8.793115",3150,158,249
1757654540,2025-09-12T05:22:20Z,CPA289,"50.086933,8.783921",3000,157,249
1757654546,2025-09-12T05:22:26Z,CPA289,"50.08519,8.777832",2925,157,249
1757654557,2025-09-12T05:22:37Z,CPA289,"50.082573,8.765308",2775,158,249
1757654563,2025-09-12T05:22:43Z,CPA289,"50.081085,8.759139",2675,157,249
1757654571,2025-09-12T05:22:51Z,CPA289,"50.07885,8.749571",2550,158,249
1757654578,2025-09-12T05:22:58Z,CPA289,"50.077332,8.74331",2475,158,249
1757654586,2025-09-12T05:23:06Z,CPA289,"50.075264,8.734502",2350,157,249
1757654595,2025-09-12T05:23:15Z,CPA289,"50.073078,8.725297",2225,156,249
1757654601,2025-09-12T05:23:21Z,CPA289,"50.071445,8.71832",2125,156,249
1757654609,2025-09-12T05:23:29Z,CPA289,"50.069351,8.70956",2025,151,249
1757654618,2025-09-12T05:23:38Z,CPA289,"50.067444,8.701468",1900,141,249
1757654626,2025-09-12T05:23:46Z,CPA289,"50.065659,8.693944",1800,136,249
1757654633,2025-09-12T05:23:53Z,CPA289,"50.064186,8.687884",1725,134,249
1757654641,2025-09-12T05:24:01Z,CPA289,"50.062408,8.680356",1625,134,249
1757654649,2025-09-12T05:24:09Z,CPA289,"50.060532,8.672478",1525,134,249
1757654656,2025-09-12T05:24:16Z,CPA289,"50.05925,8.667026",1450,134,249
1757654664,2025-09-12T05:24:24Z,CPA289,"50.057327,8.658889",1325,134,249
1757654673,2025-09-12T05:24:33Z,CPA289,"50.05545,8.651155",1225,134,249
1757654681,2025-09-12T05:24:41Z,CPA289,"50.053757,8.643865",1125,136,249
1757654689,2025-09-12T05:24:49Z,CPA289,"50.052017,8.636555",1050,137,249
1757654698,2025-09-12T05:24:58Z,CPA289,"50.050034,8.62835",925,138,249
1757654704,2025-09-12T05:25:04Z,CPA289,"50.048592,8.622337",850,139,249
1757654712,2025-09-12T05:25:12Z,CPA289,"50.046776,8.614543",750,140,249
1757654721,2025-09-12T05:25:21Z,CPA289,"50.044968,8.607138",650,143,249
1757654727,2025-09-12T05:25:27Z,CPA289,"50.043411,8.600633",550,146,249
1757654734,2025-09-12T05:25:34Z,CPA289,"50.041855,8.593983",450,148,249
1757654742,2025-09-12T05:25:42Z,CPA289,"50.039749,8.585165",325,149,249
1757654750,2025-09-12T05:25:50Z,CPA289,"50.038055,8.578154",250,147,249
1757654759,2025-09-12T05:25:59Z,CPA289,"50.036068,8.569856",250,125,249
1757654765,2025-09-12T05:26:05Z,CPA289,"50.034996,8.565328",0,100,250
1757654773,2025-09-12T05:26:13Z,CPA289,"50.033844,8.560518",0,68,247
1757654780,2025-09-12T05:26:20Z,CPA289,"50.033375,8.55853",0,48,250
1757654783,2025-09-12T05:26:23Z,CPA289,"50.033169,8.557347",0,42,255
1757654786,2025-09-12T05:26:26Z,CPA289,"50.033112,8.556651",0,39,261
1757654791,2025-09-12T05:26:31Z,CPA289,"50.0331,8.555491",0,32,270
1757654793,2025-09-12T05:26:33Z,CPA289,"50.033146,8.555061",0,29,275
1757654794,2025-09-12T05:26:34Z,CPA289,"50.03318,8.55473",0,27,278
1757654797,2025-09-12T05:26:37Z,CPA289,"50.033215,8.554416",0,23,278
1757654798,2025-09-12T05:26:38Z,CPA289,"50.033237,8.554193",0,21,278
1757654800,2025-09-12T05:26:40Z,CPA289,"50.033264,8.553914",0,18,278
1757654803,2025-09-12T05:26:43Z,CPA289,"50.033295,8.553652",0,15,278
1757654808,2025-09-12T05:26:48Z,CPA289,"50.033344,8.553209",0,10,278
1757654816,2025-09-12T05:26:56Z,CPA289,"50.033386,8.552766",0,6,278
1757654824,2025-09-12T05:27:04Z,CPA289,"50.033424,8.552448",0,7,278
1757654830,2025-09-12T05:27:10Z,CPA289,"50.033474,8.552077",0,8,278
1757654838,2025-09-12T05:27:18Z,CPA289,"50.033669,8.551724",0,9,278
1757654849,2025-09-12T05:27:29Z,CPA289,"50.034142,8.551754",0,9,278
1757654858,2025-09-12T05:27:38Z,CPA289,"50.034359,8.55226",0,10,278
1757654865,2025-09-12T05:27:45Z,CPA289,"50.034496,8.552856",0,11,278
1757654873,2025-09-12T05:27:53Z,CPA289,"50.034637,8.553488",0,13,278
1757654882,2025-09-12T05:28:02Z,CPA289,"50.034836,8.554304",0,15,278
1757654888,2025-09-12T05:28:08Z,CPA289,"50.034977,8.554916",0,15,278
1757654896,2025-09-12T05:28:16Z,CPA289,"50.035206,8.555882",0,17,278
1757654903,2025-09-12T05:28:23Z,CPA289,"50.035423,8.55676",0,18,278
1757654913,2025-09-12T05:28:33Z,CPA289,"50.035698,8.557934",0,19,278
1757654919,2025-09-12T05:28:39Z,CPA289,"50.035938,8.558962",0,19,278
1757654926,2025-09-12T05:28:46Z,CPA289,"50.03616,8.55989",0,19,278
1757654931,2025-09-12T05:28:51Z,CPA289,"50.036293,8.560428",0,20,70
1757654933,2025-09-12T05:28:53Z,CPA289,"50.036373,8.560771",0,20,70
1757654935,2025-09-12T05:28:55Z,CPA289,"50.036453,8.561096",0,20,70
1757654938,2025-09-12T05:28:58Z,CPA289,"50.036533,8.56144",0,20,70
1757654942,2025-09-12T05:29:02Z,CPA289,"50.036663,8.561987",0,20,70
1757654944,2025-09-12T05:29:04Z,CPA289,"50.03672,8.56221",0,20,70
1757654947,2025-09-12T05:29:07Z,CPA289,"50.036858,8.562785",0,21,70
1757654951,2025-09-12T05:29:11Z,CPA289,"50.036968,8.563283",0,21,70
1757654958,2025-09-12T05:29:18Z,CPA289,"50.03722,8.564331",0,22,70
1757654965,2025-09-12T05:29:25Z,CPA289,"50.037506,8.565487",0,23,70
1757654972,2025-09-12T05:29:32Z,CPA289,"50.037769,8.566607",0,22,70
1757654984,2025-09-12T05:29:44Z,CPA289,"50.038136,8.568126",0,19,70
1757654991,2025-09-12T05:29:51Z,CPA289,"50.038353,8.569047",0,18,70
1757654997,2025-09-12T05:29:57Z,CPA289,"50.038559,8.569914",0,19,70
1757655006,2025-09-12T05:30:06Z,CPA289,"50.038834,8.571071",0,19,70
1757655012,2025-09-12T05:30:12Z,CPA289,"50.039028,8.571866",0,19,70
1757655019,2025-09-12T05:30:19Z,CPA289,"50.039234,8.572769",0,18,70
1757655026,2025-09-12T05:30:26Z,CPA289,"50.039452,8.573672",0,18,70
1757655034,2025-09-12T05:30:34Z,CPA289,"50.039677,8.574606",0,18,70
1757655040,2025-09-12T05:30:40Z,CPA289,"50.03986,8.575367",0,19,70
1757655048,2025-09-12T05:30:48Z,CPA289,"50.040142,8.576536",0,20,70
1757655055,2025-09-12T05:30:55Z,CPA289,"50.040379,8.577521",0,20,70
1757655063,2025-09-12T05:31:03Z,CPA289,"50.04063,8.578578",0,20,70
1757655070,2025-09-12T05:31:10Z,CPA289,"50.040848,8.579491",0,17,70
1757655077,2025-09-12T05:31:17Z,CPA289,"50.041031,8.58025",0,15,70
1757655084,2025-09-12T05:31:24Z,CPA289,"50.041176,8.580842",0,13,70
1757655091,2025-09-12T05:31:31Z,CPA289,"50.041374,8.581262",0,12,70
1757655101,2025-09-12T05:31:41Z,CPA289,"50.041908,8.581733",0,12,70
1757655107,2025-09-12T05:31:47Z,CPA289,"50.042271,8.581974",0,13,70
1757655114,2025-09-12T05:31:54Z,CPA289,"50.042622,8.582093",0,12,70
1757655122,2025-09-12T05:32:02Z,CPA289,"50.043076,8.581919",0,13,70
1757655129,2025-09-12T05:32:09Z,CPA289,"50.043434,8.581696",0,14,70
1757655136,2025-09-12T05:32:16Z,CPA289,"50.043888,8.581436",0,14,70
1757655144,2025-09-12T05:32:24Z,CPA289,"50.044395,8.581154",0,15,70
1757655152,2025-09-12T05:32:32Z,CPA289,"50.044842,8.580882",0,12,70
1757655159,2025-09-12T05:32:39Z,CPA289,"50.045242,8.580647",0,12,70
1757655167,2025-09-12T05:32:47Z,CPA289,"50.045643,8.580431",0,12,70
1757655173,2025-09-12T05:32:53Z,CPA289,"50.045952,8.58025",0,12,70
1757655180,2025-09-12T05:33:00Z,CPA289,"50.046345,8.580026",0,12,70
1757655187,2025-09-12T05:33:07Z,CPA289,"50.04673,8.579799",0,12,70
1757655195,2025-09-12T05:33:15Z,CPA289,"50.047016,8.579636",0,9,70
1757655204,2025-09-12T05:33:24Z,CPA289,"50.047356,8.579469",0,9,70
1757655213,2025-09-12T05:33:33Z,CPA289,"50.047783,8.579744",0,10,70
1757655220,2025-09-12T05:33:40Z,CPA289,"50.047955,8.580159",0,9,70
1757655227,2025-09-12T05:33:47Z,CPA289,"50.048077,8.580638",0,10,70
1757655234,2025-09-12T05:33:54Z,CPA289,"50.048172,8.581046",0,9,70
1757655241,2025-09-12T05:34:01Z,CPA289,"50.048275,8.581497",0,8,70
1757655249,2025-09-12T05:34:09Z,CPA289,"50.048355,8.581841",0,7,70
1757655256,2025-09-12T05:34:16Z,CPA289,"50.04847,8.582075",0,6,70
1757655262,2025-09-12T05:34:22Z,CPA289,"50.048687,8.582148",0,8,70
1757655269,2025-09-12T05:34:29Z,CPA289,"50.048916,8.582057",0,7,70
1757655278,2025-09-12T05:34:38Z,CPA289,"50.04916,8.5819",0,5,70
1757655291,2025-09-12T05:34:51Z,CPA289,"50.049362,8.581786",0,3,70
