Timestamp,UTC,Callsign,Position,Altitude,Speed,Direction
1757692297,2025-09-12T15:51:37Z,CPA291,"22.313805,113.926971",0,0,205
1757692399,2025-09-12T15:53:19Z,CPA291,"22.314095,113.927132",0,3,208
1757692418,2025-09-12T15:53:38Z,CPA291,"22.314331,113.927223",0,2,219
1757692438,2025-09-12T15:53:58Z,CPA291,"22.31456,113.927368",0,3,236
1757692456,2025-09-12T15:54:16Z,CPA291,"22.31472,113.927574",0,3,241
1757692478,2025-09-12T15:54:38Z,CPA291,"22.314861,113.927803",0,3,253
1757692550,2025-09-12T15:55:50Z,CPA291,"22.314938,113.928108",0,0,250
1757692784,2025-09-12T15:59:44Z,CPA291,"22.314857,113.927757",0,0,255
1757692796,2025-09-12T15:59:56Z,CPA291,"22.314938,113.927536",0,4,275
1757692810,2025-09-12T16:00:10Z,CPA291,"22.315063,113.927315",0,4,292
1757692823,2025-09-12T16:00:23Z,CPA291,"22.315176,113.927078",0,5,295
1757692833,2025-09-12T16:00:33Z,CPA291,"22.315327,113.92675",0,7,295
1757692844,2025-09-12T16:00:44Z,CPA291,"22.315487,113.926399",0,8,295
1757692854,2025-09-12T16:00:54Z,CPA291,"22.315647,113.926048",0,9,295
1757692861,2025-09-12T16:01:01Z,CPA291,"22.315781,113.925758",0,10,295
1757692869,2025-09-12T16:01:09Z,CPA291,"22.315956,113.925377",0,10,295
1757692877,2025-09-12T16:01:17Z,CPA291,"22.316116,113.925026",0,11,295
1757692883,2025-09-12T16:01:23Z,CPA291,"22.316254,113.924713",0,11,295
1757692891,2025-09-12T16:01:31Z,CPA291,"22.316414,113.924355",0,12,295
1757692897,2025-09-12T16:01:37Z,CPA291,"22.316549,113.923988",0,12,289
1757692901,2025-09-12T16:01:41Z,CPA291,"22.316517,113.923752",0,12,272
1757692905,2025-09-12T16:01:45Z,CPA291,"22.316437,113.923538",0,11,258
1757692910,2025-09-12T16:01:50Z,CPA291,"22.316328,113.923286",0,11,250
1757692914,2025-09-12T16:01:54Z,CPA291,"22.316257,113.923073",0,11,250
1757692918,2025-09-12T16:01:58Z,CPA291,"22.316189,113.922859",0,11,250
1757692922,2025-09-12T16:02:02Z,CPA291,"22.316118,113.922653",0,12,250
1757692934,2025-09-12T16:02:14Z,CPA291,"22.315886,113.921944",0,12,250
1757692941,2025-09-12T16:02:21Z,CPA291,"22.315796,113.921654",0,13,250
1757692948,2025-09-12T16:02:28Z,CPA291,"22.31563,113.921112",0,12,250
1757692955,2025-09-12T16:02:35Z,CPA291,"22.315475,113.920769",0,10,244
1757692960,2025-09-12T16:02:40Z,CPA291,"22.315269,113.920647",0,10,222
1757692965,2025-09-12T16:02:45Z,CPA291,"22.315041,113.920654",0,11,196
1757692969,2025-09-12T16:02:49Z,CPA291,"22.314838,113.920723",0,10,177
1757692974,2025-09-12T16:02:54Z,CPA291,"22.314629,113.920837",0,9,163
1757692985,2025-09-12T16:03:05Z,CPA291,"22.314274,113.920967",0,8,160
1757692993,2025-09-12T16:03:13Z,CPA291,"22.313965,113.921089",0,8,160
1757693000,2025-09-12T16:03:20Z,CPA291,"22.313732,113.921181",0,9,160
1757693010,2025-09-12T16:03:30Z,CPA291,"22.313383,113.921318",0,10,160
1757693017,2025-09-12T16:03:37Z,CPA291,"22.312941,113.921486",0,12,160
1757693024,2025-09-12T16:03:44Z,CPA291,"22.312546,113.921631",0,13,160
1757693031,2025-09-12T16:03:51Z,CPA291,"22.312157,113.921768",0,14,160
1757693038,2025-09-12T16:03:58Z,CPA291,"22.311649,113.921951",0,15,160
1757693045,2025-09-12T16:04:05Z,CPA291,"22.311184,113.922127",0,15,160
1757693052,2025-09-12T16:04:12Z,CPA291,"22.310772,113.922295",0,16,160
1757693059,2025-09-12T16:04:19Z,CPA291,"22.310171,113.922516",0,16,160
1757693066,2025-09-12T16:04:26Z,CPA291,"22.309696,113.922691",0,16,160
1757693074,2025-09-12T16:04:34Z,CPA291,"22.309147,113.92289",0,17,160
1757693082,2025-09-12T16:04:42Z,CPA291,"22.308531,113.923126",0,15,160
1757693089,2025-09-12T16:04:49Z,CPA291,"22.308094,113.923294",0,13,160
1757693096,2025-09-12T16:04:56Z,CPA291,"22.307716,113.923431",0,11,160
1757693101,2025-09-12T16:05:01Z,CPA291,"22.307499,113.923477",0,11,165
1757693106,2025-09-12T16:05:06Z,CPA291,"22.30724,113.923393",0,12,188
1757693112,2025-09-12T16:05:12Z,CPA291,"22.307053,113.923126",0,12,222
1757693116,2025-09-12T16:05:16Z,CPA291,"22.306995,113.922905",0,11,239
1757693120,2025-09-12T16:05:20Z,CPA291,"22.306938,113.922668",0,11,250
1757693124,2025-09-12T16:05:24Z,CPA291,"22.30689,113.922462",0,11,253
1757693129,2025-09-12T16:05:29Z,CPA291,"22.306808,113.922195",0,11,250
1757693134,2025-09-12T16:05:34Z,CPA291,"22.306715,113.921944",0,11,250
1757693141,2025-09-12T16:05:41Z,CPA291,"22.30661,113.921608",0,12,250
1757693155,2025-09-12T16:05:55Z,CPA291,"22.306332,113.920731",0,13,250
1757693161,2025-09-12T16:06:01Z,CPA291,"22.306206,113.920319",0,13,250
1757693169,2025-09-12T16:06:09Z,CPA291,"22.306057,113.919868",0,13,250
1757693176,2025-09-12T16:06:16Z,CPA291,"22.305912,113.919411",0,14,250
1757693184,2025-09-12T16:06:24Z,CPA291,"22.305725,113.918861",0,14,250
1757693191,2025-09-12T16:06:31Z,CPA291,"22.305563,113.918343",0,14,250
1757693198,2025-09-12T16:06:38Z,CPA291,"22.305412,113.917862",0,15,250
1757693205,2025-09-12T16:06:45Z,CPA291,"22.30526,113.917404",0,15,250
1757693212,2025-09-12T16:06:52Z,CPA291,"22.305073,113.916847",0,15,250
1757693219,2025-09-12T16:06:59Z,CPA291,"22.304922,113.916344",0,15,250
1757693226,2025-09-12T16:07:06Z,CPA291,"22.304749,113.91581",0,16,250
1757693233,2025-09-12T16:07:13Z,CPA291,"22.304562,113.915237",0,16,250
1757693240,2025-09-12T16:07:20Z,CPA291,"22.304377,113.91468",0,17,250
1757693249,2025-09-12T16:07:29Z,CPA291,"22.304167,113.913994",0,17,250
1757693256,2025-09-12T16:07:36Z,CPA291,"22.303974,113.913414",0,17,250
1757693263,2025-09-12T16:07:43Z,CPA291,"22.303782,113.912834",0,17,250
1757693270,2025-09-12T16:07:50Z,CPA291,"22.303585,113.912216",0,18,250
1757693277,2025-09-12T16:07:57Z,CPA291,"22.303379,113.911583",0,18,250
1757693284,2025-09-12T16:08:04Z,CPA291,"22.303177,113.910942",0,19,250
1757693291,2025-09-12T16:08:11Z,CPA291,"22.302967,113.910309",0,19,250
1757693298,2025-09-12T16:08:18Z,CPA291,"22.302773,113.909698",0,20,250
1757693305,2025-09-12T16:08:25Z,CPA291,"22.302544,113.908997",0,20,250
1757693313,2025-09-12T16:08:33Z,CPA291,"22.302326,113.908295",0,20,250
1757693319,2025-09-12T16:08:39Z,CPA291,"22.302095,113.90757",0,21,250
1757693326,2025-09-12T16:08:46Z,CPA291,"22.301874,113.906883",0,21,250
1757693335,2025-09-12T16:08:55Z,CPA291,"22.301582,113.906029",0,21,250
1757693342,2025-09-12T16:09:02Z,CPA291,"22.301353,113.905304",0,21,250
1757693349,2025-09-12T16:09:09Z,CPA291,"22.301151,113.904671",0,21,250
1757693356,2025-09-12T16:09:16Z,CPA291,"22.300873,113.903786",0,22,250
1757693363,2025-09-12T16:09:23Z,CPA291,"22.300655,113.903107",0,22,250
1757693371,2025-09-12T16:09:31Z,CPA291,"22.300396,113.902321",0,22,250
1757693378,2025-09-12T16:09:38Z,CPA291,"22.300129,113.901505",0,22,250
1757693385,2025-09-12T16:09:45Z,CPA291,"22.299908,113.900795",0,22,250
1757693392,2025-09-12T16:09:52Z,CPA291,"22.299662,113.900055",0,22,250
1757693399,2025-09-12T16:09:59Z,CPA291,"22.299429,113.899292",0,22,250
1757693409,2025-09-12T16:10:09Z,CPA291,"22.29908,113.898239",0,17,250
1757693417,2025-09-12T16:10:17Z,CPA291,"22.298918,113.897743",0,12,250
1757693423,2025-09-12T16:10:23Z,CPA291,"22.29879,113.897438",0,10,244
1757693429,2025-09-12T16:10:29Z,CPA291,"22.298546,113.897308",0,10,216
1757693434,2025-09-12T16:10:34Z,CPA291,"22.298313,113.897324",0,10,194
1757693439,2025-09-12T16:10:39Z,CPA291,"22.298092,113.897385",0,9,174
1757693447,2025-09-12T16:10:47Z,CPA291,"22.29784,113.897537",0,8,160
1757693454,2025-09-12T16:10:54Z,CPA291,"22.297579,113.897629",0,8,160
1757693463,2025-09-12T16:11:03Z,CPA291,"22.297264,113.897758",0,9,160
1757693468,2025-09-12T16:11:08Z,CPA291,"22.29705,113.897835",0,9,160
1757693478,2025-09-12T16:11:18Z,CPA291,"22.296741,113.897949",0,10,160
1757693486,2025-09-12T16:11:26Z,CPA291,"22.296352,113.898163",0,10,151
1757693491,2025-09-12T16:11:31Z,CPA291,"22.296288,113.898376",0,9,126
1757693496,2025-09-12T16:11:36Z,CPA291,"22.296333,113.898582",0,9,101
1757693502,2025-09-12T16:11:42Z,CPA291,"22.29645,113.898788",0,8,78
1757693512,2025-09-12T16:11:52Z,CPA291,"22.296659,113.899384",0,24,70
1757693515,2025-09-12T16:11:55Z,CPA291,"22.296824,113.899895",0,0,70
1757693517,2025-09-12T16:11:57Z,CPA291,"22.296993,113.900406",0,51,70
1757693519,2025-09-12T16:11:59Z,CPA291,"22.297085,113.900673",0,55,70
1757693520,2025-09-12T16:12:00Z,CPA291,"22.297218,113.9011",0,62,70
1757693524,2025-09-12T16:12:04Z,CPA291,"22.297554,113.902145",0,76,70
1757693525,2025-09-12T16:12:05Z,CPA291,"22.297783,113.90284",0,84,70
1757693526,2025-09-12T16:12:06Z,CPA291,"22.297916,113.903236",0,88,70
1757693527,2025-09-12T16:12:07Z,CPA291,"22.298103,113.903816",0,94,70
1757693529,2025-09-12T16:12:09Z,CPA291,"22.298218,113.904251",0,98,71
1757693531,2025-09-12T16:12:11Z,CPA291,"22.298584,113.905403",75,107,71
1757693540,2025-09-12T16:12:20Z,CPA291,"22.300291,113.910622",75,139,70
1757693546,2025-09-12T16:12:26Z,CPA291,"22.301651,113.914787",75,161,70
1757693555,2025-09-12T16:12:35Z,CPA291,"22.303968,113.922119",75,183,71
1757693561,2025-09-12T16:12:41Z,CPA291,"22.305645,113.927666",300,184,71
1757693569,2025-09-12T16:12:49Z,CPA291,"22.308014,113.935265",650,184,71
1757693578,2025-09-12T16:12:58Z,CPA291,"22.310303,113.942802",1025,183,71
1757693586,2025-09-12T16:13:06Z,CPA291,"22.312592,113.950096",1400,183,70
1757693595,2025-09-12T16:13:15Z,CPA291,"22.314816,113.956963",1750,182,71
1757693603,2025-09-12T16:13:23Z,CPA291,"22.317097,113.964539",2050,186,72
1757693611,2025-09-12T16:13:31Z,CPA291,"22.319284,113.971764",2125,193,71
1757693620,2025-09-12T16:13:40Z,CPA291,"22.321701,113.97966",2200,204,71
1757693628,2025-09-12T16:13:48Z,CPA291,"22.324219,113.987938",2325,211,72
1757693637,2025-09-12T16:13:57Z,CPA291,"22.326733,113.996529",2500,214,72
1757693645,2025-09-12T16:14:05Z,CPA291,"22.329208,114.005028",2700,218,72
1757693651,2025-09-12T16:14:11Z,CPA291,"22.331314,114.011917",2900,219,71
1757693660,2025-09-12T16:14:20Z,CPA291,"22.333969,114.020256",3150,220,70
1757693668,2025-09-12T16:14:28Z,CPA291,"22.336508,114.029594",3400,220,77
1757693670,2025-09-12T16:14:30Z,CPA291,"22.336899,114.031944",3450,221,80
1757693673,2025-09-12T16:14:33Z,CPA291,"22.337254,114.034523",3525,222,83
1757693675,2025-09-12T16:14:35Z,CPA291,"22.337402,114.036186",3550,222,85
1757693677,2025-09-12T16:14:37Z,CPA291,"22.337532,114.038948",3625,222,87
1757693679,2025-09-12T16:14:39Z,CPA291,"22.337585,114.041084",3675,222,89
1757693681,2025-09-12T16:14:41Z,CPA291,"22.33754,114.043282",3725,222,92
1757693683,2025-09-12T16:14:43Z,CPA291,"22.33744,114.045311",3775,222,94
1757693685,2025-09-12T16:14:45Z,CPA291,"22.337219,114.048073",3850,223,96
1757693687,2025-09-12T16:14:47Z,CPA291,"22.33699,114.049873",3875,223,99
1757693689,2025-09-12T16:14:49Z,CPA291,"22.336601,114.052124",3925,223,102
1757693691,2025-09-12T16:14:51Z,CPA291,"22.335983,114.054817",4000,224,104
1757693693,2025-09-12T16:14:53Z,CPA291,"22.335434,114.056961",4050,224,107
1757693695,2025-09-12T16:14:55Z,CPA291,"22.334747,114.059013",4100,224,110
1757693697,2025-09-12T16:14:57Z,CPA291,"22.333969,114.061104",4150,224,113
1757693699,2025-09-12T16:14:59Z,CPA291,"22.333157,114.063057",4200,225,115
1757693701,2025-09-12T16:15:01Z,CPA291,"22.331955,114.065453",4275,225,118
1757693703,2025-09-12T16:15:03Z,CPA291,"22.330719,114.067696",4350,225,121
1757693705,2025-09-12T16:15:05Z,CPA291,"22.329529,114.06955",4425,225,125
1757693708,2025-09-12T16:15:08Z,CPA291,"22.328384,114.071243",4475,225,127
1757693710,2025-09-12T16:15:10Z,CPA291,"22.327194,114.072845",4525,227,130
1757693712,2025-09-12T16:15:12Z,CPA291,"22.325409,114.074944",4575,229,134
1757693714,2025-09-12T16:15:14Z,CPA291,"22.323847,114.076591",4600,230,137
1757693716,2025-09-12T16:15:16Z,CPA291,"22.32225,114.078033",4600,233,140
1757693718,2025-09-12T16:15:18Z,CPA291,"22.320465,114.079536",4625,236,144
1757693721,2025-09-12T16:15:21Z,CPA291,"22.318121,114.081215",4650,239,147
1757693723,2025-09-12T16:15:23Z,CPA291,"22.31584,114.082642",4675,243,151
1757693725,2025-09-12T16:15:25Z,CPA291,"22.313919,114.083733",4675,245,154
1757693727,2025-09-12T16:15:27Z,CPA291,"22.311836,114.084778",4700,248,156
1757693729,2025-09-12T16:15:29Z,CPA291,"22.309601,114.085747",4725,250,158
1757693731,2025-09-12T16:15:31Z,CPA291,"22.307053,114.086723",4750,253,162
1757693733,2025-09-12T16:15:33Z,CPA291,"22.304621,114.087524",4775,256,164
1757693735,2025-09-12T16:15:35Z,CPA291,"22.3022,114.088173",4800,257,166
1757693737,2025-09-12T16:15:37Z,CPA291,"22.299826,114.088692",4825,261,169
1757693739,2025-09-12T16:15:39Z,CPA291,"22.297405,114.089104",4850,263,172
1757693742,2025-09-12T16:15:42Z,CPA291,"22.294985,114.089409",4875,265,175
1757693744,2025-09-12T16:15:44Z,CPA291,"22.292423,114.089607",4900,268,177
1757693746,2025-09-12T16:15:46Z,CPA291,"22.289841,114.089668",4950,269,179
1757693748,2025-09-12T16:15:48Z,CPA291,"22.287323,114.089622",4975,271,181
1757693750,2025-09-12T16:15:50Z,CPA291,"22.284073,114.089523",5050,273,181
1757693752,2025-09-12T16:15:52Z,CPA291,"22.281555,114.089424",5075,274,182
1757693754,2025-09-12T16:15:54Z,CPA291,"22.278992,114.089325",5125,276,182
1757693756,2025-09-12T16:15:56Z,CPA291,"22.276749,114.089226",5175,276,182
1757693758,2025-09-12T16:15:58Z,CPA291,"22.273943,114.08905",5225,276,182
1757693760,2025-09-12T16:16:00Z,CPA291,"22.271381,114.088951",5300,277,182
1757693762,2025-09-12T16:16:02Z,CPA291,"22.268188,114.088776",5375,277,182
1757693764,2025-09-12T16:16:04Z,CPA291,"22.265842,114.088646",5450,277,183
1757693766,2025-09-12T16:16:06Z,CPA291,"22.263468,114.088493",5500,278,183
1757693769,2025-09-12T16:16:09Z,CPA291,"22.260178,114.088272",5600,277,183
1757693781,2025-09-12T16:16:21Z,CPA291,"22.24387,114.087471",5925,284,182
1757693794,2025-09-12T16:16:34Z,CPA291,"22.226831,114.086861",6175,292,181
1757693807,2025-09-12T16:16:47Z,CPA291,"22.209595,114.086525",6375,304,180
1757693822,2025-09-12T16:17:02Z,CPA291,"22.188812,114.089668",6650,306,164
1757693830,2025-09-12T16:17:10Z,CPA291,"22.183914,114.091972",6750,304,152
1757693834,2025-09-12T16:17:14Z,CPA291,"22.177021,114.096733",6925,304,152
1757693837,2025-09-12T16:17:17Z,CPA291,"22.171806,114.101768",7075,304,152
1757693856,2025-09-12T16:17:36Z,CPA291,"22.158539,114.129082",7675,304,102
1757693862,2025-09-12T16:17:42Z,CPA291,"22.157423,114.137169",7775,307,95
1757693865,2025-09-12T16:17:45Z,CPA291,"22.157181,114.140862",7825,309,93
1757693878,2025-09-12T16:17:58Z,CPA291,"22.156448,114.162178",8200,312,92
1757693893,2025-09-12T16:18:13Z,CPA291,"22.155281,114.184929",8625,314,93
1757693908,2025-09-12T16:18:28Z,CPA291,"22.153702,114.208176",9025,318,94
1757693921,2025-09-12T16:18:41Z,CPA291,"22.152191,114.228645",9350,323,94
1757693934,2025-09-12T16:18:54Z,CPA291,"22.15123,114.249474",9675,326,88
1757693944,2025-09-12T16:19:04Z,CPA291,"22.153139,114.266815",9975,330,78
1757693946,2025-09-12T16:19:06Z,CPA291,"22.153837,114.27002",10025,329,76
1757693948,2025-09-12T16:19:08Z,CPA291,"22.154722,114.273987",10125,329,76
1757693952,2025-09-12T16:19:12Z,CPA291,"22.155979,114.279327",10225,329,75
1757693955,2025-09-12T16:19:15Z,CPA291,"22.156723,114.282532",10300,329,75
1757693961,2025-09-12T16:19:21Z,CPA291,"22.159378,114.293571",10575,327,75
1757693963,2025-09-12T16:19:23Z,CPA291,"22.160156,114.296867",10650,326,75
1757693965,2025-09-12T16:19:25Z,CPA291,"22.160868,114.299873",10725,326,76
1757693967,2025-09-12T16:19:27Z,CPA291,"22.161798,114.303947",10825,326,76
1757693969,2025-09-12T16:19:29Z,CPA291,"22.162445,114.306854",10900,326,76
1757693971,2025-09-12T16:19:31Z,CPA291,"22.162962,114.309135",10950,326,76
1757693984,2025-09-12T16:19:44Z,CPA291,"22.167709,114.330849",11275,329,76
1757693997,2025-09-12T16:19:57Z,CPA291,"22.172272,114.352364",11600,332,76
1757694008,2025-09-12T16:20:08Z,CPA291,"22.177206,114.369408",11900,335,66
1757694010,2025-09-12T16:20:10Z,CPA291,"22.178604,114.372711",11950,336,64
1757694012,2025-09-12T16:20:12Z,CPA291,"22.179628,114.374947",12000,336,61
1757694014,2025-09-12T16:20:14Z,CPA291,"22.181442,114.378357",12075,336,59
1757694017,2025-09-12T16:20:17Z,CPA291,"22.182816,114.38076",12125,336,56
1757694019,2025-09-12T16:20:19Z,CPA291,"22.184654,114.383644",12200,338,53
1757694021,2025-09-12T16:20:21Z,CPA291,"22.187122,114.387054",12275,338,50
1757694023,2025-09-12T16:20:23Z,CPA291,"22.189869,114.390411",12325,338,49
1757694025,2025-09-12T16:20:25Z,CPA291,"22.191879,114.392647",12375,340,44
1757694027,2025-09-12T16:20:27Z,CPA291,"22.194199,114.394936",12425,341,41
1757694029,2025-09-12T16:20:29Z,CPA291,"22.197317,114.397789",12500,342,39
1757694031,2025-09-12T16:20:31Z,CPA291,"22.19902,114.399185",12525,343,36
1757694035,2025-09-12T16:20:35Z,CPA291,"22.204056,114.402885",12600,345,31
1757694037,2025-09-12T16:20:37Z,CPA291,"22.207186,114.404854",12650,346,29
1757694039,2025-09-12T16:20:39Z,CPA291,"22.210144,114.406525",12700,347,26
1757694041,2025-09-12T16:20:41Z,CPA291,"22.213074,114.407974",12725,348,23
1757694043,2025-09-12T16:20:43Z,CPA291,"22.215363,114.408974",12750,350,20
1757694045,2025-09-12T16:20:45Z,CPA291,"22.219025,114.41037",12800,351,17
1757694047,2025-09-12T16:20:47Z,CPA291,"22.222176,114.411369",12850,351,14
1757694050,2025-09-12T16:20:50Z,CPA291,"22.225574,114.412285",12900,352,11
1757694052,2025-09-12T16:20:52Z,CPA291,"22.22995,114.4132",12975,352,9
1757694054,2025-09-12T16:20:54Z,CPA291,"22.233078,114.41362",13025,354,6
1757694056,2025-09-12T16:20:56Z,CPA291,"22.236099,114.413918",13075,354,3
1757694058,2025-09-12T16:20:58Z,CPA291,"22.239262,114.414116",13125,356,1
1757694060,2025-09-12T16:21:00Z,CPA291,"22.243515,114.41407",13175,356,358
1757694062,2025-09-12T16:21:02Z,CPA291,"22.246662,114.41391",13225,357,355
1757694064,2025-09-12T16:21:04Z,CPA291,"22.249968,114.413551",13275,357,353
1757694067,2025-09-12T16:21:07Z,CPA291,"22.254065,114.412895",13325,358,349
1757694069,2025-09-12T16:21:09Z,CPA291,"22.257322,114.412178",13350,360,347
1757694071,2025-09-12T16:21:11Z,CPA291,"22.261234,114.411163",13375,362,345
1757694073,2025-09-12T16:21:13Z,CPA291,"22.264206,114.410172",13400,364,341
1757694075,2025-09-12T16:21:15Z,CPA291,"22.268005,114.408722",13400,364,339
1757694077,2025-09-12T16:21:17Z,CPA291,"22.271288,114.407249",13425,366,336
1757694079,2025-09-12T16:21:19Z,CPA291,"22.274231,114.405777",13450,368,332
1757694081,2025-09-12T16:21:21Z,CPA291,"22.277115,114.404129",13475,369,330
1757694084,2025-09-12T16:21:24Z,CPA291,"22.280878,114.401649",13500,371,327
1757694086,2025-09-12T16:21:26Z,CPA291,"22.283752,114.39959",13500,371,324
1757694088,2025-09-12T16:21:28Z,CPA291,"22.286371,114.39743",13525,373,321
1757694090,2025-09-12T16:21:30Z,CPA291,"22.289291,114.394844",13575,374,319
1757694092,2025-09-12T16:21:32Z,CPA291,"22.29261,114.391632",13600,375,317
1757694094,2025-09-12T16:21:34Z,CPA291,"22.294844,114.389397",13625,376,316
1757694096,2025-09-12T16:21:36Z,CPA291,"22.297451,114.38665",13650,376,315
1757694098,2025-09-12T16:21:38Z,CPA291,"22.300337,114.383598",13700,377,315
1757694100,2025-09-12T16:21:40Z,CPA291,"22.302887,114.380806",13750,378,314
1757694102,2025-09-12T16:21:42Z,CPA291,"22.305176,114.378365",13800,378,314
1757694105,2025-09-12T16:21:45Z,CPA291,"22.307648,114.375664",13850,378,314
1757694107,2025-09-12T16:21:47Z,CPA291,"22.310852,114.372223",13925,378,314
1757694109,2025-09-12T16:21:49Z,CPA291,"22.313324,114.369576",13975,378,315
1757694111,2025-09-12T16:21:51Z,CPA291,"22.316212,114.366455",14025,378,315
1757694143,2025-09-12T16:22:23Z,CPA291,"22.355875,114.325562",14800,381,316
1757694174,2025-09-12T16:22:54Z,CPA291,"22.397049,114.28363",15525,386,316
1757694206,2025-09-12T16:23:26Z,CPA291,"22.438784,114.240875",16000,398,316
1757694238,2025-09-12T16:23:58Z,CPA291,"22.481735,114.196739",16300,414,316
1757694269,2025-09-12T16:24:29Z,CPA291,"22.526093,114.151093",16900,418,316
1757694284,2025-09-12T16:24:44Z,CPA291,"22.548136,114.13147",17175,420,326
1757694286,2025-09-12T16:24:46Z,CPA291,"22.551439,114.129234",17200,420,328
1757694288,2025-09-12T16:24:48Z,CPA291,"22.555071,114.126945",17250,419,330
1757694290,2025-09-12T16:24:50Z,CPA291,"22.559029,114.124657",17325,419,332
1757694292,2025-09-12T16:24:52Z,CPA291,"22.56238,114.122826",17350,419,333
1757694294,2025-09-12T16:24:54Z,CPA291,"22.565872,114.12104",17400,420,335
1757694296,2025-09-12T16:24:56Z,CPA291,"22.56955,114.119263",17450,420,335
1757694299,2025-09-12T16:24:59Z,CPA291,"22.573412,114.117432",17500,419,336
1757694301,2025-09-12T16:25:01Z,CPA291,"22.576998,114.1157",17525,420,336
1757694303,2025-09-12T16:25:03Z,CPA291,"22.581573,114.113594",17575,420,336
1757694305,2025-09-12T16:25:05Z,CPA291,"22.585281,114.111794",17575,421,336
1757694307,2025-09-12T16:25:07Z,CPA291,"22.589127,114.109993",17600,422,336
1757694309,2025-09-12T16:25:09Z,CPA291,"22.592731,114.108276",17625,422,335
1757694311,2025-09-12T16:25:11Z,CPA291,"22.596313,114.106499",17650,423,335
1757694343,2025-09-12T16:25:43Z,CPA291,"22.651388,114.078369",18450,421,334
1757694374,2025-09-12T16:26:14Z,CPA291,"22.707949,114.048767",18950,428,334
1757694406,2025-09-12T16:26:46Z,CPA291,"22.763672,114.020027",19500,430,334
1757694437,2025-09-12T16:27:17Z,CPA291,"22.821257,113.990379",20000,433,334
1757694469,2025-09-12T16:27:49Z,CPA291,"22.879028,113.960625",20575,436,334
1757694501,2025-09-12T16:28:21Z,CPA291,"22.937452,113.930412",21075,439,334
1757694533,2025-09-12T16:28:53Z,CPA291,"22.995829,113.899994",21625,441,334
1757694564,2025-09-12T16:29:24Z,CPA291,"23.053507,113.867798",22025,446,329
1757694596,2025-09-12T16:29:56Z,CPA291,"23.109192,113.826752",22400,454,322
1757694627,2025-09-12T16:30:27Z,CPA291,"23.158401,113.780357",22725,460,315
1757694659,2025-09-12T16:30:59Z,CPA291,"23.206709,113.729401",23175,462,315
1757694691,2025-09-12T16:31:31Z,CPA291,"23.256912,113.677238",23700,464,316
1757694724,2025-09-12T16:32:04Z,CPA291,"23.306192,113.62574",23975,470,315
1757694754,2025-09-12T16:32:34Z,CPA291,"23.355103,113.574463",24425,470,315
1757694787,2025-09-12T16:33:07Z,CPA291,"23.405813,113.521172",24875,470,315
1757694817,2025-09-12T16:33:37Z,CPA291,"23.453342,113.471222",25300,472,315
1757694848,2025-09-12T16:34:08Z,CPA291,"23.502365,113.419502",25650,476,315
1757694881,2025-09-12T16:34:41Z,CPA291,"23.554966,113.36393",26025,478,315
1757694912,2025-09-12T16:35:12Z,CPA291,"23.603567,113.310707",26250,470,312
1757694935,2025-09-12T16:35:35Z,CPA291,"23.62163,113.288269",26325,487,310
1757694978,2025-09-12T16:36:18Z,CPA291,"23.675079,113.200737",26725,496,295
1757695012,2025-09-12T16:36:52Z,CPA291,"23.707193,113.122543",27100,497,295
1757695047,2025-09-12T16:37:27Z,CPA291,"23.740219,113.045403",27475,498,295
1757695078,2025-09-12T16:37:58Z,CPA291,"23.771435,112.971275",27600,500,294
1757695110,2025-09-12T16:38:30Z,CPA291,"23.811935,112.874413",27600,500,294
1757695147,2025-09-12T16:39:07Z,CPA291,"23.847931,112.788445",27625,502,294
1757695177,2025-09-12T16:39:37Z,CPA291,"23.876596,112.719879",27925,502,294
1757695205,2025-09-12T16:40:05Z,CPA291,"23.892975,112.680611",28150,502,294
1757695235,2025-09-12T16:40:35Z,CPA291,"23.921799,112.611366",28550,500,294
1757695274,2025-09-12T16:41:14Z,CPA291,"23.957319,112.525909",28850,502,294
1757695308,2025-09-12T16:41:48Z,CPA291,"23.991859,112.442635",29100,506,294
1757695344,2025-09-12T16:42:24Z,CPA291,"24.038179,112.330956",29275,510,294
1757695374,2025-09-12T16:42:54Z,CPA291,"24.051453,112.298943",29350,512,294
1757695411,2025-09-12T16:43:31Z,CPA291,"24.103119,112.173729",29625,516,294
1757695443,2025-09-12T16:44:03Z,CPA291,"24.123508,112.124184",29750,516,294
1757695473,2025-09-12T16:44:33Z,CPA291,"24.153122,112.052254",29900,518,294
1757695507,2025-09-12T16:45:07Z,CPA291,"24.186773,111.970322",30075,521,294
1757695542,2025-09-12T16:45:42Z,CPA291,"24.220943,111.886887",30300,522,294
1757695570,2025-09-12T16:46:10Z,CPA291,"24.248503,111.819679",30500,522,294
1757695614,2025-09-12T16:46:54Z,CPA291,"24.292099,111.713051",30750,522,294
1757695648,2025-09-12T16:47:28Z,CPA291,"24.325731,111.630524",30850,526,294
1757695683,2025-09-12T16:48:03Z,CPA291,"24.363785,111.547951",31025,521,305
1757695688,2025-09-12T16:48:08Z,CPA291,"24.371353,111.536728",31075,520,308
1757695693,2025-09-12T16:48:13Z,CPA291,"24.378662,111.526985",31125,518,310
1757695698,2025-09-12T16:48:18Z,CPA291,"24.386017,111.517609",31150,517,311
1757695703,2025-09-12T16:48:23Z,CPA291,"24.394117,111.507446",31175,518,311
1757695708,2025-09-12T16:48:28Z,CPA291,"24.402145,111.497292",31200,518,311
1757695743,2025-09-12T16:49:03Z,CPA291,"24.455893,111.425827",31325,521,309
1757695777,2025-09-12T16:49:37Z,CPA291,"24.507614,111.355492",31450,524,309
1757695812,2025-09-12T16:50:12Z,CPA291,"24.560541,111.284142",31575,525,309
1757695846,2025-09-12T16:50:46Z,CPA291,"24.613358,111.21302",31675,528,309
1757695876,2025-09-12T16:51:16Z,CPA291,"24.6595,111.150414",31800,528,309
1757695910,2025-09-12T16:51:50Z,CPA291,"24.711365,111.079964",31975,529,309
1757695945,2025-09-12T16:52:25Z,CPA291,"24.765791,111.005966",32100,526,309
1757695970,2025-09-12T16:52:50Z,CPA291,"24.807404,110.958351",32100,522,322
1757695984,2025-09-12T16:53:04Z,CPA291,"24.835556,110.938164",32125,518,332
1757695989,2025-09-12T16:53:09Z,CPA291,"24.846001,110.932274",32125,518,334
1757695994,2025-09-12T16:53:14Z,CPA291,"24.857031,110.926361",32100,517,334
1757695999,2025-09-12T16:53:19Z,CPA291,"24.86797,110.920258",32100,518,332
1757696004,2025-09-12T16:53:24Z,CPA291,"24.878401,110.913979",32100,518,330
1757696017,2025-09-12T16:53:37Z,CPA291,"24.904312,110.894875",32100,522,322
1757696022,2025-09-12T16:53:42Z,CPA291,"24.913874,110.8862",32100,522,319
1757696027,2025-09-12T16:53:47Z,CPA291,"24.922672,110.877182",32100,524,316
1757696032,2025-09-12T16:53:52Z,CPA291,"24.930359,110.868431",32100,525,312
1757696037,2025-09-12T16:53:57Z,CPA291,"24.938873,110.857544",32100,526,309
1757696042,2025-09-12T16:54:02Z,CPA291,"24.946426,110.847168",32100,528,308
1757696047,2025-09-12T16:54:07Z,CPA291,"24.953613,110.836945",32100,528,308
1757696077,2025-09-12T16:54:37Z,CPA291,"24.9993,110.773773",32100,527,309
1757696111,2025-09-12T16:55:11Z,CPA291,"25.051901,110.703064",32100,525,309
1757696146,2025-09-12T16:55:46Z,CPA291,"25.104784,110.630821",32100,521,309
1757696181,2025-09-12T16:56:21Z,CPA291,"25.157574,110.558372",32100,520,309
1757696216,2025-09-12T16:56:56Z,CPA291,"25.2099,110.486343",32100,518,308
1757696246,2025-09-12T16:57:26Z,CPA291,"25.254684,110.424553",32100,516,309
1757696275,2025-09-12T16:57:55Z,CPA291,"25.298815,110.363731",32100,516,309
1757696310,2025-09-12T16:58:30Z,CPA291,"25.350161,110.292839",32100,515,308
1757696345,2025-09-12T16:59:05Z,CPA291,"25.402161,110.220909",32100,515,308
1757696387,2025-09-12T16:59:47Z,CPA291,"25.464912,110.134056",32100,513,308
1757696421,2025-09-12T17:00:21Z,CPA291,"25.51465,110.064949",32100,512,308
1757696450,2025-09-12T17:00:50Z,CPA291,"25.557505,110.005432",32100,510,308
1757696485,2025-09-12T17:01:25Z,CPA291,"25.608627,109.934288",32100,508,309
1757696515,2025-09-12T17:01:55Z,CPA291,"25.65247,109.87323",32100,510,308
1757696558,2025-09-12T17:02:38Z,CPA291,"25.716293,109.784149",32100,513,308
1757696593,2025-09-12T17:03:13Z,CPA291,"25.766331,109.711151",32100,515,305
1757696628,2025-09-12T17:03:48Z,CPA291,"25.809771,109.629929",32100,518,298
1757696656,2025-09-12T17:04:16Z,CPA291,"25.83618,109.56691",32100,519,293
1757696693,2025-09-12T17:04:53Z,CPA291,"25.866098,109.47068",32100,519,286
1757696727,2025-09-12T17:05:27Z,CPA291,"25.88887,109.38382",32100,518,287
1757696761,2025-09-12T17:06:01Z,CPA291,"25.91217,109.297073",32100,517,286
1757696795,2025-09-12T17:06:35Z,CPA291,"25.934967,109.210945",32100,517,286
1757696835,2025-09-12T17:07:15Z,CPA291,"25.961975,109.108284",32100,516,286
1757696865,2025-09-12T17:07:45Z,CPA291,"25.981735,109.032806",32100,515,286
1757696900,2025-09-12T17:08:20Z,CPA291,"26.004959,108.94416",32100,514,287
1757696943,2025-09-12T17:09:03Z,CPA291,"26.03364,108.834213",32100,515,287
1757696966,2025-09-12T17:09:26Z,CPA291,"26.048679,108.776459",32100,516,287
1757697000,2025-09-12T17:10:00Z,CPA291,"26.071207,108.689804",32100,518,286
1757697044,2025-09-12T17:10:44Z,CPA291,"26.101141,108.577881",32100,517,287
1757697079,2025-09-12T17:11:19Z,CPA291,"26.124756,108.488953",32100,516,287
1757697113,2025-09-12T17:11:53Z,CPA291,"26.151184,108.402893",32100,518,293
1757697148,2025-09-12T17:12:28Z,CPA291,"26.18647,108.318962",32100,518,296
1757697183,2025-09-12T17:13:03Z,CPA291,"26.222946,108.234924",32100,518,296
1757697218,2025-09-12T17:13:38Z,CPA291,"26.259092,108.150421",32100,518,296
1757697246,2025-09-12T17:14:06Z,CPA291,"26.28805,108.083282",32100,516,296
1757697280,2025-09-12T17:14:40Z,CPA291,"26.32324,108.001518",32100,515,296
1757697324,2025-09-12T17:15:24Z,CPA291,"26.368099,107.897041",32100,514,295
1757697359,2025-09-12T17:15:59Z,CPA291,"26.404221,107.812721",32100,514,295
1757697398,2025-09-12T17:16:38Z,CPA291,"26.443951,107.719681",32100,515,296
1757697433,2025-09-12T17:17:13Z,CPA291,"26.479843,107.635483",32100,514,295
1757697456,2025-09-12T17:17:36Z,CPA291,"26.503418,107.5802",32100,513,295
1757697496,2025-09-12T17:18:16Z,CPA291,"26.543945,107.484848",32100,513,295
1757697531,2025-09-12T17:18:51Z,CPA291,"26.57807,107.404137",32100,515,295
1757697569,2025-09-12T17:19:29Z,CPA291,"26.617859,107.310051",32100,515,295
1757697609,2025-09-12T17:20:09Z,CPA291,"26.657547,107.216248",32100,516,295
1757697643,2025-09-12T17:20:43Z,CPA291,"26.693207,107.131935",32100,510,296
1757697678,2025-09-12T17:21:18Z,CPA291,"26.728317,107.049278",32100,503,295
1757697712,2025-09-12T17:21:52Z,CPA291,"26.7621,106.969681",32100,500,295
1757697747,2025-09-12T17:22:27Z,CPA291,"26.800123,106.889053",32100,501,301
1757697787,2025-09-12T17:23:07Z,CPA291,"26.852867,106.805809",32100,501,309
1757697822,2025-09-12T17:23:42Z,CPA291,"26.907473,106.738411",32100,499,315
1757697862,2025-09-12T17:24:22Z,CPA291,"26.9767,106.669373",32100,499,319
1757697892,2025-09-12T17:24:52Z,CPA291,"27.028229,106.618721",32100,499,318
1757697922,2025-09-12T17:25:22Z,CPA291,"27.078413,106.569077",32100,499,318
1757697964,2025-09-12T17:26:04Z,CPA291,"27.154221,106.494415",32100,502,319
1757697998,2025-09-12T17:26:38Z,CPA291,"27.213322,106.436234",32100,504,319
1757698033,2025-09-12T17:27:13Z,CPA291,"27.274862,106.375755",32100,506,319
1757698062,2025-09-12T17:27:42Z,CPA291,"27.324371,106.327858",32100,508,319
1757698103,2025-09-12T17:28:23Z,CPA291,"27.39912,106.255257",32100,509,319
1757698133,2025-09-12T17:28:53Z,CPA291,"27.452459,106.203201",32100,508,319
1757698166,2025-09-12T17:29:26Z,CPA291,"27.51141,106.145653",32100,507,319
1757698208,2025-09-12T17:30:08Z,CPA291,"27.605524,106.053452",32100,508,318
1757698253,2025-09-12T17:30:53Z,CPA291,"27.664261,105.99324",32100,509,315
1757698287,2025-09-12T17:31:27Z,CPA291,"27.733263,105.90081",32100,508,306
1757698297,2025-09-12T17:31:37Z,CPA291,"27.746155,105.879906",32100,508,303
1757698299,2025-09-12T17:31:39Z,CPA291,"27.748066,105.876724",32100,508,303
1757698330,2025-09-12T17:32:10Z,CPA291,"27.786118,105.80471",32100,509,297
1757698361,2025-09-12T17:32:41Z,CPA291,"27.816696,105.730347",32100,512,291
1757698393,2025-09-12T17:33:13Z,CPA291,"27.84169,105.649193",32100,514,288
1757698422,2025-09-12T17:33:42Z,CPA291,"27.856701,105.604111",32100,513,293
1757698452,2025-09-12T17:34:12Z,CPA291,"27.886049,105.530678",32100,513,294
1757698485,2025-09-12T17:34:45Z,CPA291,"27.91728,105.449951",32100,514,294
1757698523,2025-09-12T17:35:23Z,CPA291,"27.956388,105.358292",32100,513,299
1757698556,2025-09-12T17:35:56Z,CPA291,"27.999252,105.285202",32100,513,307
1757698591,2025-09-12T17:36:31Z,CPA291,"28.053822,105.213585",32100,511,314
1757698605,2025-09-12T17:36:45Z,CPA291,"28.078911,105.188377",32100,512,323
1757698614,2025-09-12T17:36:54Z,CPA291,"28.096184,105.174812",32100,511,328
1757698619,2025-09-12T17:36:59Z,CPA291,"28.10647,105.167969",32100,512,331
1757698624,2025-09-12T17:37:04Z,CPA291,"28.116579,105.162033",32100,511,335
1757698629,2025-09-12T17:37:09Z,CPA291,"28.125233,105.157578",32100,511,336
1757698633,2025-09-12T17:37:13Z,CPA291,"28.13612,105.152634",32100,512,340
1757698638,2025-09-12T17:37:18Z,CPA291,"28.14748,105.148323",32100,512,343
1757698643,2025-09-12T17:37:23Z,CPA291,"28.159515,105.144547",32125,511,346
1757698648,2025-09-12T17:37:28Z,CPA291,"28.170639,105.14164",32125,511,347
1757698653,2025-09-12T17:37:33Z,CPA291,"28.17951,105.139481",32125,512,348
1757698657,2025-09-12T17:37:37Z,CPA291,"28.189541,105.137047",32125,513,348
1757698685,2025-09-12T17:38:05Z,CPA291,"28.256058,105.119774",32100,513,346
1757698720,2025-09-12T17:38:40Z,CPA291,"28.338303,105.097153",32100,516,346
1757698750,2025-09-12T17:39:10Z,CPA291,"28.407713,105.078522",32100,517,347
1757698794,2025-09-12T17:39:54Z,CPA291,"28.508169,105.051483",32100,517,347
1757698828,2025-09-12T17:40:28Z,CPA291,"28.589218,105.02919",32100,516,347
1757698856,2025-09-12T17:40:56Z,CPA291,"28.655319,105.011078",32100,517,346
1757698886,2025-09-12T17:41:26Z,CPA291,"28.724127,104.992249",32125,517,346
1757698921,2025-09-12T17:42:01Z,CPA291,"28.806152,104.969734",32100,514,346
1757698959,2025-09-12T17:42:39Z,CPA291,"28.89395,104.945549",32100,513,347
1757698992,2025-09-12T17:43:12Z,CPA291,"28.967176,104.925415",32100,511,346
1757699028,2025-09-12T17:43:48Z,CPA291,"29.053024,104.901688",32100,509,346
1757699062,2025-09-12T17:44:22Z,CPA291,"29.13176,104.879929",32100,505,346
1757699096,2025-09-12T17:44:56Z,CPA291,"29.20656,104.859268",32100,505,347
1757699133,2025-09-12T17:45:33Z,CPA291,"29.29211,104.835526",32100,505,346
1757699166,2025-09-12T17:46:06Z,CPA291,"29.36801,104.81443",32100,505,347
1757699200,2025-09-12T17:46:40Z,CPA291,"29.444916,104.793037",32100,505,346
1757699243,2025-09-12T17:47:23Z,CPA291,"29.543564,104.765572",32100,508,347
1757699277,2025-09-12T17:47:57Z,CPA291,"29.621422,104.743866",32100,509,346
1757699310,2025-09-12T17:48:30Z,CPA291,"29.697163,104.722649",32100,510,346
1757699353,2025-09-12T17:49:13Z,CPA291,"29.7959,104.695023",32100,509,346
1757699382,2025-09-12T17:49:42Z,CPA291,"29.861771,104.676552",32100,510,346
1757699416,2025-09-12T17:50:16Z,CPA291,"29.939886,104.65461",32100,510,347
1757699456,2025-09-12T17:50:56Z,CPA291,"30.057541,104.621513",32100,510,346
1757699488,2025-09-12T17:51:28Z,CPA291,"30.131149,104.600777",32100,510,346
1757699519,2025-09-12T17:51:59Z,CPA291,"30.201694,104.580833",32100,510,346
1757699551,2025-09-12T17:52:31Z,CPA291,"30.277267,104.559471",32100,510,346
1757699583,2025-09-12T17:53:03Z,CPA291,"30.35071,104.538704",32100,511,346
1757699614,2025-09-12T17:53:34Z,CPA291,"30.421188,104.5187",32125,513,346
1757699645,2025-09-12T17:54:05Z,CPA291,"30.493057,104.498291",32225,514,346
1757699677,2025-09-12T17:54:37Z,CPA291,"30.56424,104.47583",32325,511,338
1757699679,2025-09-12T17:54:39Z,CPA291,"30.570877,104.472603",32325,510,336
1757699683,2025-09-12T17:54:43Z,CPA291,"30.577423,104.469101",32325,509,333
1757699704,2025-09-12T17:55:04Z,CPA291,"30.600649,104.453506",32375,505,325
1757699719,2025-09-12T17:55:19Z,CPA291,"30.62645,104.428871",32400,503,315
1757699728,2025-09-12T17:55:28Z,CPA291,"30.638769,104.41362",32425,502,311
1757699761,2025-09-12T17:56:01Z,CPA291,"30.6898,104.34391",32525,500,310
1757699798,2025-09-12T17:56:38Z,CPA291,"30.761253,104.24614",32725,498,310
1757699822,2025-09-12T17:57:02Z,CPA291,"30.800354,104.199776",32800,502,321
1757699824,2025-09-12T17:57:04Z,CPA291,"30.804749,104.195847",32800,502,322
1757699826,2025-09-12T17:57:06Z,CPA291,"30.808365,104.192741",32825,503,324
1757699828,2025-09-12T17:57:08Z,CPA291,"30.812073,104.189812",32825,504,325
1757699830,2025-09-12T17:57:10Z,CPA291,"30.815918,104.186798",32825,504,327
1757699832,2025-09-12T17:57:12Z,CPA291,"30.820841,104.183182",32850,505,328
1757699835,2025-09-12T17:57:15Z,CPA291,"30.825216,104.180222",32850,505,329
1757699837,2025-09-12T17:57:17Z,CPA291,"30.829266,104.177528",32875,505,331
1757699839,2025-09-12T17:57:19Z,CPA291,"30.833921,104.174667",32875,506,332
1757699841,2025-09-12T17:57:21Z,CPA291,"30.838112,104.172195",32875,506,333
1757699843,2025-09-12T17:57:23Z,CPA291,"30.842148,104.169937",32900,506,335
1757699845,2025-09-12T17:57:25Z,CPA291,"30.847141,104.167366",32900,507,336
1757699848,2025-09-12T17:57:28Z,CPA291,"30.85199,104.164986",32900,508,337
1757699850,2025-09-12T17:57:30Z,CPA291,"30.857574,104.162399",32925,508,339
1757699852,2025-09-12T17:57:32Z,CPA291,"30.861107,104.160934",32925,509,340
1757699854,2025-09-12T17:57:34Z,CPA291,"30.86702,104.158577",32925,510,341
1757699857,2025-09-12T17:57:37Z,CPA291,"30.872047,104.156708",32950,510,343
1757699859,2025-09-12T17:57:39Z,CPA291,"30.878426,104.154617",32950,511,344
1757699861,2025-09-12T17:57:41Z,CPA291,"30.883406,104.153137",32975,511,346
1757699864,2025-09-12T17:57:44Z,CPA291,"30.888947,104.151657",32975,512,347
1757699866,2025-09-12T17:57:46Z,CPA291,"30.893234,104.150604",32975,512,348
1757699868,2025-09-12T17:57:48Z,CPA291,"30.899002,104.149345",33000,513,350
1757699870,2025-09-12T17:57:50Z,CPA291,"30.903534,104.148506",33000,513,351
1757699872,2025-09-12T17:57:52Z,CPA291,"30.909382,104.147537",33025,514,352
1757699875,2025-09-12T17:57:55Z,CPA291,"30.914503,104.146873",33025,514,354
1757699877,2025-09-12T17:57:57Z,CPA291,"30.919235,104.146355",33025,514,355
1757699880,2025-09-12T17:58:00Z,CPA291,"30.926697,104.145813",33050,515,357
1757699882,2025-09-12T17:58:02Z,CPA291,"30.932007,104.145599",33050,516,358
1757699884,2025-09-12T17:58:04Z,CPA291,"30.937592,104.145493",33050,517,359
1757699887,2025-09-12T17:58:07Z,CPA291,"30.943504,104.145554",33075,516,1
1757699889,2025-09-12T17:58:09Z,CPA291,"30.94812,104.14576",33075,517,2
1757699891,2025-09-12T17:58:11Z,CPA291,"30.952881,104.14608",33100,517,3
1757699893,2025-09-12T17:58:13Z,CPA291,"30.957687,104.146515",33100,518,5
1757699895,2025-09-12T17:58:15Z,CPA291,"30.962265,104.147041",33100,517,5
1757699897,2025-09-12T17:58:17Z,CPA291,"30.967014,104.147644",33125,518,6
1757699899,2025-09-12T17:58:19Z,CPA291,"30.973343,104.148506",33125,518,7
1757699901,2025-09-12T17:58:21Z,CPA291,"30.976931,104.149017",33125,519,7
1757699903,2025-09-12T17:58:23Z,CPA291,"30.98172,104.149742",33150,519,7
1757699905,2025-09-12T17:58:25Z,CPA291,"30.987076,104.150497",33150,518,7
1757699908,2025-09-12T17:58:28Z,CPA291,"30.990875,104.151093",33150,518,7
1757699910,2025-09-12T17:58:30Z,CPA291,"30.99678,104.151955",33175,517,7
1757699953,2025-09-12T17:59:13Z,CPA291,"31.075201,104.16143",33350,517,5
1757699992,2025-09-12T17:59:52Z,CPA291,"31.191397,104.174667",33625,516,5
1757700022,2025-09-12T18:00:22Z,CPA291,"31.266579,104.183846",33775,514,6
1757700066,2025-09-12T18:01:06Z,CPA291,"31.369446,104.195847",33975,510,5
1757700097,2025-09-12T18:01:37Z,CPA291,"31.440544,104.203842",34050,511,5
1757700131,2025-09-12T18:02:11Z,CPA291,"31.518612,104.212791",34100,513,5
1757700168,2025-09-12T18:02:48Z,CPA291,"31.611204,104.22345",34100,515,5
1757700199,2025-09-12T18:03:19Z,CPA291,"31.684477,104.231964",34100,514,5
1757700231,2025-09-12T18:03:51Z,CPA291,"31.759598,104.240654",34100,514,5
1757700264,2025-09-12T18:04:24Z,CPA291,"31.837494,104.249657",34100,513,5
1757700295,2025-09-12T18:04:55Z,CPA291,"31.910568,104.258163",34100,513,5
1757700326,2025-09-12T18:05:26Z,CPA291,"31.985531,104.266869",34100,513,5
1757700357,2025-09-12T18:05:57Z,CPA291,"32.056335,104.275108",34100,513,5
1757700388,2025-09-12T18:06:28Z,CPA291,"32.131519,104.283905",34100,513,5
1757700421,2025-09-12T18:07:01Z,CPA291,"32.208023,104.292885",34100,513,5
1757700451,2025-09-12T18:07:31Z,CPA291,"32.280579,104.301399",34100,514,5
1757700483,2025-09-12T18:08:03Z,CPA291,"32.354084,104.309975",34100,514,5
1757700514,2025-09-12T18:08:34Z,CPA291,"32.427589,104.315239",34100,509,1
1757700545,2025-09-12T18:09:05Z,CPA291,"32.502262,104.311935",34100,506,357
1757700577,2025-09-12T18:09:37Z,CPA291,"32.574883,104.30835",34100,507,357
1757700603,2025-09-12T18:10:03Z,CPA291,"32.6381,104.305542",34100,506,357
1757700658,2025-09-12T18:10:58Z,CPA291,"32.738068,104.300797",34100,507,357
1757700686,2025-09-12T18:11:26Z,CPA291,"32.808239,104.297394",34100,506,358
1757700721,2025-09-12T18:12:01Z,CPA291,"32.88588,104.293655",34100,503,357
1757700756,2025-09-12T18:12:36Z,CPA291,"32.969879,104.289589",34100,503,358
1757700791,2025-09-12T18:13:11Z,CPA291,"33.052048,104.285629",34100,502,357
1757700820,2025-09-12T18:13:40Z,CPA291,"33.120335,104.28228",34100,505,357
1757700856,2025-09-12T18:14:16Z,CPA291,"33.202358,104.278076",34100,507,356
1757700891,2025-09-12T18:14:51Z,CPA291,"33.285461,104.265579",34100,503,349
1757700926,2025-09-12T18:15:26Z,CPA291,"33.365479,104.241577",34100,498,343
1757700964,2025-09-12T18:16:04Z,CPA291,"33.445919,104.205437",34100,490,335
1757701004,2025-09-12T18:16:44Z,CPA291,"33.526291,104.155937",34100,486,332
1757701146,2025-09-12T18:19:06Z,CPA291,"33.848694,104.112053",34100,507,353
1757701183,2025-09-12T18:19:43Z,CPA291,"33.938736,104.111885",34100,508,359
1757701198,2025-09-12T18:19:58Z,CPA291,"33.973404,104.111877",34100,509,359
1757701269,2025-09-12T18:21:09Z,CPA291,"34.13887,104.111885",34100,512,359
1757701489,2025-09-12T18:24:49Z,CPA291,"34.663147,104.111938",34100,512,357
1757702008,2025-09-12T18:33:28Z,CPA291,"35.891781,104.10685",34100,502,355
1757702037,2025-09-12T18:33:57Z,CPA291,"35.958393,104.099144",34100,502,355
1757702070,2025-09-12T18:34:30Z,CPA291,"36.034691,104.091019",34100,500,355
1757702106,2025-09-12T18:35:06Z,CPA291,"36.117691,104.082024",34100,498,355
1757702135,2025-09-12T18:35:35Z,CPA291,"36.182682,104.07489",34100,494,354
1757702177,2025-09-12T18:36:17Z,CPA291,"36.27681,104.06456",34100,492,354
1757702218,2025-09-12T18:36:58Z,CPA291,"36.372147,104.052971",34100,486,351
1757702252,2025-09-12T18:37:32Z,CPA291,"36.439819,104.0336",34100,478,342
1757702287,2025-09-12T18:38:07Z,CPA291,"36.517044,103.995781",34100,470,333
1757702317,2025-09-12T18:38:37Z,CPA291,"36.572983,103.956818",34100,465,327
1757702351,2025-09-12T18:39:11Z,CPA291,"36.63121,103.902802",34100,457,319
1757702390,2025-09-12T18:39:50Z,CPA291,"36.68898,103.830353",34100,451,310
1757702433,2025-09-12T18:40:33Z,CPA291,"36.741169,103.738754",34100,443,300
1757702468,2025-09-12T18:41:08Z,CPA291,"36.774731,103.660912",34100,441,298
1757702503,2025-09-12T18:41:43Z,CPA291,"36.809052,103.581909",34100,442,299
1757702533,2025-09-12T18:42:13Z,CPA291,"36.838181,103.514641",34100,441,298
1757702568,2025-09-12T18:42:48Z,CPA291,"36.871559,103.436821",34100,442,299
1757702603,2025-09-12T18:43:23Z,CPA291,"36.90424,103.360573",34100,440,299
1757702637,2025-09-12T18:43:57Z,CPA291,"36.938324,103.281479",34100,439,299
1757702672,2025-09-12T18:44:32Z,CPA291,"36.976582,103.205742",34100,443,302
1757702706,2025-09-12T18:45:06Z,CPA291,"37.014084,103.13147",34100,443,302
1757702736,2025-09-12T18:45:36Z,CPA291,"37.046402,103.066833",34100,443,302
1757702771,2025-09-12T18:46:11Z,CPA291,"37.084538,102.990852",34100,441,302
1757702806,2025-09-12T18:46:46Z,CPA291,"37.122757,102.914543",34100,441,301
1757702841,2025-09-12T18:47:21Z,CPA291,"37.160431,102.839157",34100,441,301
1757702876,2025-09-12T18:47:56Z,CPA291,"37.197876,102.764069",34100,441,301
1757702916,2025-09-12T18:48:36Z,CPA291,"37.241184,102.67691",34100,441,301
1757702951,2025-09-12T18:49:11Z,CPA291,"37.279358,102.599976",34100,439,301
1757702980,2025-09-12T18:49:40Z,CPA291,"37.310455,102.537132",34100,437,301
1757703015,2025-09-12T18:50:15Z,CPA291,"37.344635,102.459953",34100,433,294
1757703050,2025-09-12T18:50:50Z,CPA291,"37.369858,102.377388",34100,432,287
1757703085,2025-09-12T18:51:25Z,CPA291,"37.386841,102.293701",34100,432,283
1757703128,2025-09-12T18:52:08Z,CPA291,"37.40781,102.187576",34100,435,285
1757703157,2025-09-12T18:52:37Z,CPA291,"37.421669,102.117622",34100,435,283
1757703196,2025-09-12T18:53:16Z,CPA291,"37.440399,102.020737",34100,433,283
1757703231,2025-09-12T18:53:51Z,CPA291,"37.457188,101.93438",34100,430,283
1757703266,2025-09-12T18:54:26Z,CPA291,"37.473267,101.850388",34100,430,283
1757703301,2025-09-12T18:55:01Z,CPA291,"37.489426,101.766182",34100,432,283
1757703330,2025-09-12T18:55:30Z,CPA291,"37.506485,101.694588",34100,435,290
1757703366,2025-09-12T18:56:06Z,CPA291,"37.536346,101.611671",34100,439,298
1757703400,2025-09-12T18:56:40Z,CPA291,"37.569752,101.534752",34100,439,298
1757703435,2025-09-12T18:57:15Z,CPA291,"37.602814,101.456459",34100,435,297
1757703478,2025-09-12T18:57:58Z,CPA291,"37.643463,101.360275",34100,433,298
1757703507,2025-09-12T18:58:27Z,CPA291,"37.669739,101.298325",34100,432,297
1757703547,2025-09-12T18:59:07Z,CPA291,"37.708649,101.206291",34100,430,297
1757703576,2025-09-12T18:59:36Z,CPA291,"37.735199,101.143234",34100,430,297
1757703611,2025-09-12T19:00:11Z,CPA291,"37.766968,101.067612",34100,430,297
1757703644,2025-09-12T19:00:44Z,CPA291,"37.79892,100.991409",34100,430,297
1757703677,2025-09-12T19:01:17Z,CPA291,"37.829498,100.918365",34100,430,297
1757703712,2025-09-12T19:01:52Z,CPA291,"37.862656,100.842255",34100,430,299
1757703742,2025-09-12T19:02:22Z,CPA291,"37.892963,100.775917",34100,430,299
1757703777,2025-09-12T19:02:57Z,CPA291,"37.92704,100.699905",34100,430,299
1757703812,2025-09-12T19:03:32Z,CPA291,"37.96106,100.623253",34100,430,299
1757703847,2025-09-12T19:04:07Z,CPA291,"37.995529,100.545471",34100,430,299
1757703882,2025-09-12T19:04:42Z,CPA291,"38.029083,100.469551",34100,430,299
1757703910,2025-09-12T19:05:10Z,CPA291,"38.056137,100.408203",34100,432,299
1757703953,2025-09-12T19:05:53Z,CPA291,"38.097794,100.313591",34100,428,299
1757703987,2025-09-12T19:06:27Z,CPA291,"38.129562,100.241188",34100,429,299
1757704016,2025-09-12T19:06:56Z,CPA291,"38.158543,100.17495",34100,426,299
1757704046,2025-09-12T19:07:26Z,CPA291,"38.186428,100.111305",34100,426,298
1757704092,2025-09-12T19:08:12Z,CPA291,"38.230419,100.010399",34100,424,298
1757704121,2025-09-12T19:08:41Z,CPA291,"38.258423,99.945961",34100,426,298
1757704156,2025-09-12T19:09:16Z,CPA291,"38.290424,99.872108",34100,428,298
1757704190,2025-09-12T19:09:50Z,CPA291,"38.323479,99.795746",34100,426,298
1757704243,2025-09-12T19:10:43Z,CPA291,"38.374146,99.678368",34100,426,298
1757704271,2025-09-12T19:11:11Z,CPA291,"38.399918,99.618408",34100,426,298
1757704314,2025-09-12T19:11:54Z,CPA291,"38.442123,99.520134",34100,424,298
1757704349,2025-09-12T19:12:29Z,CPA291,"38.474678,99.444031",34100,422,298
1757704377,2025-09-12T19:12:57Z,CPA291,"38.500889,99.382813",34100,420,298
1757704410,2025-09-12T19:13:30Z,CPA291,"38.531521,99.310791",34100,420,298
1757704454,2025-09-12T19:14:14Z,CPA291,"38.572083,99.215378",34100,420,298
1757704489,2025-09-12T19:14:49Z,CPA291,"38.604794,99.138123",34100,422,298
1757704523,2025-09-12T19:15:23Z,CPA291,"38.636032,99.064316",34100,422,298
1757704557,2025-09-12T19:15:57Z,CPA291,"38.667686,98.989258",34100,422,298
1757704587,2025-09-12T19:16:27Z,CPA291,"38.69577,98.922447",34100,420,298
1757704622,2025-09-12T19:17:02Z,CPA291,"38.727596,98.84668",34100,418,298
1757704662,2025-09-12T19:17:42Z,CPA291,"38.764206,98.759209",34100,418,298
1757704697,2025-09-12T19:18:17Z,CPA291,"38.796124,98.682861",34100,420,298
1757704727,2025-09-12T19:18:47Z,CPA291,"38.823448,98.617249",34100,420,298
1757704767,2025-09-12T19:19:27Z,CPA291,"38.85915,98.531479",34100,417,298
1757704796,2025-09-12T19:19:56Z,CPA291,"38.883961,98.471649",34100,416,298
1757704827,2025-09-12T19:20:27Z,CPA291,"38.912888,98.401733",34100,414,297
1757704839,2025-09-12T19:20:39Z,CPA291,"38.922836,98.377625",34100,412,297
1757704891,2025-09-12T19:21:31Z,CPA291,"38.971439,98.259811",34100,412,298
1757704929,2025-09-12T19:22:09Z,CPA291,"39.005402,98.177109",34100,412,298
1757704969,2025-09-12T19:22:49Z,CPA291,"39.040054,98.092567",34100,412,298
1757705004,2025-09-12T19:23:24Z,CPA291,"39.071106,98.016541",34100,411,298
1757705019,2025-09-12T19:23:39Z,CPA291,"39.084702,97.983337",34100,411,298
1757705079,2025-09-12T19:24:39Z,CPA291,"39.137192,97.854271",34100,411,298
1757705113,2025-09-12T19:25:13Z,CPA291,"39.167084,97.780586",34100,411,298
1757705148,2025-09-12T19:25:48Z,CPA291,"39.197754,97.704697",34100,409,297
1757705183,2025-09-12T19:26:23Z,CPA291,"39.227966,97.630066",34100,407,297
1757705193,2025-09-12T19:26:33Z,CPA291,"39.235157,97.612183",34100,407,297
1757705236,2025-09-12T19:27:16Z,CPA291,"39.274261,97.515381",34100,406,297
1757705318,2025-09-12T19:28:38Z,CPA291,"39.34293,97.344727",34100,403,298
1757705347,2025-09-12T19:29:07Z,CPA291,"39.3685,97.280952",34100,401,298
1757705377,2025-09-12T19:29:37Z,CPA291,"39.395,97.214493",34100,403,298
1757705416,2025-09-12T19:30:16Z,CPA291,"39.426998,97.134399",34100,404,298
1757705454,2025-09-12T19:30:54Z,CPA291,"39.46056,97.050049",34100,404,298
1757705488,2025-09-12T19:31:28Z,CPA291,"39.490082,96.975838",34100,405,298
1757705517,2025-09-12T19:31:57Z,CPA291,"39.514431,96.915482",34100,405,298
1757705557,2025-09-12T19:32:37Z,CPA291,"39.54771,96.832397",34100,406,298
1757705587,2025-09-12T19:33:07Z,CPA291,"39.575031,96.763733",34100,409,298
1757705617,2025-09-12T19:33:37Z,CPA291,"39.601151,96.698059",34100,412,298
1757705657,2025-09-12T19:34:17Z,CPA291,"39.63588,96.61084",34100,410,298
1757705687,2025-09-12T19:34:47Z,CPA291,"39.66206,96.54451",34100,410,297
1757705727,2025-09-12T19:35:27Z,CPA291,"39.696259,96.457458",34100,409,298
1757705762,2025-09-12T19:36:02Z,CPA291,"39.726101,96.381409",34100,406,297
1757705792,2025-09-12T19:36:32Z,CPA291,"39.752258,96.314507",34100,407,297
1757705827,2025-09-12T19:37:07Z,CPA291,"39.781681,96.238922",34100,410,297
1757705862,2025-09-12T19:37:42Z,CPA291,"39.811569,96.162323",34100,410,297
1757705892,2025-09-12T19:38:12Z,CPA291,"39.83707,96.096581",34100,409,297
1757705922,2025-09-12T19:38:42Z,CPA291,"39.862679,96.030457",34100,409,297
1757705956,2025-09-12T19:39:16Z,CPA291,"39.892101,95.954468",34100,409,297
1757705991,2025-09-12T19:39:51Z,CPA291,"39.921249,95.878883",34100,409,297
1757706021,2025-09-12T19:40:21Z,CPA291,"39.946701,95.812683",34100,410,297
1757706056,2025-09-12T19:40:56Z,CPA291,"39.976551,95.734993",34100,408,297
1757706091,2025-09-12T19:41:31Z,CPA291,"40.00584,95.658508",34100,406,297
1757706126,2025-09-12T19:42:06Z,CPA291,"40.034679,95.582817",34100,406,297
1757706156,2025-09-12T19:42:36Z,CPA291,"40.059879,95.516571",34100,408,297
1757706190,2025-09-12T19:43:10Z,CPA291,"40.088791,95.44043",34100,410,297
1757706225,2025-09-12T19:43:45Z,CPA291,"40.11731,95.365303",34100,411,297
1757706260,2025-09-12T19:44:20Z,CPA291,"40.147442,95.285606",34100,411,297
1757706304,2025-09-12T19:45:04Z,CPA291,"40.184589,95.18705",34100,411,297
1757706339,2025-09-12T19:45:39Z,CPA291,"40.213989,95.109009",34100,409,297
1757706373,2025-09-12T19:46:13Z,CPA291,"40.242599,95.033943",34100,407,297
1757706403,2025-09-12T19:46:43Z,CPA291,"40.267689,94.968132",34100,407,297
1757706437,2025-09-12T19:47:17Z,CPA291,"40.296589,94.89341",34100,408,300
1757706472,2025-09-12T19:47:52Z,CPA291,"40.333191,94.821663",34100,411,308
1757706502,2025-09-12T19:48:22Z,CPA291,"40.368889,94.764008",34100,410,309
1757706537,2025-09-12T19:48:57Z,CPA291,"40.410419,94.694946",34100,408,309
1757706572,2025-09-12T19:49:32Z,CPA291,"40.45092,94.627487",34100,408,309
1757706607,2025-09-12T19:50:07Z,CPA291,"40.492111,94.559196",34100,407,309
1757706642,2025-09-12T19:50:42Z,CPA291,"40.53257,94.491913",34100,408,309
1757706672,2025-09-12T19:51:12Z,CPA291,"40.568371,94.432228",34100,409,309
1757706707,2025-09-12T19:51:47Z,CPA291,"40.609039,94.364258",34100,410,309
1757706742,2025-09-12T19:52:22Z,CPA291,"40.64946,94.296631",34100,412,309
1757706777,2025-09-12T19:52:57Z,CPA291,"40.69178,94.225616",34100,410,309
1757706812,2025-09-12T19:53:32Z,CPA291,"40.731628,94.158752",34100,410,308
1757706847,2025-09-12T19:54:07Z,CPA291,"40.773289,94.091103",34100,410,313
1757706877,2025-09-12T19:54:37Z,CPA291,"40.814629,94.038544",34100,413,318
1757706912,2025-09-12T19:55:12Z,CPA291,"40.863831,93.979065",34100,414,318
1757706947,2025-09-12T19:55:47Z,CPA291,"40.911968,93.917625",34100,413,315
1757706981,2025-09-12T19:56:21Z,CPA291,"40.958084,93.858215",34100,415,319
1757707016,2025-09-12T19:56:56Z,CPA291,"41.009216,93.799744",34100,412,316
1757707046,2025-09-12T19:57:26Z,CPA291,"41.048809,93.744019",34100,409,311
1757707081,2025-09-12T19:58:01Z,CPA291,"41.090839,93.678337",34100,409,310
1757707116,2025-09-12T19:58:36Z,CPA291,"41.133728,93.611084",34100,408,310
1757707151,2025-09-12T19:59:11Z,CPA291,"41.17662,93.544281",34100,407,310
1757707186,2025-09-12T19:59:46Z,CPA291,"41.218563,93.478668",34100,407,310
1757707226,2025-09-12T20:00:26Z,CPA291,"41.267399,93.402199",34100,406,310
1757707256,2025-09-12T20:00:56Z,CPA291,"41.30217,93.347519",34100,405,311
1757707296,2025-09-12T20:01:36Z,CPA291,"41.351761,93.26947",34100,405,311
1757707311,2025-09-12T20:01:51Z,CPA291,"41.370506,93.239906",34100,405,311
1757707361,2025-09-12T20:02:41Z,CPA291,"41.430649,93.144958",34100,405,310
1757707396,2025-09-12T20:03:16Z,CPA291,"41.472549,93.078598",34100,403,310
1757707426,2025-09-12T20:03:46Z,CPA291,"41.50872,93.021179",34100,404,310
1757707461,2025-09-12T20:04:21Z,CPA291,"41.55048,92.954758",34100,405,310
1757707496,2025-09-12T20:04:56Z,CPA291,"41.592518,92.887741",34100,406,310
1757707531,2025-09-12T20:05:31Z,CPA291,"41.634972,92.819969",34100,407,310
1757707565,2025-09-12T20:06:05Z,CPA291,"41.675583,92.754944",34100,407,310
1757707600,2025-09-12T20:06:40Z,CPA291,"41.717789,92.687279",34100,405,310
1757707640,2025-09-12T20:07:20Z,CPA291,"41.765854,92.610001",34100,405,310
1757707675,2025-09-12T20:07:55Z,CPA291,"41.807789,92.542343",34100,405,310
1757707700,2025-09-12T20:08:20Z,CPA291,"41.837425,92.494469",34100,407,310
1757707750,2025-09-12T20:09:10Z,CPA291,"41.897003,92.397949",34100,406,310
1757707785,2025-09-12T20:09:45Z,CPA291,"41.939442,92.329163",34100,403,310
1757707820,2025-09-12T20:10:20Z,CPA291,"41.98048,92.262352",34100,406,309
1757707855,2025-09-12T20:10:55Z,CPA291,"42.022247,92.194145",34100,406,309
1757707885,2025-09-12T20:11:25Z,CPA291,"42.058319,92.135239",34100,405,309
1757707920,2025-09-12T20:12:00Z,CPA291,"42.099426,92.067924",34100,405,310
1757707955,2025-09-12T20:12:35Z,CPA291,"42.14183,91.998299",34100,407,309
1757707985,2025-09-12T20:13:05Z,CPA291,"42.177166,91.940109",34100,408,309
1757708020,2025-09-12T20:13:40Z,CPA291,"42.219769,91.869858",34100,408,309
1757708060,2025-09-12T20:14:20Z,CPA291,"42.26738,91.792709",34100,410,312
1757708090,2025-09-12T20:14:50Z,CPA291,"42.307755,91.739647",34100,413,317
1757708132,2025-09-12T20:15:32Z,CPA291,"42.366119,91.665642",34100,411,317
1757708162,2025-09-12T20:16:02Z,CPA291,"42.407742,91.612053",34100,413,316
1757708197,2025-09-12T20:16:37Z,CPA291,"42.455929,91.550133",34100,415,317
1757708227,2025-09-12T20:17:07Z,CPA291,"42.49654,91.497948",34100,415,317
1757708261,2025-09-12T20:17:41Z,CPA291,"42.545521,91.434959",34100,414,317
1757708309,2025-09-12T20:18:29Z,CPA291,"42.610432,91.351128",34100,413,317
1757708339,2025-09-12T20:18:59Z,CPA291,"42.653721,91.295052",34100,413,317
1757708374,2025-09-12T20:19:34Z,CPA291,"42.70116,91.233528",34100,413,317
1757708404,2025-09-12T20:20:04Z,CPA291,"42.742809,91.179337",34100,414,317
1757708444,2025-09-12T20:20:44Z,CPA291,"42.798481,91.106812",34100,415,317
1757708479,2025-09-12T20:21:19Z,CPA291,"42.847012,91.043373",34100,417,317
1757708514,2025-09-12T20:21:54Z,CPA291,"42.89603,90.979027",34100,416,316
1757708554,2025-09-12T20:22:34Z,CPA291,"42.944641,90.899788",34100,411,305
1757708588,2025-09-12T20:23:08Z,CPA291,"42.978699,90.825668",34100,408,302
1757708623,2025-09-12T20:23:43Z,CPA291,"43.01366,90.749161",34100,408,303
1757708658,2025-09-12T20:24:18Z,CPA291,"43.048828,90.672081",34100,409,302
1757708693,2025-09-12T20:24:53Z,CPA291,"43.083302,90.596008",34100,409,302
1757708728,2025-09-12T20:25:28Z,CPA291,"43.11813,90.518837",34100,409,302
1757708763,2025-09-12T20:26:03Z,CPA291,"43.153091,90.441223",34100,409,302
1757708793,2025-09-12T20:26:33Z,CPA291,"43.182739,90.375038",34100,411,302
1757708833,2025-09-12T20:27:13Z,CPA291,"43.222462,90.286469",34100,411,302
1757708868,2025-09-12T20:27:48Z,CPA291,"43.25528,90.212959",34100,411,302
1757708908,2025-09-12T20:28:28Z,CPA291,"43.296711,90.120079",34100,408,302
1757708943,2025-09-12T20:29:03Z,CPA291,"43.330898,90.043053",34100,406,302
1757708978,2025-09-12T20:29:38Z,CPA291,"43.365009,89.966148",34100,406,302
1757709018,2025-09-12T20:30:18Z,CPA291,"43.403999,89.877907",34100,406,302
1757709053,2025-09-12T20:30:53Z,CPA291,"43.437931,89.800972",34100,407,302
1757709083,2025-09-12T20:31:23Z,CPA291,"43.467449,89.733841",34100,406,302
1757709118,2025-09-12T20:31:58Z,CPA291,"43.500881,89.657661",34100,404,301
1757709153,2025-09-12T20:32:33Z,CPA291,"43.53495,89.579582",34100,404,301
1757709188,2025-09-12T20:33:08Z,CPA291,"43.56852,89.502609",34100,406,301
1757709228,2025-09-12T20:33:48Z,CPA291,"43.606972,89.414192",34100,406,301
1757709258,2025-09-12T20:34:18Z,CPA291,"43.636688,89.347137",34100,406,302
1757709293,2025-09-12T20:34:53Z,CPA291,"43.67112,89.270592",34100,406,302
1757709323,2025-09-12T20:35:23Z,CPA291,"43.701012,89.203491",34100,405,302
1757709363,2025-09-12T20:36:03Z,CPA291,"43.73978,89.116051",34100,404,302
1757709398,2025-09-12T20:36:38Z,CPA291,"43.774139,89.038239",34100,403,302
1757709433,2025-09-12T20:37:13Z,CPA291,"43.8078,88.961861",34100,404,302
1757709468,2025-09-12T20:37:48Z,CPA291,"43.84177,88.884499",34100,405,302
1757709503,2025-09-12T20:38:23Z,CPA291,"43.87582,88.8069",34100,405,302
1757709543,2025-09-12T20:39:03Z,CPA291,"43.914639,88.718109",34100,404,302
1757709578,2025-09-12T20:39:38Z,CPA291,"43.948662,88.640182",34100,402,302
1757709608,2025-09-12T20:40:08Z,CPA291,"43.97715,88.574593",34100,403,302
1757709643,2025-09-12T20:40:43Z,CPA291,"44.01104,88.496437",34100,403,302
1757709678,2025-09-12T20:41:18Z,CPA291,"44.043541,88.421371",34100,404,301
1757709713,2025-09-12T20:41:53Z,CPA291,"44.07785,88.341721",34100,403,301
1757709748,2025-09-12T20:42:28Z,CPA291,"44.11116,88.26442",34100,401,301
1757709783,2025-09-12T20:43:03Z,CPA291,"44.144581,88.186623",34100,402,301
1757709823,2025-09-12T20:43:43Z,CPA291,"44.182499,88.097992",34100,403,301
1757709858,2025-09-12T20:44:18Z,CPA291,"44.216671,88.019577",34100,406,304
1757709893,2025-09-12T20:44:53Z,CPA291,"44.256088,87.946342",34100,406,308
1757709923,2025-09-12T20:45:23Z,CPA291,"44.290192,87.883301",34100,404,307
1757709963,2025-09-12T20:46:03Z,CPA291,"44.3344,87.800789",34100,403,307
1757709998,2025-09-12T20:46:38Z,CPA291,"44.37355,87.727768",34100,404,307
1757710038,2025-09-12T20:47:18Z,CPA291,"44.419071,87.644302",34100,404,308
1757710073,2025-09-12T20:47:53Z,CPA291,"44.458832,87.572609",34100,404,308
1757710108,2025-09-12T20:48:28Z,CPA291,"44.498772,87.499741",34100,405,308
1757710138,2025-09-12T20:48:58Z,CPA291,"44.533081,87.436981",34100,405,308
1757710178,2025-09-12T20:49:38Z,CPA291,"44.57856,87.35363",34100,403,308
1757710208,2025-09-12T20:50:08Z,CPA291,"44.61269,87.291473",34100,403,309
1757710248,2025-09-12T20:50:48Z,CPA291,"44.66008,87.211014",34100,405,310
1757710283,2025-09-12T20:51:23Z,CPA291,"44.701401,87.14048",34100,405,310
1757710318,2025-09-12T20:51:58Z,CPA291,"44.742649,87.069069",34100,405,309
1757710353,2025-09-12T20:52:33Z,CPA291,"44.784119,86.99707",34100,405,309
1757710388,2025-09-12T20:53:08Z,CPA291,"44.825199,86.926041",34100,403,310
1757710423,2025-09-12T20:53:43Z,CPA291,"44.866489,86.854431",34100,401,309
1757710458,2025-09-12T20:54:18Z,CPA291,"44.906979,86.783234",34100,400,309
1757710493,2025-09-12T20:54:53Z,CPA291,"44.946812,86.711884",34100,400,309
1757710528,2025-09-12T20:55:28Z,CPA291,"44.986729,86.640259",34100,400,309
1757710563,2025-09-12T20:56:03Z,CPA291,"45.027279,86.56778",34100,400,309
1757710598,2025-09-12T20:56:38Z,CPA291,"45.06715,86.496208",34100,398,309
1757710627,2025-09-12T20:57:07Z,CPA291,"45.100231,86.436607",34100,400,309
1757710667,2025-09-12T20:57:47Z,CPA291,"45.145802,86.354439",34100,402,309
1757710697,2025-09-12T20:58:17Z,CPA291,"45.180271,86.292107",34100,402,309
1757710737,2025-09-12T20:58:57Z,CPA291,"45.226101,86.209251",34100,401,308
1757710772,2025-09-12T20:59:32Z,CPA291,"45.266048,86.136612",34100,401,308
1757710802,2025-09-12T21:00:02Z,CPA291,"45.29998,86.074799",34100,400,308
1757710837,2025-09-12T21:00:37Z,CPA291,"45.339458,86.002579",34100,400,308
1757710877,2025-09-12T21:01:17Z,CPA291,"45.384979,85.919228",34100,402,308
1757710907,2025-09-12T21:01:47Z,CPA291,"45.419479,85.855881",34100,401,308
1757710937,2025-09-12T21:02:17Z,CPA291,"45.45356,85.793114",34100,401,308
1757710977,2025-09-12T21:02:57Z,CPA291,"45.498501,85.710098",34100,400,308
1757711007,2025-09-12T21:03:27Z,CPA291,"45.532101,85.64798",34100,399,308
1757711042,2025-09-12T21:04:02Z,CPA291,"45.571751,85.574364",34100,400,308
1757711082,2025-09-12T21:04:42Z,CPA291,"45.616859,85.490463",34100,401,308
1757711117,2025-09-12T21:05:17Z,CPA291,"45.656151,85.417259",34100,401,308
1757711147,2025-09-12T21:05:47Z,CPA291,"45.689812,85.354362",34100,401,308
1757711177,2025-09-12T21:06:17Z,CPA291,"45.72361,85.291054",34100,400,308
1757711217,2025-09-12T21:06:57Z,CPA291,"45.768589,85.20681",34100,400,308
1757711252,2025-09-12T21:07:32Z,CPA291,"45.808231,85.132919",34100,400,308
1757711287,2025-09-12T21:08:07Z,CPA291,"45.847301,85.059792",34100,400,308
1757711327,2025-09-12T21:08:47Z,CPA291,"45.892181,84.975433",34100,401,308
1757711362,2025-09-12T21:09:22Z,CPA291,"45.931549,84.901337",34100,399,308
1757711397,2025-09-12T21:09:57Z,CPA291,"45.970459,84.827919",34100,398,308
1757711432,2025-09-12T21:10:32Z,CPA291,"46.009369,84.754303",34100,399,308
1757711467,2025-09-12T21:11:07Z,CPA291,"46.048691,84.679672",34100,401,308
1757711502,2025-09-12T21:11:42Z,CPA291,"46.08728,84.60611",34100,402,308
1757711537,2025-09-12T21:12:17Z,CPA291,"46.126369,84.531563",34100,402,308
1757711572,2025-09-12T21:12:52Z,CPA291,"46.16576,84.456299",34100,401,307
1757711601,2025-09-12T21:13:21Z,CPA291,"46.198059,84.394234",34100,402,307
1757711641,2025-09-12T21:14:01Z,CPA291,"46.242371,84.309082",34100,404,307
1757711681,2025-09-12T21:14:41Z,CPA291,"46.287601,84.221733",34100,405,307
1757711716,2025-09-12T21:15:16Z,CPA291,"46.326778,84.145958",34100,405,307
1757711745,2025-09-12T21:15:45Z,CPA291,"46.35891,84.083237",34100,404,307
1757711780,2025-09-12T21:16:20Z,CPA291,"46.397499,84.007851",34100,402,307
1757711815,2025-09-12T21:16:55Z,CPA291,"46.435951,83.932251",34100,402,307
1757711850,2025-09-12T21:17:30Z,CPA291,"46.474819,83.855759",34100,403,307
1757711885,2025-09-12T21:18:05Z,CPA291,"46.51231,83.781868",34100,404,307
1757711925,2025-09-12T21:18:45Z,CPA291,"46.55534,83.696732",34100,405,307
1757711960,2025-09-12T21:19:20Z,CPA291,"46.596359,83.615341",34100,405,307
1757711995,2025-09-12T21:19:55Z,CPA291,"46.634628,83.539238",34100,404,307
1757712030,2025-09-12T21:20:30Z,CPA291,"46.67411,83.460587",34100,405,307
1757712065,2025-09-12T21:21:05Z,CPA291,"46.710239,83.386093",34100,405,303
1757712100,2025-09-12T21:21:40Z,CPA291,"46.745861,83.302559",34100,406,303
1757712135,2025-09-12T21:22:15Z,CPA291,"46.780979,83.221573",34100,408,303
1757712170,2025-09-12T21:22:50Z,CPA291,"46.81633,83.139664",34100,407,303
1757712205,2025-09-12T21:23:25Z,CPA291,"46.851238,83.05838",34100,405,303
1757712240,2025-09-12T21:24:00Z,CPA291,"46.884289,82.977058",34100,401,297
1757712275,2025-09-12T21:24:35Z,CPA291,"46.909061,82.888817",34100,398,289
1757712305,2025-09-12T21:25:05Z,CPA291,"46.922741,82.812881",34100,397,282
1757712340,2025-09-12T21:25:40Z,CPA291,"46.93428,82.719017",34100,400,280
1757712375,2025-09-12T21:26:15Z,CPA291,"46.945591,82.625771",34100,402,281
1757712418,2025-09-12T21:26:58Z,CPA291,"46.95929,82.512817",34100,403,280
1757712450,2025-09-12T21:27:30Z,CPA291,"46.969711,82.425888",34100,401,280
1757712485,2025-09-12T21:28:05Z,CPA291,"46.980881,82.332443",34075,401,280
1757712529,2025-09-12T21:28:49Z,CPA291,"46.994659,82.215767",34000,404,280
1757712564,2025-09-12T21:29:24Z,CPA291,"47.006008,82.118889",34000,403,280
1757712598,2025-09-12T21:29:58Z,CPA291,"47.016411,82.029213",34000,403,280
1757712607,2025-09-12T21:30:07Z,CPA291,"47.019341,82.004211",34000,403,280
1757712657,2025-09-12T21:30:57Z,CPA291,"47.034611,81.871742",34000,402,280
1757712692,2025-09-12T21:31:32Z,CPA291,"47.045609,81.775291",34000,401,280
1757712721,2025-09-12T21:32:01Z,CPA291,"47.05389,81.702301",34000,401,280
1757712757,2025-09-12T21:32:37Z,CPA291,"47.065151,81.602287",34000,402,280
1757712791,2025-09-12T21:33:11Z,CPA291,"47.075089,81.513397",34000,402,280
1757712826,2025-09-12T21:33:46Z,CPA291,"47.08559,81.418198",34000,403,280
1757712862,2025-09-12T21:34:22Z,CPA291,"47.096149,81.322647",34000,404,280
1757712904,2025-09-12T21:35:04Z,CPA291,"47.10886,81.206009",34000,405,280
1757712939,2025-09-12T21:35:39Z,CPA291,"47.11924,81.109451",34000,405,279
1757712974,2025-09-12T21:36:14Z,CPA291,"47.12944,81.014801",34000,405,279
1757713019,2025-09-12T21:36:59Z,CPA291,"47.141731,80.898811",34000,403,279
1757713053,2025-09-12T21:37:33Z,CPA291,"47.151901,80.80204",34000,403,279
1757713088,2025-09-12T21:38:08Z,CPA291,"47.16193,80.706177",34000,404,279
1757713121,2025-09-12T21:38:41Z,CPA291,"47.174175,80.587532",34000,405,278
1757713153,2025-09-12T21:39:13Z,CPA291,"47.182983,80.501907",34000,405,278
1757713185,2025-09-12T21:39:45Z,CPA291,"47.192051,80.412598",34000,406,278
1757713218,2025-09-12T21:40:18Z,CPA291,"47.200943,80.324211",34000,407,278
1757713250,2025-09-12T21:40:50Z,CPA291,"47.209557,80.238083",34000,409,278
1757713283,2025-09-12T21:41:23Z,CPA291,"47.218597,80.147186",34000,411,278
1757713305,2025-09-12T21:41:45Z,CPA291,"47.224777,80.084274",34000,320,278
1757713433,2025-09-12T21:43:53Z,CPA291,"47.25597,79.762222",34000,409,278
1757713473,2025-09-12T21:44:33Z,CPA291,"47.265701,79.659668",34000,408,278
1757713602,2025-09-12T21:46:42Z,CPA291,"47.301823,79.268967",34000,406,277
1757713635,2025-09-12T21:47:15Z,CPA291,"47.309921,79.17952",34000,404,277
1757714449,2025-09-12T22:00:49Z,CPA291,"47.49036,76.921555",34000,417,275
1757714480,2025-09-12T22:01:20Z,CPA291,"47.496552,76.831924",34000,417,275
1757714511,2025-09-12T22:01:51Z,CPA291,"47.50251,76.744713",34000,418,275
1757714544,2025-09-12T22:02:24Z,CPA291,"47.508884,76.651474",34000,417,275
1757714576,2025-09-12T22:02:56Z,CPA291,"47.514908,76.561111",34000,417,275
1757714609,2025-09-12T22:03:29Z,CPA291,"47.521133,76.467041",34000,415,275
1757714640,2025-09-12T22:04:00Z,CPA291,"47.526764,76.380684",34000,413,275
1757714672,2025-09-12T22:04:32Z,CPA291,"47.532669,76.289063",34000,412,275
1757714705,2025-09-12T22:05:05Z,CPA291,"47.53854,76.196945",34000,412,275
1757714738,2025-09-12T22:05:38Z,CPA291,"47.54425,76.106415",34000,414,275
1757714768,2025-09-12T22:06:08Z,CPA291,"47.549606,76.020653",34000,415,275
1757714801,2025-09-12T22:06:41Z,CPA291,"47.555328,75.927406",34000,415,275
1757714832,2025-09-12T22:07:12Z,CPA291,"47.56073,75.837936",34000,415,275
1757714863,2025-09-12T22:07:43Z,CPA291,"47.565865,75.752213",34000,414,274
1757714902,2025-09-12T22:08:22Z,CPA291,"47.57222,75.643478",34000,416,274
1757714932,2025-09-12T22:08:52Z,CPA291,"47.577347,75.557236",34000,418,274
1757714964,2025-09-12T22:09:24Z,CPA291,"47.58252,75.4655",34000,419,274
1757714997,2025-09-12T22:09:57Z,CPA291,"47.58783,75.37191",34000,419,274
1757715029,2025-09-12T22:10:29Z,CPA291,"47.59296,75.279732",34000,419,274
1757715062,2025-09-12T22:11:02Z,CPA291,"47.598038,75.186241",34000,418,274
1757715095,2025-09-12T22:11:35Z,CPA291,"47.603107,75.092537",34000,419,274
1757715125,2025-09-12T22:12:05Z,CPA291,"47.607834,75.00428",34000,420,274
1757715156,2025-09-12T22:12:36Z,CPA291,"47.612366,74.917488",34000,420,274
1757715187,2025-09-12T22:13:07Z,CPA291,"47.617027,74.82795",34000,419,274
1757715219,2025-09-12T22:13:39Z,CPA291,"47.621635,74.736679",34000,418,274
1757715250,2025-09-12T22:14:10Z,CPA291,"47.626007,74.649216",34000,419,274
1757715282,2025-09-12T22:14:42Z,CPA291,"47.630527,74.558083",34000,418,274
1757715315,2025-09-12T22:15:15Z,CPA291,"47.634995,74.465469",34000,418,273
1757715347,2025-09-12T22:15:47Z,CPA291,"47.63942,74.372726",34025,417,273
1757715379,2025-09-12T22:16:19Z,CPA291,"47.643677,74.281586",34025,415,273
1757715410,2025-09-12T22:16:50Z,CPA291,"47.647797,74.192368",34000,415,274
1757715441,2025-09-12T22:17:21Z,CPA291,"47.651707,74.105812",34000,411,273
1757715473,2025-09-12T22:17:53Z,CPA291,"47.65567,74.016197",34000,410,273
1757715504,2025-09-12T22:18:24Z,CPA291,"47.659531,73.928551",34000,410,273
1757715537,2025-09-12T22:18:57Z,CPA291,"47.663395,73.838409",34000,409,273
1757715569,2025-09-12T22:19:29Z,CPA291,"47.667255,73.746223",34025,410,273
1757715600,2025-09-12T22:20:00Z,CPA291,"47.670822,73.65921",34000,408,273
1757715633,2025-09-12T22:20:33Z,CPA291,"47.674519,73.568398",34000,409,273
1757715664,2025-09-12T22:21:04Z,CPA291,"47.678009,73.482903",34000,408,273
1757715696,2025-09-12T22:21:36Z,CPA291,"47.681454,73.393814",33975,408,273
1757715727,2025-09-12T22:22:07Z,CPA291,"47.684738,73.306",34000,408,273
1757715758,2025-09-12T22:22:38Z,CPA291,"47.688034,73.218933",34000,408,273
1757715791,2025-09-12T22:23:11Z,CPA291,"47.691376,73.127472",34000,407,273
1757715823,2025-09-12T22:23:43Z,CPA291,"47.69463,73.037178",34000,408,273
1757715854,2025-09-12T22:24:14Z,CPA291,"47.697609,72.952385",34000,407,272
1757715886,2025-09-12T22:24:46Z,CPA291,"47.700714,72.862633",34000,408,272
1757715919,2025-09-12T22:25:19Z,CPA291,"47.703735,72.771927",34000,408,272
1757715949,2025-09-12T22:25:49Z,CPA291,"47.706528,72.68692",34000,408,272
1757715980,2025-09-12T22:26:20Z,CPA291,"47.709339,72.600403",34000,408,272
1757716011,2025-09-12T22:26:51Z,CPA291,"47.712021,72.513817",34000,407,272
1757716044,2025-09-12T22:27:24Z,CPA291,"47.714787,72.422089",34000,408,272
1757716076,2025-09-12T22:27:56Z,CPA291,"47.717487,72.332222",34000,409,272
1757716109,2025-09-12T22:28:29Z,CPA291,"47.720188,72.239403",34000,408,272
1757716115,2025-09-12T22:28:35Z,CPA291,"47.720654,72.223488",33975,408,272
1757716174,2025-09-12T22:29:34Z,CPA291,"47.725113,72.060562",34000,408,272
1757716228,2025-09-12T22:30:28Z,CPA291,"47.729141,71.908813",34000,409,272
1757716263,2025-09-12T22:31:03Z,CPA291,"47.731613,71.809593",34025,409,272
1757716295,2025-09-12T22:31:35Z,CPA291,"47.735039,71.721214",34000,409,274
1757716325,2025-09-12T22:32:05Z,CPA291,"47.739029,71.636559",34000,408,273
1757716349,2025-09-12T22:32:29Z,CPA291,"47.741592,71.577644",34000,410,273
1757716390,2025-09-12T22:33:10Z,CPA291,"47.746536,71.455696",34000,412,273
1757716478,2025-09-12T22:34:38Z,CPA291,"47.756287,71.203285",34000,414,273
1757716512,2025-09-12T22:35:12Z,CPA291,"47.759857,71.107635",34000,414,273
1757716541,2025-09-12T22:35:41Z,CPA291,"47.762688,71.030907",34000,413,273
1757716598,2025-09-12T22:36:38Z,CPA291,"47.768509,70.864349",34000,415,272
1757716631,2025-09-12T22:37:11Z,CPA291,"47.771667,70.771317",34000,415,272
1757716663,2025-09-12T22:37:43Z,CPA291,"47.77478,70.677933",34000,414,272
1757716695,2025-09-12T22:38:15Z,CPA291,"47.777618,70.591209",34000,415,272
1757716727,2025-09-12T22:38:47Z,CPA291,"47.780548,70.497757",34000,416,272
1757716758,2025-09-12T22:39:18Z,CPA291,"47.783157,70.412682",34000,300,272
1757716803,2025-09-12T22:40:03Z,CPA291,"47.787083,70.281235",34000,419,272
1757717642,2025-09-12T22:54:02Z,CPA291,"47.732071,67.869209",37625,427,261
1757717670,2025-09-12T22:54:30Z,CPA291,"47.725067,67.797592",37850,428,261
1757717728,2025-09-12T22:55:28Z,CPA291,"47.699799,67.616554",38000,432,257
1757717745,2025-09-12T22:55:45Z,CPA291,"47.692722,67.568733",38000,433,257
1757717861,2025-09-12T22:57:41Z,CPA291,"47.642212,67.233376",38000,434,257
1757717904,2025-09-12T22:58:24Z,CPA291,"47.62326,67.109711",38000,433,257
1757718022,2025-09-12T23:00:22Z,CPA291,"47.570381,66.769623",38000,434,256
1757718060,2025-09-12T23:01:00Z,CPA291,"47.55304,66.660164",38000,435,256
1757718098,2025-09-12T23:01:38Z,CPA291,"47.534683,66.549477",38000,431,256
1757718259,2025-09-12T23:04:19Z,CPA291,"47.457687,66.090111",38000,432,256
1757718300,2025-09-12T23:05:00Z,CPA291,"47.437729,65.972488",38000,431,256
1757718377,2025-09-12T23:06:17Z,CPA291,"47.400558,65.753998",38000,431,256
1757718418,2025-09-12T23:06:58Z,CPA291,"47.381561,65.637337",38000,432,256
1757718455,2025-09-12T23:07:35Z,CPA291,"47.363876,65.530914",38000,433,256
1757718612,2025-09-12T23:10:12Z,CPA291,"47.286804,65.075867",38000,430,255
1757719037,2025-09-12T23:17:17Z,CPA291,"47.069668,63.851341",38000,440,255
1757719579,2025-09-12T23:26:19Z,CPA291,"46.771267,62.288429",38000,442,253
1757719638,2025-09-12T23:27:18Z,CPA291,"46.737305,62.118374",38000,442,253
1757719670,2025-09-12T23:27:50Z,CPA291,"46.719315,62.028606",38000,443,253
1757719732,2025-09-12T23:28:52Z,CPA291,"46.683746,61.853161",38000,448,253
1757719764,2025-09-12T23:29:24Z,CPA291,"46.66452,61.758774",38000,450,253
1757719794,2025-09-12T23:29:54Z,CPA291,"46.646507,61.670517",38000,451,253
1757719827,2025-09-12T23:30:27Z,CPA291,"46.626755,61.574348",38000,452,253
1757719859,2025-09-12T23:30:59Z,CPA291,"46.60762,61.481434",38000,452,253
1757719891,2025-09-12T23:31:31Z,CPA291,"46.588074,61.387447",38000,452,253
1757719899,2025-09-12T23:31:39Z,CPA291,"46.584404,61.369766",38000,452,253
1757720001,2025-09-12T23:33:21Z,CPA291,"46.521561,61.070114",38000,453,253
1757720029,2025-09-12T23:33:49Z,CPA291,"46.504986,60.991631",38000,453,253
1757720087,2025-09-12T23:34:47Z,CPA291,"46.468094,60.818638",38000,456,252
1757720118,2025-09-12T23:35:18Z,CPA291,"46.448986,60.729469",38000,456,252
1757720151,2025-09-12T23:35:51Z,CPA291,"46.428726,60.635353",38000,456,252
1757720168,2025-09-12T23:36:08Z,CPA291,"46.418026,60.585686",38000,456,252
1757720318,2025-09-12T23:38:38Z,CPA291,"46.322269,60.147675",38000,456,252
1757720350,2025-09-12T23:39:10Z,CPA291,"46.301331,60.05328",38000,457,252
1757720383,2025-09-12T23:39:43Z,CPA291,"46.280594,59.96003",38000,460,252
1757720415,2025-09-12T23:40:15Z,CPA291,"46.259842,59.866768",38000,461,252
1757720445,2025-09-12T23:40:45Z,CPA291,"46.239716,59.777348",38000,462,251
1757720477,2025-09-12T23:41:17Z,CPA291,"46.218338,59.682556",38000,461,251
1757720483,2025-09-12T23:41:23Z,CPA291,"46.216736,59.675331",38000,461,251
1757720539,2025-09-12T23:42:19Z,CPA291,"46.177048,59.501553",38000,462,251
1757720571,2025-09-12T23:42:51Z,CPA291,"46.155991,59.41011",38000,462,251
1757720601,2025-09-12T23:43:21Z,CPA291,"46.13541,59.320953",38000,462,251
1757720634,2025-09-12T23:43:54Z,CPA291,"46.113438,59.225922",38000,463,251
1757720666,2025-09-12T23:44:26Z,CPA291,"46.091885,59.133293",38000,463,251
1757720696,2025-09-12T23:44:56Z,CPA291,"46.071075,59.044277",38000,464,251
1757720729,2025-09-12T23:45:29Z,CPA291,"46.048737,58.94902",38000,466,251
1757720761,2025-09-12T23:46:01Z,CPA291,"46.025967,58.852318",38000,468,251
1757720792,2025-09-12T23:46:32Z,CPA291,"46.004562,58.761784",38000,468,251
1757720825,2025-09-12T23:47:05Z,CPA291,"45.981812,58.66592",38000,466,251
1757720855,2025-09-12T23:47:35Z,CPA291,"45.960651,58.577248",38000,465,251
1757720887,2025-09-12T23:48:07Z,CPA291,"45.93837,58.484245",38000,465,251
1757720918,2025-09-12T23:48:38Z,CPA291,"45.916809,58.394611",38000,464,250
1757720950,2025-09-12T23:49:10Z,CPA291,"45.894081,58.300598",38000,463,250
1757720981,2025-09-12T23:49:41Z,CPA291,"45.872295,58.210648",38000,464,250
1757721012,2025-09-12T23:50:12Z,CPA291,"45.850616,58.121696",38000,463,250
1757721043,2025-09-12T23:50:43Z,CPA291,"45.828911,58.032875",38000,461,250
1757721075,2025-09-12T23:51:15Z,CPA291,"45.806625,57.942162",38000,459,250
1757721106,2025-09-12T23:51:46Z,CPA291,"45.784607,57.85273",38000,457,250
1757721138,2025-09-12T23:52:18Z,CPA291,"45.761856,57.760822",38000,457,250
1757721170,2025-09-12T23:52:50Z,CPA291,"45.739609,57.671322",38000,456,250
1757721200,2025-09-12T23:53:20Z,CPA291,"45.717865,57.584236",38000,454,250
1757721231,2025-09-12T23:53:51Z,CPA291,"45.696236,57.497704",38000,453,250
1757721262,2025-09-12T23:54:22Z,CPA291,"45.674728,57.41201",38000,453,250
1757721295,2025-09-12T23:54:55Z,CPA291,"45.651352,57.319492",38000,454,250
1757721325,2025-09-12T23:55:25Z,CPA291,"45.629246,57.232178",38000,456,250
1757721356,2025-09-12T23:55:56Z,CPA291,"45.607269,57.145653",38000,456,250
1757721388,2025-09-12T23:56:28Z,CPA291,"45.584061,57.054749",38000,455,250
1757721420,2025-09-12T23:57:00Z,CPA291,"45.561745,56.967751",38000,454,250
1757721451,2025-09-12T23:57:31Z,CPA291,"45.539246,56.880276",38000,453,249
1757721481,2025-09-12T23:58:01Z,CPA291,"45.517475,56.795631",38000,452,249
1757721513,2025-09-12T23:58:33Z,CPA291,"45.494385,56.70652",38000,452,249
1757721545,2025-09-12T23:59:05Z,CPA291,"45.470921,56.616436",38000,451,249
1757721578,2025-09-12T23:59:38Z,CPA291,"45.447144,56.525246",38000,450,249
1757721610,2025-09-13T00:00:10Z,CPA291,"45.423439,56.434959",38000,451,249
1757721642,2025-09-13T00:00:42Z,CPA291,"45.400627,56.348274",38000,450,249
1757721672,2025-09-13T00:01:12Z,CPA291,"45.378387,56.263996",38000,449,249
1757721703,2025-09-13T00:01:43Z,CPA291,"45.355659,56.17812",38000,448,249
1757721735,2025-09-13T00:02:15Z,CPA291,"45.332428,56.091099",38000,446,249
1757721768,2025-09-13T00:02:48Z,CPA291,"45.308624,56.001762",38000,446,249
1757721800,2025-09-13T00:03:20Z,CPA291,"45.284992,55.913578",38000,447,249
1757721832,2025-09-13T00:03:52Z,CPA291,"45.261391,55.825752",38000,448,249
1757721865,2025-09-13T00:04:25Z,CPA291,"45.237228,55.736187",38000,445,249
1757721895,2025-09-13T00:04:55Z,CPA291,"45.214092,55.654995",38000,444,243
1757721901,2025-09-13T00:05:01Z,CPA291,"45.207779,55.63895",38000,445,238
1757721904,2025-09-13T00:05:04Z,CPA291,"45.205437,55.63356",38000,446,237
1757721906,2025-09-13T00:05:06Z,CPA291,"45.203293,55.628872",38000,445,236
1757721908,2025-09-13T00:05:08Z,CPA291,"45.200775,55.623714",38000,446,235
1757721910,2025-09-13T00:05:10Z,CPA291,"45.197613,55.617416",38000,447,234
1757721912,2025-09-13T00:05:12Z,CPA291,"45.195194,55.612659",38000,447,233
1757721915,2025-09-13T00:05:15Z,CPA291,"45.192352,55.607166",38000,447,233
1757721917,2025-09-13T00:05:17Z,CPA291,"45.189281,55.601337",38000,448,233
1757721919,2025-09-13T00:05:19Z,CPA291,"45.187046,55.59705",38000,448,233
1757721921,2025-09-13T00:05:21Z,CPA291,"45.184158,55.591606",38000,447,233
1757721923,2025-09-13T00:05:23Z,CPA291,"45.18132,55.586132",38000,448,233
1757721954,2025-09-13T00:05:54Z,CPA291,"45.144836,55.513195",38000,448,235
1757721985,2025-09-13T00:06:25Z,CPA291,"45.108994,55.439564",38000,447,235
1757722016,2025-09-13T00:06:56Z,CPA291,"45.072063,55.364529",38000,447,235
1757722048,2025-09-13T00:07:28Z,CPA291,"45.033829,55.287388",38000,448,234
1757722080,2025-09-13T00:08:00Z,CPA291,"44.995529,55.210587",38000,445,234
1757722113,2025-09-13T00:08:33Z,CPA291,"44.956753,55.132542",38000,444,235
1757722146,2025-09-13T00:09:06Z,CPA291,"44.918243,55.055302",38000,443,235
1757722178,2025-09-13T00:09:38Z,CPA291,"44.88002,54.978855",38000,442,234
1757722209,2025-09-13T00:10:09Z,CPA291,"44.843857,54.906727",38000,444,234
1757722241,2025-09-13T00:10:41Z,CPA291,"44.806641,54.832764",38000,443,234
1757722272,2025-09-13T00:11:12Z,CPA291,"44.770065,54.760174",38000,442,234
1757722304,2025-09-13T00:11:44Z,CPA291,"44.732025,54.684906",38000,442,234
1757722336,2025-09-13T00:12:16Z,CPA291,"44.69339,54.608589",38000,440,234
1757722368,2025-09-13T00:12:48Z,CPA291,"44.655281,54.533588",38000,440,234
1757722399,2025-09-13T00:13:19Z,CPA291,"44.61869,54.461842",38000,440,234
1757722431,2025-09-13T00:13:51Z,CPA291,"44.58197,54.389912",38000,439,234
1757722461,2025-09-13T00:14:21Z,CPA291,"44.54509,54.317879",38000,440,234
1757722492,2025-09-13T00:14:52Z,CPA291,"44.508636,54.246761",38000,442,234
1757722523,2025-09-13T00:15:23Z,CPA291,"44.472332,54.176262",38000,441,234
1757722556,2025-09-13T00:15:56Z,CPA291,"44.433506,54.101032",38000,441,234
1757722586,2025-09-13T00:16:26Z,CPA291,"44.397079,54.030434",38000,441,234
1757722618,2025-09-13T00:16:58Z,CPA291,"44.358883,53.956871",38000,441,234
1757722650,2025-09-13T00:17:30Z,CPA291,"44.320431,53.882847",38000,439,234
1757722681,2025-09-13T00:18:01Z,CPA291,"44.283562,53.811974",38000,439,234
1757722713,2025-09-13T00:18:33Z,CPA291,"44.245155,53.738552",38000,440,233
1757722745,2025-09-13T00:19:05Z,CPA291,"44.207447,53.666607",38000,440,233
1757722775,2025-09-13T00:19:35Z,CPA291,"44.17099,53.597057",38000,440,233
1757722806,2025-09-13T00:20:06Z,CPA291,"44.133224,53.525326",38000,440,233
1757722839,2025-09-13T00:20:39Z,CPA291,"44.094185,53.451233",38000,438,233
1757722871,2025-09-13T00:21:11Z,CPA291,"44.055954,53.378929",38000,437,233
1757722904,2025-09-13T00:21:44Z,CPA291,"44.016678,53.304943",38000,437,233
1757722935,2025-09-13T00:22:15Z,CPA291,"43.979324,53.234634",38000,435,233
1757722966,2025-09-13T00:22:46Z,CPA291,"43.942108,53.164757",38000,434,233
1757722999,2025-09-13T00:23:19Z,CPA291,"43.90379,53.092999",38000,434,233
1757723029,2025-09-13T00:23:49Z,CPA291,"43.866734,53.023682",38000,434,233
1757723060,2025-09-13T00:24:20Z,CPA291,"43.830368,52.956017",38000,434,233
1757723093,2025-09-13T00:24:53Z,CPA291,"43.791092,52.882946",38000,435,233
1757723123,2025-09-13T00:25:23Z,CPA291,"43.754562,52.815174",38000,434,233
1757723155,2025-09-13T00:25:55Z,CPA291,"43.716293,52.744339",38000,433,233
1757723187,2025-09-13T00:26:27Z,CPA291,"43.677219,52.672314",38000,432,233
1757723218,2025-09-13T00:26:58Z,CPA291,"43.640301,52.604305",38000,430,233
1757723250,2025-09-13T00:27:30Z,CPA291,"43.601849,52.533611",38000,428,233
1757723283,2025-09-13T00:28:03Z,CPA291,"43.563679,52.463707",38000,426,233
1757723315,2025-09-13T00:28:35Z,CPA291,"43.525829,52.39465",38000,427,232
1757723347,2025-09-13T00:29:07Z,CPA291,"43.487751,52.325199",38000,427,232
1757723380,2025-09-13T00:29:40Z,CPA291,"43.448368,52.25346",38000,429,232
1757723411,2025-09-13T00:30:11Z,CPA291,"43.411499,52.186562",38000,427,232
1757723441,2025-09-13T00:30:41Z,CPA291,"43.374985,52.120354",38000,429,232
1757723473,2025-09-13T00:31:13Z,CPA291,"43.336643,52.051197",38000,431,232
1757723504,2025-09-13T00:31:44Z,CPA291,"43.300369,51.985706",38000,430,232
1757723536,2025-09-13T00:32:16Z,CPA291,"43.26104,51.914978",38000,428,232
1757723568,2025-09-13T00:32:48Z,CPA291,"43.222458,51.845695",38000,426,232
1757723599,2025-09-13T00:33:19Z,CPA291,"43.186066,51.780544",38000,424,232
1757723631,2025-09-13T00:33:51Z,CPA291,"43.147568,51.71188",38000,421,232
1757723663,2025-09-13T00:34:23Z,CPA291,"43.109745,51.644505",38000,419,232
1757723695,2025-09-13T00:34:55Z,CPA291,"43.071854,51.577042",38000,419,232
1757723726,2025-09-13T00:35:26Z,CPA291,"43.035873,51.513168",38000,420,232
1757723759,2025-09-13T00:35:59Z,CPA291,"42.997238,51.444824",38000,420,232
1757723791,2025-09-13T00:36:31Z,CPA291,"42.95887,51.376976",38000,420,232
1757723822,2025-09-13T00:37:02Z,CPA291,"42.92189,51.312222",38000,419,232
1757723854,2025-09-13T00:37:34Z,CPA291,"42.883667,51.244835",38000,415,232
1757723886,2025-09-13T00:38:06Z,CPA291,"42.846771,51.180073",38000,413,232
1757723918,2025-09-13T00:38:38Z,CPA291,"42.809189,51.114273",38000,412,232
1757723950,2025-09-13T00:39:10Z,CPA291,"42.772011,51.049316",38000,409,232
1757723982,2025-09-13T00:39:42Z,CPA291,"42.734955,50.984737",38000,408,231
1757724014,2025-09-13T00:40:14Z,CPA291,"42.697586,50.919819",38000,406,232
1757724046,2025-09-13T00:40:46Z,CPA291,"42.660423,50.855331",38000,404,232
1757724078,2025-09-13T00:41:18Z,CPA291,"42.623184,50.790882",38000,403,231
1757724110,2025-09-13T00:41:50Z,CPA291,"42.586853,50.728123",38000,406,232
1757724142,2025-09-13T00:42:22Z,CPA291,"42.549908,50.664219",38000,410,231
1757724172,2025-09-13T00:42:52Z,CPA291,"42.514252,50.602962",38000,410,231
1757724204,2025-09-13T00:43:24Z,CPA291,"42.477474,50.539791",38000,412,231
1757724236,2025-09-13T00:43:56Z,CPA291,"42.439362,50.474564",38000,411,231
1757724267,2025-09-13T00:44:27Z,CPA291,"42.40329,50.410141",38000,406,234
1757724300,2025-09-13T00:45:00Z,CPA291,"42.369053,50.342995",38000,403,235
1757724331,2025-09-13T00:45:31Z,CPA291,"42.33522,50.278057",38000,403,234
1757724363,2025-09-13T00:46:03Z,CPA291,"42.300434,50.212502",38000,400,234
1757724395,2025-09-13T00:46:35Z,CPA291,"42.266407,50.148693",38000,398,234
1757724427,2025-09-13T00:47:07Z,CPA291,"42.232376,50.084816",38000,397,234
1757724458,2025-09-13T00:47:38Z,CPA291,"42.198441,50.021313",38000,398,234
1757724490,2025-09-13T00:48:10Z,CPA291,"42.164291,49.957642",38000,392,234
1757724522,2025-09-13T00:48:42Z,CPA291,"42.130611,49.894855",38000,391,234
1757724554,2025-09-13T00:49:14Z,CPA291,"42.096497,49.832985",38000,392,234
1757724585,2025-09-13T00:49:45Z,CPA291,"42.062881,49.770748",38000,392,234
1757724617,2025-09-13T00:50:17Z,CPA291,"42.028839,49.707767",38000,396,234
1757724649,2025-09-13T00:50:49Z,CPA291,"41.994919,49.645157",38000,398,233
1757724681,2025-09-13T00:51:21Z,CPA291,"41.960278,49.58149",38000,392,233
1757724711,2025-09-13T00:51:51Z,CPA291,"41.929001,49.522633",38000,392,233
1757724743,2025-09-13T00:52:23Z,CPA291,"41.894917,49.460056",38000,395,233
1757724773,2025-09-13T00:52:53Z,CPA291,"41.862362,49.400291",38000,396,233
1757724805,2025-09-13T00:53:25Z,CPA291,"41.827896,49.3372",38000,393,233
1757724837,2025-09-13T00:53:57Z,CPA291,"41.793343,49.273792",38000,393,235
1757724869,2025-09-13T00:54:29Z,CPA291,"41.76173,49.209438",38000,394,237
1757724900,2025-09-13T00:55:00Z,CPA291,"41.730495,49.144947",38000,394,236
1757724933,2025-09-13T00:55:33Z,CPA291,"41.697845,49.079636",38000,394,236
1757724965,2025-09-13T00:56:05Z,CPA291,"41.664349,49.012905",38000,396,236
1757724997,2025-09-13T00:56:37Z,CPA291,"41.632076,48.948776",38000,394,236
1757725029,2025-09-13T00:57:09Z,CPA291,"41.600086,48.884933",38000,395,236
1757725060,2025-09-13T00:57:40Z,CPA291,"41.567333,48.820141",38000,398,236
1757725092,2025-09-13T00:58:12Z,CPA291,"41.535381,48.756725",38000,396,235
1757725123,2025-09-13T00:58:43Z,CPA291,"41.502571,48.693298",38000,398,233
1757725156,2025-09-13T00:59:16Z,CPA291,"41.465832,48.629055",38000,399,232
1757725188,2025-09-13T00:59:48Z,CPA291,"41.429722,48.565842",38000,399,233
1757725220,2025-09-13T01:00:20Z,CPA291,"41.395279,48.504021",38000,399,234
1757725251,2025-09-13T01:00:51Z,CPA291,"41.36124,48.440987",38000,400,234
1757725283,2025-09-13T01:01:23Z,CPA291,"41.327271,48.378284",38000,400,234
1757725314,2025-09-13T01:01:54Z,CPA291,"41.293297,48.316086",38000,398,233
1757725346,2025-09-13T01:02:26Z,CPA291,"41.259556,48.254589",38000,398,233
1757725377,2025-09-13T01:02:57Z,CPA291,"41.225075,48.191856",38000,397,233
1757725409,2025-09-13T01:03:29Z,CPA291,"41.193314,48.127357",38000,392,241
1757725441,2025-09-13T01:04:01Z,CPA291,"41.169182,48.058586",38000,391,248
1757725472,2025-09-13T01:04:32Z,CPA291,"41.15189,47.986946",38000,390,256
1757725504,2025-09-13T01:05:04Z,CPA291,"41.141571,47.912182",38000,396,263
1757725536,2025-09-13T01:05:36Z,CPA291,"41.138607,47.83511",38000,403,271
1757725567,2025-09-13T01:06:07Z,CPA291,"41.143417,47.757595",38000,407,278
1757725598,2025-09-13T01:06:38Z,CPA291,"41.155151,47.680485",38000,410,282
1757725629,2025-09-13T01:07:09Z,CPA291,"41.166882,47.603661",38000,412,281
1757725661,2025-09-13T01:07:41Z,CPA291,"41.178806,47.525806",38000,411,281
1757725692,2025-09-13T01:08:12Z,CPA291,"41.190937,47.448772",38000,412,281
1757725723,2025-09-13T01:08:43Z,CPA291,"41.202927,47.37162",38325,412,281
1757725755,2025-09-13T01:09:15Z,CPA291,"41.215042,47.29417",38650,412,281
1757725788,2025-09-13T01:09:48Z,CPA291,"41.227558,47.212437",39000,410,281
1757725819,2025-09-13T01:10:19Z,CPA291,"41.239292,47.135338",39425,407,281
1757725851,2025-09-13T01:10:51Z,CPA291,"41.251022,47.057789",39800,404,281
1757725883,2025-09-13T01:11:23Z,CPA291,"41.262661,46.980049",40000,403,281
1757725914,2025-09-13T01:11:54Z,CPA291,"41.274014,46.904579",40000,403,280
1757725946,2025-09-13T01:12:26Z,CPA291,"41.285191,46.82769",40000,404,280
1757725977,2025-09-13T01:12:57Z,CPA291,"41.296162,46.751881",40000,403,280
1757726008,2025-09-13T01:13:28Z,CPA291,"41.306938,46.67569",40000,404,280
1757726039,2025-09-13T01:13:59Z,CPA291,"41.317356,46.599895",40000,404,280
1757726071,2025-09-13T01:14:31Z,CPA291,"41.327816,46.523678",40000,404,280
1757726102,2025-09-13T01:15:02Z,CPA291,"41.338417,46.447689",40000,404,280
1757726133,2025-09-13T01:15:33Z,CPA291,"41.349213,46.371113",40000,404,280
1757726165,2025-09-13T01:16:05Z,CPA291,"41.359734,46.295078",40000,402,280
1757726196,2025-09-13T01:16:36Z,CPA291,"41.369938,46.218342",40000,402,280
1757726227,2025-09-13T01:17:07Z,CPA291,"41.38063,46.143494",40000,402,280
1757726258,2025-09-13T01:17:38Z,CPA291,"41.39101,46.067352",40000,402,280
1757726290,2025-09-13T01:18:10Z,CPA291,"41.40168,45.991966",40000,402,280
1757726321,2025-09-13T01:18:41Z,CPA291,"41.411911,45.916149",40000,400,280
1757726352,2025-09-13T01:19:12Z,CPA291,"41.42218,45.840885",40000,400,280
1757726383,2025-09-13T01:19:43Z,CPA291,"41.432041,45.763638",40000,400,280
1757726415,2025-09-13T01:20:15Z,CPA291,"41.442463,45.688751",40000,402,279
1757726446,2025-09-13T01:20:46Z,CPA291,"41.451675,45.612156",40000,401,279
1757726479,2025-09-13T01:21:19Z,CPA291,"41.461697,45.531693",40000,401,279
1757726510,2025-09-13T01:21:50Z,CPA291,"41.471302,45.454044",40000,402,279
1757726542,2025-09-13T01:22:22Z,CPA291,"41.482079,45.378563",40000,404,279
1757726573,2025-09-13T01:22:53Z,CPA291,"41.48954,45.302109",40000,402,275
1757726604,2025-09-13T01:23:24Z,CPA291,"41.495575,45.22435",40000,404,276
1757726635,2025-09-13T01:23:55Z,CPA291,"41.502003,45.147682",40000,404,276
1757726667,2025-09-13T01:24:27Z,CPA291,"41.507763,45.06953",40000,404,276
1757726698,2025-09-13T01:24:58Z,CPA291,"41.51424,44.992184",40000,405,275
1757726729,2025-09-13T01:25:29Z,CPA291,"41.520451,44.914894",40000,404,276
1757726761,2025-09-13T01:26:01Z,CPA291,"41.527069,44.836884",40000,405,276
1757726793,2025-09-13T01:26:33Z,CPA291,"41.53355,44.758347",40000,404,276
1757726824,2025-09-13T01:27:04Z,CPA291,"41.5401,44.681011",40000,406,275
1757726855,2025-09-13T01:27:35Z,CPA291,"41.545227,44.603298",40000,405,275
1757726886,2025-09-13T01:28:06Z,CPA291,"41.551197,44.525768",40000,407,275
1757726918,2025-09-13T01:28:38Z,CPA291,"41.557182,44.44733",40000,408,275
1757726949,2025-09-13T01:29:09Z,CPA291,"41.562851,44.368828",40000,408,275
1757726981,2025-09-13T01:29:41Z,CPA291,"41.568684,44.289848",40000,409,275
1757727012,2025-09-13T01:30:12Z,CPA291,"41.574841,44.210072",40000,410,275
1757727044,2025-09-13T01:30:44Z,CPA291,"41.580776,44.130569",40000,411,275
1757727076,2025-09-13T01:31:16Z,CPA291,"41.587002,44.051563",40000,410,275
1757727106,2025-09-13T01:31:46Z,CPA291,"41.593105,43.974186",40000,410,275
1757727137,2025-09-13T01:32:17Z,CPA291,"41.598869,43.896217",40000,410,275
1757727168,2025-09-13T01:32:48Z,CPA291,"41.604641,43.81876",40000,410,275
1757727200,2025-09-13T01:33:20Z,CPA291,"41.610737,43.740387",40000,409,275
1757727231,2025-09-13T01:33:51Z,CPA291,"41.616779,43.662281",40000,410,275
1757727262,2025-09-13T01:34:22Z,CPA291,"41.622166,43.582718",40000,414,275
1757727294,2025-09-13T01:34:54Z,CPA291,"41.627914,43.502815",40000,416,275
1757727325,2025-09-13T01:35:25Z,CPA291,"41.633694,43.423054",40000,418,275
1757727356,2025-09-13T01:35:56Z,CPA291,"41.639404,43.341572",40000,420,275
1757727388,2025-09-13T01:36:28Z,CPA291,"41.64505,43.261093",40000,421,275
1757727419,2025-09-13T01:36:59Z,CPA291,"41.650837,43.179501",40000,422,275
1757727451,2025-09-13T01:37:31Z,CPA291,"41.656425,43.097942",40000,424,275
1757727482,2025-09-13T01:38:02Z,CPA291,"41.662045,43.016144",40000,424,275
1757727513,2025-09-13T01:38:33Z,CPA291,"41.66777,42.93478",40000,424,275
1757727545,2025-09-13T01:39:05Z,CPA291,"41.670879,42.854221",40000,423,268
1757727576,2025-09-13T01:39:36Z,CPA291,"41.665371,42.770985",40000,425,262
1757727608,2025-09-13T01:40:08Z,CPA291,"41.658485,42.689064",40000,426,263
1757727639,2025-09-13T01:40:39Z,CPA291,"41.652061,42.608662",40000,426,263
1757727671,2025-09-13T01:41:11Z,CPA291,"41.645058,42.524704",40000,426,263
1757727702,2025-09-13T01:41:42Z,CPA291,"41.638153,42.442619",40000,428,263
1757727735,2025-09-13T01:42:15Z,CPA291,"41.631069,42.357651",40000,427,263
1757727766,2025-09-13T01:42:46Z,CPA291,"41.624031,42.276745",40000,427,263
1757727797,2025-09-13T01:43:17Z,CPA291,"41.616577,42.19445",40000,427,263
1757727829,2025-09-13T01:43:49Z,CPA291,"41.608856,42.111565",40000,426,262
1757727861,2025-09-13T01:44:21Z,CPA291,"41.601406,42.028198",40000,424,262
1757727892,2025-09-13T01:44:52Z,CPA291,"41.594349,41.949192",40000,425,262
1757727924,2025-09-13T01:45:24Z,CPA291,"41.586823,41.865269",40000,426,262
1757727956,2025-09-13T01:45:56Z,CPA291,"41.579216,41.782608",40000,426,262
1757727988,2025-09-13T01:46:28Z,CPA291,"41.571255,41.699722",40000,427,263
1757728019,2025-09-13T01:46:59Z,CPA291,"41.564899,41.616783",40000,428,262
1757728051,2025-09-13T01:47:31Z,CPA291,"41.556217,41.533321",40000,428,262
1757728083,2025-09-13T01:48:03Z,CPA291,"41.55175,41.448776",40000,428,268
1757728116,2025-09-13T01:48:36Z,CPA291,"41.555485,41.362343",40000,428,275
1757728148,2025-09-13T01:49:08Z,CPA291,"41.560707,41.27874",40000,428,274
1757728180,2025-09-13T01:49:40Z,CPA291,"41.564579,41.194294",40000,428,274
1757728211,2025-09-13T01:50:11Z,CPA291,"41.569084,41.112503",40000,428,274
1757728243,2025-09-13T01:50:43Z,CPA291,"41.573757,41.028553",40000,428,274
1757728275,2025-09-13T01:51:15Z,CPA291,"41.578087,40.946667",40000,429,274
1757728306,2025-09-13T01:51:46Z,CPA291,"41.58276,40.862736",40000,430,274
1757728338,2025-09-13T01:52:18Z,CPA291,"41.587322,40.778702",40000,431,274
1757728370,2025-09-13T01:52:50Z,CPA291,"41.591824,40.693241",40000,432,274
1757728402,2025-09-13T01:53:22Z,CPA291,"41.596016,40.609512",40000,433,273
1757728434,2025-09-13T01:53:54Z,CPA291,"41.600365,40.523403",40000,433,273
1757728465,2025-09-13T01:54:25Z,CPA291,"41.604294,40.442364",40000,434,273
1757728497,2025-09-13T01:54:57Z,CPA291,"41.608559,40.356544",40000,433,273
1757728529,2025-09-13T01:55:29Z,CPA291,"41.612476,40.272133",40000,433,273
1757728561,2025-09-13T01:56:01Z,CPA291,"41.616455,40.185505",40000,435,273
1757728593,2025-09-13T01:56:33Z,CPA291,"41.620247,40.100967",40000,437,273
1757728625,2025-09-13T01:57:05Z,CPA291,"41.624153,40.015118",40000,437,273
1757728658,2025-09-13T01:57:38Z,CPA291,"41.62804,39.927223",40000,437,273
1757728690,2025-09-13T01:58:10Z,CPA291,"41.631908,39.840031",40000,436,273
1757728722,2025-09-13T01:58:42Z,CPA291,"41.635635,39.754238",40000,435,273
1757728752,2025-09-13T01:59:12Z,CPA291,"41.639145,39.673172",40000,434,273
1757728784,2025-09-13T01:59:44Z,CPA291,"41.642731,39.587757",40000,434,273
1757728816,2025-09-13T02:00:16Z,CPA291,"41.646385,39.50169",40000,435,273
1757728848,2025-09-13T02:00:48Z,CPA291,"41.649971,39.414913",40000,436,273
1757728881,2025-09-13T02:01:21Z,CPA291,"41.653534,39.328495",40000,438,273
1757728911,2025-09-13T02:01:51Z,CPA291,"41.656918,39.245483",40000,439,273
1757728942,2025-09-13T02:02:22Z,CPA291,"41.660191,39.162285",40000,441,272
1757728975,2025-09-13T02:02:55Z,CPA291,"41.663639,39.073502",40000,441,272
1757729007,2025-09-13T02:03:27Z,CPA291,"41.666977,38.986534",40000,442,272
1757729039,2025-09-13T02:03:59Z,CPA291,"41.670292,38.899601",40000,442,272
1757729069,2025-09-13T02:04:29Z,CPA291,"41.673252,38.817257",40000,442,272
1757729102,2025-09-13T02:05:02Z,CPA291,"41.67625,38.727783",40000,442,272
1757729133,2025-09-13T02:05:33Z,CPA291,"41.679214,38.64193",40000,442,272
1757729166,2025-09-13T02:06:06Z,CPA291,"41.681843,38.553425",40000,444,272
1757729198,2025-09-13T02:06:38Z,CPA291,"41.684898,38.46563",40000,444,272
1757729230,2025-09-13T02:07:10Z,CPA291,"41.687939,38.3773",40000,445,272
1757729262,2025-09-13T02:07:42Z,CPA291,"41.690865,38.289284",40000,446,272
1757729293,2025-09-13T02:08:13Z,CPA291,"41.693474,38.203865",40000,446,272
1757729325,2025-09-13T02:08:45Z,CPA291,"41.696087,38.115509",40000,448,272
1757729357,2025-09-13T02:09:17Z,CPA291,"41.698788,38.02602",40000,450,272
1757729388,2025-09-13T02:09:48Z,CPA291,"41.701283,37.941238",40000,448,272
1757729420,2025-09-13T02:10:20Z,CPA291,"41.703987,37.851414",40000,447,272
1757729453,2025-09-13T02:10:53Z,CPA291,"41.706608,37.761513",40000,446,272
1757729483,2025-09-13T02:11:23Z,CPA291,"41.708954,37.677799",40000,446,272
1757729515,2025-09-13T02:11:55Z,CPA291,"41.711445,37.589008",40000,446,272
1757729548,2025-09-13T02:12:28Z,CPA291,"41.713722,37.501419",40000,443,272
1757729580,2025-09-13T02:13:00Z,CPA291,"41.716,37.411926",40000,443,271
1757729612,2025-09-13T02:13:32Z,CPA291,"41.718243,37.323956",40000,442,271
1757729643,2025-09-13T02:14:03Z,CPA291,"41.720078,37.239388",40000,443,271
1757729674,2025-09-13T02:14:34Z,CPA291,"41.721882,37.155987",40000,444,271
1757729705,2025-09-13T02:15:05Z,CPA291,"41.723625,37.069241",40000,444,271
1757729737,2025-09-13T02:15:37Z,CPA291,"41.725315,36.981724",40000,444,271
1757729770,2025-09-13T02:16:10Z,CPA291,"41.726948,36.893162",40000,444,271
1757729801,2025-09-13T02:16:41Z,CPA291,"41.728291,36.806114",40000,444,271
1757729834,2025-09-13T02:17:14Z,CPA291,"41.730034,36.71664",40000,444,271
1757729865,2025-09-13T02:17:45Z,CPA291,"41.729965,36.630157",40000,445,271
1757729896,2025-09-13T02:18:16Z,CPA291,"41.733162,36.544014",40000,446,271
1757729927,2025-09-13T02:18:47Z,CPA291,"41.734417,36.460072",40000,446,271
1757729961,2025-09-13T02:19:21Z,CPA291,"41.735497,36.362827",40000,446,271
1757729997,2025-09-13T02:19:57Z,CPA291,"41.736687,36.26712",40000,447,271
1757730010,2025-09-13T02:20:10Z,CPA291,"41.737286,36.233448",40000,447,271
1757730067,2025-09-13T02:21:07Z,CPA291,"41.739361,36.072006",40000,447,270
1757730074,2025-09-13T02:21:14Z,CPA291,"41.739471,36.053391",40000,447,270
1757730133,2025-09-13T02:22:13Z,CPA291,"41.741184,35.889881",40000,448,270
1757730164,2025-09-13T02:22:44Z,CPA291,"41.742134,35.803532",40000,448,270
1757730183,2025-09-13T02:23:03Z,CPA291,"41.742565,35.749237",40000,448,270
1757730247,2025-09-13T02:24:07Z,CPA291,"41.744904,35.572121",40000,448,271
1757730267,2025-09-13T02:24:27Z,CPA291,"41.745499,35.517994",40000,448,271
1757730354,2025-09-13T02:25:54Z,CPA291,"41.748814,35.278076",40000,448,271
1757730451,2025-09-13T02:27:31Z,CPA291,"41.751575,35.006054",40000,451,270
1757730483,2025-09-13T02:28:03Z,CPA291,"41.752316,34.918697",40000,453,270
1757730525,2025-09-13T02:28:45Z,CPA291,"41.753422,34.799709",40000,454,270
1757730545,2025-09-13T02:29:05Z,CPA291,"41.753399,34.74382",40000,455,270
1757730604,2025-09-13T02:30:04Z,CPA291,"41.753365,34.578007",40000,457,270
1757730636,2025-09-13T02:30:36Z,CPA291,"41.75415,34.487911",40000,456,270
1757730667,2025-09-13T02:31:07Z,CPA291,"41.754215,34.398136",40000,456,269
1757730699,2025-09-13T02:31:39Z,CPA291,"41.754566,34.311607",40000,458,269
1757730730,2025-09-13T02:32:10Z,CPA291,"41.752979,34.223103",40000,459,269
1757730762,2025-09-13T02:32:42Z,CPA291,"41.752609,34.13134",40000,461,269
1757730793,2025-09-13T02:33:13Z,CPA291,"41.752125,34.042641",40000,462,269
1757730825,2025-09-13T02:33:45Z,CPA291,"41.751667,33.949322",40000,463,269
1757730857,2025-09-13T02:34:17Z,CPA291,"41.751431,33.860096",40000,463,269
1757730890,2025-09-13T02:34:50Z,CPA291,"41.751186,33.766933",40000,464,269
1757730920,2025-09-13T02:35:20Z,CPA291,"41.750927,33.680477",40000,463,270
1757730952,2025-09-13T02:35:52Z,CPA291,"41.751095,33.589756",40000,463,270
1757730984,2025-09-13T02:36:24Z,CPA291,"41.753147,33.4972",40000,463,276
1757730996,2025-09-13T02:36:36Z,CPA291,"41.756462,33.462257",40000,463,280
1757730998,2025-09-13T02:36:38Z,CPA291,"41.757183,33.455353",40000,464,281
1757731000,2025-09-13T02:36:40Z,CPA291,"41.761005,33.451347",40000,464,281
1757731003,2025-09-13T02:36:43Z,CPA291,"41.760254,33.442669",40000,464,282
1757731036,2025-09-13T02:37:16Z,CPA291,"41.7775,33.35273",40000,466,286
1757731069,2025-09-13T02:37:49Z,CPA291,"41.800594,33.265663",40000,467,287
1757731100,2025-09-13T02:38:20Z,CPA291,"41.821095,33.178055",40000,467,286
1757731132,2025-09-13T02:38:52Z,CPA291,"41.835266,33.085712",40000,467,285
1757731163,2025-09-13T02:39:23Z,CPA291,"41.85368,32.998276",40000,466,285
1757731195,2025-09-13T02:39:55Z,CPA291,"41.872353,32.91222",40000,465,285
1757731227,2025-09-13T02:40:27Z,CPA291,"41.893711,32.826511",40000,465,285
1757731258,2025-09-13T02:40:58Z,CPA291,"41.909729,32.737362",40000,467,285
1757731290,2025-09-13T02:41:30Z,CPA291,"41.927612,32.647701",40000,468,285
1757731322,2025-09-13T02:42:02Z,CPA291,"41.947895,32.55933",40000,469,285
1757731355,2025-09-13T02:42:35Z,CPA291,"41.965519,32.465576",40000,470,285
1757731387,2025-09-13T02:43:07Z,CPA291,"41.980877,32.365623",40000,470,285
1757731419,2025-09-13T02:43:39Z,CPA291,"42.002937,32.283665",40000,469,285
1757731451,2025-09-13T02:44:11Z,CPA291,"42.019985,32.19315",40000,468,285
1757731482,2025-09-13T02:44:42Z,CPA291,"42.037075,32.10791",40000,466,285
1757731514,2025-09-13T02:45:14Z,CPA291,"42.055073,32.019032",40000,465,284
1757731546,2025-09-13T02:45:46Z,CPA291,"42.072136,31.930164",40000,465,284
1757731578,2025-09-13T02:46:18Z,CPA291,"42.089756,31.840595",40000,465,284
1757731609,2025-09-13T02:46:49Z,CPA291,"42.106724,31.75375",40000,464,284
1757731641,2025-09-13T02:47:21Z,CPA291,"42.124207,31.664076",40000,463,284
1757731672,2025-09-13T02:47:52Z,CPA291,"42.14119,31.576538",40000,464,284
1757731704,2025-09-13T02:48:24Z,CPA291,"42.158676,31.487267",40000,466,284
1757731736,2025-09-13T02:48:56Z,CPA291,"42.175774,31.398972",40000,468,284
1757731768,2025-09-13T02:49:28Z,CPA291,"42.19347,31.307934",40000,470,284
1757731800,2025-09-13T02:50:00Z,CPA291,"42.210735,31.218506",40000,471,284
1757731831,2025-09-13T02:50:31Z,CPA291,"42.227646,31.13047",40000,472,284
1757731863,2025-09-13T02:51:03Z,CPA291,"42.24485,31.040215",40000,472,284
1757731894,2025-09-13T02:51:34Z,CPA291,"42.262047,30.952129",40000,470,284
1757731925,2025-09-13T02:52:05Z,CPA291,"42.278942,30.864256",40000,470,284
1757731957,2025-09-13T02:52:37Z,CPA291,"42.296429,30.773901",40000,469,284
1757731989,2025-09-13T02:53:09Z,CPA291,"42.313377,30.684471",40000,468,284
1757732020,2025-09-13T02:53:40Z,CPA291,"42.33017,30.595341",40000,467,284
1757732052,2025-09-13T02:54:12Z,CPA291,"42.346722,30.507057",40000,466,284
1757732083,2025-09-13T02:54:43Z,CPA291,"42.3634,30.417839",40000,462,284
1757732115,2025-09-13T02:55:15Z,CPA291,"42.379707,30.329548",40000,459,283
1757732147,2025-09-13T02:55:47Z,CPA291,"42.396015,30.240793",40000,457,283
1757732179,2025-09-13T02:56:19Z,CPA291,"42.412228,30.152065",40000,454,283
1757732211,2025-09-13T02:56:51Z,CPA291,"42.428246,30.063959",40000,452,283
1757732244,2025-09-13T02:57:24Z,CPA291,"42.444153,29.97529",40000,453,283
1757732275,2025-09-13T02:57:55Z,CPA291,"42.459854,29.887827",40000,454,283
1757732307,2025-09-13T02:58:27Z,CPA291,"42.475552,29.801138",40000,455,283
1757732338,2025-09-13T02:58:58Z,CPA291,"42.491634,29.715345",40000,453,284
1757732369,2025-09-13T02:59:29Z,CPA291,"42.507576,29.629343",40000,452,283
1757732401,2025-09-13T03:00:01Z,CPA291,"42.523338,29.543356",40000,450,283
1757732432,2025-09-13T03:00:32Z,CPA291,"42.538811,29.458174",40000,450,283
1757732464,2025-09-13T03:01:04Z,CPA291,"42.554756,29.371037",40000,449,283
1757732495,2025-09-13T03:01:35Z,CPA291,"42.57011,29.28652",40000,448,283
1757732527,2025-09-13T03:02:07Z,CPA291,"42.585827,29.200191",40000,449,283
1757732558,2025-09-13T03:02:38Z,CPA291,"42.601418,29.113871",40000,451,283
1757732590,2025-09-13T03:03:10Z,CPA291,"42.617027,29.026791",40000,449,283
1757732622,2025-09-13T03:03:42Z,CPA291,"42.632206,28.941183",40000,447,283
1757732654,2025-09-13T03:04:14Z,CPA291,"42.647579,28.854338",40000,446,283
1757732685,2025-09-13T03:04:45Z,CPA291,"42.662586,28.768757",40000,448,283
1757732717,2025-09-13T03:05:17Z,CPA291,"42.677559,28.682844",40000,445,283
1757732749,2025-09-13T03:05:49Z,CPA291,"42.692574,28.596201",40000,444,283
1757732781,2025-09-13T03:06:21Z,CPA291,"42.707336,28.510723",40000,444,283
1757732812,2025-09-13T03:06:52Z,CPA291,"42.721981,28.425621",40000,442,283
1757732844,2025-09-13T03:07:24Z,CPA291,"42.736515,28.340611",40000,442,282
1757732875,2025-09-13T03:07:55Z,CPA291,"42.751064,28.254627",40000,440,282
1757732907,2025-09-13T03:08:27Z,CPA291,"42.765312,28.16997",40000,439,282
1757732939,2025-09-13T03:08:59Z,CPA291,"42.77953,28.084839",40000,438,282
1757732970,2025-09-13T03:09:30Z,CPA291,"42.793564,28.001062",40000,435,282
1757733002,2025-09-13T03:10:02Z,CPA291,"42.807411,27.916901",40000,432,282
1757733033,2025-09-13T03:10:33Z,CPA291,"42.821491,27.832668",40000,431,282
1757733066,2025-09-13T03:11:06Z,CPA291,"42.835644,27.747074",40000,433,282
1757733098,2025-09-13T03:11:38Z,CPA291,"42.849617,27.66246",40000,436,282
1757733129,2025-09-13T03:12:09Z,CPA291,"42.863361,27.578314",40000,436,282
1757733160,2025-09-13T03:12:40Z,CPA291,"42.877079,27.494764",40000,438,282
1757733192,2025-09-13T03:13:12Z,CPA291,"42.890965,27.409214",40000,437,282
1757733224,2025-09-13T03:13:44Z,CPA291,"42.904766,27.324013",40000,436,282
1757733255,2025-09-13T03:14:15Z,CPA291,"42.918468,27.239107",40000,438,282
1757733287,2025-09-13T03:14:47Z,CPA291,"42.932011,27.15439",40000,437,282
1757733319,2025-09-13T03:15:19Z,CPA291,"42.945889,27.06805",40000,438,282
1757733351,2025-09-13T03:15:51Z,CPA291,"42.959682,26.982037",40000,439,282
1757733383,2025-09-13T03:16:23Z,CPA291,"42.973572,26.894636",40000,437,282
1757733415,2025-09-13T03:16:55Z,CPA291,"42.987198,26.808847",40000,436,282
1757733447,2025-09-13T03:17:27Z,CPA291,"43.000683,26.723118",40000,437,282
1757733478,2025-09-13T03:17:58Z,CPA291,"43.01395,26.638494",40000,439,282
1757733510,2025-09-13T03:18:30Z,CPA291,"43.027264,26.55308",40000,442,281
1757733542,2025-09-13T03:19:02Z,CPA291,"43.040955,26.464819",40000,444,281
1757733574,2025-09-13T03:19:34Z,CPA291,"43.054184,26.377726",40000,446,281
1757733606,2025-09-13T03:20:06Z,CPA291,"43.067432,26.290331",40000,445,281
1757733638,2025-09-13T03:20:38Z,CPA291,"43.080929,26.201088",40000,445,281
1757733670,2025-09-13T03:21:10Z,CPA291,"43.094025,26.11422",40000,443,281
1757733701,2025-09-13T03:21:41Z,CPA291,"43.106976,26.028412",40000,441,281
1757733733,2025-09-13T03:22:13Z,CPA291,"43.119778,25.94239",40000,439,281
1757733765,2025-09-13T03:22:45Z,CPA291,"43.132721,25.855721",40000,438,281
1757733796,2025-09-13T03:23:16Z,CPA291,"43.145367,25.769541",40000,439,281
1757733828,2025-09-13T03:23:48Z,CPA291,"43.158104,25.682396",40000,440,281
1757733861,2025-09-13T03:24:21Z,CPA291,"43.172352,25.594179",40000,441,282
1757733893,2025-09-13T03:24:53Z,CPA291,"43.186687,25.507402",40000,441,282
1757733925,2025-09-13T03:25:25Z,CPA291,"43.200741,25.419308",40000,441,282
1757733957,2025-09-13T03:25:57Z,CPA291,"43.214294,25.332977",40000,440,282
1757733987,2025-09-13T03:26:27Z,CPA291,"43.227146,25.251104",40000,440,282
1757734019,2025-09-13T03:26:59Z,CPA291,"43.241058,25.162048",40000,441,282
1757734051,2025-09-13T03:27:31Z,CPA291,"43.254414,25.075705",40000,440,282
1757734083,2025-09-13T03:28:03Z,CPA291,"43.268169,24.988266",40000,440,281
1757734114,2025-09-13T03:28:34Z,CPA291,"43.2813,24.902662",40000,440,281
1757734146,2025-09-13T03:29:06Z,CPA291,"43.294357,24.816818",40000,440,281
1757734177,2025-09-13T03:29:37Z,CPA291,"43.307411,24.730433",40000,441,281
1757734209,2025-09-13T03:30:09Z,CPA291,"43.319851,24.643734",40000,442,281
1757734241,2025-09-13T03:30:41Z,CPA291,"43.333508,24.556253",40000,441,281
1757734272,2025-09-13T03:31:12Z,CPA291,"43.346249,24.470062",40000,440,281
1757734304,2025-09-13T03:31:44Z,CPA291,"43.359398,24.383039",40000,440,281
1757734335,2025-09-13T03:32:15Z,CPA291,"43.372166,24.296768",40000,442,281
1757734368,2025-09-13T03:32:48Z,CPA291,"43.385498,24.206779",40000,444,281
1757734400,2025-09-13T03:33:20Z,CPA291,"43.39851,24.118954",40000,444,281
1757734431,2025-09-13T03:33:51Z,CPA291,"43.411247,24.031845",40000,443,281
1757734463,2025-09-13T03:34:23Z,CPA291,"43.423965,23.944418",40000,444,281
1757734494,2025-09-13T03:34:54Z,CPA291,"43.436283,23.85741",40000,443,281
1757734526,2025-09-13T03:35:26Z,CPA291,"43.448811,23.76857",40000,443,281
1757734559,2025-09-13T03:35:59Z,CPA291,"43.461525,23.679161",40000,443,281
1757734591,2025-09-13T03:36:31Z,CPA291,"43.473957,23.590384",40000,443,281
1757734623,2025-09-13T03:37:03Z,CPA291,"43.486473,23.501049",40000,444,281
1757734654,2025-09-13T03:37:34Z,CPA291,"43.498669,23.41361",40000,444,281
1757734686,2025-09-13T03:38:06Z,CPA291,"43.515343,23.326988",40000,444,288
1757734718,2025-09-13T03:38:38Z,CPA291,"43.540249,23.242922",40000,445,295
1757734750,2025-09-13T03:39:10Z,CPA291,"43.571877,23.163752",40000,444,301
1757734782,2025-09-13T03:39:42Z,CPA291,"43.605988,23.088034",40000,443,301
1757734813,2025-09-13T03:40:13Z,CPA291,"43.639153,23.012266",40000,443,301
1757734845,2025-09-13T03:40:45Z,CPA291,"43.673035,22.935459",40000,445,301
1757734876,2025-09-13T03:41:16Z,CPA291,"43.706764,22.859169",40000,446,301
1757734907,2025-09-13T03:41:47Z,CPA291,"43.740402,22.782873",40000,447,301
1757734939,2025-09-13T03:42:19Z,CPA291,"43.77446,22.705416",40000,448,301
1757734971,2025-09-13T03:42:51Z,CPA291,"43.808262,22.628084",40000,446,301
1757735002,2025-09-13T03:43:22Z,CPA291,"43.841831,22.551311",40000,445,301
1757735034,2025-09-13T03:43:54Z,CPA291,"43.875095,22.474827",40000,445,301
1757735065,2025-09-13T03:44:25Z,CPA291,"43.908325,22.398512",40000,444,301
1757735097,2025-09-13T03:44:57Z,CPA291,"43.940952,22.319941",40000,444,298
1757735129,2025-09-13T03:45:29Z,CPA291,"43.971573,22.238693",40000,444,297
1757735161,2025-09-13T03:46:01Z,CPA291,"44.002308,22.159641",40000,444,299
1757735192,2025-09-13T03:46:32Z,CPA291,"44.034065,22.081604",40000,444,299
1757735224,2025-09-13T03:47:04Z,CPA291,"44.066219,22.002176",40000,443,299
1757735256,2025-09-13T03:47:36Z,CPA291,"44.09816,21.922401",40000,441,299
1757735287,2025-09-13T03:48:07Z,CPA291,"44.129189,21.844074",40000,441,298
1757735319,2025-09-13T03:48:39Z,CPA291,"44.160145,21.764599",40000,441,298
1757735351,2025-09-13T03:49:11Z,CPA291,"44.191055,21.685234",40000,442,298
1757735383,2025-09-13T03:49:43Z,CPA291,"44.221661,21.606836",40000,443,298
1757735414,2025-09-13T03:50:14Z,CPA291,"44.252674,21.526827",40000,443,298
1757735445,2025-09-13T03:50:45Z,CPA291,"44.282833,21.449398",40000,444,298
1757735477,2025-09-13T03:51:17Z,CPA291,"44.313457,21.370615",40000,444,298
1757735507,2025-09-13T03:51:47Z,CPA291,"44.343067,21.293879",40000,443,298
1757735538,2025-09-13T03:52:18Z,CPA291,"44.373352,21.215681",40000,443,298
1757735570,2025-09-13T03:52:50Z,CPA291,"44.404335,21.135538",40000,442,298
1757735602,2025-09-13T03:53:22Z,CPA291,"44.435028,21.05595",40000,442,298
1757735633,2025-09-13T03:53:53Z,CPA291,"44.465492,20.97644",40000,441,298
1757735665,2025-09-13T03:54:25Z,CPA291,"44.496277,20.89674",40000,441,298
1757735697,2025-09-13T03:54:57Z,CPA291,"44.527599,20.815578",40000,441,298
1757735729,2025-09-13T03:55:29Z,CPA291,"44.558018,20.736027",40000,440,298
1757735761,2025-09-13T03:56:01Z,CPA291,"44.588375,20.656775",40000,441,298
1757735793,2025-09-13T03:56:33Z,CPA291,"44.619114,20.575064",40000,442,297
1757735824,2025-09-13T03:57:04Z,CPA291,"44.649014,20.495712",40000,443,297
1757735856,2025-09-13T03:57:36Z,CPA291,"44.679707,20.414465",40000,443,297
1757735888,2025-09-13T03:58:08Z,CPA291,"44.70985,20.333651",40000,442,297
1757735919,2025-09-13T03:58:39Z,CPA291,"44.740124,20.253862",40000,441,297
1757735951,2025-09-13T03:59:11Z,CPA291,"44.770302,20.173428",40000,441,297
1757735983,2025-09-13T03:59:43Z,CPA291,"44.800308,20.092329",40000,441,297
1757736015,2025-09-13T04:00:15Z,CPA291,"44.830563,20.011314",40000,442,297
1757736048,2025-09-13T04:00:48Z,CPA291,"44.861374,19.928638",40000,442,297
1757736079,2025-09-13T04:01:19Z,CPA291,"44.891266,19.847914",40000,443,297
1757736111,2025-09-13T04:01:51Z,CPA291,"44.921257,19.76679",40000,444,297
1757736143,2025-09-13T04:02:23Z,CPA291,"44.951485,19.684723",40000,443,297
1757736175,2025-09-13T04:02:55Z,CPA291,"44.98111,19.603718",40000,444,297
1757736207,2025-09-13T04:03:27Z,CPA291,"45.011127,19.521078",40000,445,297
1757736238,2025-09-13T04:03:58Z,CPA291,"45.04063,19.439985",40000,444,297
1757736270,2025-09-13T04:04:30Z,CPA291,"45.070534,19.357555",40000,444,297
1757736302,2025-09-13T04:05:02Z,CPA291,"45.100368,19.275087",40000,442,297
1757736334,2025-09-13T04:05:34Z,CPA291,"45.129837,19.193468",40000,440,296
1757736366,2025-09-13T04:06:06Z,CPA291,"45.159237,19.111652",40000,439,296
1757736398,2025-09-13T04:06:38Z,CPA291,"45.188465,19.030277",40000,438,296
1757736429,2025-09-13T04:07:09Z,CPA291,"45.217255,18.949726",40000,436,296
1757736461,2025-09-13T04:07:41Z,CPA291,"45.246193,18.868523",40000,435,296
1757736493,2025-09-13T04:08:13Z,CPA291,"45.274673,18.788025",40000,435,296
1757736524,2025-09-13T04:08:44Z,CPA291,"45.302971,18.70822",40000,436,296
1757736556,2025-09-13T04:09:16Z,CPA291,"45.331604,18.62711",40000,436,296
1757736588,2025-09-13T04:09:48Z,CPA291,"45.36084,18.54417",40000,437,296
1757736620,2025-09-13T04:10:20Z,CPA291,"45.388981,18.464283",40000,437,296
1757736652,2025-09-13T04:10:52Z,CPA291,"45.417542,18.382843",40000,437,296
1757736683,2025-09-13T04:11:23Z,CPA291,"45.445957,18.301287",40000,438,296
1757736715,2025-09-13T04:11:55Z,CPA291,"45.474113,18.220097",40000,438,296
1757736746,2025-09-13T04:12:26Z,CPA291,"45.502254,18.138802",40000,438,296
1757736778,2025-09-13T04:12:58Z,CPA291,"45.53059,18.056644",40000,436,296
1757736810,2025-09-13T04:13:30Z,CPA291,"45.558548,17.975485",40000,438,295
1757736841,2025-09-13T04:14:01Z,CPA291,"45.586689,17.893251",40000,440,296
1757736873,2025-09-13T04:14:33Z,CPA291,"45.614437,17.812149",40000,440,295
1757736905,2025-09-13T04:15:05Z,CPA291,"45.642727,17.728958",40000,441,295
1757736936,2025-09-13T04:15:36Z,CPA291,"45.670887,17.645897",40000,442,295
1757736968,2025-09-13T04:16:08Z,CPA291,"45.698914,17.562737",40000,440,295
1757737000,2025-09-13T04:16:40Z,CPA291,"45.72665,17.480368",40000,438,295
1757737031,2025-09-13T04:17:11Z,CPA291,"45.754192,17.398647",40000,438,295
1757737063,2025-09-13T04:17:43Z,CPA291,"45.781673,17.316389",40000,437,295
1757737094,2025-09-13T04:18:14Z,CPA291,"45.809158,17.234404",40000,437,295
1757737126,2025-09-13T04:18:46Z,CPA291,"45.83691,17.151194",40000,437,295
1757737157,2025-09-13T04:19:17Z,CPA291,"45.863926,17.070122",40000,435,295
1757737188,2025-09-13T04:19:48Z,CPA291,"45.890224,16.990337",40000,436,295
1757737236,2025-09-13T04:20:36Z,CPA291,"45.932278,16.863197",40000,436,295
1757737268,2025-09-13T04:21:08Z,CPA291,"45.959309,16.781105",40000,437,295
1757737300,2025-09-13T04:21:40Z,CPA291,"45.986641,16.697851",40000,437,295
1757737331,2025-09-13T04:22:11Z,CPA291,"46.013588,16.615225",40000,438,295
1757737362,2025-09-13T04:22:42Z,CPA291,"46.040146,16.533569",40000,437,295
1757737394,2025-09-13T04:23:14Z,CPA291,"46.067184,16.450653",40000,438,294
1757737425,2025-09-13T04:23:45Z,CPA291,"46.093796,16.368189",40000,438,294
1757737457,2025-09-13T04:24:17Z,CPA291,"46.120483,16.285238",40000,438,294
1757737487,2025-09-13T04:24:47Z,CPA291,"46.146561,16.204113",40000,437,294
1757737519,2025-09-13T04:25:19Z,CPA291,"46.172955,16.121374",40000,436,294
1757737550,2025-09-13T04:25:50Z,CPA291,"46.199135,16.039339",40000,436,294
1757737581,2025-09-13T04:26:21Z,CPA291,"46.226093,15.957409",40000,438,297
1757737612,2025-09-13T04:26:52Z,CPA291,"46.255688,15.877677",40000,436,298
1757737643,2025-09-13T04:27:23Z,CPA291,"46.284824,15.797903",40000,434,297
1757737674,2025-09-13T04:27:54Z,CPA291,"46.313339,15.717628",40000,433,297
1757737706,2025-09-13T04:28:26Z,CPA291,"46.341724,15.637446",40000,432,297
1757737737,2025-09-13T04:28:57Z,CPA291,"46.369961,15.557401",40000,430,296
1757737768,2025-09-13T04:29:28Z,CPA291,"46.398041,15.477468",40025,432,296
1757737800,2025-09-13T04:30:00Z,CPA291,"46.426468,15.396281",40000,434,296
1757737831,2025-09-13T04:30:31Z,CPA291,"46.455097,15.314255",40000,436,296
1757737863,2025-09-13T04:31:03Z,CPA291,"46.483799,15.231968",40000,436,296
1757737894,2025-09-13T04:31:34Z,CPA291,"46.512299,15.150045",40000,436,296
1757737926,2025-09-13T04:32:06Z,CPA291,"46.540836,15.067567",40000,436,296
1757737957,2025-09-13T04:32:37Z,CPA291,"46.568924,14.985977",40025,437,296
1757737988,2025-09-13T04:33:08Z,CPA291,"46.59716,14.90372",40000,440,296
1757738019,2025-09-13T04:33:39Z,CPA291,"46.629463,14.823485",40000,444,303
1757738050,2025-09-13T04:34:10Z,CPA291,"46.66383,14.745784",40000,443,302
1757738082,2025-09-13T04:34:42Z,CPA291,"46.697384,14.667959",40000,439,301
1757738113,2025-09-13T04:35:13Z,CPA291,"46.730789,14.590328",40000,440,301
1757738144,2025-09-13T04:35:44Z,CPA291,"46.764313,14.512166",40000,439,301
1757738175,2025-09-13T04:36:15Z,CPA291,"46.798054,14.433346",40000,440,301
1757738206,2025-09-13T04:36:46Z,CPA291,"46.831703,14.354469",40000,444,301
1757738238,2025-09-13T04:37:18Z,CPA291,"46.865822,14.274278",40000,446,301
1757738269,2025-09-13T04:37:49Z,CPA291,"46.899654,14.194737",40000,447,301
1757738300,2025-09-13T04:38:20Z,CPA291,"46.933601,14.114731",40000,448,301
1757738331,2025-09-13T04:38:51Z,CPA291,"46.967827,14.033851",40000,447,301
1757738363,2025-09-13T04:39:23Z,CPA291,"47.001644,13.953822",40000,446,301
1757738394,2025-09-13T04:39:54Z,CPA291,"47.035221,13.873936",40000,447,301
1757738425,2025-09-13T04:40:25Z,CPA291,"47.068817,13.79373",40000,446,301
1757738457,2025-09-13T04:40:57Z,CPA291,"47.103008,13.71202",40000,446,301
1757738488,2025-09-13T04:41:28Z,CPA291,"47.136654,13.631145",40000,449,301
1757738519,2025-09-13T04:41:59Z,CPA291,"47.170589,13.549398",40000,448,301
1757738550,2025-09-13T04:42:30Z,CPA291,"47.203957,13.469014",40000,444,301
1757738582,2025-09-13T04:43:02Z,CPA291,"47.237099,13.38866",40000,441,301
1757738612,2025-09-13T04:43:32Z,CPA291,"47.26965,13.309369",40000,442,300
1757738643,2025-09-13T04:44:03Z,CPA291,"47.30249,13.229266",40000,445,301
1757738674,2025-09-13T04:44:34Z,CPA291,"47.335461,13.148791",40000,448,301
1757738706,2025-09-13T04:45:06Z,CPA291,"47.369118,13.066235",40000,450,300
1757738737,2025-09-13T04:45:37Z,CPA291,"47.40287,12.983377",40000,450,300
1757738768,2025-09-13T04:46:08Z,CPA291,"47.436077,12.901752",40000,450,300
1757738800,2025-09-13T04:46:40Z,CPA291,"47.469231,12.819575",40000,452,300
1757738830,2025-09-13T04:47:10Z,CPA291,"47.502205,12.73777",40000,452,300
1757738862,2025-09-13T04:47:42Z,CPA291,"47.535767,12.654439",40000,452,300
1757738893,2025-09-13T04:48:13Z,CPA291,"47.568604,12.572367",40000,454,300
1757738924,2025-09-13T04:48:44Z,CPA291,"47.602058,12.488631",40000,457,300
1757738955,2025-09-13T04:49:15Z,CPA291,"47.63554,12.404376",40000,458,300
1757738988,2025-09-13T04:49:48Z,CPA291,"47.673912,12.317623",40000,465,308
1757739019,2025-09-13T04:50:19Z,CPA291,"47.715378,12.240645",40000,465,308
1757739052,2025-09-13T04:50:52Z,CPA291,"47.758804,12.157303",40000,462,307
1757739085,2025-09-13T04:51:25Z,CPA291,"47.801495,12.074995",40000,461,307
1757739116,2025-09-13T04:51:56Z,CPA291,"47.841808,11.997521",40000,460,307
1757739147,2025-09-13T04:52:27Z,CPA291,"47.881969,11.919785",40000,460,307
1757739178,2025-09-13T04:52:58Z,CPA291,"47.922726,11.840903",40000,462,307
1757739209,2025-09-13T04:53:29Z,CPA291,"47.963459,11.761661",40000,465,307
1757739240,2025-09-13T04:54:00Z,CPA291,"48.00412,11.682703",40000,467,307
1757739271,2025-09-13T04:54:31Z,CPA291,"48.044788,11.60325",40000,471,307
1757739302,2025-09-13T04:55:02Z,CPA291,"48.085678,11.522888",40000,471,307
1757739333,2025-09-13T04:55:33Z,CPA291,"48.126644,11.442317",40000,471,307
1757739364,2025-09-13T04:56:04Z,CPA291,"48.166916,11.362947",40000,472,307
1757739395,2025-09-13T04:56:35Z,CPA291,"48.20771,11.282277",40000,471,307
1757739427,2025-09-13T04:57:07Z,CPA291,"48.24929,11.199997",40000,471,307
1757739458,2025-09-13T04:57:38Z,CPA291,"48.290302,11.118243",40000,470,306
1757739490,2025-09-13T04:58:10Z,CPA291,"48.331451,11.035791",40000,469,306
1757739522,2025-09-13T04:58:42Z,CPA291,"48.372799,10.952673",40000,468,306
1757739553,2025-09-13T04:59:13Z,CPA291,"48.413128,10.871447",40000,466,306
1757739584,2025-09-13T04:59:44Z,CPA291,"48.453831,10.789392",40000,466,306
1757739616,2025-09-13T05:00:16Z,CPA291,"48.49387,10.708163",40000,466,306
1757739647,2025-09-13T05:00:47Z,CPA291,"48.534531,10.62552",40000,467,306
1757739679,2025-09-13T05:01:19Z,CPA291,"48.575104,10.543004",40000,467,306
1757739710,2025-09-13T05:01:50Z,CPA291,"48.614609,10.462464",40000,467,306
1757739741,2025-09-13T05:02:21Z,CPA291,"48.655422,10.378795",40000,469,306
1757739773,2025-09-13T05:02:53Z,CPA291,"48.695869,10.295756",40000,469,306
1757739804,2025-09-13T05:03:24Z,CPA291,"48.735767,10.213739",40000,468,306
1757739835,2025-09-13T05:03:55Z,CPA291,"48.775452,10.131757",40000,467,306
1757739866,2025-09-13T05:04:26Z,CPA291,"48.815098,10.04993",40000,464,306
1757739897,2025-09-13T05:04:57Z,CPA291,"48.854259,9.968468",40000,462,306
1757739929,2025-09-13T05:05:29Z,CPA291,"48.893425,9.886912",40000,460,305
1757739960,2025-09-13T05:06:00Z,CPA291,"48.932751,9.80469",40000,461,305
1757739992,2025-09-13T05:06:32Z,CPA291,"48.972607,9.721231",40000,462,305
1757740023,2025-09-13T05:07:03Z,CPA291,"49.011459,9.639441",40000,463,305
1757740054,2025-09-13T05:07:34Z,CPA291,"49.050735,9.556465",40000,466,305
1757740086,2025-09-13T05:08:06Z,CPA291,"49.090534,9.472151",40000,465,305
1757740117,2025-09-13T05:08:37Z,CPA291,"49.129341,9.389762",40000,465,305
1757740148,2025-09-13T05:09:08Z,CPA291,"49.168362,9.306813",40000,465,305
1757740180,2025-09-13T05:09:40Z,CPA291,"49.207642,9.223138",40000,464,305
1757740211,2025-09-13T05:10:11Z,CPA291,"49.246616,9.139819",40000,463,305
1757740242,2025-09-13T05:10:42Z,CPA291,"49.285522,9.056413",39625,463,305
1757740273,2025-09-13T05:11:13Z,CPA291,"49.324429,8.972532",39100,459,305
1757740305,2025-09-13T05:11:45Z,CPA291,"49.362637,8.890273",38600,454,305
1757740336,2025-09-13T05:12:16Z,CPA291,"49.400341,8.808383",38075,444,305
1757740368,2025-09-13T05:12:48Z,CPA291,"49.437496,8.727615",37550,445,305
1757740399,2025-09-13T05:13:19Z,CPA291,"49.475021,8.645245",37025,456,305
1757740430,2025-09-13T05:13:50Z,CPA291,"49.512932,8.562694",36500,452,305
1757740462,2025-09-13T05:14:22Z,CPA291,"49.549927,8.482202",36000,434,305
1757740493,2025-09-13T05:14:53Z,CPA291,"49.585407,8.404127",35475,423,304
1757740524,2025-09-13T05:15:24Z,CPA291,"49.619888,8.32759",34950,422,304
1757740555,2025-09-13T05:15:55Z,CPA291,"49.654095,8.251566",34425,420,304
1757740586,2025-09-13T05:16:26Z,CPA291,"49.688797,8.174541",33925,424,304
1757740617,2025-09-13T05:16:57Z,CPA291,"49.723476,8.097102",33325,423,304
1757740648,2025-09-13T05:17:28Z,CPA291,"49.757698,8.02068",32625,421,304
1757740679,2025-09-13T05:17:59Z,CPA291,"49.792027,7.94402",32100,417,304
1757740711,2025-09-13T05:18:31Z,CPA291,"49.826008,7.867874",31575,416,304
1757740742,2025-09-13T05:19:02Z,CPA291,"49.860256,7.790351",30775,413,304
1757740774,2025-09-13T05:19:34Z,CPA291,"49.893726,7.714808",29975,398,304
1757740805,2025-09-13T05:20:05Z,CPA291,"49.92569,7.642741",29050,388,304
1757740836,2025-09-13T05:20:36Z,CPA291,"49.956776,7.571772",28000,382,304
1757740868,2025-09-13T05:21:08Z,CPA291,"49.987679,7.500834",26575,387,303
1757740899,2025-09-13T05:21:39Z,CPA291,"50.019333,7.427751",25375,388,304
1757740930,2025-09-13T05:22:10Z,CPA291,"50.04908,7.354977",25000,378,297
1757740941,2025-09-13T05:22:21Z,CPA291,"50.057262,7.329009",25000,375,293
1757740943,2025-09-13T05:22:23Z,CPA291,"50.058735,7.323698",25000,375,293
1757740945,2025-09-13T05:22:25Z,CPA291,"50.060089,7.318779",25000,374,292
1757740947,2025-09-13T05:22:27Z,CPA291,"50.061413,7.313745",25000,372,291
1757740949,2025-09-13T05:22:29Z,CPA291,"50.062717,7.308699",25000,372,291
1757740951,2025-09-13T05:22:31Z,CPA291,"50.064018,7.30351",25000,371,290
1757740955,2025-09-13T05:22:35Z,CPA291,"50.066437,7.293323",25000,369,289
1757740958,2025-09-13T05:22:38Z,CPA291,"50.067715,7.287611",25000,369,288
1757740964,2025-09-13T05:22:44Z,CPA291,"50.070988,7.271884",25000,366,286
1757740995,2025-09-13T05:23:15Z,CPA291,"50.082256,7.19238",25000,360,277
1757741026,2025-09-13T05:23:46Z,CPA291,"50.086075,7.112622",24800,355,273
1757741058,2025-09-13T05:24:18Z,CPA291,"50.089554,7.032117",24275,355,274
1757741089,2025-09-13T05:24:49Z,CPA291,"50.093094,6.952804",24000,355,273
1757741121,2025-09-13T05:25:21Z,CPA291,"50.096081,6.872035",24000,355,270
1757741153,2025-09-13T05:25:53Z,CPA291,"50.094238,6.792367",23950,353,267
1757741184,2025-09-13T05:26:24Z,CPA291,"50.093945,6.712859",23425,358,277
1757741186,2025-09-13T05:26:26Z,CPA291,"50.094406,6.707979",23400,359,280
1757741188,2025-09-13T05:26:28Z,CPA291,"50.095066,6.702867",23350,360,282
1757741190,2025-09-13T05:26:30Z,CPA291,"50.095963,6.697243",23325,362,285
1757741192,2025-09-13T05:26:32Z,CPA291,"50.096809,6.692578",23300,363,287
1757741194,2025-09-13T05:26:34Z,CPA291,"50.09782,6.687662",23250,364,289
1757741196,2025-09-13T05:26:36Z,CPA291,"50.098942,6.682728",23225,366,291
1757741198,2025-09-13T05:26:38Z,CPA291,"50.100239,6.677823",23175,367,293
1757741200,2025-09-13T05:26:40Z,CPA291,"50.101692,6.672765",23150,369,296
1757741202,2025-09-13T05:26:42Z,CPA291,"50.103291,6.668012",23125,370,298
1757741204,2025-09-13T05:26:44Z,CPA291,"50.105087,6.662933",23075,373,300
1757741206,2025-09-13T05:26:46Z,CPA291,"50.107002,6.658009",23050,374,303
1757741208,2025-09-13T05:26:48Z,CPA291,"50.108982,6.65339",23025,376,305
1757741211,2025-09-13T05:26:51Z,CPA291,"50.111198,6.64858",22975,377,307
1757741213,2025-09-13T05:26:53Z,CPA291,"50.113232,6.644503",22950,378,308
1757741215,2025-09-13T05:26:55Z,CPA291,"50.115528,6.64019",22925,380,310
1757741217,2025-09-13T05:26:57Z,CPA291,"50.118191,6.635382",22875,379,310
1757741219,2025-09-13T05:26:59Z,CPA291,"50.120705,6.631026",22850,380,311
1757741221,2025-09-13T05:27:01Z,CPA291,"50.123177,6.626598",22800,380,311
1757741223,2025-09-13T05:27:03Z,CPA291,"50.125542,6.622609",22775,379,311
1757741225,2025-09-13T05:27:05Z,CPA291,"50.128036,6.618145",22750,380,311
1757741228,2025-09-13T05:27:08Z,CPA291,"50.130657,6.613573",22700,379,310
1757741230,2025-09-13T05:27:10Z,CPA291,"50.133057,6.609243",22675,379,310
1757741232,2025-09-13T05:27:12Z,CPA291,"50.135433,6.605026",22625,379,310
1757741234,2025-09-13T05:27:14Z,CPA291,"50.13773,6.600835",22600,378,310
1757741265,2025-09-13T05:27:45Z,CPA291,"50.172081,6.534714",22075,372,308
1757741297,2025-09-13T05:28:17Z,CPA291,"50.20583,6.468311",22000,373,308
1757741328,2025-09-13T05:28:48Z,CPA291,"50.239689,6.40274",22000,377,308
1757741359,2025-09-13T05:29:19Z,CPA291,"50.273842,6.336962",22000,378,308
1757741390,2025-09-13T05:29:50Z,CPA291,"50.307327,6.27216",22000,374,308
1757741421,2025-09-13T05:30:21Z,CPA291,"50.341064,6.206174",22000,375,308
1757741452,2025-09-13T05:30:52Z,CPA291,"50.373947,6.142087",21775,354,308
1757741483,2025-09-13T05:31:23Z,CPA291,"50.405689,6.079353",20450,364,308
1757741515,2025-09-13T05:31:55Z,CPA291,"50.438931,6.013677",18800,378,308
1757741546,2025-09-13T05:32:26Z,CPA291,"50.472523,5.947097",17725,372,308
1757741578,2025-09-13T05:32:58Z,CPA291,"50.505753,5.881088",16650,368,308
1757741609,2025-09-13T05:33:29Z,CPA291,"50.539085,5.814569",15550,366,307
1757741641,2025-09-13T05:34:01Z,CPA291,"50.571774,5.749636",14650,359,308
1757741673,2025-09-13T05:34:33Z,CPA291,"50.604027,5.68572",13875,349,308
1757741705,2025-09-13T05:35:05Z,CPA291,"50.636044,5.622128",12700,350,308
1757741736,2025-09-13T05:35:36Z,CPA291,"50.666798,5.560311",12150,332,303
1757741768,2025-09-13T05:36:08Z,CPA291,"50.690575,5.498539",11850,296,301
1757741782,2025-09-13T05:36:22Z,CPA291,"50.700649,5.472674",11600,282,301
1757741797,2025-09-13T05:36:37Z,CPA291,"50.710434,5.447655",11175,276,301
1757741809,2025-09-13T05:36:49Z,CPA291,"50.718636,5.426751",10775,272,301
1757741823,2025-09-13T05:37:03Z,CPA291,"50.727936,5.40251",10225,271,300
1757741836,2025-09-13T05:37:16Z,CPA291,"50.735992,5.381385",9750,271,300
1757741850,2025-09-13T05:37:30Z,CPA291,"50.745098,5.357483",9225,268,300
1757741863,2025-09-13T05:37:43Z,CPA291,"50.753201,5.336578",8750,267,301
1757741878,2025-09-13T05:37:58Z,CPA291,"50.76273,5.312205",8250,264,300
1757741892,2025-09-13T05:38:12Z,CPA291,"50.771667,5.288219",7750,261,301
1757741905,2025-09-13T05:38:25Z,CPA291,"50.779449,5.267903",7275,262,301
1757741920,2025-09-13T05:38:40Z,CPA291,"50.788845,5.243556",6925,261,300
1757741932,2025-09-13T05:38:52Z,CPA291,"50.796417,5.223514",6725,259,300
1757741947,2025-09-13T05:39:07Z,CPA291,"50.805408,5.199899",6550,253,301
1757741961,2025-09-13T05:39:21Z,CPA291,"50.814095,5.17726",6475,244,300
1757741974,2025-09-13T05:39:34Z,CPA291,"50.821541,5.157894",6400,237,300
1757741989,2025-09-13T05:39:49Z,CPA291,"50.829636,5.136643",6300,231,300
1757742002,2025-09-13T05:40:02Z,CPA291,"50.836765,5.117974",6125,229,300
1757742014,2025-09-13T05:40:14Z,CPA291,"50.843639,5.09996",5850,229,300
1757742027,2025-09-13T05:40:27Z,CPA291,"50.850502,5.081897",5575,230,300
1757742041,2025-09-13T05:40:41Z,CPA291,"50.85849,5.060623",5250,232,300
1757742054,2025-09-13T05:40:54Z,CPA291,"50.865593,5.04214",5025,231,301
1757742069,2025-09-13T05:41:09Z,CPA291,"50.873493,5.02147",4800,228,301
1757742077,2025-09-13T05:41:17Z,CPA291,"50.878094,5.009335",4700,224,301
1757742086,2025-09-13T05:41:26Z,CPA291,"50.882557,4.997798",4650,220,301
1757742092,2025-09-13T05:41:32Z,CPA291,"50.885963,4.988967",4575,217,300
1757742099,2025-09-13T05:41:39Z,CPA291,"50.889309,4.980097",4450,217,300
1757742107,2025-09-13T05:41:47Z,CPA291,"50.893681,4.968464",4275,219,300
1757742116,2025-09-13T05:41:56Z,CPA291,"50.897953,4.957174",4100,220,300
1757742122,2025-09-13T05:42:02Z,CPA291,"50.901318,4.94809",4025,220,300
1757742130,2025-09-13T05:42:10Z,CPA291,"50.905487,4.936863",4000,217,300
1757742138,2025-09-13T05:42:18Z,CPA291,"50.909672,4.925485",3975,213,300
1757742147,2025-09-13T05:42:27Z,CPA291,"50.913784,4.914542",3900,209,300
1757742153,2025-09-13T05:42:33Z,CPA291,"50.916851,4.90634",3850,207,300
1757742161,2025-09-13T05:42:41Z,CPA291,"50.921238,4.894986",3775,207,300
1757742168,2025-09-13T05:42:48Z,CPA291,"50.924122,4.886893",3725,207,300
1757742176,2025-09-13T05:42:56Z,CPA291,"50.927822,4.871616",3650,207,300
1757742183,2025-09-13T05:43:03Z,CPA291,"50.931305,4.867302",3600,207,300
1757742191,2025-09-13T05:43:11Z,CPA291,"50.935314,4.856589",3525,207,300
1757742201,2025-09-13T05:43:21Z,CPA291,"50.940166,4.843233",3450,207,300
1757742207,2025-09-13T05:43:27Z,CPA291,"50.943005,4.836015",3400,208,300
1757742215,2025-09-13T05:43:35Z,CPA291,"50.946987,4.825309",3325,205,300
1757742223,2025-09-13T05:43:43Z,CPA291,"50.950993,4.814727",3250,201,300
1757742232,2025-09-13T05:43:52Z,CPA291,"50.954838,4.804518",3175,197,300
1757742236,2025-09-13T05:43:56Z,CPA291,"50.956917,4.798833",3150,192,295
1757742238,2025-09-13T05:43:58Z,CPA291,"50.957619,4.796446",3125,189,291
1757742240,2025-09-13T05:44:00Z,CPA291,"50.957558,4.793441",3125,185,286
1757742242,2025-09-13T05:44:02Z,CPA291,"50.958675,4.790888",3100,182,280
1757742244,2025-09-13T05:44:04Z,CPA291,"50.95903,4.78842",3075,178,274
1757742247,2025-09-13T05:44:07Z,CPA291,"50.958973,4.783945",3050,173,264
1757742249,2025-09-13T05:44:09Z,CPA291,"50.958961,4.782089",3025,171,258
1757742251,2025-09-13T05:44:11Z,CPA291,"50.958572,4.779391",3000,168,253
1757742254,2025-09-13T05:44:14Z,CPA291,"50.958107,4.776868",2975,167,250
1757742256,2025-09-13T05:44:16Z,CPA291,"50.95752,4.774336",2950,166,248
1757742258,2025-09-13T05:44:18Z,CPA291,"50.956944,4.772085",2925,165,246
1757742260,2025-09-13T05:44:20Z,CPA291,"50.95612,4.769499",2900,164,246
1757742262,2025-09-13T05:44:22Z,CPA291,"50.955299,4.766754",2900,162,246
1757742264,2025-09-13T05:44:24Z,CPA291,"50.954853,4.7651",2875,162,246
1757742266,2025-09-13T05:44:26Z,CPA291,"50.954262,4.762726",2850,161,247
1757742268,2025-09-13T05:44:28Z,CPA291,"50.95372,4.760776",2850,160,248
1757742270,2025-09-13T05:44:30Z,CPA291,"50.952774,4.756749",2825,159,249
1757742272,2025-09-13T05:44:32Z,CPA291,"50.952385,4.755175",2800,159,249
1757742275,2025-09-13T05:44:35Z,CPA291,"50.951862,4.752959",2775,160,249
1757742278,2025-09-13T05:44:38Z,CPA291,"50.951336,4.751141",2775,160,250
1757742286,2025-09-13T05:44:46Z,CPA291,"50.949184,4.741137",2675,160,250
1757742295,2025-09-13T05:44:55Z,CPA291,"50.946686,4.727832",2625,156,250
1757742303,2025-09-13T05:45:03Z,CPA291,"50.944653,4.721072",2550,152,250
1757742311,2025-09-13T05:45:11Z,CPA291,"50.942982,4.71313",2475,147,250
1757742319,2025-09-13T05:45:19Z,CPA291,"50.941303,4.701779",2400,142,250
1757742326,2025-09-13T05:45:26Z,CPA291,"50.939659,4.698977",2350,141,250
1757742334,2025-09-13T05:45:34Z,CPA291,"50.936363,4.690235",2275,141,250
1757742342,2025-09-13T05:45:42Z,CPA291,"50.936481,4.684611",2200,138,250
1757742351,2025-09-13T05:45:51Z,CPA291,"50.932789,4.674383",2150,130,249
1757742361,2025-09-13T05:46:01Z,CPA291,"50.932148,4.66806",2050,124,249
1757742368,2025-09-13T05:46:08Z,CPA291,"50.930096,4.662812",1975,124,249
1757742380,2025-09-13T05:46:20Z,CPA291,"50.928318,4.652111",1850,121,249
1757742394,2025-09-13T05:46:34Z,CPA291,"50.925915,4.639611",1700,119,250
1757742403,2025-09-13T05:46:43Z,CPA291,"50.924591,4.632999",1600,120,250
1757742413,2025-09-13T05:46:53Z,CPA291,"50.922459,4.624432",1500,119,250
1757742420,2025-09-13T05:47:00Z,CPA291,"50.921234,4.61875",1425,120,250
1757742430,2025-09-13T05:47:10Z,CPA291,"50.91901,4.609498",1325,120,249
1757742438,2025-09-13T05:47:18Z,CPA291,"50.917595,4.602825",1225,121,249
1757742447,2025-09-13T05:47:27Z,CPA291,"50.915833,4.594951",1125,122,249
1757742454,2025-09-13T05:47:34Z,CPA291,"50.910271,4.581833",1050,122,250
1757742465,2025-09-13T05:47:45Z,CPA291,"50.908131,4.572525",925,123,250
1757742478,2025-09-13T05:47:58Z,CPA291,"50.905792,4.562444",800,125,249
1757742485,2025-09-13T05:48:05Z,CPA291,"50.904129,4.555283",725,125,249
1757742494,2025-09-13T05:48:14Z,CPA291,"50.902313,4.547375",600,127,250
1757742506,2025-09-13T05:48:26Z,CPA291,"50.900345,4.538838",500,128,250
1757742514,2025-09-13T05:48:34Z,CPA291,"50.898422,4.53045",400,130,250
1757742524,2025-09-13T05:48:44Z,CPA291,"50.896271,4.521097",275,131,250
