Timestamp,UTC,Callsign,Position,Altitude,Speed,Direction
1757694453,2025-09-12T16:27:33Z,CPA105,"22.313255,113.934593",0,0,70
1757694508,2025-09-12T16:28:28Z,CPA105,"22.313187,113.934387",0,2,70
1757694527,2025-09-12T16:28:47Z,CPA105,"22.313118,113.934181",0,3,70
1757694551,2025-09-12T16:29:11Z,CPA105,"22.31307,113.933853",0,3,53
1757694570,2025-09-12T16:29:30Z,CPA105,"22.312977,113.933617",0,3,16
1757694588,2025-09-12T16:29:48Z,CPA105,"22.312763,113.933517",0,0,357
1757694614,2025-09-12T16:30:14Z,CPA105,"22.312431,113.93354",0,2,340
1757694861,2025-09-12T16:34:21Z,CPA105,"22.312685,113.933426",0,5,337
1757694872,2025-09-12T16:34:32Z,CPA105,"22.312878,113.933205",0,6,317
1757694878,2025-09-12T16:34:38Z,CPA105,"22.312954,113.932976",0,7,298
1757694887,2025-09-12T16:34:47Z,CPA105,"22.312941,113.932632",0,8,272
1757694898,2025-09-12T16:34:58Z,CPA105,"22.312798,113.93219",0,9,253
1757694904,2025-09-12T16:35:04Z,CPA105,"22.312721,113.931923",0,10,250
1757694912,2025-09-12T16:35:12Z,CPA105,"22.312592,113.931541",0,11,250
1757694916,2025-09-12T16:35:16Z,CPA105,"22.312511,113.931305",0,11,250
1757694924,2025-09-12T16:35:24Z,CPA105,"22.312386,113.930893",0,12,250
1757694931,2025-09-12T16:35:31Z,CPA105,"22.312248,113.930481",0,13,250
1757694939,2025-09-12T16:35:39Z,CPA105,"22.31208,113.929962",0,14,250
1757694946,2025-09-12T16:35:46Z,CPA105,"22.31193,113.929459",0,14,250
1757694953,2025-09-12T16:35:53Z,CPA105,"22.311813,113.929123",0,11,250
1757694960,2025-09-12T16:36:00Z,CPA105,"22.311615,113.928856",0,9,230
1757694967,2025-09-12T16:36:07Z,CPA105,"22.311298,113.928719",0,9,208
1757694973,2025-09-12T16:36:13Z,CPA105,"22.311068,113.928589",0,10,208
1757694979,2025-09-12T16:36:19Z,CPA105,"22.310812,113.928452",0,11,205
1757694984,2025-09-12T16:36:24Z,CPA105,"22.310545,113.928322",0,11,205
1757694989,2025-09-12T16:36:29Z,CPA105,"22.310303,113.9282",0,12,205
1757694995,2025-09-12T16:36:35Z,CPA105,"22.310005,113.928032",0,12,205
1757695004,2025-09-12T16:36:44Z,CPA105,"22.309544,113.927803",0,13,205
1757695010,2025-09-12T16:36:50Z,CPA105,"22.30917,113.927612",0,14,205
1757695017,2025-09-12T16:36:57Z,CPA105,"22.308846,113.927437",0,13,205
1757695024,2025-09-12T16:37:04Z,CPA105,"22.308495,113.927238",0,10,210
1757695030,2025-09-12T16:37:10Z,CPA105,"22.308355,113.927017",0,10,230
1757695034,2025-09-12T16:37:14Z,CPA105,"22.308275,113.926788",0,10,241
1757695039,2025-09-12T16:37:19Z,CPA105,"22.308193,113.926559",0,11,250
1757695043,2025-09-12T16:37:23Z,CPA105,"22.308128,113.926353",0,11,250
1757695046,2025-09-12T16:37:26Z,CPA105,"22.308077,113.926147",0,11,250
1757695051,2025-09-12T16:37:31Z,CPA105,"22.307995,113.92588",0,12,250
1757695058,2025-09-12T16:37:38Z,CPA105,"22.307867,113.925491",0,12,250
1757695066,2025-09-12T16:37:46Z,CPA105,"22.307705,113.924995",0,12,250
1757695074,2025-09-12T16:37:54Z,CPA105,"22.307602,113.92469",0,7,250
1757695082,2025-09-12T16:38:02Z,CPA105,"22.30751,113.9244",0,8,250
1757695090,2025-09-12T16:38:10Z,CPA105,"22.307436,113.924156",0,6,250
1757695098,2025-09-12T16:38:18Z,CPA105,"22.307356,113.923927",0,7,250
1757695109,2025-09-12T16:38:29Z,CPA105,"22.307224,113.9235",0,8,250
1757695115,2025-09-12T16:38:35Z,CPA105,"22.307144,113.923256",0,9,250
1757695123,2025-09-12T16:38:43Z,CPA105,"22.30703,113.922905",0,10,250
1757695131,2025-09-12T16:38:51Z,CPA105,"22.30689,113.922478",0,11,250
1757695138,2025-09-12T16:38:58Z,CPA105,"22.306774,113.922119",0,11,250
1757695145,2025-09-12T16:39:05Z,CPA105,"22.306644,113.921715",0,12,250
1757695156,2025-09-12T16:39:16Z,CPA105,"22.306435,113.921059",0,14,250
1757695165,2025-09-12T16:39:25Z,CPA105,"22.306252,113.920471",0,15,250
1757695173,2025-09-12T16:39:33Z,CPA105,"22.30608,113.91996",0,11,250
1757695181,2025-09-12T16:39:41Z,CPA105,"22.305977,113.919655",0,7,250
1757695189,2025-09-12T16:39:49Z,CPA105,"22.305912,113.919434",0,5,250
1757695197,2025-09-12T16:39:57Z,CPA105,"22.305828,113.919197",0,6,250
1757695204,2025-09-12T16:40:04Z,CPA105,"22.305759,113.918968",0,7,250
1757695211,2025-09-12T16:40:11Z,CPA105,"22.305679,113.918724",0,8,250
1757695218,2025-09-12T16:40:18Z,CPA105,"22.305599,113.918457",0,8,250
1757695226,2025-09-12T16:40:26Z,CPA105,"22.305481,113.918114",0,9,250
1757695233,2025-09-12T16:40:33Z,CPA105,"22.305387,113.917809",0,10,250
1757695240,2025-09-12T16:40:40Z,CPA105,"22.305307,113.917557",0,7,250
1757695250,2025-09-12T16:40:50Z,CPA105,"22.305237,113.917336",0,4,250
1757695266,2025-09-12T16:41:06Z,CPA105,"22.305155,113.917107",0,3,250
1757695284,2025-09-12T16:41:24Z,CPA105,"22.305086,113.916893",0,3,250
1757695297,2025-09-12T16:41:37Z,CPA105,"22.305016,113.916687",0,4,250
1757695309,2025-09-12T16:41:49Z,CPA105,"22.304947,113.916458",0,4,250
1757695318,2025-09-12T16:41:58Z,CPA105,"22.304876,113.916229",0,5,250
1757695326,2025-09-12T16:42:06Z,CPA105,"22.304806,113.916016",0,6,250
1757695335,2025-09-12T16:42:15Z,CPA105,"22.304718,113.91571",0,7,250
1757695342,2025-09-12T16:42:22Z,CPA105,"22.304638,113.915474",0,8,250
1757695349,2025-09-12T16:42:29Z,CPA105,"22.304539,113.915176",0,9,250
1757695355,2025-09-12T16:42:35Z,CPA105,"22.304443,113.914864",0,9,250
1757695362,2025-09-12T16:42:42Z,CPA105,"22.30434,113.914574",0,10,250
1757695370,2025-09-12T16:42:50Z,CPA105,"22.304224,113.9142",0,11,250
1757695376,2025-09-12T16:42:56Z,CPA105,"22.3041,113.913803",0,12,250
1757695383,2025-09-12T16:43:03Z,CPA105,"22.303974,113.913429",0,12,250
1757695390,2025-09-12T16:43:10Z,CPA105,"22.303825,113.912964",0,13,250
1757695397,2025-09-12T16:43:17Z,CPA105,"22.30369,113.912521",0,14,250
1757695404,2025-09-12T16:43:24Z,CPA105,"22.303537,113.912071",0,14,250
1757695411,2025-09-12T16:43:31Z,CPA105,"22.303379,113.911552",0,15,250
1757695419,2025-09-12T16:43:39Z,CPA105,"22.3032,113.911018",0,15,250
1757695426,2025-09-12T16:43:46Z,CPA105,"22.303003,113.910408",0,16,250
1757695433,2025-09-12T16:43:53Z,CPA105,"22.30283,113.909859",0,17,250
1757695440,2025-09-12T16:44:00Z,CPA105,"22.302612,113.909195",0,18,250
1757695448,2025-09-12T16:44:08Z,CPA105,"22.302406,113.908546",0,19,250
1757695455,2025-09-12T16:44:15Z,CPA105,"22.3022,113.907898",0,20,250
1757695466,2025-09-12T16:44:26Z,CPA105,"22.301826,113.906769",0,21,250
1757695478,2025-09-12T16:44:38Z,CPA105,"22.301434,113.905548",0,21,250
1757695485,2025-09-12T16:44:45Z,CPA105,"22.301205,113.904823",0,22,250
1757695493,2025-09-12T16:44:53Z,CPA105,"22.300955,113.904037",0,22,250
1757695501,2025-09-12T16:45:01Z,CPA105,"22.300655,113.903145",0,23,250
1757695507,2025-09-12T16:45:07Z,CPA105,"22.300407,113.902359",0,23,250
1757695515,2025-09-12T16:45:15Z,CPA105,"22.30014,113.901543",0,24,250
1757695521,2025-09-12T16:45:21Z,CPA105,"22.299894,113.900757",0,25,250
1757695529,2025-09-12T16:45:29Z,CPA105,"22.299603,113.899849",0,25,250
1757695536,2025-09-12T16:45:36Z,CPA105,"22.299313,113.898949",0,24,250
1757695544,2025-09-12T16:45:44Z,CPA105,"22.29908,113.898262",0,16,250
1757695550,2025-09-12T16:45:50Z,CPA105,"22.298964,113.897881",0,11,250
1757695558,2025-09-12T16:45:58Z,CPA105,"22.298801,113.897537",0,10,241
1757695566,2025-09-12T16:46:06Z,CPA105,"22.298487,113.897346",0,11,208
1757695570,2025-09-12T16:46:10Z,CPA105,"22.298252,113.8974",0,10,182
1757695574,2025-09-12T16:46:14Z,CPA105,"22.298044,113.897461",0,10,168
1757695580,2025-09-12T16:46:20Z,CPA105,"22.297783,113.89756",0,10,163
1757695587,2025-09-12T16:46:27Z,CPA105,"22.297508,113.897659",0,10,160
1757695593,2025-09-12T16:46:33Z,CPA105,"22.297222,113.897758",0,10,160
1757695599,2025-09-12T16:46:39Z,CPA105,"22.296959,113.897858",0,10,160
1757695612,2025-09-12T16:46:52Z,CPA105,"22.296381,113.89814",0,10,149
1757695619,2025-09-12T16:46:59Z,CPA105,"22.296333,113.898521",0,11,101
1757695624,2025-09-12T16:47:04Z,CPA105,"22.296438,113.898735",0,10,75
1757695631,2025-09-12T16:47:11Z,CPA105,"22.296566,113.899094",0,11,70
1757695635,2025-09-12T16:47:15Z,CPA105,"22.29665,113.89933",0,14,70
1757695639,2025-09-12T16:47:19Z,CPA105,"22.296787,113.899742",0,21,70
1757695641,2025-09-12T16:47:21Z,CPA105,"22.29689,113.90007",0,27,70
1757695643,2025-09-12T16:47:23Z,CPA105,"22.296959,113.900307",0,37,70
1757695645,2025-09-12T16:47:25Z,CPA105,"22.297136,113.900848",0,46,70
1757695646,2025-09-12T16:47:26Z,CPA105,"22.29723,113.901138",0,51,70
1757695647,2025-09-12T16:47:27Z,CPA105,"22.297358,113.901543",0,56,70
1757695649,2025-09-12T16:47:29Z,CPA105,"22.297451,113.90184",0,61,70
1757695656,2025-09-12T16:47:36Z,CPA105,"22.298382,113.904724",0,93,70
1757695663,2025-09-12T16:47:43Z,CPA105,"22.299826,113.909203",100,126,71
1757695672,2025-09-12T16:47:52Z,CPA105,"22.301697,113.915039",100,156,70
1757695680,2025-09-12T16:48:00Z,CPA105,"22.303986,113.92218",125,183,70
1757695686,2025-09-12T16:48:06Z,CPA105,"22.305738,113.927612",250,192,70
1757695695,2025-09-12T16:48:15Z,CPA105,"22.308205,113.935295",600,192,70
1757695703,2025-09-12T16:48:23Z,CPA105,"22.310715,113.943054",950,194,70
1757695711,2025-09-12T16:48:31Z,CPA105,"22.313187,113.950706",1350,193,70
1757695720,2025-09-12T16:48:40Z,CPA105,"22.315475,113.957832",1675,197,70
1757695726,2025-09-12T16:48:46Z,CPA105,"22.317444,113.963776",1875,200,71
1757695734,2025-09-12T16:48:54Z,CPA105,"22.320028,113.972069",2125,209,71
1757695742,2025-09-12T16:49:02Z,CPA105,"22.322708,113.98056",2325,214,71
1757695749,2025-09-12T16:49:09Z,CPA105,"22.32473,113.986916",2550,215,71
1757695757,2025-09-12T16:49:17Z,CPA105,"22.32756,113.995735",2875,215,71
1757695764,2025-09-12T16:49:24Z,CPA105,"22.329666,114.002281",3100,216,70
1757695772,2025-09-12T16:49:32Z,CPA105,"22.332413,114.010674",3375,217,70
1757695779,2025-09-12T16:49:39Z,CPA105,"22.33461,114.017365",3575,219,70
1757695787,2025-09-12T16:49:47Z,CPA105,"22.337128,114.026253",3850,219,75
1757695789,2025-09-12T16:49:49Z,CPA105,"22.337532,114.02832",3925,219,78
1757695791,2025-09-12T16:49:51Z,CPA105,"22.33786,114.030647",4000,219,79
1757695793,2025-09-12T16:49:53Z,CPA105,"22.338043,114.032944",4075,218,83
1757695795,2025-09-12T16:49:55Z,CPA105,"22.338184,114.03524",4150,218,86
1757695797,2025-09-12T16:49:57Z,CPA105,"22.338181,114.03714",4225,218,88
1757695799,2025-09-12T16:49:59Z,CPA105,"22.338139,114.039917",4300,218,91
1757695801,2025-09-12T16:50:01Z,CPA105,"22.337997,114.041634",4350,218,93
1757695804,2025-09-12T16:50:04Z,CPA105,"22.337719,114.044395",4425,219,95
1757695806,2025-09-12T16:50:06Z,CPA105,"22.337393,114.046425",4475,218,98
1757695808,2025-09-12T16:50:08Z,CPA105,"22.33699,114.048523",4550,219,100
1757695810,2025-09-12T16:50:10Z,CPA105,"22.336349,114.051018",4625,219,104
1757695812,2025-09-12T16:50:12Z,CPA105,"22.335709,114.053215",4675,220,107
1757695814,2025-09-12T16:50:14Z,CPA105,"22.335018,114.055229",4750,220,109
1757695816,2025-09-12T16:50:16Z,CPA105,"22.334198,114.057259",4825,220,112
1757695818,2025-09-12T16:50:18Z,CPA105,"22.333282,114.059212",4875,220,115
1757695820,2025-09-12T16:50:20Z,CPA105,"22.332272,114.06118",4950,220,118
1757695822,2025-09-12T16:50:22Z,CPA105,"22.330969,114.063416",5025,220,121
1757695825,2025-09-12T16:50:25Z,CPA105,"22.329758,114.065193",5075,220,123
1757695827,2025-09-12T16:50:27Z,CPA105,"22.328476,114.067001",5125,221,126
1757695829,2025-09-12T16:50:29Z,CPA105,"22.326828,114.069099",5200,222,130
1757695831,2025-09-12T16:50:31Z,CPA105,"22.325409,114.070694",5275,222,131
1757695833,2025-09-12T16:50:33Z,CPA105,"22.32394,114.072212",5325,223,135
1757695835,2025-09-12T16:50:35Z,CPA105,"22.322403,114.073692",5375,224,137
1757695837,2025-09-12T16:50:37Z,CPA105,"22.320726,114.075218",5450,224,139
1757695839,2025-09-12T16:50:39Z,CPA105,"22.318909,114.076691",5500,225,142
1757695841,2025-09-12T16:50:41Z,CPA105,"22.317142,114.078011",5575,226,143
1757695843,2025-09-12T16:50:43Z,CPA105,"22.315338,114.079285",5625,227,146
1757695846,2025-09-12T16:50:46Z,CPA105,"22.313416,114.080482",5675,228,148
1757695848,2025-09-12T16:50:48Z,CPA105,"22.311417,114.081673",5700,230,150
1757695850,2025-09-12T16:50:50Z,CPA105,"22.309368,114.082741",5750,231,152
1757695852,2025-09-12T16:50:52Z,CPA105,"22.307327,114.083679",5775,233,154
1757695854,2025-09-12T16:50:54Z,CPA105,"22.305132,114.084625",5800,236,158
1757695856,2025-09-12T16:50:56Z,CPA105,"22.302567,114.085579",5825,240,160
1757695858,2025-09-12T16:50:58Z,CPA105,"22.300278,114.086227",5850,242,163
1757695860,2025-09-12T16:51:00Z,CPA105,"22.298584,114.086624",5850,244,165
1757695862,2025-09-12T16:51:02Z,CPA105,"22.295883,114.087227",5875,248,168
1757695865,2025-09-12T16:51:05Z,CPA105,"22.293228,114.087624",5900,250,170
1757695867,2025-09-12T16:51:07Z,CPA105,"22.290894,114.087875",5950,253,174
1757695869,2025-09-12T16:51:09Z,CPA105,"22.288513,114.087975",6000,253,177
1757695871,2025-09-12T16:51:11Z,CPA105,"22.285954,114.087929",6075,254,179
1757695873,2025-09-12T16:51:13Z,CPA105,"22.283066,114.087875",6175,254,180
1757695875,2025-09-12T16:51:15Z,CPA105,"22.280823,114.087776",6250,254,181
1757695877,2025-09-12T16:51:17Z,CPA105,"22.277985,114.087723",6350,254,181
1757695879,2025-09-12T16:51:19Z,CPA105,"22.275711,114.087624",6400,255,181
1757695882,2025-09-12T16:51:22Z,CPA105,"22.273104,114.087524",6475,256,181
1757695884,2025-09-12T16:51:24Z,CPA105,"22.271255,114.087471",6500,256,181
1757695886,2025-09-12T16:51:26Z,CPA105,"22.268309,114.087372",6550,258,181
1757695888,2025-09-12T16:51:28Z,CPA105,"22.265982,114.087318",6575,260,181
1757695890,2025-09-12T16:51:30Z,CPA105,"22.263611,114.087227",6600,262,181
1757695892,2025-09-12T16:51:32Z,CPA105,"22.261093,114.087166",6625,264,181
1757695894,2025-09-12T16:51:34Z,CPA105,"22.258438,114.087128",6650,266,181
1757695909,2025-09-12T16:51:49Z,CPA105,"22.239353,114.086815",6875,280,180
1757695921,2025-09-12T16:52:01Z,CPA105,"22.223099,114.086678",7250,284,180
1757695936,2025-09-12T16:52:16Z,CPA105,"22.203602,114.086403",7875,282,181
1757695949,2025-09-12T16:52:29Z,CPA105,"22.186295,114.086372",8275,286,179
1757695955,2025-09-12T16:52:35Z,CPA105,"22.177872,114.087524",8425,285,170
1757695957,2025-09-12T16:52:37Z,CPA105,"22.175392,114.088234",8475,285,167
1757695959,2025-09-12T16:52:39Z,CPA105,"22.172878,114.089149",8525,285,163
1757695961,2025-09-12T16:52:41Z,CPA105,"22.171062,114.090019",8550,286,159
1757695964,2025-09-12T16:52:44Z,CPA105,"22.167664,114.091766",8625,284,153
1757695966,2025-09-12T16:52:46Z,CPA105,"22.165054,114.093468",8700,284,150
1757695968,2025-09-12T16:52:48Z,CPA105,"22.162682,114.095154",8750,284,146
1757695970,2025-09-12T16:52:50Z,CPA105,"22.16066,114.096863",8825,283,143
1757695973,2025-09-12T16:52:53Z,CPA105,"22.158121,114.099174",8900,282,140
1757695975,2025-09-12T16:52:55Z,CPA105,"22.156128,114.101357",8975,282,137
1757695977,2025-09-12T16:52:57Z,CPA105,"22.154572,114.103104",9025,282,136
1757695982,2025-09-12T16:53:02Z,CPA105,"22.151184,114.107597",9150,282,127
1757695985,2025-09-12T16:53:05Z,CPA105,"22.147934,114.113091",9300,283,122
1757695987,2025-09-12T16:53:07Z,CPA105,"22.146948,114.115044",9350,283,120
1757695990,2025-09-12T16:53:10Z,CPA105,"22.145319,114.118141",9425,284,118
1757695992,2025-09-12T16:53:12Z,CPA105,"22.143906,114.120979",9500,285,118
1757695994,2025-09-12T16:53:14Z,CPA105,"22.142385,114.124046",9575,285,118
1757695996,2025-09-12T16:53:16Z,CPA105,"22.141222,114.126434",9650,285,118
1757695998,2025-09-12T16:53:18Z,CPA105,"22.139872,114.129181",9725,286,118
1757696000,2025-09-12T16:53:20Z,CPA105,"22.138941,114.131111",9775,286,118
1757696002,2025-09-12T16:53:22Z,CPA105,"22.137684,114.133606",9825,286,117
1757696004,2025-09-12T16:53:24Z,CPA105,"22.135962,114.137169",9925,286,117
1757696007,2025-09-12T16:53:27Z,CPA105,"22.134798,114.13961",9975,287,117
1757696009,2025-09-12T16:53:29Z,CPA105,"22.133541,114.14225",10050,287,117
1757696011,2025-09-12T16:53:31Z,CPA105,"22.131865,114.145714",10150,288,116
1757696025,2025-09-12T16:53:45Z,CPA105,"22.123398,114.163933",10425,298,116
1757696038,2025-09-12T16:53:58Z,CPA105,"22.115341,114.181458",10625,308,116
1757696051,2025-09-12T16:54:11Z,CPA105,"22.106773,114.200134",10850,318,116
1757696064,2025-09-12T16:54:24Z,CPA105,"22.098301,114.218292",11200,325,116
1757696079,2025-09-12T16:54:39Z,CPA105,"22.088333,114.239487",11675,329,117
1757696092,2025-09-12T16:54:52Z,CPA105,"22.077484,114.25721",12150,331,127
1757696094,2025-09-12T16:54:54Z,CPA105,"22.075491,114.25985",12225,332,128
1757696096,2025-09-12T16:54:56Z,CPA105,"22.072884,114.263306",12325,331,129
1757696098,2025-09-12T16:54:58Z,CPA105,"22.070929,114.265846",12400,332,129
1757696100,2025-09-12T16:55:00Z,CPA105,"22.069016,114.268547",12475,332,127
1757696102,2025-09-12T16:55:02Z,CPA105,"22.067093,114.271393",12550,331,126
1757696134,2025-09-12T16:55:34Z,CPA105,"22.040588,114.318237",13225,355,120
1757696167,2025-09-12T16:56:07Z,CPA105,"22.012133,114.370018",13750,460,120
1757696204,2025-09-12T16:56:44Z,CPA105,"21.97773,114.431305",14775,396,121
1757696235,2025-09-12T16:57:15Z,CPA105,"21.947378,114.485016",15800,402,121
1757696269,2025-09-12T16:57:49Z,CPA105,"21.914703,114.542961",16875,409,121
1757696301,2025-09-12T16:58:21Z,CPA105,"21.882856,114.599251",17825,415,121
1757696333,2025-09-12T16:58:53Z,CPA105,"21.850983,114.655815",18750,424,121
1757696366,2025-09-12T16:59:26Z,CPA105,"21.816879,114.71624",19625,432,121
1757696398,2025-09-12T16:59:58Z,CPA105,"21.783003,114.776207",20425,440,121
1757696430,2025-09-12T17:00:30Z,CPA105,"21.748182,114.836273",21325,446,123
1757696478,2025-09-12T17:01:18Z,CPA105,"21.68878,114.923454",22500,456,127
1757696510,2025-09-12T17:01:50Z,CPA105,"21.64842,114.980568",23350,459,127
1757696542,2025-09-12T17:02:22Z,CPA105,"21.606615,115.039268",24150,463,127
1757696573,2025-09-12T17:02:53Z,CPA105,"21.58456,115.070351",24575,464,127
1757696603,2025-09-12T17:03:23Z,CPA105,"21.543909,115.126778",25250,469,128
1757696638,2025-09-12T17:03:58Z,CPA105,"21.49416,115.189102",25975,476,132
1757696672,2025-09-12T17:04:32Z,CPA105,"21.420456,115.267807",26950,484,143
1757696677,2025-09-12T17:04:37Z,CPA105,"21.409281,115.275673",27100,484,146
1757696681,2025-09-12T17:04:41Z,CPA105,"21.401739,115.280457",27175,484,148
1757696687,2025-09-12T17:04:47Z,CPA105,"21.389776,115.28717",27300,486,152
1757696694,2025-09-12T17:04:54Z,CPA105,"21.378277,115.292717",27425,487,156
1757696699,2025-09-12T17:04:59Z,CPA105,"21.36525,115.298019",27550,488,159
1757696704,2025-09-12T17:05:04Z,CPA105,"21.354536,115.301567",27625,489,163
1757696710,2025-09-12T17:05:10Z,CPA105,"21.341362,115.305122",27775,489,166
1757696715,2025-09-12T17:05:15Z,CPA105,"21.330322,115.307709",27875,490,167
1757696721,2025-09-12T17:05:21Z,CPA105,"21.319016,115.310356",27950,491,167
1757696752,2025-09-12T17:05:52Z,CPA105,"21.248117,115.326538",28000,492,168
1757696784,2025-09-12T17:06:24Z,CPA105,"21.17688,115.342262",28425,494,168
1757696814,2025-09-12T17:06:54Z,CPA105,"21.109818,115.357193",28925,498,168
1757696848,2025-09-12T17:07:28Z,CPA105,"21.029926,115.375214",29525,502,168
1757696882,2025-09-12T17:08:02Z,CPA105,"20.959772,115.391106",30125,502,168
1757696916,2025-09-12T17:08:36Z,CPA105,"20.876724,115.41008",31125,496,167
1757696956,2025-09-12T17:09:16Z,CPA105,"20.787048,115.430359",31975,493,167
1757696989,2025-09-12T17:09:49Z,CPA105,"20.71376,115.446983",32650,491,167
1757697023,2025-09-12T17:10:23Z,CPA105,"20.637957,115.46476",33025,488,167
1757697057,2025-09-12T17:10:57Z,CPA105,"20.563148,115.482292",33000,488,167
1757697092,2025-09-12T17:11:32Z,CPA105,"20.485266,115.500366",33000,490,167
1757697126,2025-09-12T17:12:06Z,CPA105,"20.407974,115.518295",33000,492,167
1757697158,2025-09-12T17:12:38Z,CPA105,"20.336905,115.534775",33000,492,167
1757697194,2025-09-12T17:13:14Z,CPA105,"20.256592,115.553314",33000,493,167
1757697228,2025-09-12T17:13:48Z,CPA105,"20.181198,115.570679",33000,493,167
1757697266,2025-09-12T17:14:26Z,CPA105,"20.095064,115.590607",33000,494,167
1757697298,2025-09-12T17:14:58Z,CPA105,"20.023886,115.606987",33000,496,167
1757697313,2025-09-12T17:15:13Z,CPA105,"19.990952,115.614624",33000,496,167
1757697352,2025-09-12T17:15:52Z,CPA105,"19.92771,115.629211",33000,495,167
1757697425,2025-09-12T17:17:05Z,CPA105,"19.738129,115.672791",33000,495,167
1757697511,2025-09-12T17:18:31Z,CPA105,"19.569719,115.711441",33000,498,167
1757697553,2025-09-12T17:19:13Z,CPA105,"19.48444,115.730957",33000,499,167
1757697582,2025-09-12T17:19:42Z,CPA105,"19.409451,115.748131",33000,500,167
1757697615,2025-09-12T17:20:15Z,CPA105,"19.339741,115.764069",33000,501,167
1757697637,2025-09-12T17:20:37Z,CPA105,"19.287411,115.776031",33000,501,167
1757697691,2025-09-12T17:21:31Z,CPA105,"19.161131,115.804893",33000,501,167
1757697725,2025-09-12T17:22:05Z,CPA105,"19.09305,115.820419",33000,501,167
1757699381,2025-09-12T17:49:41Z,CPA105,"15.521759,117.314713",33000,500,161
1757699390,2025-09-12T17:49:50Z,CPA105,"15.504037,117.320938",33000,500,161
1757699449,2025-09-12T17:50:49Z,CPA105,"15.32666,117.377159",33000,495,164
1757699477,2025-09-12T17:51:17Z,CPA105,"15.269897,117.392914",33000,495,164
1757699523,2025-09-12T17:52:03Z,CPA105,"15.211807,117.409782",33000,490,164
1757699563,2025-09-12T17:52:43Z,CPA105,"15.117793,117.438553",33000,490,162
1757699652,2025-09-12T17:54:12Z,CPA105,"14.88414,117.519165",33000,489,160
1757699683,2025-09-12T17:54:43Z,CPA105,"14.81369,117.545143",33000,487,160
1757699715,2025-09-12T17:55:15Z,CPA105,"14.74733,117.569519",33000,487,160
1757699745,2025-09-12T17:55:45Z,CPA105,"14.683554,117.593605",33000,488,159
1757699777,2025-09-12T17:56:17Z,CPA105,"14.615021,117.622467",33000,489,155
1757699810,2025-09-12T17:56:50Z,CPA105,"14.547155,117.655724",33000,491,154
1757699841,2025-09-12T17:57:21Z,CPA105,"14.483871,117.687157",33000,491,153
1757699872,2025-09-12T17:57:52Z,CPA105,"14.420486,117.721207",33000,491,152
1757699905,2025-09-12T17:58:25Z,CPA105,"14.354056,117.758209",33000,490,151
1757699937,2025-09-12T17:58:57Z,CPA105,"14.290924,117.793518",33000,490,151
1757699969,2025-09-12T17:59:29Z,CPA105,"14.226317,117.829811",33000,492,150
1757700014,2025-09-12T18:00:14Z,CPA105,"14.136703,117.881927",33000,494,150
1757700046,2025-09-12T18:00:46Z,CPA105,"14.074697,117.917992",33000,494,150
1757700078,2025-09-12T18:01:18Z,CPA105,"14.011322,117.955376",33000,495,149
1757700111,2025-09-12T18:01:51Z,CPA105,"13.945953,117.996384",33000,494,148
1757700142,2025-09-12T18:02:22Z,CPA105,"13.885254,118.034554",33000,492,148
1757700149,2025-09-12T18:02:29Z,CPA105,"13.871729,118.043037",33000,492,148
1757700213,2025-09-12T18:03:33Z,CPA105,"13.745499,118.122345",33000,491,148
1757700237,2025-09-12T18:03:57Z,CPA105,"13.700324,118.151695",33000,492,147
1757700293,2025-09-12T18:04:53Z,CPA105,"13.593018,118.221695",33000,491,147
1757700325,2025-09-12T18:05:25Z,CPA105,"13.531631,118.26162",33000,491,147
1757700357,2025-09-12T18:05:57Z,CPA105,"13.467911,118.303055",33000,491,147
1757700388,2025-09-12T18:06:28Z,CPA105,"13.409042,118.341362",33000,491,147
1757700419,2025-09-12T18:06:59Z,CPA105,"13.350158,118.379616",33000,490,147
1757700451,2025-09-12T18:07:31Z,CPA105,"13.288605,118.419548",33000,490,147
1757700482,2025-09-12T18:08:02Z,CPA105,"13.229462,118.457954",33000,488,147
1757700513,2025-09-12T18:08:33Z,CPA105,"13.170745,118.495834",33000,489,147
1757700545,2025-09-12T18:09:05Z,CPA105,"13.108017,118.536514",33000,490,147
1757700578,2025-09-12T18:09:38Z,CPA105,"13.046311,118.577026",33000,489,146
1757700608,2025-09-12T18:10:08Z,CPA105,"12.990635,118.618134",33000,488,142
1757700641,2025-09-12T18:10:41Z,CPA105,"12.931686,118.665695",33000,488,141
1757700674,2025-09-12T18:11:14Z,CPA105,"12.872485,118.713539",33000,489,141
1757700706,2025-09-12T18:11:46Z,CPA105,"12.816055,118.759033",33000,489,141
1757700737,2025-09-12T18:12:17Z,CPA105,"12.760061,118.804176",33000,490,141
1757700768,2025-09-12T18:12:48Z,CPA105,"12.704478,118.848938",33000,490,141
1757700800,2025-09-12T18:13:20Z,CPA105,"12.647415,118.894852",33000,491,141
1757700830,2025-09-12T18:13:50Z,CPA105,"12.593591,118.938087",33000,493,141
1757700863,2025-09-12T18:14:23Z,CPA105,"12.535446,118.984871",33000,493,141
1757700895,2025-09-12T18:14:55Z,CPA105,"12.477722,119.031227",33000,492,141
1757700926,2025-09-12T18:15:26Z,CPA105,"12.421555,119.076309",33000,493,142
1757700958,2025-09-12T18:15:58Z,CPA105,"12.36232,119.121063",33000,494,143
1757700990,2025-09-12T18:16:30Z,CPA105,"12.30217,119.165146",33000,493,144
1757701023,2025-09-12T18:17:03Z,CPA105,"12.24115,119.209",33000,494,144
1757701053,2025-09-12T18:17:33Z,CPA105,"12.185165,119.249207",33000,493,144
1757701085,2025-09-12T18:18:05Z,CPA105,"12.124878,119.292488",33000,489,144
1757701117,2025-09-12T18:18:37Z,CPA105,"12.064041,119.332787",33000,488,150
1757701148,2025-09-12T18:19:08Z,CPA105,"12.003067,119.366783",33000,488,151
1757701180,2025-09-12T18:19:40Z,CPA105,"11.937949,119.402206",33000,487,151
1757701213,2025-09-12T18:20:13Z,CPA105,"11.87384,119.437111",33000,487,151
1757701243,2025-09-12T18:20:43Z,CPA105,"11.812637,119.470444",33000,487,151
1757701274,2025-09-12T18:21:14Z,CPA105,"11.750656,119.503403",33000,487,152
1757701307,2025-09-12T18:21:47Z,CPA105,"11.684967,119.537598",33000,487,152
1757701337,2025-09-12T18:22:17Z,CPA105,"11.623489,119.569611",33000,486,152
1757701370,2025-09-12T18:22:50Z,CPA105,"11.558735,119.603241",33000,487,152
1757701402,2025-09-12T18:23:22Z,CPA105,"11.492444,119.637741",33000,485,152
1757701433,2025-09-12T18:23:53Z,CPA105,"11.431321,119.669449",33000,484,152
1757701465,2025-09-12T18:24:25Z,CPA105,"11.36666,119.701874",33000,481,153
1757701496,2025-09-12T18:24:56Z,CPA105,"11.304932,119.732079",33000,482,155
1757701528,2025-09-12T18:25:28Z,CPA105,"11.238281,119.761063",33000,482,156
1757701560,2025-09-12T18:26:00Z,CPA105,"11.172546,119.788483",33000,484,157
1757701593,2025-09-12T18:26:33Z,CPA105,"11.104019,119.814713",33000,486,162
1757701626,2025-09-12T18:27:06Z,CPA105,"11.031509,119.832809",33000,486,168
1757701656,2025-09-12T18:27:36Z,CPA105,"10.964218,119.846115",33000,486,168
1757701687,2025-09-12T18:28:07Z,CPA105,"10.896156,119.859535",33000,486,168
1757701719,2025-09-12T18:28:39Z,CPA105,"10.824978,119.874474",33000,486,167
1757701750,2025-09-12T18:29:10Z,CPA105,"10.756499,119.892639",33000,483,162
1757701781,2025-09-12T18:29:41Z,CPA105,"10.691838,119.915527",33000,483,159
1757701814,2025-09-12T18:30:14Z,CPA105,"10.623917,119.943146",33000,485,157
1757701845,2025-09-12T18:30:45Z,CPA105,"10.557678,119.970894",33000,485,156
1757701878,2025-09-12T18:31:18Z,CPA105,"10.490891,120.000916",33000,487,155
1757701911,2025-09-12T18:31:51Z,CPA105,"10.422487,120.031693",33000,487,155
1757701939,2025-09-12T18:32:19Z,CPA105,"10.366904,120.061195",33000,485,145
1757701941,2025-09-12T18:32:21Z,CPA105,"10.362528,120.064468",33000,486,143
1757701943,2025-09-12T18:32:23Z,CPA105,"10.358944,120.067261",33000,486,142
1757701945,2025-09-12T18:32:25Z,CPA105,"10.354477,120.07093",33000,486,141
1757701948,2025-09-12T18:32:28Z,CPA105,"10.350984,120.073982",33000,486,139
1757701950,2025-09-12T18:32:30Z,CPA105,"10.346878,120.077774",33000,486,137
1757701952,2025-09-12T18:32:32Z,CPA105,"10.343395,120.081184",33000,485,136
1757701954,2025-09-12T18:32:34Z,CPA105,"10.340043,120.084541",33000,487,135
1757701956,2025-09-12T18:32:36Z,CPA105,"10.33667,120.088158",33000,486,133
1757701959,2025-09-12T18:32:39Z,CPA105,"10.333293,120.091934",33000,486,131
1757701961,2025-09-12T18:32:41Z,CPA105,"10.329575,120.096397",33000,486,131
1757701963,2025-09-12T18:32:43Z,CPA105,"10.326599,120.100166",33000,487,129
1757701966,2025-09-12T18:32:46Z,CPA105,"10.32389,120.103722",33000,487,127
1757701968,2025-09-12T18:32:48Z,CPA105,"10.320557,120.108452",33000,487,125
1757701970,2025-09-12T18:32:50Z,CPA105,"10.317558,120.112862",33000,487,124
1757701972,2025-09-12T18:32:52Z,CPA105,"10.315091,120.116745",33000,488,123
1757701974,2025-09-12T18:32:54Z,CPA105,"10.312775,120.120552",33000,488,121
1757701976,2025-09-12T18:32:56Z,CPA105,"10.309877,120.125603",33000,488,120
1757701979,2025-09-12T18:32:59Z,CPA105,"10.307736,120.129623",33000,488,119
1757701981,2025-09-12T18:33:01Z,CPA105,"10.305634,120.13382",33000,488,117
1757701983,2025-09-12T18:33:03Z,CPA105,"10.303639,120.138054",33000,489,115
1757701985,2025-09-12T18:33:05Z,CPA105,"10.301824,120.14222",33000,489,114
1757701987,2025-09-12T18:33:07Z,CPA105,"10.300101,120.146248",33000,488,112
1757701989,2025-09-12T18:33:09Z,CPA105,"10.298355,120.150864",33000,489,112
1757701991,2025-09-12T18:33:11Z,CPA105,"10.296478,120.156029",33000,490,110
1757701993,2025-09-12T18:33:13Z,CPA105,"10.295105,120.160172",33000,490,108
1757701995,2025-09-12T18:33:15Z,CPA105,"10.293398,120.165756",33000,490,107
1757701998,2025-09-12T18:33:18Z,CPA105,"10.292175,120.170273",33000,490,106
1757702000,2025-09-12T18:33:20Z,CPA105,"10.291024,120.175087",33000,490,104
1757702002,2025-09-12T18:33:22Z,CPA105,"10.290115,120.178741",33000,490,103
1757702004,2025-09-12T18:33:24Z,CPA105,"10.288834,120.18438",33000,489,103
1757702006,2025-09-12T18:33:26Z,CPA105,"10.287533,120.190048",33000,489,103
1757702008,2025-09-12T18:33:28Z,CPA105,"10.286648,120.193649",33000,490,103
1757702011,2025-09-12T18:33:31Z,CPA105,"10.285205,120.199661",33000,489,103
1757702013,2025-09-12T18:33:33Z,CPA105,"10.284367,120.203262",33000,490,103
1757702015,2025-09-12T18:33:35Z,CPA105,"10.282924,120.209038",33000,490,103
1757702046,2025-09-12T18:34:06Z,CPA105,"10.266449,120.277618",33000,489,103
1757702078,2025-09-12T18:34:38Z,CPA105,"10.249512,120.34903",32975,486,104
1757702089,2025-09-12T18:34:49Z,CPA105,"10.240794,120.372887",33000,485,113
1757702091,2025-09-12T18:34:51Z,CPA105,"10.238234,120.378189",33000,484,115
1757702094,2025-09-12T18:34:54Z,CPA105,"10.236191,120.382133",33000,484,116
1757702096,2025-09-12T18:34:56Z,CPA105,"10.233997,120.385956",33000,484,119
1757702098,2025-09-12T18:34:58Z,CPA105,"10.231065,120.390839",33000,484,120
1757702100,2025-09-12T18:35:00Z,CPA105,"10.228737,120.394432",33000,484,122
1757702103,2025-09-12T18:35:03Z,CPA105,"10.225572,120.399124",33025,484,124
1757702105,2025-09-12T18:35:05Z,CPA105,"10.222137,120.403778",33025,484,126
1757702107,2025-09-12T18:35:07Z,CPA105,"10.219345,120.407364",33000,485,127
1757702109,2025-09-12T18:35:09Z,CPA105,"10.215637,120.41188",33000,485,129
1757702111,2025-09-12T18:35:11Z,CPA105,"10.212753,120.415138",33000,485,131
1757702114,2025-09-12T18:35:14Z,CPA105,"10.209641,120.418396",33000,485,133
1757702116,2025-09-12T18:35:16Z,CPA105,"10.205612,120.422401",33000,485,135
1757702118,2025-09-12T18:35:18Z,CPA105,"10.203003,120.424911",33000,486,136
1757702120,2025-09-12T18:35:20Z,CPA105,"10.19899,120.428436",33000,486,138
1757702122,2025-09-12T18:35:22Z,CPA105,"10.194661,120.432037",33000,487,140
1757702124,2025-09-12T18:35:24Z,CPA105,"10.191076,120.43483",33000,488,141
1757702127,2025-09-12T18:35:27Z,CPA105,"10.187164,120.437714",33000,487,144
1757702129,2025-09-12T18:35:29Z,CPA105,"10.183116,120.440414",33000,488,145
1757702131,2025-09-12T18:35:31Z,CPA105,"10.178238,120.443535",33000,488,147
1757702133,2025-09-12T18:35:33Z,CPA105,"10.174301,120.445862",33000,488,149
1757702135,2025-09-12T18:35:35Z,CPA105,"10.171143,120.447586",33000,488,150
1757702138,2025-09-12T18:35:38Z,CPA105,"10.165512,120.450607",33000,489,151
1757702140,2025-09-12T18:35:40Z,CPA105,"10.161484,120.45266",33000,488,152
1757702142,2025-09-12T18:35:42Z,CPA105,"10.157227,120.454849",33000,489,153
1757702144,2025-09-12T18:35:44Z,CPA105,"10.153976,120.456474",33000,488,153
1757702146,2025-09-12T18:35:46Z,CPA105,"10.149039,120.45903",33000,489,153
1757702148,2025-09-12T18:35:48Z,CPA105,"10.144803,120.46125",33000,488,153
1757702150,2025-09-12T18:35:50Z,CPA105,"10.140656,120.463364",33000,488,152
1757702152,2025-09-12T18:35:52Z,CPA105,"10.135986,120.46579",33000,489,152
1757702154,2025-09-12T18:35:54Z,CPA105,"10.132235,120.46769",33000,489,153
1757702185,2025-09-12T18:36:25Z,CPA105,"10.069016,120.499306",33000,489,153
1757702217,2025-09-12T18:36:57Z,CPA105,"10.004059,120.531242",33000,491,154
1757702247,2025-09-12T18:37:27Z,CPA105,"9.941574,120.562149",33000,490,153
1757702278,2025-09-12T18:37:58Z,CPA105,"9.879362,120.592476",33000,491,156
1757702293,2025-09-12T18:38:13Z,CPA105,"9.845658,120.604599",33000,492,163
1757702296,2025-09-12T18:38:16Z,CPA105,"9.8405,120.606049",33000,492,163
1757702298,2025-09-12T18:38:18Z,CPA105,"9.835876,120.607307",33000,493,164
1757702300,2025-09-12T18:38:20Z,CPA105,"9.831135,120.608574",33000,492,165
1757702302,2025-09-12T18:38:22Z,CPA105,"9.825714,120.610008",33000,492,165
1757702304,2025-09-12T18:38:24Z,CPA105,"9.821172,120.61113",33000,492,165
1757702335,2025-09-12T18:38:55Z,CPA105,"9.754532,120.627647",33000,492,166
1757702366,2025-09-12T18:39:26Z,CPA105,"9.684174,120.645058",33000,492,166
1757702397,2025-09-12T18:39:57Z,CPA105,"9.614822,120.662239",33000,493,166
1757702428,2025-09-12T18:40:28Z,CPA105,"9.547213,120.678993",33000,494,166
1757702461,2025-09-12T18:41:01Z,CPA105,"9.47487,120.697884",33000,492,165
1757702491,2025-09-12T18:41:31Z,CPA105,"9.407135,120.715912",33000,492,165
1757702523,2025-09-12T18:42:03Z,CPA105,"9.337075,120.733971",33000,492,166
1757702556,2025-09-12T18:42:36Z,CPA105,"9.263616,120.75206",33000,494,166
1757702588,2025-09-12T18:43:08Z,CPA105,"9.192307,120.769585",33000,495,166
1757702621,2025-09-12T18:43:41Z,CPA105,"9.119677,120.788902",33000,492,162
1757702651,2025-09-12T18:44:11Z,CPA105,"9.052872,120.810555",33000,492,161
1757702684,2025-09-12T18:44:44Z,CPA105,"8.98286,120.835831",33000,494,159
1757702716,2025-09-12T18:45:16Z,CPA105,"8.912201,120.863159",33000,493,157
1757702747,2025-09-12T18:45:47Z,CPA105,"8.848649,120.889862",33000,492,157
1757702780,2025-09-12T18:46:20Z,CPA105,"8.780684,120.921211",33000,492,153
1757702811,2025-09-12T18:46:51Z,CPA105,"8.716187,120.95533",33000,491,151
1757702843,2025-09-12T18:47:23Z,CPA105,"8.652897,120.990158",33000,491,151
1757702873,2025-09-12T18:47:53Z,CPA105,"8.593682,121.02269",33000,491,151
1757702939,2025-09-12T18:48:59Z,CPA105,"8.46167,121.097549",33000,489,149
1757702974,2025-09-12T18:49:34Z,CPA105,"8.393648,121.138",33000,489,149
1757703004,2025-09-12T18:50:04Z,CPA105,"8.334641,121.173058",33000,490,149
1757703036,2025-09-12T18:50:36Z,CPA105,"8.270797,121.210876",33000,488,149
1757703069,2025-09-12T18:51:09Z,CPA105,"8.208435,121.247627",33000,487,150
1757703100,2025-09-12T18:51:40Z,CPA105,"8.146269,121.283188",33000,486,147
1757703133,2025-09-12T18:52:13Z,CPA105,"8.085193,121.32486",33000,489,145
1757703170,2025-09-12T18:52:50Z,CPA105,"8.027002,121.364975",33000,489,145
1757703201,2025-09-12T18:53:21Z,CPA105,"7.957733,121.41275",33000,489,145
1757703232,2025-09-12T18:53:52Z,CPA105,"7.89949,121.452881",33000,489,145
1757703263,2025-09-12T18:54:23Z,CPA105,"7.842316,121.49231",33000,488,145
1757703294,2025-09-12T18:54:54Z,CPA105,"7.784088,121.53244",33000,487,145
1757703326,2025-09-12T18:55:26Z,CPA105,"7.723435,121.574188",33000,489,145
1757703357,2025-09-12T18:55:57Z,CPA105,"7.66613,121.613678",33000,489,145
1757703390,2025-09-12T18:56:30Z,CPA105,"7.604782,121.655571",33000,489,146
1757703423,2025-09-12T18:57:03Z,CPA105,"7.542347,121.695511",33000,489,147
1757703453,2025-09-12T18:57:33Z,CPA105,"7.482742,121.732521",33000,489,148
1757703486,2025-09-12T18:58:06Z,CPA105,"7.41889,121.770523",33000,490,150
1757703516,2025-09-12T18:58:36Z,CPA105,"7.360291,121.804207",33000,491,149
1757703548,2025-09-12T18:59:08Z,CPA105,"7.297119,121.840843",33000,491,149
1757703579,2025-09-12T18:59:39Z,CPA105,"7.235916,121.876183",33000,490,150
1757703609,2025-09-12T19:00:09Z,CPA105,"7.1754,121.91114",33000,490,150
1757703642,2025-09-12T19:00:42Z,CPA105,"7.110901,121.948288",33000,489,150
1757703672,2025-09-12T19:01:12Z,CPA105,"7.051361,121.982666",33000,489,150
1757703705,2025-09-12T19:01:45Z,CPA105,"6.98763,122.019272",33000,486,150
1757703735,2025-09-12T19:02:15Z,CPA105,"6.928416,122.053421",33000,486,150
1757703768,2025-09-12T19:02:48Z,CPA105,"6.862871,122.090919",33000,485,150
1757703800,2025-09-12T19:03:20Z,CPA105,"6.799347,122.127144",33000,486,150
1757703832,2025-09-12T19:03:52Z,CPA105,"6.736854,122.162903",33000,486,150
1757703863,2025-09-12T19:04:23Z,CPA105,"6.675751,122.197762",33000,485,150
1757703894,2025-09-12T19:04:54Z,CPA105,"6.614594,122.232719",33000,485,150
1757703926,2025-09-12T19:05:26Z,CPA105,"6.554672,122.266983",33000,485,150
1757703956,2025-09-12T19:05:56Z,CPA105,"6.49617,122.300362",33000,485,150
1757703989,2025-09-12T19:06:29Z,CPA105,"6.43054,122.337929",33000,483,150
1757704021,2025-09-12T19:07:01Z,CPA105,"6.367813,122.373634",33000,483,150
1757704054,2025-09-12T19:07:34Z,CPA105,"6.303173,122.410522",33000,483,150
1757704087,2025-09-12T19:08:07Z,CPA105,"6.239815,122.446655",33000,482,150
1757704117,2025-09-12T19:08:37Z,CPA105,"6.181392,122.479988",33000,483,150
1757704149,2025-09-12T19:09:09Z,CPA105,"6.119522,122.515251",33000,483,150
1757704179,2025-09-12T19:09:39Z,CPA105,"6.060589,122.548843",33000,483,150
1757704211,2025-09-12T19:10:11Z,CPA105,"5.997803,122.58461",33000,484,150
1757704260,2025-09-12T19:11:00Z,CPA105,"5.901489,122.639496",33000,485,150
1757704294,2025-09-12T19:11:34Z,CPA105,"5.833461,122.678268",33000,486,150
1757704325,2025-09-12T19:12:05Z,CPA105,"5.774758,122.711601",33000,489,150
1757704357,2025-09-12T19:12:37Z,CPA105,"5.712006,122.747261",33000,489,150
1757704395,2025-09-12T19:13:15Z,CPA105,"5.636778,122.790161",33000,488,150
1757704439,2025-09-12T19:13:59Z,CPA105,"5.549744,122.839622",33000,487,150
1757704471,2025-09-12T19:14:31Z,CPA105,"5.485748,122.875938",33000,488,150
1757704504,2025-09-12T19:15:04Z,CPA105,"5.422302,122.912109",33000,488,150
1757704535,2025-09-12T19:15:35Z,CPA105,"5.360184,122.947441",33000,486,150
1757704568,2025-09-12T19:16:08Z,CPA105,"5.296143,122.983704",33000,486,150
1757704601,2025-09-12T19:16:41Z,CPA105,"5.232378,123.019882",33000,486,150
1757704633,2025-09-12T19:17:13Z,CPA105,"5.167205,123.056915",33000,486,150
1757704666,2025-09-12T19:17:46Z,CPA105,"5.10436,123.092522",33000,486,150
1757704699,2025-09-12T19:18:19Z,CPA105,"5.039233,123.129555",33000,485,150
1757704731,2025-09-12T19:18:51Z,CPA105,"4.975782,123.165642",33000,484,150
1757704764,2025-09-12T19:19:24Z,CPA105,"4.912053,123.201775",33000,484,150
1757704796,2025-09-12T19:19:56Z,CPA105,"4.849503,123.237228",33000,483,150
1757704827,2025-09-12T19:20:27Z,CPA105,"4.788574,123.271767",33000,481,150
1757704859,2025-09-12T19:20:59Z,CPA105,"4.726364,123.307053",33000,481,150
1757704891,2025-09-12T19:21:31Z,CPA105,"4.664108,123.342339",33000,481,150
1757704922,2025-09-12T19:22:02Z,CPA105,"4.603458,123.376747",33000,483,150
1757704954,2025-09-12T19:22:34Z,CPA105,"4.542526,123.41124",33000,482,150
1757704986,2025-09-12T19:23:06Z,CPA105,"4.478558,123.447495",33000,482,150
1757705018,2025-09-12T19:23:38Z,CPA105,"4.416457,123.482681",33000,484,150
1757705048,2025-09-12T19:24:08Z,CPA105,"4.356766,123.516495",33000,484,150
1757705082,2025-09-12T19:24:42Z,CPA105,"4.290802,123.55378",33000,485,150
1757705113,2025-09-12T19:25:13Z,CPA105,"4.230202,123.588097",33000,486,150
1757705148,2025-09-12T19:25:48Z,CPA105,"4.162308,123.626541",33000,486,150
1757705180,2025-09-12T19:26:20Z,CPA105,"4.098273,123.662727",33000,487,150
1757705211,2025-09-12T19:26:51Z,CPA105,"4.038546,123.696587",33000,486,150
1757705243,2025-09-12T19:27:23Z,CPA105,"3.975934,123.732056",33000,486,149
1757705278,2025-09-12T19:27:58Z,CPA105,"3.907471,123.773087",33000,485,148
1757705293,2025-09-12T19:28:13Z,CPA105,"3.878311,123.792221",33000,483,144
1757705361,2025-09-12T19:29:21Z,CPA105,"3.765015,123.88961",33000,480,136
1757705409,2025-09-12T19:30:09Z,CPA105,"3.692825,123.969681",33000,481,131
1757705443,2025-09-12T19:30:43Z,CPA105,"3.642288,124.026703",33000,482,132
1757705473,2025-09-12T19:31:13Z,CPA105,"3.596329,124.075539",33000,482,133
1757705506,2025-09-12T19:31:46Z,CPA105,"3.54486,124.129456",33000,480,133
1757705538,2025-09-12T19:32:18Z,CPA105,"3.494705,124.180794",33000,479,133
1757705571,2025-09-12T19:32:51Z,CPA105,"3.448105,124.23349",33000,481,130
1757705605,2025-09-12T19:33:25Z,CPA105,"3.398081,124.292305",33000,479,130
1757705620,2025-09-12T19:33:40Z,CPA105,"3.37662,124.317451",33000,478,130
1757705655,2025-09-12T19:34:15Z,CPA105,"3.325971,124.376839",33000,481,130
1757705720,2025-09-12T19:35:20Z,CPA105,"3.237122,124.490784",33000,483,127
1757705753,2025-09-12T19:35:53Z,CPA105,"3.194228,124.546837",33000,484,127
1757705784,2025-09-12T19:36:24Z,CPA105,"3.148819,124.606049",33000,485,127
1757705829,2025-09-12T19:37:09Z,CPA105,"3.089439,124.683556",33000,484,127
1757705839,2025-09-12T19:37:19Z,CPA105,"3.077087,124.699432",33000,485,128
1757705898,2025-09-12T19:38:18Z,CPA105,"2.967193,124.777077",33000,495,160
1757705935,2025-09-12T19:38:55Z,CPA105,"2.88554,124.80497",33000,490,157
1757705966,2025-09-12T19:39:26Z,CPA105,"2.819762,124.834427",33000,492,155
1757705999,2025-09-12T19:39:59Z,CPA105,"2.751842,124.866577",33000,492,154
1757706032,2025-09-12T19:40:32Z,CPA105,"2.685745,124.898071",33000,492,154
1757706064,2025-09-12T19:41:04Z,CPA105,"2.616806,124.929863",33000,494,155
1757706097,2025-09-12T19:41:37Z,CPA105,"2.55083,124.963135",33000,493,152
1757706130,2025-09-12T19:42:10Z,CPA105,"2.483376,124.998131",33000,492,152
1757706162,2025-09-12T19:42:42Z,CPA105,"2.417597,125.032372",33000,493,152
1757706194,2025-09-12T19:43:14Z,CPA105,"2.355776,125.064857",33000,494,152
1757706225,2025-09-12T19:43:45Z,CPA105,"2.290375,125.099174",33000,493,152
1757706270,2025-09-12T19:44:30Z,CPA105,"2.23407,125.128647",33000,20,152
1757706302,2025-09-12T19:45:02Z,CPA105,"2.135101,125.180367",33000,490,152
1757706334,2025-09-12T19:45:34Z,CPA105,"2.070511,125.214165",33000,491,152
1757706365,2025-09-12T19:46:05Z,CPA105,"2.006378,125.247635",33000,490,152
1757706396,2025-09-12T19:46:36Z,CPA105,"1.945046,125.279701",33000,491,152
1757706428,2025-09-12T19:47:08Z,CPA105,"1.880105,125.313614",33000,492,152
1757706461,2025-09-12T19:47:41Z,CPA105,"1.814072,125.348137",33000,493,152
1757706493,2025-09-12T19:48:13Z,CPA105,"1.749893,125.381653",33000,494,152
1757706524,2025-09-12T19:48:44Z,CPA105,"1.68682,125.414619",33000,495,152
1757706554,2025-09-12T19:49:14Z,CPA105,"1.624813,125.447105",33000,494,152
1757706585,2025-09-12T19:49:45Z,CPA105,"1.561222,125.480301",33000,494,152
1757706617,2025-09-12T19:50:17Z,CPA105,"1.497528,125.513634",33000,493,152
1757706648,2025-09-12T19:50:48Z,CPA105,"1.434414,125.546547",33000,494,152
1757706683,2025-09-12T19:51:23Z,CPA105,"1.36409,125.583321",33000,493,152
1757706714,2025-09-12T19:51:54Z,CPA105,"1.299645,125.616966",33000,493,152
1757706746,2025-09-12T19:52:26Z,CPA105,"1.233948,125.651283",33000,493,152
1757706778,2025-09-12T19:52:58Z,CPA105,"1.169811,125.684822",33000,494,152
1757706813,2025-09-12T19:53:33Z,CPA105,"1.096817,125.722992",33000,495,152
1757706845,2025-09-12T19:54:05Z,CPA105,"1.033905,125.755844",33000,494,152
1757706875,2025-09-12T19:54:35Z,CPA105,"0.973081,125.787636",33000,493,152
1757706907,2025-09-12T19:55:07Z,CPA105,"0.907974,125.821671",33000,494,152
1757706938,2025-09-12T19:55:38Z,CPA105,"0.844528,125.854721",33000,494,152
1757706969,2025-09-12T19:56:09Z,CPA105,"0.781952,125.887444",33000,493,152
1757707000,2025-09-12T19:56:40Z,CPA105,"0.717556,125.921028",33000,492,152
1757707032,2025-09-12T19:57:12Z,CPA105,"0.653503,125.954483",33000,492,152
1757707064,2025-09-12T19:57:44Z,CPA105,"0.588374,125.988464",33000,492,152
1757707096,2025-09-12T19:58:16Z,CPA105,"0.522949,126.022682",33000,493,152
1757707127,2025-09-12T19:58:47Z,CPA105,"0.461286,126.054855",33000,494,152
1757707160,2025-09-12T19:59:20Z,CPA105,"0.394775,126.089668",33000,496,152
1757707191,2025-09-12T19:59:51Z,CPA105,"0.330195,126.123329",33000,498,152
1757707224,2025-09-12T20:00:24Z,CPA105,"0.263123,126.158379",33000,499,152
1757707256,2025-09-12T20:00:56Z,CPA105,"0.195752,126.193512",33000,497,152
1757707289,2025-09-12T20:01:29Z,CPA105,"0.128998,126.228348",33000,497,152
1757707322,2025-09-12T20:02:02Z,CPA105,"0.063171,126.262749",33000,498,152
1757707352,2025-09-12T20:02:32Z,CPA105,"0.00149,126.295036",33000,498,152
1757707384,2025-09-12T20:03:04Z,CPA105,"-0.06387,126.329132",33000,497,152
1757707414,2025-09-12T20:03:34Z,CPA105,"-0.126846,126.362045",33000,496,152
1757707446,2025-09-12T20:04:06Z,CPA105,"-0.190887,126.395515",33000,496,152
1757707477,2025-09-12T20:04:37Z,CPA105,"-0.254517,126.428665",33000,497,152
1757707509,2025-09-12T20:05:09Z,CPA105,"-0.320372,126.463058",33000,498,152
1757707542,2025-09-12T20:05:42Z,CPA105,"-0.387408,126.4981",33000,499,152
1757707574,2025-09-12T20:06:14Z,CPA105,"-0.453884,126.532761",33000,498,152
1757707607,2025-09-12T20:06:47Z,CPA105,"-0.520501,126.56752",33000,496,152
1757707638,2025-09-12T20:07:18Z,CPA105,"-0.584747,126.601044",33000,494,152
1757707670,2025-09-12T20:07:50Z,CPA105,"-0.649475,126.634842",33000,496,152
1757707700,2025-09-12T20:08:20Z,CPA105,"-0.711132,126.667061",33000,496,152
1757707734,2025-09-12T20:08:54Z,CPA105,"-0.779068,126.702621",33000,497,152
1757707766,2025-09-12T20:09:26Z,CPA105,"-0.845528,126.737236",33000,495,152
1757707798,2025-09-12T20:09:58Z,CPA105,"-0.9114,126.771667",33000,496,152
1757707830,2025-09-12T20:10:30Z,CPA105,"-0.975316,126.805054",33000,496,152
1757707860,2025-09-12T20:11:00Z,CPA105,"-1.037842,126.837761",33000,496,152
1757707893,2025-09-12T20:11:33Z,CPA105,"-1.103485,126.872025",33000,496,152
1757707924,2025-09-12T20:12:04Z,CPA105,"-1.168442,126.905914",33000,494,152
1757707956,2025-09-12T20:12:36Z,CPA105,"-1.232657,126.939445",33000,496,152
1757707987,2025-09-12T20:13:07Z,CPA105,"-1.295746,126.972389",33000,496,152
1757708019,2025-09-12T20:13:39Z,CPA105,"-1.360519,127.006233",33000,496,152
1757708054,2025-09-12T20:14:14Z,CPA105,"-1.427902,127.041428",33000,496,152
1757708086,2025-09-12T20:14:46Z,CPA105,"-1.497632,127.077911",33000,496,152
1757708118,2025-09-12T20:15:18Z,CPA105,"-1.5634,127.11219",33000,496,152
1757708151,2025-09-12T20:15:51Z,CPA105,"-1.629282,127.146713",33000,497,152
1757708182,2025-09-12T20:16:22Z,CPA105,"-1.694315,127.180672",33000,498,152
1757708213,2025-09-12T20:16:53Z,CPA105,"-1.757952,127.213959",33000,498,152
1757708248,2025-09-12T20:17:28Z,CPA105,"-1.830108,127.251656",33000,496,152
1757708279,2025-09-12T20:17:59Z,CPA105,"-1.892624,127.28434",33000,496,152
1757708308,2025-09-12T20:18:28Z,CPA105,"-1.954559,127.311012",33000,499,163
1757708311,2025-09-12T20:18:31Z,CPA105,"-1.959,127.312225",33000,499,164
1757708315,2025-09-12T20:18:35Z,CPA105,"-1.967514,127.31427",33000,499,166
1757708317,2025-09-12T20:18:37Z,CPA105,"-1.97406,127.315666",33000,499,168
1757708320,2025-09-12T20:18:40Z,CPA105,"-1.978638,127.316505",33000,499,169
1757708322,2025-09-12T20:18:42Z,CPA105,"-1.983498,127.317291",33000,500,170
1757708324,2025-09-12T20:18:44Z,CPA105,"-1.990387,127.318237",33000,499,172
1757708326,2025-09-12T20:18:46Z,CPA105,"-1.995575,127.318787",33000,500,173
1757708329,2025-09-12T20:18:49Z,CPA105,"-2.001343,127.319252",33000,500,174
1757708331,2025-09-12T20:18:51Z,CPA105,"-2.006195,127.31958",33000,500,175
1757708333,2025-09-12T20:18:53Z,CPA105,"-2.011047,127.319809",33000,501,177
1757708335,2025-09-12T20:18:55Z,CPA105,"-2.016632,127.319908",33000,501,178
1757708338,2025-09-12T20:18:58Z,CPA105,"-2.021255,127.319908",33000,502,179
1757708340,2025-09-12T20:19:00Z,CPA105,"-2.025534,127.319801",33000,502,180
1757708342,2025-09-12T20:19:02Z,CPA105,"-2.031586,127.319511",33000,502,181
1757708344,2025-09-12T20:19:04Z,CPA105,"-2.035172,127.319298",33000,502,182
1757708346,2025-09-12T20:19:06Z,CPA105,"-2.041083,127.318802",33000,502,183
1757708348,2025-09-12T20:19:08Z,CPA105,"-2.045924,127.318283",33000,502,185
1757708350,2025-09-12T20:19:10Z,CPA105,"-2.050415,127.317673",33000,502,186
1757708353,2025-09-12T20:19:13Z,CPA105,"-2.056259,127.316765",33000,502,188
1757708355,2025-09-12T20:19:15Z,CPA105,"-2.060169,127.316109",33000,503,189
1757708357,2025-09-12T20:19:17Z,CPA105,"-2.066593,127.314873",33000,503,190
1757708359,2025-09-12T20:19:19Z,CPA105,"-2.070876,127.313881",33000,503,192
1757708362,2025-09-12T20:19:22Z,CPA105,"-2.076691,127.3125",33000,503,193
1757708364,2025-09-12T20:19:24Z,CPA105,"-2.080032,127.311569",33000,503,194
1757708366,2025-09-12T20:19:26Z,CPA105,"-2.082275,127.310966",33000,503,194
1757708369,2025-09-12T20:19:29Z,CPA105,"-2.092758,127.307709",33000,504,197
1757708377,2025-09-12T20:19:37Z,CPA105,"-2.096666,127.306442",33000,504,198
1757708384,2025-09-12T20:19:44Z,CPA105,"-2.122147,127.2957",33000,505,206
1757708406,2025-09-12T20:20:06Z,CPA105,"-2.170166,127.269302",33000,504,209
1757708438,2025-09-12T20:20:38Z,CPA105,"-2.239563,127.238762",33000,504,199
1757708440,2025-09-12T20:20:40Z,CPA105,"-2.243632,127.237305",33000,504,199
1757708472,2025-09-12T20:21:12Z,CPA105,"-2.314764,127.216568",33000,498,190
1757708475,2025-09-12T20:21:15Z,CPA105,"-2.319489,127.215858",33000,498,189
1757708477,2025-09-12T20:21:17Z,CPA105,"-2.325439,127.215073",33000,498,187
1757708479,2025-09-12T20:21:19Z,CPA105,"-2.331253,127.214508",33000,497,186
1757708481,2025-09-12T20:21:21Z,CPA105,"-2.335876,127.214142",33000,497,184
1757708483,2025-09-12T20:21:23Z,CPA105,"-2.340958,127.213814",33000,498,183
1757708486,2025-09-12T20:21:26Z,CPA105,"-2.346268,127.213623",33000,497,182
1757708488,2025-09-12T20:21:28Z,CPA105,"-2.350708,127.213577",33000,497,180
1757708490,2025-09-12T20:21:30Z,CPA105,"-2.355331,127.213577",33000,497,180
1757708492,2025-09-12T20:21:32Z,CPA105,"-2.361036,127.213768",33000,496,178
1757708494,2025-09-12T20:21:34Z,CPA105,"-2.365997,127.214043",33000,496,177
1757708497,2025-09-12T20:21:37Z,CPA105,"-2.371883,127.214432",33000,496,176
1757708499,2025-09-12T20:21:39Z,CPA105,"-2.377304,127.215019",33000,495,175
1757708501,2025-09-12T20:21:41Z,CPA105,"-2.381424,127.215538",33000,494,173
1757708503,2025-09-12T20:21:43Z,CPA105,"-2.386547,127.216232",33000,494,172
1757708505,2025-09-12T20:21:45Z,CPA105,"-2.391449,127.217026",33000,494,170
1757708507,2025-09-12T20:21:47Z,CPA105,"-2.39609,127.217888",33000,493,169
1757708510,2025-09-12T20:21:50Z,CPA105,"-2.400792,127.218887",33000,493,168
1757708512,2025-09-12T20:21:52Z,CPA105,"-2.406425,127.220215",33000,493,166
1757708515,2025-09-12T20:21:55Z,CPA105,"-2.411732,127.221588",33000,492,165
1757708517,2025-09-12T20:21:57Z,CPA105,"-2.417039,127.223099",33000,492,164
1757708519,2025-09-12T20:21:59Z,CPA105,"-2.421647,127.224571",33000,491,162
1757708521,2025-09-12T20:22:01Z,CPA105,"-2.426971,127.226334",33000,491,161
1757708523,2025-09-12T20:22:03Z,CPA105,"-2.431274,127.227875",33000,490,160
1757708526,2025-09-12T20:22:06Z,CPA105,"-2.436813,127.230057",33000,490,159
1757708528,2025-09-12T20:22:08Z,CPA105,"-2.441153,127.231857",33000,489,157
1757708530,2025-09-12T20:22:10Z,CPA105,"-2.444924,127.233475",33000,489,156
1757708532,2025-09-12T20:22:12Z,CPA105,"-2.449951,127.235832",33000,489,155
1757708534,2025-09-12T20:22:14Z,CPA105,"-2.454374,127.238014",33000,489,153
1757708536,2025-09-12T20:22:16Z,CPA105,"-2.458328,127.240021",33000,489,152
1757708538,2025-09-12T20:22:18Z,CPA105,"-2.462357,127.242165",33000,488,152
1757708540,2025-09-12T20:22:20Z,CPA105,"-2.467117,127.244766",33000,489,151
1757708543,2025-09-12T20:22:23Z,CPA105,"-2.4711,127.247002",33000,488,150
1757708545,2025-09-12T20:22:25Z,CPA105,"-2.475555,127.249527",33000,489,150
1757708547,2025-09-12T20:22:27Z,CPA105,"-2.479752,127.251984",33000,489,149
1757708549,2025-09-12T20:22:29Z,CPA105,"-2.48465,127.254822",33000,488,149
1757708551,2025-09-12T20:22:31Z,CPA105,"-2.488541,127.257149",33000,488,149
1757708553,2025-09-12T20:22:33Z,CPA105,"-2.492733,127.259659",33000,488,148
1757708556,2025-09-12T20:22:36Z,CPA105,"-2.497015,127.26226",33000,488,148
1757708587,2025-09-12T20:23:07Z,CPA105,"-2.556137,127.299202",33000,487,147
1757708617,2025-09-12T20:23:37Z,CPA105,"-2.614746,127.336517",33000,487,147
1757708650,2025-09-12T20:24:10Z,CPA105,"-2.675776,127.378426",33000,488,144
1757708681,2025-09-12T20:24:41Z,CPA105,"-2.732849,127.419006",33000,488,144
1757708714,2025-09-12T20:25:14Z,CPA105,"-2.792999,127.4617",33000,488,144
1757708745,2025-09-12T20:25:45Z,CPA105,"-2.850487,127.502449",33000,487,144
1757708776,2025-09-12T20:26:16Z,CPA105,"-2.908258,127.543411",33000,488,144
1757708807,2025-09-12T20:26:47Z,CPA105,"-2.966034,127.584366",33000,488,144
1757708838,2025-09-12T20:27:18Z,CPA105,"-3.023102,127.624763",33000,488,144
1757708869,2025-09-12T20:27:49Z,CPA105,"-3.080658,127.665512",33000,487,144
1757708901,2025-09-12T20:28:21Z,CPA105,"-3.13884,127.706711",33000,486,144
1757708931,2025-09-12T20:28:51Z,CPA105,"-3.194962,127.747025",33000,484,142
1757708962,2025-09-12T20:29:22Z,CPA105,"-3.248089,127.790031",33000,484,140
1757708993,2025-09-12T20:29:53Z,CPA105,"-3.300879,127.835777",33000,483,135
1757709026,2025-09-12T20:30:26Z,CPA105,"-3.351837,127.888496",33000,485,133
1757709056,2025-09-12T20:30:56Z,CPA105,"-3.399811,127.938675",33000,483,133
1757709087,2025-09-12T20:31:27Z,CPA105,"-3.44783,127.987465",33000,482,134
1757709118,2025-09-12T20:31:58Z,CPA105,"-3.49704,128.037094",33000,484,134
1757709151,2025-09-12T20:32:31Z,CPA105,"-3.547699,128.088654",33000,483,133
1757709182,2025-09-12T20:33:02Z,CPA105,"-3.596375,128.139313",33000,487,135
1757709196,2025-09-12T20:33:16Z,CPA105,"-3.621904,128.160294",33000,489,143
1757709198,2025-09-12T20:33:18Z,CPA105,"-3.625814,128.162994",33000,488,144
1757709201,2025-09-12T20:33:21Z,CPA105,"-3.6297,128.165527",33000,489,146
1757709204,2025-09-12T20:33:24Z,CPA105,"-3.633775,128.168167",33000,489,147
1757709206,2025-09-12T20:33:26Z,CPA105,"-3.638489,128.171066",33000,488,148
1757709208,2025-09-12T20:33:28Z,CPA105,"-3.643524,128.174088",33000,488,149
1757709211,2025-09-12T20:33:31Z,CPA105,"-3.649137,128.177353",33000,488,149
1757709213,2025-09-12T20:33:33Z,CPA105,"-3.652861,128.179474",33000,488,149
1757709215,2025-09-12T20:33:35Z,CPA105,"-3.657669,128.182236",33000,489,150
1757709217,2025-09-12T20:33:37Z,CPA105,"-3.661423,128.184326",33000,489,150
1757709220,2025-09-12T20:33:40Z,CPA105,"-3.665849,128.186859",33000,489,150
1757709252,2025-09-12T20:34:12Z,CPA105,"-3.728119,128.226044",33000,485,141
1757709254,2025-09-12T20:34:14Z,CPA105,"-3.732419,128.229538",33000,486,140
1757709257,2025-09-12T20:34:17Z,CPA105,"-3.736562,128.232986",33000,486,139
1757709259,2025-09-12T20:34:19Z,CPA105,"-3.740799,128.236572",33000,485,139
1757709262,2025-09-12T20:34:22Z,CPA105,"-3.745127,128.240326",33000,486,139
1757709264,2025-09-12T20:34:24Z,CPA105,"-3.748712,128.243454",33000,486,138
1757709267,2025-09-12T20:34:27Z,CPA105,"-3.752762,128.247009",33000,485,138
1757709269,2025-09-12T20:34:29Z,CPA105,"-3.757004,128.2509",33000,485,137
1757709271,2025-09-12T20:34:31Z,CPA105,"-3.76062,128.254349",33000,485,136
1757709273,2025-09-12T20:34:33Z,CPA105,"-3.763367,128.257004",33000,485,135
1757709275,2025-09-12T20:34:35Z,CPA105,"-3.7668,128.26059",33000,485,133
1757709277,2025-09-12T20:34:37Z,CPA105,"-3.769986,128.263962",33000,484,132
1757709283,2025-09-12T20:34:43Z,CPA105,"-3.778839,128.274277",33000,484,129
1757709285,2025-09-12T20:34:45Z,CPA105,"-3.781578,128.27774",33000,485,128
1757709287,2025-09-12T20:34:47Z,CPA105,"-3.784837,128.282043",33000,485,126
1757709289,2025-09-12T20:34:49Z,CPA105,"-3.78763,128.285889",33000,485,125
1757709291,2025-09-12T20:34:51Z,CPA105,"-3.7901,128.28949",33000,485,124
1757709294,2025-09-12T20:34:54Z,CPA105,"-3.792572,128.293259",33000,485,122
1757709296,2025-09-12T20:34:56Z,CPA105,"-3.795685,128.298248",33000,486,122
1757709298,2025-09-12T20:34:58Z,CPA105,"-3.798523,128.302979",33000,485,120
1757709300,2025-09-12T20:35:00Z,CPA105,"-3.800674,128.306808",33000,485,119
1757709303,2025-09-12T20:35:03Z,CPA105,"-3.802713,128.310699",33000,485,118
1757709305,2025-09-12T20:35:05Z,CPA105,"-3.804932,128.315002",33000,486,116
1757709307,2025-09-12T20:35:07Z,CPA105,"-3.807321,128.319977",33000,486,115
1757709309,2025-09-12T20:35:09Z,CPA105,"-3.809556,128.324905",33000,486,114
1757709312,2025-09-12T20:35:12Z,CPA105,"-3.811278,128.329071",33000,486,112
1757709314,2025-09-12T20:35:14Z,CPA105,"-3.81342,128.334518",33000,485,111
1757709316,2025-09-12T20:35:16Z,CPA105,"-3.815094,128.339066",33000,486,110
1757709318,2025-09-12T20:35:18Z,CPA105,"-3.816678,128.343658",33000,486,108
1757709320,2025-09-12T20:35:20Z,CPA105,"-3.818028,128.347916",33000,485,107
1757709322,2025-09-12T20:35:22Z,CPA105,"-3.819305,128.352341",33000,486,106
1757709325,2025-09-12T20:35:25Z,CPA105,"-3.820541,128.356903",32975,485,104
1757709327,2025-09-12T20:35:27Z,CPA105,"-3.821732,128.361694",33000,485,103
1757709329,2025-09-12T20:35:29Z,CPA105,"-3.822963,128.367294",33000,485,102
1757709332,2025-09-12T20:35:32Z,CPA105,"-3.82408,128.37326",33000,486,101
1757709334,2025-09-12T20:35:34Z,CPA105,"-3.824825,128.377426",33025,485,99
1757709336,2025-09-12T20:35:36Z,CPA105,"-3.825663,128.383194",33000,485,98
1757709338,2025-09-12T20:35:38Z,CPA105,"-3.826172,128.387573",33000,485,97
1757709340,2025-09-12T20:35:40Z,CPA105,"-3.826675,128.3927",33000,485,95
1757709343,2025-09-12T20:35:43Z,CPA105,"-3.827087,128.398056",33000,485,94
1757709345,2025-09-12T20:35:45Z,CPA105,"-3.827292,128.40242",33000,485,93
1757709347,2025-09-12T20:35:47Z,CPA105,"-3.827454,128.407272",33000,486,91
1757709349,2025-09-12T20:35:49Z,CPA105,"-3.827545,128.411743",33000,486,90
1757709352,2025-09-12T20:35:52Z,CPA105,"-3.827572,128.417252",33000,486,90
1757709354,2025-09-12T20:35:54Z,CPA105,"-3.827478,128.421509",33000,486,89
1757709356,2025-09-12T20:35:56Z,CPA105,"-3.827362,128.427017",33000,486,89
1757709358,2025-09-12T20:35:58Z,CPA105,"-3.827271,128.431763",33000,486,88
1757709360,2025-09-12T20:36:00Z,CPA105,"-3.827179,128.435349",33000,486,88
1757709362,2025-09-12T20:36:02Z,CPA105,"-3.827106,128.440826",33000,486,89
1757709365,2025-09-12T20:36:05Z,CPA105,"-3.827087,128.446335",33000,486,89
1757709390,2025-09-12T20:36:30Z,CPA105,"-3.830411,128.504715",33000,485,98
1757709393,2025-09-12T20:36:33Z,CPA105,"-3.831203,128.509354",33000,486,99
1757709395,2025-09-12T20:36:35Z,CPA105,"-3.832031,128.513687",33000,485,101
1757709397,2025-09-12T20:36:37Z,CPA105,"-3.833251,128.519302",33000,486,102
1757709399,2025-09-12T20:36:39Z,CPA105,"-3.834415,128.524078",33000,486,103
1757709402,2025-09-12T20:36:42Z,CPA105,"-3.835693,128.529007",33000,486,104
1757709404,2025-09-12T20:36:44Z,CPA105,"-3.837022,128.533646",33000,487,105
1757709406,2025-09-12T20:36:46Z,CPA105,"-3.838837,128.53923",33000,487,107
1757709408,2025-09-12T20:36:48Z,CPA105,"-3.840363,128.543854",33000,488,108
1757709410,2025-09-12T20:36:50Z,CPA105,"-3.841873,128.547913",33000,488,109
1757709413,2025-09-12T20:36:53Z,CPA105,"-3.843475,128.552094",33000,489,110
1757709415,2025-09-12T20:36:55Z,CPA105,"-3.845494,128.557037",33000,489,111
1757709417,2025-09-12T20:36:57Z,CPA105,"-3.847824,128.562286",33000,490,113
1757709419,2025-09-12T20:36:59Z,CPA105,"-3.84973,128.566315",33000,490,114
1757709421,2025-09-12T20:37:01Z,CPA105,"-3.851732,128.570389",33000,491,116
1757709424,2025-09-12T20:37:04Z,CPA105,"-3.853827,128.574417",33000,491,117
1757709426,2025-09-12T20:37:06Z,CPA105,"-3.856667,128.579575",33000,492,118
1757709428,2025-09-12T20:37:08Z,CPA105,"-3.85936,128.584213",33000,492,120
1757709430,2025-09-12T20:37:10Z,CPA105,"-3.861182,128.58725",33000,493,121
1757709433,2025-09-12T20:37:13Z,CPA105,"-3.864255,128.592087",33000,493,121
1757709435,2025-09-12T20:37:15Z,CPA105,"-3.86742,128.596817",33000,493,123
1757709437,2025-09-12T20:37:17Z,CPA105,"-3.870117,128.600601",33000,494,125
1757709439,2025-09-12T20:37:19Z,CPA105,"-3.872681,128.604141",33000,495,126
1757709441,2025-09-12T20:37:21Z,CPA105,"-3.876126,128.608566",33000,495,127
1757709443,2025-09-12T20:37:23Z,CPA105,"-3.879364,128.61261",33000,495,128
1757709446,2025-09-12T20:37:26Z,CPA105,"-3.88255,128.616379",33000,497,130
1757709448,2025-09-12T20:37:28Z,CPA105,"-3.886367,128.620682",33000,498,131
1757709450,2025-09-12T20:37:30Z,CPA105,"-3.889486,128.624054",33000,498,132
1757709452,2025-09-12T20:37:32Z,CPA105,"-3.89296,128.627609",33000,499,133
1757709454,2025-09-12T20:37:34Z,CPA105,"-3.895817,128.630493",33000,499,134
1757709456,2025-09-12T20:37:36Z,CPA105,"-3.900055,128.634537",33000,500,136
1757709459,2025-09-12T20:37:39Z,CPA105,"-3.903625,128.637848",32975,500,137
1757709461,2025-09-12T20:37:41Z,CPA105,"-3.90802,128.641617",33000,500,138
1757709463,2025-09-12T20:37:43Z,CPA105,"-3.911645,128.644653",33000,500,139
1757709465,2025-09-12T20:37:45Z,CPA105,"-3.915416,128.647675",32975,500,140
1757709467,2025-09-12T20:37:47Z,CPA105,"-3.918721,128.650238",33000,499,141
1757709469,2025-09-12T20:37:49Z,CPA105,"-3.92319,128.653595",33000,499,142
1757709471,2025-09-12T20:37:51Z,CPA105,"-3.926774,128.656113",33000,499,143
1757709474,2025-09-12T20:37:54Z,CPA105,"-3.931503,128.659302",32975,499,145
1757709476,2025-09-12T20:37:56Z,CPA105,"-3.935899,128.662125",33000,500,146
1757709478,2025-09-12T20:37:58Z,CPA105,"-3.939789,128.66452",33000,501,147
1757709481,2025-09-12T20:38:01Z,CPA105,"-3.944697,128.667419",33000,502,149
1757709483,2025-09-12T20:38:03Z,CPA105,"-3.949352,128.670029",32975,501,150
1757709485,2025-09-12T20:38:05Z,CPA105,"-3.953613,128.672195",33000,501,151
1757709487,2025-09-12T20:38:07Z,CPA105,"-3.958104,128.674484",33000,502,153
1757709489,2025-09-12T20:38:09Z,CPA105,"-3.963455,128.677048",33000,503,154
1757709491,2025-09-12T20:38:11Z,CPA105,"-3.967529,128.678864",33000,502,155
1757709494,2025-09-12T20:38:14Z,CPA105,"-3.972582,128.681015",32975,503,156
1757709496,2025-09-12T20:38:16Z,CPA105,"-3.977051,128.68277",33025,504,157
1757709498,2025-09-12T20:38:18Z,CPA105,"-3.98259,128.684952",33000,504,158
1757709500,2025-09-12T20:38:20Z,CPA105,"-3.986206,128.68631",33000,504,159
1757709503,2025-09-12T20:38:23Z,CPA105,"-3.991575,128.688309",33000,504,159
1757709505,2025-09-12T20:38:25Z,CPA105,"-3.997192,128.690308",33000,504,160
1757709507,2025-09-12T20:38:27Z,CPA105,"-4.001816,128.69194",33000,504,160
1757709509,2025-09-12T20:38:29Z,CPA105,"-4.006485,128.693573",33000,504,160
1757709511,2025-09-12T20:38:31Z,CPA105,"-4.010696,128.695053",33000,504,160
1757709541,2025-09-12T20:39:01Z,CPA105,"-4.075881,128.724014",33000,504,150
1757709544,2025-09-12T20:39:04Z,CPA105,"-4.079792,128.726242",32975,504,150
1757709546,2025-09-12T20:39:06Z,CPA105,"-4.084122,128.728714",33000,503,150
1757709548,2025-09-12T20:39:08Z,CPA105,"-4.088974,128.731552",32975,503,149
1757709550,2025-09-12T20:39:10Z,CPA105,"-4.094083,128.734619",33000,504,149
1757709553,2025-09-12T20:39:13Z,CPA105,"-4.098129,128.737137",32975,503,148
1757709555,2025-09-12T20:39:15Z,CPA105,"-4.102249,128.739792",32950,502,147
1757709557,2025-09-12T20:39:17Z,CPA105,"-4.106689,128.742767",33000,502,146
1757709561,2025-09-12T20:39:21Z,CPA105,"-4.11438,128.748367",33000,501,143
1757709563,2025-09-12T20:39:23Z,CPA105,"-4.118849,128.751816",33000,499,142
1757709566,2025-09-12T20:39:26Z,CPA105,"-4.122345,128.754639",33025,499,141
1757709568,2025-09-12T20:39:28Z,CPA105,"-4.12674,128.758423",33000,498,139
1757709570,2025-09-12T20:39:30Z,CPA105,"-4.130219,128.761444",33025,497,138
1757709572,2025-09-12T20:39:32Z,CPA105,"-4.133885,128.764786",33000,497,138
1757709575,2025-09-12T20:39:35Z,CPA105,"-4.137609,128.76825",33000,497,137
1757709577,2025-09-12T20:39:37Z,CPA105,"-4.140839,128.771362",33000,497,136
1757709579,2025-09-12T20:39:39Z,CPA105,"-4.145096,128.775543",33000,497,135
1757709581,2025-09-12T20:39:41Z,CPA105,"-4.148503,128.779129",33000,497,134
1757709583,2025-09-12T20:39:43Z,CPA105,"-4.151871,128.782761",33000,496,133
1757709586,2025-09-12T20:39:46Z,CPA105,"-4.155121,128.786346",33025,496,132
1757709588,2025-09-12T20:39:48Z,CPA105,"-4.159012,128.790863",33000,495,131
1757709590,2025-09-12T20:39:50Z,CPA105,"-4.161987,128.794357",33000,495,130
1757709592,2025-09-12T20:39:52Z,CPA105,"-4.164982,128.797974",33000,495,129
1757709594,2025-09-12T20:39:54Z,CPA105,"-4.168671,128.802505",33000,495,129
1757709597,2025-09-12T20:39:57Z,CPA105,"-4.172012,128.806595",33000,494,128
1757709599,2025-09-12T20:39:59Z,CPA105,"-4.175262,128.810745",33000,494,128
1757709601,2025-09-12T20:40:01Z,CPA105,"-4.178146,128.814331",32975,493,128
1757709632,2025-09-12T20:40:32Z,CPA105,"-4.221176,128.8694",33000,490,127
1757709664,2025-09-12T20:41:04Z,CPA105,"-4.265121,128.92926",33000,491,122
1757709676,2025-09-12T20:41:16Z,CPA105,"-4.277069,128.950821",32975,494,117
1757709678,2025-09-12T20:41:18Z,CPA105,"-4.280199,128.957047",33000,494,116
1757709681,2025-09-12T20:41:21Z,CPA105,"-4.282242,128.961288",33025,494,116
1757709683,2025-09-12T20:41:23Z,CPA105,"-4.284901,128.966751",33000,495,115
1757709685,2025-09-12T20:41:25Z,CPA105,"-4.286591,128.970413",33000,496,115
1757709687,2025-09-12T20:41:27Z,CPA105,"-4.289063,128.975586",33000,496,115
1757709719,2025-09-12T20:41:59Z,CPA105,"-4.319024,129.0401",33000,495,115
1757709737,2025-09-12T20:42:17Z,CPA105,"-4.341089,129.076752",33000,489,124
1757709740,2025-09-12T20:42:20Z,CPA105,"-4.345001,129.081955",33000,490,126
1757709743,2025-09-12T20:42:23Z,CPA105,"-4.349329,129.087372",33000,490,127
1757709746,2025-09-12T20:42:26Z,CPA105,"-4.353973,129.092804",33000,489,129
1757709749,2025-09-12T20:42:29Z,CPA105,"-4.356812,129.096008",33000,488,131
1757709752,2025-09-12T20:42:32Z,CPA105,"-4.362946,129.102386",33000,488,133
1757709755,2025-09-12T20:42:35Z,CPA105,"-4.367019,129.106445",33000,488,134
1757711575,2025-09-12T21:12:55Z,CPA105,"-7.942795,131.249374",35000,489,149
1757711694,2025-09-12T21:14:54Z,CPA105,"-8.17305,131.391266",35000,493,146
1757711713,2025-09-12T21:15:13Z,CPA105,"-8.210495,131.416321",35000,494,146
1757711863,2025-09-12T21:17:43Z,CPA105,"-8.495178,131.603195",35000,489,146
1757711923,2025-09-12T21:18:43Z,CPA105,"-8.609847,131.671341",35100,465,149
1757712058,2025-09-12T21:20:58Z,CPA105,"-8.863869,131.838547",35100,452,146
1757712111,2025-09-12T21:21:51Z,CPA105,"-8.966333,131.912277",35000,486,146
1757712142,2025-09-12T21:22:22Z,CPA105,"-9.025543,131.951202",35000,486,146
1757712174,2025-09-12T21:22:54Z,CPA105,"-9.084686,131.990158",35000,483,146
1757712206,2025-09-12T21:23:26Z,CPA105,"-9.14528,132.030045",35000,483,146
1757712238,2025-09-12T21:23:58Z,CPA105,"-9.205286,132.069534",35000,482,146
1757712270,2025-09-12T21:24:30Z,CPA105,"-9.26478,132.108749",35000,480,146
1757712301,2025-09-12T21:25:01Z,CPA105,"-9.322403,132.146774",35000,481,146
1757712332,2025-09-12T21:25:32Z,CPA105,"-9.380555,132.185043",35000,482,146
1757712363,2025-09-12T21:26:03Z,CPA105,"-9.439072,132.223679",35000,483,146
1757712394,2025-09-12T21:26:34Z,CPA105,"-9.49704,132.261932",35000,483,146
1757712426,2025-09-12T21:27:06Z,CPA105,"-9.557236,132.301697",35000,483,146
1757712458,2025-09-12T21:27:38Z,CPA105,"-9.616482,132.340836",35000,481,146
1757712491,2025-09-12T21:28:11Z,CPA105,"-9.677605,132.38118",35000,480,146
1757712523,2025-09-12T21:28:43Z,CPA105,"-9.739151,132.421844",35000,479,146
1757712556,2025-09-12T21:29:16Z,CPA105,"-9.798752,132.461273",35000,477,146
1757712588,2025-09-12T21:29:48Z,CPA105,"-9.858973,132.501129",35000,475,146
1757712619,2025-09-12T21:30:19Z,CPA105,"-9.916672,132.539291",35000,475,146
1757712651,2025-09-12T21:30:51Z,CPA105,"-9.972519,132.576309",35000,475,146
1757712682,2025-09-12T21:31:22Z,CPA105,"-10.032578,132.616058",35000,475,146
1757712715,2025-09-12T21:31:55Z,CPA105,"-10.092865,132.656052",35000,475,146
1757712747,2025-09-12T21:32:27Z,CPA105,"-10.151414,132.694901",35000,475,146
1757712778,2025-09-12T21:32:58Z,CPA105,"-10.209185,132.733215",35000,475,146
1757712809,2025-09-12T21:33:29Z,CPA105,"-10.265762,132.770752",35000,476,146
1757712839,2025-09-12T21:33:59Z,CPA105,"-10.322113,132.808182",35000,476,146
1757712870,2025-09-12T21:34:30Z,CPA105,"-10.379059,132.845932",35000,477,146
1757712901,2025-09-12T21:35:01Z,CPA105,"-10.436508,132.884109",35000,477,146
1757712932,2025-09-12T21:35:32Z,CPA105,"-10.494643,132.922806",35000,478,146
1757712964,2025-09-12T21:36:04Z,CPA105,"-10.553532,132.96199",35000,478,146
1757712996,2025-09-12T21:36:36Z,CPA105,"-10.613352,133.001785",35000,480,146
1757713027,2025-09-12T21:37:07Z,CPA105,"-10.671402,133.040436",35000,480,146
1757713060,2025-09-12T21:37:40Z,CPA105,"-10.73259,133.081131",35000,480,146
1757713091,2025-09-12T21:38:11Z,CPA105,"-10.78949,133.11911",35000,481,146
1757713123,2025-09-12T21:38:43Z,CPA105,"-10.850349,133.159653",35000,480,146
1757713156,2025-09-12T21:39:16Z,CPA105,"-10.910706,133.199905",35000,481,146
1757713186,2025-09-12T21:39:46Z,CPA105,"-10.968246,133.238358",35000,482,146
1757713217,2025-09-12T21:40:17Z,CPA105,"-11.025386,133.276489",35000,482,146
1757713248,2025-09-12T21:40:48Z,CPA105,"-11.082962,133.314926",35000,482,146
1757713280,2025-09-12T21:41:20Z,CPA105,"-11.144028,133.355789",35000,484,146
1757713311,2025-09-12T21:41:51Z,CPA105,"-11.20112,133.393921",35000,483,146
1757713344,2025-09-12T21:42:24Z,CPA105,"-11.263268,133.435455",35000,485,146
1757713376,2025-09-12T21:42:56Z,CPA105,"-11.32304,133.475449",35000,486,146
1757713408,2025-09-12T21:43:28Z,CPA105,"-11.384397,133.516602",35000,485,146
1757713441,2025-09-12T21:44:01Z,CPA105,"-11.44524,133.557266",35000,486,146
1757713473,2025-09-12T21:44:33Z,CPA105,"-11.505758,133.597839",35000,487,146
1757713503,2025-09-12T21:45:03Z,CPA105,"-11.563296,133.636063",35000,486,147
1757713534,2025-09-12T21:45:34Z,CPA105,"-11.623352,133.672882",35000,486,149
1757713565,2025-09-12T21:46:05Z,CPA105,"-11.683354,133.707657",35000,485,150
1757713598,2025-09-12T21:46:38Z,CPA105,"-11.747876,133.744812",35000,486,150
1757713629,2025-09-12T21:47:09Z,CPA105,"-11.809067,133.780045",35000,486,150
1757713659,2025-09-12T21:47:39Z,CPA105,"-11.869263,133.814804",35000,488,150
1757713690,2025-09-12T21:48:10Z,CPA105,"-11.929802,133.849716",35000,489,150
1757713722,2025-09-12T21:48:42Z,CPA105,"-11.994138,133.88681",35000,491,150
1757713754,2025-09-12T21:49:14Z,CPA105,"-12.057587,133.923523",35000,492,150
1757713787,2025-09-12T21:49:47Z,CPA105,"-12.121784,133.960632",35000,494,150
1757713817,2025-09-12T21:50:17Z,CPA105,"-12.181603,133.995285",35000,493,150
1757713848,2025-09-12T21:50:48Z,CPA105,"-12.244356,134.03157",35000,493,150
1757713881,2025-09-12T21:51:21Z,CPA105,"-12.308487,134.068726",35000,494,150
1757713912,2025-09-12T21:51:52Z,CPA105,"-12.370834,134.104797",35000,496,150
1757713944,2025-09-12T21:52:24Z,CPA105,"-12.43685,134.143066",35000,497,150
1757713975,2025-09-12T21:52:55Z,CPA105,"-12.497131,134.178055",35000,497,150
1757714008,2025-09-12T21:53:28Z,CPA105,"-12.562408,134.215942",35000,496,150
1757714038,2025-09-12T21:53:58Z,CPA105,"-12.624893,134.252213",35000,494,150
1757714071,2025-09-12T21:54:31Z,CPA105,"-12.689116,134.289505",35000,494,150
1757714102,2025-09-12T21:55:02Z,CPA105,"-12.750412,134.325195",35000,492,150
1757714133,2025-09-12T21:55:33Z,CPA105,"-12.81206,134.361008",35000,492,150
1757714165,2025-09-12T21:56:05Z,CPA105,"-12.876582,134.39859",35000,490,150
1757714197,2025-09-12T21:56:37Z,CPA105,"-12.938553,134.434631",35000,490,150
1757714228,2025-09-12T21:57:08Z,CPA105,"-13.000717,134.47081",35000,490,150
1757714259,2025-09-12T21:57:39Z,CPA105,"-13.06144,134.506332",35000,489,150
1757714292,2025-09-12T21:58:12Z,CPA105,"-13.12531,134.54364",35000,487,150
1757714323,2025-09-12T21:58:43Z,CPA105,"-13.186386,134.579254",35000,485,150
1757714356,2025-09-12T21:59:16Z,CPA105,"-13.251979,134.617554",35000,487,150
1757714388,2025-09-12T21:59:48Z,CPA105,"-13.314331,134.653976",35000,487,150
1757714421,2025-09-12T22:00:21Z,CPA105,"-13.379066,134.691849",35000,487,150
1757714453,2025-09-12T22:00:53Z,CPA105,"-13.443329,134.729462",35000,486,150
1757714484,2025-09-12T22:01:24Z,CPA105,"-13.503799,134.764877",35000,485,150
1757714515,2025-09-12T22:01:55Z,CPA105,"-13.564018,134.800125",35000,486,150
1757714548,2025-09-12T22:02:28Z,CPA105,"-13.628723,134.838089",35000,486,150
1757714581,2025-09-12T22:03:01Z,CPA105,"-13.692922,134.875732",35000,486,150
1757714612,2025-09-12T22:03:32Z,CPA105,"-13.75451,134.911911",35000,486,150
1757714643,2025-09-12T22:04:03Z,CPA105,"-13.814377,134.947098",35000,485,150
1757714676,2025-09-12T22:04:36Z,CPA105,"-13.878758,134.984924",35000,484,150
1757714708,2025-09-12T22:05:08Z,CPA105,"-13.941604,135.021881",35000,483,150
1757714739,2025-09-12T22:05:39Z,CPA105,"-14.002634,135.05777",35000,483,150
1757714771,2025-09-12T22:06:11Z,CPA105,"-14.063106,135.093384",35000,483,150
1757714802,2025-09-12T22:06:42Z,CPA105,"-14.123703,135.129044",35000,483,150
1757714832,2025-09-12T22:07:12Z,CPA105,"-14.183762,135.164413",35000,483,150
1757714863,2025-09-12T22:07:43Z,CPA105,"-14.242332,135.199051",35000,482,150
1757714895,2025-09-12T22:08:15Z,CPA105,"-14.305435,135.236343",35000,481,150
1757714926,2025-09-12T22:08:46Z,CPA105,"-14.364997,135.271484",35000,482,150
1757714958,2025-09-12T22:09:18Z,CPA105,"-14.426056,135.307526",35000,483,150
1757714988,2025-09-12T22:09:48Z,CPA105,"-14.48552,135.342743",35000,482,150
1757715020,2025-09-12T22:10:20Z,CPA105,"-14.54567,135.378311",35000,481,150
1757715050,2025-09-12T22:10:50Z,CPA105,"-14.604834,135.413391",35000,481,150
1757715083,2025-09-12T22:11:23Z,CPA105,"-14.669029,135.451401",35000,483,150
1757715115,2025-09-12T22:11:55Z,CPA105,"-14.73175,135.488556",35000,483,150
1757715147,2025-09-12T22:12:27Z,CPA105,"-14.792811,135.524796",35000,484,150
1757715177,2025-09-12T22:12:57Z,CPA105,"-14.853424,135.560791",35000,486,150
1757715208,2025-09-12T22:13:28Z,CPA105,"-14.912521,135.595871",35000,487,149
1757715241,2025-09-12T22:14:01Z,CPA105,"-14.978136,135.634903",35000,489,149
1757715274,2025-09-12T22:14:34Z,CPA105,"-15.041354,135.67247",35000,490,149
1757715306,2025-09-12T22:15:06Z,CPA105,"-15.105469,135.710785",35000,488,149
1757715337,2025-09-12T22:15:37Z,CPA105,"-15.16658,135.747208",35000,486,149
1757715368,2025-09-12T22:16:08Z,CPA105,"-15.227749,135.783661",35000,485,150
1757715400,2025-09-12T22:16:40Z,CPA105,"-15.289245,135.820297",35000,484,149
1757715431,2025-09-12T22:17:11Z,CPA105,"-15.349411,135.856216",35000,484,149
1757715462,2025-09-12T22:17:42Z,CPA105,"-15.410374,135.892639",35000,484,149
1757715495,2025-09-12T22:18:15Z,CPA105,"-15.474382,135.930893",35000,485,149
1757715532,2025-09-12T22:18:52Z,CPA105,"-15.526703,135.962173",35000,40,149
1757715567,2025-09-12T22:19:27Z,CPA105,"-15.614834,136.014862",35000,488,150
1757715582,2025-09-12T22:19:42Z,CPA105,"-15.644102,136.03244",35000,488,150
1757715642,2025-09-12T22:20:42Z,CPA105,"-15.761561,136.102921",35000,489,150
1757715687,2025-09-12T22:21:27Z,CPA105,"-15.849881,136.15593",35000,490,150
1757715717,2025-09-12T22:21:57Z,CPA105,"-15.908869,136.191345",35000,491,150
1757715762,2025-09-12T22:22:42Z,CPA105,"-15.997467,136.244675",35000,493,150
1757715807,2025-09-12T22:23:27Z,CPA105,"-16.086346,136.298141",35000,494,150
1757715837,2025-09-12T22:23:57Z,CPA105,"-16.145847,136.333954",35000,497,150
1757715867,2025-09-12T22:24:27Z,CPA105,"-16.205521,136.369965",35000,497,150
1757715926,2025-09-12T22:25:26Z,CPA105,"-16.32519,136.442123",35000,502,150
1757715971,2025-09-12T22:26:11Z,CPA105,"-16.415764,136.496902",35000,504,150
1757716001,2025-09-12T22:26:41Z,CPA105,"-16.476166,136.533508",35000,504,150
1757716046,2025-09-12T22:27:26Z,CPA105,"-16.567146,136.588577",35000,506,150
1757716091,2025-09-12T22:28:11Z,CPA105,"-16.658405,136.643829",35000,508,150
1757716136,2025-09-12T22:28:56Z,CPA105,"-16.750244,136.699539",35000,510,150
1757716166,2025-09-12T22:29:26Z,CPA105,"-16.811592,136.736252",35000,510,151
1757716226,2025-09-12T22:30:26Z,CPA105,"-16.926477,136.797516",35000,508,154
1757716271,2025-09-12T22:31:11Z,CPA105,"-17.032715,136.851501",35000,510,154
1757716316,2025-09-12T22:31:56Z,CPA105,"-17.128502,136.900177",35000,513,154
1757716346,2025-09-12T22:32:26Z,CPA105,"-17.192659,136.932907",35000,514,154
1757716375,2025-09-12T22:32:55Z,CPA105,"-17.256796,136.965637",35000,515,154
1757716420,2025-09-12T22:33:40Z,CPA105,"-17.353291,137.014893",35000,517,154
1757716435,2025-09-12T22:33:55Z,CPA105,"-17.385542,137.031403",35000,518,154
1757716465,2025-09-12T22:34:25Z,CPA105,"-17.450237,137.064392",35000,519,154
1757716525,2025-09-12T22:35:25Z,CPA105,"-17.580442,137.131042",35000,524,154
1757716570,2025-09-12T22:36:10Z,CPA105,"-17.678505,137.181381",35000,526,154
1757716600,2025-09-12T22:36:40Z,CPA105,"-17.744207,137.215134",35000,527,154
1757716630,2025-09-12T22:37:10Z,CPA105,"-17.809868,137.248856",35000,527,154
1757716690,2025-09-12T22:38:10Z,CPA105,"-17.94149,137.316406",35000,528,154
1757716735,2025-09-12T22:38:55Z,CPA105,"-18.040388,137.367325",35000,529,154
1757716780,2025-09-12T22:39:40Z,CPA105,"-18.139135,137.41835",35000,527,154
1757716825,2025-09-12T22:40:25Z,CPA105,"-18.237497,137.46907",35000,526,154
1757716855,2025-09-12T22:40:55Z,CPA105,"-18.302773,137.502838",35000,523,154
1757716870,2025-09-12T22:41:10Z,CPA105,"-18.335344,137.519684",35000,523,154
1757716931,2025-09-12T22:42:11Z,CPA105,"-18.46541,137.586975",35000,518,153
1757716963,2025-09-12T22:42:43Z,CPA105,"-18.536217,137.623688",35000,519,153
1757716996,2025-09-12T22:43:16Z,CPA105,"-18.607635,137.660706",35000,519,153
1757717027,2025-09-12T22:43:47Z,CPA105,"-18.6763,137.695282",35000,515,155
1757717058,2025-09-12T22:44:18Z,CPA105,"-18.741745,137.724854",35000,513,157
1757717090,2025-09-12T22:44:50Z,CPA105,"-18.814774,137.756149",35000,512,157
1757717121,2025-09-12T22:45:21Z,CPA105,"-18.88224,137.785034",35000,512,157
1757717153,2025-09-12T22:45:53Z,CPA105,"-18.952881,137.815094",35000,512,157
1757717185,2025-09-12T22:46:25Z,CPA105,"-19.023102,137.845215",35000,512,157
1757717217,2025-09-12T22:46:57Z,CPA105,"-19.092609,137.874969",35000,510,157
1757717247,2025-09-12T22:47:27Z,CPA105,"-19.160156,137.903885",35000,509,157
1757717280,2025-09-12T22:48:00Z,CPA105,"-19.231148,137.93425",35000,512,157
1757717310,2025-09-12T22:48:30Z,CPA105,"-19.298035,137.963074",35000,513,157
1757717343,2025-09-12T22:49:03Z,CPA105,"-19.369858,137.993866",35000,513,157
1757717373,2025-09-12T22:49:33Z,CPA105,"-19.436234,138.022415",35000,513,157
1757717404,2025-09-12T22:50:04Z,CPA105,"-19.504166,138.051651",35000,515,157
1757717435,2025-09-12T22:50:35Z,CPA105,"-19.573654,138.081619",35000,514,157
1757717467,2025-09-12T22:51:07Z,CPA105,"-19.644699,138.112213",35000,514,157
1757717499,2025-09-12T22:51:39Z,CPA105,"-19.713089,138.1418",35000,513,157
1757717530,2025-09-12T22:52:10Z,CPA105,"-19.782852,138.171906",35000,514,157
1757717561,2025-09-12T22:52:41Z,CPA105,"-19.852528,138.202072",35000,514,157
1757717592,2025-09-12T22:53:12Z,CPA105,"-19.921097,138.231689",35000,514,157
1757717625,2025-09-12T22:53:45Z,CPA105,"-19.992138,138.262436",35000,515,157
1757717655,2025-09-12T22:54:15Z,CPA105,"-20.060476,138.29216",35000,514,157
1757717686,2025-09-12T22:54:46Z,CPA105,"-20.128143,138.321548",35000,514,157
1757717718,2025-09-12T22:55:18Z,CPA105,"-20.197992,138.351883",35000,513,157
1757717751,2025-09-12T22:55:51Z,CPA105,"-20.27124,138.383789",35000,513,157
1757717781,2025-09-12T22:56:21Z,CPA105,"-20.338348,138.412964",35000,513,157
1757717814,2025-09-12T22:56:54Z,CPA105,"-20.41013,138.444214",35000,514,157
1757717845,2025-09-12T22:57:25Z,CPA105,"-20.478516,138.47403",35000,514,157
1757717878,2025-09-12T22:57:58Z,CPA105,"-20.551254,138.505768",35000,517,157
1757717910,2025-09-12T22:58:30Z,CPA105,"-20.623014,138.537201",35000,517,157
1757717943,2025-09-12T22:59:03Z,CPA105,"-20.696798,138.569458",35000,517,157
1757717975,2025-09-12T22:59:35Z,CPA105,"-20.767181,138.600235",35000,519,157
1757718007,2025-09-12T23:00:07Z,CPA105,"-20.839016,138.631836",35000,519,157
1757718038,2025-09-12T23:00:38Z,CPA105,"-20.908585,138.662415",35000,519,157
1757718070,2025-09-12T23:01:10Z,CPA105,"-20.979126,138.693375",35000,519,157
1757718101,2025-09-12T23:01:41Z,CPA105,"-21.048269,138.723755",35000,519,157
1757718134,2025-09-12T23:02:14Z,CPA105,"-21.120796,138.755646",35000,516,157
1757718166,2025-09-12T23:02:46Z,CPA105,"-21.190207,138.78627",35000,515,157
1757718196,2025-09-12T23:03:16Z,CPA105,"-21.257126,138.815857",35000,514,157
1757718227,2025-09-12T23:03:47Z,CPA105,"-21.326092,138.846329",35000,512,157
1757718258,2025-09-12T23:04:18Z,CPA105,"-21.394318,138.876419",35000,512,157
1757718291,2025-09-12T23:04:51Z,CPA105,"-21.466122,138.908234",35000,512,157
1757718324,2025-09-12T23:05:24Z,CPA105,"-21.537766,138.939972",35000,511,157
1757718354,2025-09-12T23:05:54Z,CPA105,"-21.60494,138.969772",35000,507,157
1757718386,2025-09-12T23:06:26Z,CPA105,"-21.673508,139.000168",35000,506,157
1757718417,2025-09-12T23:06:57Z,CPA105,"-21.740314,139.0298",35000,506,157
1757718448,2025-09-12T23:07:28Z,CPA105,"-21.809629,139.060562",35000,507,157
1757718479,2025-09-12T23:07:59Z,CPA105,"-21.875977,139.090103",35000,507,157
1757718512,2025-09-12T23:08:32Z,CPA105,"-21.946381,139.121628",35000,506,157
1757718544,2025-09-12T23:09:04Z,CPA105,"-22.017532,139.153442",35000,506,157
1757718576,2025-09-12T23:09:36Z,CPA105,"-22.085545,139.183807",35000,505,157
1757718607,2025-09-12T23:10:07Z,CPA105,"-22.152952,139.213913",35000,507,157
1757718639,2025-09-12T23:10:39Z,CPA105,"-22.223831,139.245621",35000,507,157
1757718670,2025-09-12T23:11:10Z,CPA105,"-22.290701,139.27562",35000,508,157
1757718701,2025-09-12T23:11:41Z,CPA105,"-22.357819,139.305847",35000,508,157
1757718732,2025-09-12T23:12:12Z,CPA105,"-22.424679,139.335785",35000,508,157
1757718765,2025-09-12T23:12:45Z,CPA105,"-22.495577,139.367569",35000,508,157
1757718797,2025-09-12T23:13:17Z,CPA105,"-22.566879,139.399673",35000,509,157
1757718830,2025-09-12T23:13:50Z,CPA105,"-22.637236,139.431412",35000,510,157
1757718862,2025-09-12T23:14:22Z,CPA105,"-22.708969,139.463791",35000,510,157
1757718893,2025-09-12T23:14:53Z,CPA105,"-22.775528,139.493851",35000,510,157
1757718924,2025-09-12T23:15:24Z,CPA105,"-22.842545,139.52417",35000,510,157
1757718955,2025-09-12T23:15:55Z,CPA105,"-22.911758,139.555527",35000,510,157
1757718987,2025-09-12T23:16:27Z,CPA105,"-22.979441,139.586075",35000,511,157
1757719019,2025-09-12T23:16:59Z,CPA105,"-23.050735,139.617996",35000,510,158
1757719051,2025-09-12T23:17:31Z,CPA105,"-23.12245,139.644577",35000,507,162
1757719082,2025-09-12T23:18:02Z,CPA105,"-23.192688,139.666138",35000,504,164
1757719114,2025-09-12T23:18:34Z,CPA105,"-23.26462,139.687805",35000,503,164
1757719146,2025-09-12T23:19:06Z,CPA105,"-23.335373,139.708939",35000,504,164
1757719176,2025-09-12T23:19:36Z,CPA105,"-23.404541,139.729767",35000,504,164
1757719208,2025-09-12T23:20:08Z,CPA105,"-23.474442,139.750793",35000,504,164
1757719239,2025-09-12T23:20:39Z,CPA105,"-23.546494,139.772568",35000,502,164
1757719270,2025-09-12T23:21:10Z,CPA105,"-23.616182,139.793564",35000,501,164
1757719303,2025-09-12T23:21:43Z,CPA105,"-23.688171,139.815323",35000,498,164
1757719335,2025-09-12T23:22:15Z,CPA105,"-23.760315,139.837143",35000,495,164
1757719366,2025-09-12T23:22:46Z,CPA105,"-23.829998,139.858231",35000,494,164
1757719398,2025-09-12T23:23:18Z,CPA105,"-23.898802,139.87912",35000,496,164
1757719429,2025-09-12T23:23:49Z,CPA105,"-23.966908,139.899796",35000,497,164
1757719461,2025-09-12T23:24:21Z,CPA105,"-24.03978,139.922028",35000,496,164
1757719492,2025-09-12T23:24:52Z,CPA105,"-24.108007,139.94281",35000,494,164
1757719523,2025-09-12T23:25:23Z,CPA105,"-24.177324,139.963959",35000,491,164
1757719555,2025-09-12T23:25:55Z,CPA105,"-24.246361,139.985046",35000,487,164
1757719586,2025-09-12T23:26:26Z,CPA105,"-24.313723,140.005463",35000,488,164
1757719617,2025-09-12T23:26:57Z,CPA105,"-24.381176,140.026031",35000,488,164
1757719648,2025-09-12T23:27:28Z,CPA105,"-24.448929,140.046799",35000,489,164
1757719679,2025-09-12T23:27:59Z,CPA105,"-24.516083,140.067398",35000,490,164
1757719712,2025-09-12T23:28:32Z,CPA105,"-24.588318,140.089569",35000,490,164
1757719742,2025-09-12T23:29:02Z,CPA105,"-24.654785,140.110016",35000,489,164
1757719774,2025-09-12T23:29:34Z,CPA105,"-24.724045,140.131271",35000,489,164
1757719805,2025-09-12T23:30:05Z,CPA105,"-24.791382,140.152023",35150,491,164
1757719838,2025-09-12T23:30:38Z,CPA105,"-24.864212,140.174454",35850,493,164
1757719871,2025-09-12T23:31:11Z,CPA105,"-24.936172,140.19664",36550,493,164
1757719901,2025-09-12T23:31:41Z,CPA105,"-25.003555,140.217484",37000,492,164
1757719932,2025-09-12T23:32:12Z,CPA105,"-25.07243,140.238724",37000,493,164
1757719963,2025-09-12T23:32:43Z,CPA105,"-25.139233,140.259445",37000,494,164
1757719995,2025-09-12T23:33:15Z,CPA105,"-25.211426,140.28183",37000,496,164
1757720027,2025-09-12T23:33:47Z,CPA105,"-25.280426,140.303238",37000,498,164
1757720057,2025-09-12T23:34:17Z,CPA105,"-25.348663,140.324448",37000,499,164
1757720089,2025-09-12T23:34:49Z,CPA105,"-25.418919,140.346344",37000,498,164
1757720121,2025-09-12T23:35:21Z,CPA105,"-25.490616,140.368652",37000,497,164
1757720152,2025-09-12T23:35:52Z,CPA105,"-25.560204,140.390289",37000,496,164
1757720184,2025-09-12T23:36:24Z,CPA105,"-25.630188,140.412247",37000,495,164
1757720215,2025-09-12T23:36:55Z,CPA105,"-25.69907,140.433731",37000,493,164
1757720246,2025-09-12T23:37:26Z,CPA105,"-25.766647,140.454971",37000,492,164
1757720278,2025-09-12T23:37:58Z,CPA105,"-25.838104,140.477249",37000,491,164
1757720309,2025-09-12T23:38:29Z,CPA105,"-25.904692,140.498123",37000,489,164
1757720340,2025-09-12T23:39:00Z,CPA105,"-25.971954,140.519287",37000,488,164
1757720372,2025-09-12T23:39:32Z,CPA105,"-26.041601,140.541183",37000,489,164
1757720403,2025-09-12T23:40:03Z,CPA105,"-26.1098,140.562622",37000,490,164
1757720436,2025-09-12T23:40:36Z,CPA105,"-26.181381,140.585205",37000,491,164
1757720467,2025-09-12T23:41:07Z,CPA105,"-26.24955,140.606781",37000,492,164
1757720497,2025-09-12T23:41:37Z,CPA105,"-26.316238,140.627792",37000,492,164
1757720528,2025-09-12T23:42:08Z,CPA105,"-26.384087,140.649353",37000,491,164
1757720561,2025-09-12T23:42:41Z,CPA105,"-26.456289,140.672226",37000,490,164
1757720594,2025-09-12T23:43:14Z,CPA105,"-26.527359,140.694702",37000,487,164
1757720625,2025-09-12T23:43:45Z,CPA105,"-26.593758,140.715851",37000,484,164
1757720656,2025-09-12T23:44:16Z,CPA105,"-26.660652,140.737137",37000,483,164
1757720688,2025-09-12T23:44:48Z,CPA105,"-26.730698,140.75943",37000,482,164
1757720721,2025-09-12T23:45:21Z,CPA105,"-26.800821,140.781708",37000,481,164
1757720751,2025-09-12T23:45:51Z,CPA105,"-26.866562,140.80275",37000,481,164
1757720782,2025-09-12T23:46:22Z,CPA105,"-26.931839,140.823639",37000,482,164
1757720813,2025-09-12T23:46:53Z,CPA105,"-26.998718,140.845032",37000,482,163
1757720845,2025-09-12T23:47:25Z,CPA105,"-27.06901,140.867599",37000,483,164
1757720878,2025-09-12T23:47:58Z,CPA105,"-27.139297,140.890121",37000,482,164
1757720911,2025-09-12T23:48:31Z,CPA105,"-27.20927,140.912598",37000,482,164
1757720941,2025-09-12T23:49:01Z,CPA105,"-27.274723,140.933624",37000,481,164
1757720972,2025-09-12T23:49:32Z,CPA105,"-27.340439,140.954803",37000,481,163
1757721003,2025-09-12T23:50:03Z,CPA105,"-27.40773,140.976563",37000,481,163
1757721034,2025-09-12T23:50:34Z,CPA105,"-27.47438,140.998062",37000,481,163
1757721066,2025-09-12T23:51:06Z,CPA105,"-27.542166,141.019928",37000,480,163
1757721098,2025-09-12T23:51:38Z,CPA105,"-27.612087,141.042587",37000,479,163
1757721131,2025-09-12T23:52:11Z,CPA105,"-27.681311,141.065033",37000,480,163
1757721162,2025-09-12T23:52:42Z,CPA105,"-27.746887,141.086273",37000,480,163
1757721195,2025-09-12T23:53:15Z,CPA105,"-27.817841,141.108871",37000,480,164
1757721227,2025-09-12T23:53:47Z,CPA105,"-27.887909,141.131104",37000,481,164
1757721260,2025-09-12T23:54:20Z,CPA105,"-27.95755,141.153351",37000,481,164
1757721290,2025-09-12T23:54:50Z,CPA105,"-28.022165,141.173996",37000,480,164
1757721321,2025-09-12T23:55:21Z,CPA105,"-28.089016,141.195374",37000,480,164
1757721354,2025-09-12T23:55:54Z,CPA105,"-28.15889,141.217834",37000,481,164
1757721386,2025-09-12T23:56:26Z,CPA105,"-28.228226,141.240128",37000,481,164
1757721418,2025-09-12T23:56:58Z,CPA105,"-28.297382,141.262375",37000,481,164
1757721449,2025-09-12T23:57:29Z,CPA105,"-28.362991,141.283493",37000,480,164
1757721480,2025-09-12T23:58:00Z,CPA105,"-28.429638,141.304916",37000,479,164
1757721513,2025-09-12T23:58:33Z,CPA105,"-28.498398,141.327179",37000,477,163
1757721543,2025-09-12T23:59:03Z,CPA105,"-28.56427,141.348404",37000,476,164
1757721574,2025-09-12T23:59:34Z,CPA105,"-28.630278,141.369644",37000,475,164
1757721605,2025-09-13T00:00:05Z,CPA105,"-28.695869,141.390915",37000,474,164
1757721637,2025-09-13T00:00:37Z,CPA105,"-28.762672,141.412628",37000,474,164
1757721670,2025-09-13T00:01:10Z,CPA105,"-28.830368,141.434769",37000,474,163
1757721700,2025-09-13T00:01:40Z,CPA105,"-28.895874,141.4561",37000,472,163
1757721731,2025-09-13T00:02:11Z,CPA105,"-28.960327,141.477127",37000,471,164
1757721764,2025-09-13T00:02:44Z,CPA105,"-29.029083,141.49942",37000,470,163
1757721795,2025-09-13T00:03:15Z,CPA105,"-29.094172,141.52066",37000,469,163
1757721826,2025-09-13T00:03:46Z,CPA105,"-29.159042,141.541931",37000,467,163
1757721857,2025-09-13T00:04:17Z,CPA105,"-29.22377,141.563065",37000,464,164
1757721888,2025-09-13T00:04:48Z,CPA105,"-29.28755,141.583939",37000,464,163
1757721919,2025-09-13T00:05:19Z,CPA105,"-29.351278,141.604889",37000,464,164
1757721952,2025-09-13T00:05:52Z,CPA105,"-29.419556,141.62735",37000,466,163
1757721983,2025-09-13T00:06:23Z,CPA105,"-29.484329,141.648682",37000,466,163
1757722015,2025-09-13T00:06:55Z,CPA105,"-29.550659,141.670547",37000,467,163
1757722046,2025-09-13T00:07:26Z,CPA105,"-29.61495,141.691803",37000,468,163
1757722077,2025-09-13T00:07:57Z,CPA105,"-29.680264,141.713455",37000,468,163
1757722110,2025-09-13T00:08:30Z,CPA105,"-29.747438,141.735596",37000,469,163
1757722140,2025-09-13T00:09:00Z,CPA105,"-29.811493,141.756805",37000,469,163
1757722172,2025-09-13T00:09:32Z,CPA105,"-29.878017,141.778946",37000,469,163
1757722205,2025-09-13T00:10:05Z,CPA105,"-29.947174,141.801941",37000,468,163
1757722238,2025-09-13T00:10:38Z,CPA105,"-30.015289,141.824509",37000,467,163
1757722271,2025-09-13T00:11:11Z,CPA105,"-30.084091,141.847443",37000,466,163
1757722303,2025-09-13T00:11:43Z,CPA105,"-30.149977,141.869476",37000,466,163
1757722334,2025-09-13T00:12:14Z,CPA105,"-30.214777,141.891174",37000,464,163
1757722367,2025-09-13T00:12:47Z,CPA105,"-30.282278,141.913757",37000,461,163
1757722399,2025-09-13T00:13:19Z,CPA105,"-30.348801,141.93605",37000,459,163
1757722430,2025-09-13T00:13:50Z,CPA105,"-30.41272,141.957474",37000,458,163
1757722462,2025-09-13T00:14:22Z,CPA105,"-30.477219,141.979172",37000,457,163
1757722493,2025-09-13T00:14:53Z,CPA105,"-30.540409,142.000427",37000,457,163
1757722525,2025-09-13T00:15:25Z,CPA105,"-30.603861,142.021805",37000,457,163
1757722556,2025-09-13T00:15:56Z,CPA105,"-30.666706,142.04306",37000,457,163
1757722587,2025-09-13T00:16:27Z,CPA105,"-30.730902,142.064697",37000,457,163
1757722620,2025-09-13T00:17:00Z,CPA105,"-30.796913,142.087173",37000,456,163
1757722652,2025-09-13T00:17:32Z,CPA105,"-30.861341,142.108917",37000,455,163
1757722682,2025-09-13T00:18:02Z,CPA105,"-30.923996,142.130127",37000,455,163
1757722715,2025-09-13T00:18:35Z,CPA105,"-30.990097,142.152634",37000,456,163
1757722748,2025-09-13T00:19:08Z,CPA105,"-31.056015,142.175049",37000,456,163
1757722778,2025-09-13T00:19:38Z,CPA105,"-31.117517,142.195984",37000,456,163
1757722809,2025-09-13T00:20:09Z,CPA105,"-31.181213,142.217743",37000,455,163
1757722841,2025-09-13T00:20:41Z,CPA105,"-31.245346,142.23967",37000,455,163
1757722871,2025-09-13T00:21:11Z,CPA105,"-31.307144,142.260834",37000,454,163
1757722903,2025-09-13T00:21:43Z,CPA105,"-31.36997,142.282394",37000,453,163
1757722934,2025-09-13T00:22:14Z,CPA105,"-31.431747,142.303589",37000,454,163
1757722964,2025-09-13T00:22:44Z,CPA105,"-31.495102,142.325348",37000,452,163
1757722995,2025-09-13T00:23:15Z,CPA105,"-31.555573,142.346191",37000,452,163
1757723026,2025-09-13T00:23:46Z,CPA105,"-31.619202,142.368057",37000,453,163
1757723059,2025-09-13T00:24:19Z,CPA105,"-31.68499,142.390778",37000,453,163
1757723091,2025-09-13T00:24:51Z,CPA105,"-31.749277,142.413025",37000,453,163
1757723123,2025-09-13T00:25:23Z,CPA105,"-31.813101,142.435104",37000,453,163
1757723155,2025-09-13T00:25:55Z,CPA105,"-31.878891,142.457901",37000,453,163
1757723186,2025-09-13T00:26:26Z,CPA105,"-31.941214,142.479507",37000,453,163
1757723217,2025-09-13T00:26:57Z,CPA105,"-32.00415,142.499741",37000,453,166
1757723249,2025-09-13T00:27:29Z,CPA105,"-32.068726,142.516296",37000,452,168
1757723279,2025-09-13T00:27:59Z,CPA105,"-32.130981,142.531342",37000,453,168
1757723310,2025-09-13T00:28:30Z,CPA105,"-32.195202,142.546661",37000,452,168
1757723341,2025-09-13T00:29:01Z,CPA105,"-32.258743,142.56189",37000,452,168
1757723373,2025-09-13T00:29:33Z,CPA105,"-32.324615,142.577606",37000,452,168
1757723404,2025-09-13T00:30:04Z,CPA105,"-32.388535,142.592957",37000,451,168
1757723435,2025-09-13T00:30:35Z,CPA105,"-32.451145,142.608032",37000,451,168
1757723466,2025-09-13T00:31:06Z,CPA105,"-32.513306,142.623032",37000,449,168
1757723497,2025-09-13T00:31:37Z,CPA105,"-32.577675,142.638519",37000,448,168
1757723528,2025-09-13T00:32:08Z,CPA105,"-32.639099,142.653412",37000,448,168
1757723560,2025-09-13T00:32:40Z,CPA105,"-32.705368,142.669464",37000,447,168
1757723593,2025-09-13T00:33:13Z,CPA105,"-32.771622,142.685486",37000,447,168
1757723625,2025-09-13T00:33:45Z,CPA105,"-32.836807,142.701355",37000,446,168
1757723657,2025-09-13T00:34:17Z,CPA105,"-32.901077,142.716965",37000,444,168
1757723688,2025-09-13T00:34:48Z,CPA105,"-32.963314,142.732025",37000,445,168
1757723720,2025-09-13T00:35:20Z,CPA105,"-33.028015,142.747833",37000,446,168
1757723752,2025-09-13T00:35:52Z,CPA105,"-33.093018,142.763763",37000,448,168
1757723783,2025-09-13T00:36:23Z,CPA105,"-33.156879,142.779388",37000,450,168
1757723816,2025-09-13T00:36:56Z,CPA105,"-33.223984,142.795837",37000,450,168
1757723848,2025-09-13T00:37:28Z,CPA105,"-33.289536,142.811935",37000,438,168
1757723879,2025-09-13T00:37:59Z,CPA105,"-33.349789,142.826752",37000,430,168
1757723910,2025-09-13T00:38:30Z,CPA105,"-33.408554,142.841156",37000,429,168
1757723942,2025-09-13T00:39:02Z,CPA105,"-33.472595,142.856903",37000,427,168
1757723973,2025-09-13T00:39:33Z,CPA105,"-33.531967,142.87149",37000,426,168
1757724004,2025-09-13T00:40:04Z,CPA105,"-33.591953,142.886353",37000,425,168
1757724037,2025-09-13T00:40:37Z,CPA105,"-33.654877,142.901917",37000,424,168
1757724069,2025-09-13T00:41:09Z,CPA105,"-33.716217,142.917114",37000,423,168
1757724101,2025-09-13T00:41:41Z,CPA105,"-33.77821,142.932526",37000,422,168
1757724134,2025-09-13T00:42:14Z,CPA105,"-33.841244,142.948212",37000,423,168
1757724166,2025-09-13T00:42:46Z,CPA105,"-33.905182,142.964081",37000,435,168
1757724197,2025-09-13T00:43:17Z,CPA105,"-33.965488,142.979111",37000,440,168
1757724230,2025-09-13T00:43:50Z,CPA105,"-34.030975,142.995529",37000,441,168
1757724261,2025-09-13T00:44:21Z,CPA105,"-34.093182,143.011093",37000,442,168
1757724291,2025-09-13T00:44:51Z,CPA105,"-34.153282,143.026199",37000,442,168
1757724323,2025-09-13T00:45:23Z,CPA105,"-34.218796,143.042603",37000,441,168
1757724356,2025-09-13T00:45:56Z,CPA105,"-34.283211,143.058701",37000,440,168
1757724387,2025-09-13T00:46:27Z,CPA105,"-34.344471,143.074097",37000,440,168
1757724419,2025-09-13T00:46:59Z,CPA105,"-34.409546,143.090591",37000,440,167
1757724450,2025-09-13T00:47:30Z,CPA105,"-34.469604,143.111572",37000,442,160
1757724483,2025-09-13T00:48:03Z,CPA105,"-34.531631,143.144287",37000,445,153
1757724514,2025-09-13T00:48:34Z,CPA105,"-34.587799,143.178864",37000,446,153
1757724546,2025-09-13T00:49:06Z,CPA105,"-34.647217,143.215591",37000,445,152
1757724577,2025-09-13T00:49:37Z,CPA105,"-34.706135,143.251938",37000,445,153
1757724608,2025-09-13T00:50:08Z,CPA105,"-34.761997,143.286316",37000,447,153
1757724639,2025-09-13T00:50:39Z,CPA105,"-34.81963,143.321747",37000,447,153
1757724670,2025-09-13T00:51:10Z,CPA105,"-34.876694,143.356949",37000,448,153
1757724703,2025-09-13T00:51:43Z,CPA105,"-34.937733,143.394348",37000,447,153
1757724734,2025-09-13T00:52:14Z,CPA105,"-34.995598,143.427658",37000,447,154
1757724765,2025-09-13T00:52:45Z,CPA105,"-35.053974,143.461243",37000,447,154
1757724798,2025-09-13T00:53:18Z,CPA105,"-35.113888,143.495972",37000,446,154
1757724828,2025-09-13T00:53:48Z,CPA105,"-35.172089,143.530045",37000,446,154
1757724860,2025-09-13T00:54:20Z,CPA105,"-35.231014,143.564667",37000,446,154
1757724893,2025-09-13T00:54:53Z,CPA105,"-35.292183,143.600662",37000,445,154
1757724926,2025-09-13T00:55:26Z,CPA105,"-35.353821,143.636795",37000,446,154
1757724959,2025-09-13T00:55:59Z,CPA105,"-35.414429,143.672531",37000,447,154
1757724991,2025-09-13T00:56:31Z,CPA105,"-35.473831,143.707596",37000,447,154
1757725021,2025-09-13T00:57:01Z,CPA105,"-35.531204,143.741516",37000,447,154
1757725053,2025-09-13T00:57:33Z,CPA105,"-35.59108,143.776871",37000,447,154
1757725084,2025-09-13T00:58:04Z,CPA105,"-35.648346,143.810745",37000,447,154
1757725116,2025-09-13T00:58:36Z,CPA105,"-35.707443,143.845886",36825,449,154
1757725148,2025-09-13T00:59:08Z,CPA105,"-35.76683,143.881104",35750,445,154
1757725178,2025-09-13T00:59:38Z,CPA105,"-35.823063,143.914932",34225,443,154
1757725211,2025-09-13T01:00:11Z,CPA105,"-35.883499,143.950424",32675,441,154
1757725243,2025-09-13T01:00:43Z,CPA105,"-35.941315,143.985046",31375,436,154
1757725275,2025-09-13T01:01:15Z,CPA105,"-36.001282,144.021027",29950,434,154
1757725307,2025-09-13T01:01:47Z,CPA105,"-36.056854,144.054337",28725,430,153
1757725340,2025-09-13T01:02:20Z,CPA105,"-36.115879,144.089905",27425,425,153
1757725370,2025-09-13T01:02:50Z,CPA105,"-36.16983,144.122192",26300,421,154
1757725403,2025-09-13T01:03:23Z,CPA105,"-36.225323,144.15564",25175,415,153
1757725435,2025-09-13T01:03:55Z,CPA105,"-36.28207,144.189835",24025,409,153
1757725468,2025-09-13T01:04:28Z,CPA105,"-36.336456,144.222626",22900,404,154
1757725500,2025-09-13T01:05:00Z,CPA105,"-36.389603,144.254776",21700,402,153
1757725532,2025-09-13T01:05:32Z,CPA105,"-36.443607,144.287537",20575,398,154
1757725563,2025-09-13T01:06:03Z,CPA105,"-36.495529,144.319153",19450,397,153
1757725595,2025-09-13T01:06:35Z,CPA105,"-36.547558,144.350769",18425,392,153
1757725627,2025-09-13T01:07:07Z,CPA105,"-36.599762,144.382385",17375,388,153
1757725659,2025-09-13T01:07:39Z,CPA105,"-36.65118,144.413757",16350,385,153
1757725690,2025-09-13T01:08:10Z,CPA105,"-36.699364,144.443329",15525,376,153
1757725723,2025-09-13T01:08:43Z,CPA105,"-36.75087,144.47467",14525,372,153
1757725755,2025-09-13T01:09:15Z,CPA105,"-36.799988,144.504715",13625,364,153
1757725788,2025-09-13T01:09:48Z,CPA105,"-36.848843,144.534729",13000,362,153
1757725818,2025-09-13T01:10:18Z,CPA105,"-36.895203,144.563309",12075,360,153
1757725851,2025-09-13T01:10:51Z,CPA105,"-36.942924,144.592743",11000,355,153
1757725864,2025-09-13T01:11:04Z,CPA105,"-36.962814,144.604736",10625,350,153
1757725877,2025-09-13T01:11:17Z,CPA105,"-36.981236,144.616089",10250,346,153
1757725890,2025-09-13T01:11:30Z,CPA105,"-37.000076,144.627701",9725,344,153
1757725903,2025-09-13T01:11:43Z,CPA105,"-37.018246,144.638824",9225,345,153
1757725918,2025-09-13T01:11:58Z,CPA105,"-37.039902,144.65213",8675,343,153
1757725931,2025-09-13T01:12:11Z,CPA105,"-37.058487,144.663651",8250,344,153
1757725945,2025-09-13T01:12:25Z,CPA105,"-37.077461,144.67543",7875,342,153
1757725957,2025-09-13T01:12:37Z,CPA105,"-37.096222,144.687134",7675,339,153
1757725970,2025-09-13T01:12:50Z,CPA105,"-37.114288,144.698349",7625,329,153
1757725983,2025-09-13T01:13:03Z,CPA105,"-37.131649,144.709045",7650,315,153
1757725997,2025-09-13T01:13:17Z,CPA105,"-37.148594,144.719559",7650,302,153
1757726012,2025-09-13T01:13:32Z,CPA105,"-37.167168,144.729355",7650,288,159
1757726020,2025-09-13T01:13:40Z,CPA105,"-37.177368,144.733414",7650,279,163
1757726022,2025-09-13T01:13:42Z,CPA105,"-37.179977,144.73436",7625,278,163
1757726024,2025-09-13T01:13:44Z,CPA105,"-37.182995,144.735382",7600,278,164
1757726027,2025-09-13T01:13:47Z,CPA105,"-37.185883,144.736282",7575,276,165
1757726029,2025-09-13T01:13:49Z,CPA105,"-37.188255,144.736984",7550,276,166
1757726031,2025-09-13T01:13:51Z,CPA105,"-37.191284,144.737854",7525,275,166
1757726033,2025-09-13T01:13:53Z,CPA105,"-37.193981,144.738602",7500,274,167
1757726035,2025-09-13T01:13:55Z,CPA105,"-37.196449,144.739258",7475,273,167
1757726037,2025-09-13T01:13:57Z,CPA105,"-37.198929,144.739899",7450,271,168
1757726040,2025-09-13T01:14:00Z,CPA105,"-37.201767,144.740662",7425,269,168
1757726053,2025-09-13T01:14:13Z,CPA105,"-37.217304,144.744812",7175,263,167
1757726066,2025-09-13T01:14:26Z,CPA105,"-37.233086,144.748993",6825,260,168
1757726081,2025-09-13T01:14:41Z,CPA105,"-37.250683,144.753769",6425,260,167
1757726094,2025-09-13T01:14:54Z,CPA105,"-37.266232,144.757828",6200,257,168
1757726107,2025-09-13T01:15:07Z,CPA105,"-37.281738,144.761826",5900,255,168
1757726121,2025-09-13T01:15:21Z,CPA105,"-37.297302,144.765915",5600,253,167
1757726133,2025-09-13T01:15:33Z,CPA105,"-37.31131,144.769714",5350,250,168
1757726146,2025-09-13T01:15:46Z,CPA105,"-37.326237,144.773361",5075,248,169
1757726161,2025-09-13T01:16:01Z,CPA105,"-37.3423,144.776779",4775,249,170
1757726169,2025-09-13T01:16:09Z,CPA105,"-37.351822,144.778595",4625,247,171
1757726176,2025-09-13T01:16:16Z,CPA105,"-37.359474,144.779922",4550,245,172
1757726184,2025-09-13T01:16:24Z,CPA105,"-37.369217,144.781693",4500,238,171
1757726193,2025-09-13T01:16:33Z,CPA105,"-37.378098,144.783203",4350,235,172
1757726199,2025-09-13T01:16:39Z,CPA105,"-37.38501,144.7845",4275,231,171
1757726208,2025-09-13T01:16:48Z,CPA105,"-37.393799,144.786133",4250,222,171
1757726214,2025-09-13T01:16:54Z,CPA105,"-37.399933,144.787247",4200,216,171
1757726222,2025-09-13T01:17:02Z,CPA105,"-37.407936,144.788635",4150,207,171
1757726231,2025-09-13T01:17:11Z,CPA105,"-37.41571,144.790436",4100,201,168
1757726237,2025-09-13T01:17:17Z,CPA105,"-37.422089,144.791977",4075,199,169
1757726246,2025-09-13T01:17:26Z,CPA105,"-37.429348,144.793411",4025,198,171
1757726254,2025-09-13T01:17:34Z,CPA105,"-37.437469,144.794891",3975,197,171
1757726263,2025-09-13T01:17:43Z,CPA105,"-37.444572,144.79628",3925,195,171
1757726271,2025-09-13T01:17:51Z,CPA105,"-37.452019,144.797653",3875,196,171
1757726280,2025-09-13T01:18:00Z,CPA105,"-37.4599,144.799042",3825,196,171
1757726286,2025-09-13T01:18:06Z,CPA105,"-37.465897,144.800156",3750,195,171
1757726295,2025-09-13T01:18:15Z,CPA105,"-37.473526,144.80159",3650,194,171
1757726303,2025-09-13T01:18:23Z,CPA105,"-37.481003,144.80307",3500,192,171
1757726310,2025-09-13T01:18:30Z,CPA105,"-37.486561,144.804047",3400,190,171
1757726319,2025-09-13T01:18:39Z,CPA105,"-37.494148,144.80542",3250,188,171
1757726325,2025-09-13T01:18:45Z,CPA105,"-37.499504,144.806427",3150,187,171
1757726334,2025-09-13T01:18:54Z,CPA105,"-37.507046,144.8078",3000,188,171
1757726342,2025-09-13T01:19:02Z,CPA105,"-37.514309,144.809174",2875,184,171
1757726350,2025-09-13T01:19:10Z,CPA105,"-37.52124,144.81044",2725,182,171
1757726359,2025-09-13T01:19:19Z,CPA105,"-37.528336,144.811783",2575,182,171
1757726367,2025-09-13T01:19:27Z,CPA105,"-37.535248,144.813065",2425,177,171
1757726374,2025-09-13T01:19:34Z,CPA105,"-37.540604,144.814011",2325,174,171
1757726382,2025-09-13T01:19:42Z,CPA105,"-37.547638,144.815323",2175,170,171
1757726391,2025-09-13T01:19:51Z,CPA105,"-37.554153,144.816574",2075,170,171
1757726400,2025-09-13T01:20:00Z,CPA105,"-37.560471,144.817749",1950,164,171
1757726406,2025-09-13T01:20:06Z,CPA105,"-37.565277,144.818619",1850,156,171
1757726415,2025-09-13T01:20:15Z,CPA105,"-37.571518,144.819809",1750,154,171
1757726421,2025-09-13T01:20:21Z,CPA105,"-37.575851,144.820602",1650,153,171
1757726430,2025-09-13T01:20:30Z,CPA105,"-37.581985,144.821716",1525,152,171
1757726436,2025-09-13T01:20:36Z,CPA105,"-37.586334,144.82254",1450,152,171
1757726445,2025-09-13T01:20:45Z,CPA105,"-37.592377,144.823624",1325,154,171
1757726451,2025-09-13T01:20:51Z,CPA105,"-37.596985,144.824524",1225,152,171
1757726459,2025-09-13T01:20:59Z,CPA105,"-37.602722,144.825577",1125,150,171
1757726467,2025-09-13T01:21:07Z,CPA105,"-37.608295,144.826614",1000,149,171
1757726474,2025-09-13T01:21:14Z,CPA105,"-37.612717,144.827454",900,150,171
1757726482,2025-09-13T01:21:22Z,CPA105,"-37.618538,144.828522",800,151,171
1757726491,2025-09-13T01:21:31Z,CPA105,"-37.624649,144.829666",675,150,171
1757726497,2025-09-13T01:21:37Z,CPA105,"-37.628872,144.830429",600,152,171
1757726505,2025-09-13T01:21:45Z,CPA105,"-37.634785,144.831512",475,152,171
1757726514,2025-09-13T01:21:54Z,CPA105,"-37.640652,144.832642",375,154,171
1757726520,2025-09-13T01:22:00Z,CPA105,"-37.64484,144.83342",275,155,171
1757726528,2025-09-13T01:22:08Z,CPA105,"-37.651218,144.83461",175,156,171
1757726536,2025-09-13T01:22:16Z,CPA105,"-37.654907,144.835281",100,155,171
1757726544,2025-09-13T01:22:24Z,CPA105,"-37.66169,144.836533",0,148,171
1757726554,2025-09-13T01:22:34Z,CPA105,"-37.66745,144.837616",25,116,171
1757726562,2025-09-13T01:22:42Z,CPA105,"-37.671261,144.838303",0,86,171
1757726570,2025-09-13T01:22:50Z,CPA105,"-37.67403,144.838821",0,69,171
1757726579,2025-09-13T01:22:59Z,CPA105,"-37.676182,144.839218",0,50,171
1757726587,2025-09-13T01:23:07Z,CPA105,"-37.677471,144.839462",0,33,171
1757726594,2025-09-13T01:23:14Z,CPA105,"-37.678276,144.839645",0,16,168
1757726599,2025-09-13T01:23:19Z,CPA105,"-37.678532,144.839813",0,15,154
1757726603,2025-09-13T01:23:23Z,CPA105,"-37.678699,144.840027",0,15,140
1757726605,2025-09-13T01:23:25Z,CPA105,"-37.678799,144.840332",0,15,118
1757726608,2025-09-13T01:23:28Z,CPA105,"-37.678802,144.840576",0,15,98
1757726611,2025-09-13T01:23:31Z,CPA105,"-37.678768,144.84082",0,14,90
1757726615,2025-09-13T01:23:35Z,CPA105,"-37.67873,144.841095",0,14,81
1757726618,2025-09-13T01:23:38Z,CPA105,"-37.678699,144.841324",0,14,81
1757726621,2025-09-13T01:23:41Z,CPA105,"-37.678677,144.841568",0,14,81
1757726624,2025-09-13T01:23:44Z,CPA105,"-37.67865,144.841843",0,14,81
1757726627,2025-09-13T01:23:47Z,CPA105,"-37.678612,144.842087",0,14,81
1757726630,2025-09-13T01:23:50Z,CPA105,"-37.678585,144.8423",0,14,81
1757726637,2025-09-13T01:23:57Z,CPA105,"-37.678528,144.842819",0,12,81
1757726642,2025-09-13T01:24:02Z,CPA105,"-37.678436,144.843124",0,10,70
1757726646,2025-09-13T01:24:06Z,CPA105,"-37.678299,144.843338",0,10,59
1757726654,2025-09-13T01:24:14Z,CPA105,"-37.677998,144.843613",0,10,36
1757726663,2025-09-13T01:24:23Z,CPA105,"-37.677601,144.843735",0,10,14
1757726669,2025-09-13T01:24:29Z,CPA105,"-37.677338,144.843704",0,10,2
1757726674,2025-09-13T01:24:34Z,CPA105,"-37.677113,144.843674",0,10,354
1757726681,2025-09-13T01:24:41Z,CPA105,"-37.676811,144.843613",0,10,351
1757726685,2025-09-13T01:24:45Z,CPA105,"-37.676605,144.843582",0,9,351
1757726691,2025-09-13T01:24:51Z,CPA105,"-37.67638,144.843521",0,9,351
1757726697,2025-09-13T01:24:57Z,CPA105,"-37.676086,144.843475",0,9,351
1757726704,2025-09-13T01:25:04Z,CPA105,"-37.675804,144.84343",0,9,351
1757726712,2025-09-13T01:25:12Z,CPA105,"-37.675472,144.843369",0,9,351
1757726721,2025-09-13T01:25:21Z,CPA105,"-37.675064,144.843292",0,9,351
1757726731,2025-09-13T01:25:31Z,CPA105,"-37.674667,144.843216",0,10,351
1757726740,2025-09-13T01:25:40Z,CPA105,"-37.674236,144.84314",0,0,351
1757726747,2025-09-13T01:25:47Z,CPA105,"-37.673882,144.843063",0,11,351
1757726755,2025-09-13T01:25:55Z,CPA105,"-37.673412,144.842972",0,12,351
1757726767,2025-09-13T01:26:07Z,CPA105,"-37.672749,144.842865",0,13,351
1757726775,2025-09-13T01:26:15Z,CPA105,"-37.672245,144.842758",0,14,351
1757726784,2025-09-13T01:26:24Z,CPA105,"-37.671585,144.842651",0,15,351
1757726794,2025-09-13T01:26:34Z,CPA105,"-37.670895,144.842514",0,0,351
1757726803,2025-09-13T01:26:43Z,CPA105,"-37.670258,144.842392",0,16,351
1757726815,2025-09-13T01:26:55Z,CPA105,"-37.669933,144.842331",0,15,351
1757726824,2025-09-13T01:27:04Z,CPA105,"-37.668766,144.842117",0,15,351
1757726834,2025-09-13T01:27:14Z,CPA105,"-37.667976,144.841965",0,15,351
1757726841,2025-09-13T01:27:21Z,CPA105,"-37.667587,144.841888",0,12,351
1757726854,2025-09-13T01:27:34Z,CPA105,"-37.667084,144.842072",0,8,25
1757726861,2025-09-13T01:27:41Z,CPA105,"-37.666969,144.842392",0,9,59
1757726865,2025-09-13T01:27:45Z,CPA105,"-37.666939,144.842621",0,9,70
1757726870,2025-09-13T01:27:50Z,CPA105,"-37.666912,144.84285",0,9,75
1757726876,2025-09-13T01:27:56Z,CPA105,"-37.666866,144.84317",0,9,81
1757726881,2025-09-13T01:28:01Z,CPA105,"-37.666836,144.84343",0,9,81
1757726886,2025-09-13T01:28:06Z,CPA105,"-37.666809,144.843704",0,9,81
1757726890,2025-09-13T01:28:10Z,CPA105,"-37.666779,144.843918",0,9,81
1757726897,2025-09-13T01:28:17Z,CPA105,"-37.666763,144.844254",0,9,87
1757726906,2025-09-13T01:28:26Z,CPA105,"-37.666992,144.844467",0,7,135
1757726915,2025-09-13T01:28:35Z,CPA105,"-37.667255,144.844498",0,7,163
1757726922,2025-09-13T01:28:42Z,CPA105,"-37.667553,144.844528",0,7,171
1757726936,2025-09-13T01:28:56Z,CPA105,"-37.667755,144.844574",0,3,171
1757726949,2025-09-13T01:29:09Z,CPA105,"-37.668045,144.844574",0,1,171
