Timestamp,UTC,Callsign,Position,Altitude,Speed,Direction
1757692355,2025-09-12T15:52:35Z,CPA259,"22.312662,113.934898",0,0,70
1757695828,2025-09-12T16:50:28Z,CPA259,"22.31258,113.934692",0,3,70
1757695845,2025-09-12T16:50:45Z,CPA259,"22.312511,113.934464",0,3,70
1757695864,2025-09-12T16:51:04Z,CPA259,"22.31242,113.93425",0,3,75
1757695884,2025-09-12T16:51:24Z,CPA259,"22.312279,113.934044",0,3,104
1757695905,2025-09-12T16:51:45Z,CPA259,"22.312254,113.933777",0,3,135
1757695927,2025-09-12T16:52:07Z,CPA259,"22.312374,113.933563",0,1,154
1757695984,2025-09-12T16:53:04Z,CPA259,"22.312162,113.93364",0,1,160
1757696021,2025-09-12T16:53:41Z,CPA259,"22.311962,113.933701",0,1,160
1757696171,2025-09-12T16:56:11Z,CPA259,"22.311743,113.933792",0,5,160
1757696181,2025-09-12T16:56:21Z,CPA259,"22.31151,113.933868",0,5,160
1757696190,2025-09-12T16:56:30Z,CPA259,"22.311277,113.93396",0,6,160
1757696199,2025-09-12T16:56:39Z,CPA259,"22.311058,113.934044",0,7,160
1757696211,2025-09-12T16:56:51Z,CPA259,"22.310684,113.934189",0,7,160
1757696220,2025-09-12T16:57:00Z,CPA259,"22.310394,113.934288",0,8,160
1757696227,2025-09-12T16:57:07Z,CPA259,"22.31012,113.934288",0,8,174
1757696242,2025-09-12T16:57:22Z,CPA259,"22.309776,113.933815",0,8,230
1757696255,2025-09-12T16:57:35Z,CPA259,"22.309589,113.933372",0,8,241
1757696268,2025-09-12T16:57:48Z,CPA259,"22.309376,113.93293",0,8,241
1757696275,2025-09-12T16:57:55Z,CPA259,"22.309252,113.932671",0,8,241
1757696284,2025-09-12T16:58:04Z,CPA259,"22.309101,113.932358",0,9,244
1757696289,2025-09-12T16:58:09Z,CPA259,"22.309031,113.932137",0,9,247
1757696294,2025-09-12T16:58:14Z,CPA259,"22.308975,113.931931",0,9,250
1757696299,2025-09-12T16:58:19Z,CPA259,"22.308895,113.931671",0,10,250
1757696304,2025-09-12T16:58:24Z,CPA259,"22.308821,113.931465",0,10,250
1757696312,2025-09-12T16:58:32Z,CPA259,"22.308701,113.931068",0,11,250
1757696319,2025-09-12T16:58:39Z,CPA259,"22.308577,113.930702",0,11,250
1757696326,2025-09-12T16:58:46Z,CPA259,"22.30846,113.930336",0,12,250
1757696334,2025-09-12T16:58:54Z,CPA259,"22.308323,113.929893",0,12,250
1757696341,2025-09-12T16:59:01Z,CPA259,"22.308197,113.929497",0,13,250
1757696348,2025-09-12T16:59:08Z,CPA259,"22.30806,113.929047",0,13,250
1757696355,2025-09-12T16:59:15Z,CPA259,"22.307899,113.928558",0,13,250
1757696363,2025-09-12T16:59:23Z,CPA259,"22.307751,113.928123",0,14,250
1757696371,2025-09-12T16:59:31Z,CPA259,"22.307589,113.927589",0,14,250
1757696378,2025-09-12T16:59:38Z,CPA259,"22.30743,113.927109",0,15,250
1757696385,2025-09-12T16:59:45Z,CPA259,"22.30727,113.926628",0,15,250
1757696391,2025-09-12T16:59:51Z,CPA259,"22.307135,113.926186",0,15,250
1757696398,2025-09-12T16:59:58Z,CPA259,"22.306984,113.925728",0,15,250
1757696405,2025-09-12T17:00:05Z,CPA259,"22.306812,113.925179",0,15,250
1757696412,2025-09-12T17:00:12Z,CPA259,"22.306641,113.924652",0,16,250
1757696419,2025-09-12T17:00:19Z,CPA259,"22.306471,113.924103",0,16,250
1757696426,2025-09-12T17:00:26Z,CPA259,"22.306286,113.923538",0,16,250
1757696432,2025-09-12T17:00:32Z,CPA259,"22.306145,113.923088",0,17,250
1757696443,2025-09-12T17:00:43Z,CPA259,"22.305841,113.922173",0,17,250
1757696451,2025-09-12T17:00:51Z,CPA259,"22.305622,113.921478",0,18,250
1757696458,2025-09-12T17:00:58Z,CPA259,"22.305439,113.920891",0,15,250
1757696467,2025-09-12T17:01:07Z,CPA259,"22.305307,113.920479",0,7,250
1757696474,2025-09-12T17:01:14Z,CPA259,"22.305237,113.920265",0,6,250
1757696482,2025-09-12T17:01:22Z,CPA259,"22.305155,113.920006",0,7,250
1757696490,2025-09-12T17:01:30Z,CPA259,"22.305075,113.919754",0,8,250
1757696497,2025-09-12T17:01:37Z,CPA259,"22.304981,113.919464",0,8,250
1757696504,2025-09-12T17:01:44Z,CPA259,"22.30489,113.919197",0,8,250
1757696512,2025-09-12T17:01:52Z,CPA259,"22.304806,113.91893",0,8,250
1757696520,2025-09-12T17:02:00Z,CPA259,"22.304714,113.918633",0,8,250
1757696527,2025-09-12T17:02:07Z,CPA259,"22.304621,113.918358",0,8,250
1757696534,2025-09-12T17:02:14Z,CPA259,"22.304527,113.918053",0,9,250
1757696541,2025-09-12T17:02:21Z,CPA259,"22.30442,113.917732",0,10,250
1757696549,2025-09-12T17:02:29Z,CPA259,"22.304295,113.917336",0,12,250
1757696556,2025-09-12T17:02:36Z,CPA259,"22.304155,113.916908",0,14,250
1757696563,2025-09-12T17:02:43Z,CPA259,"22.304003,113.91642",0,15,250
1757696571,2025-09-12T17:02:51Z,CPA259,"22.303814,113.91584",0,17,250
1757696578,2025-09-12T17:02:58Z,CPA259,"22.303619,113.915237",0,19,250
1757696585,2025-09-12T17:03:05Z,CPA259,"22.303413,113.914574",0,20,250
1757696592,2025-09-12T17:03:12Z,CPA259,"22.303196,113.913918",0,21,250
1757696598,2025-09-12T17:03:18Z,CPA259,"22.302956,113.913177",0,21,250
1757696606,2025-09-12T17:03:26Z,CPA259,"22.302715,113.91243",0,22,250
1757696612,2025-09-12T17:03:32Z,CPA259,"22.302513,113.911804",0,22,250
1757696620,2025-09-12T17:03:40Z,CPA259,"22.302246,113.910957",0,22,250
1757696626,2025-09-12T17:03:46Z,CPA259,"22.302013,113.910271",0,23,250
1757696633,2025-09-12T17:03:53Z,CPA259,"22.301769,113.909508",0,23,250
1757696640,2025-09-12T17:04:00Z,CPA259,"22.301525,113.908745",0,23,250
1757696649,2025-09-12T17:04:09Z,CPA259,"22.301188,113.907684",0,23,250
1757696657,2025-09-12T17:04:17Z,CPA259,"22.300978,113.907028",0,23,250
1757696665,2025-09-12T17:04:25Z,CPA259,"22.300621,113.905952",0,24,250
1757696672,2025-09-12T17:04:32Z,CPA259,"22.300404,113.905273",0,24,250
1757696679,2025-09-12T17:04:39Z,CPA259,"22.300104,113.904358",0,24,250
1757696686,2025-09-12T17:04:46Z,CPA259,"22.299831,113.903488",0,24,250
1757696694,2025-09-12T17:04:54Z,CPA259,"22.299582,113.902718",0,24,250
1757696700,2025-09-12T17:05:00Z,CPA259,"22.299305,113.901855",0,25,250
1757696707,2025-09-12T17:05:07Z,CPA259,"22.299034,113.901039",0,24,250
1757696715,2025-09-12T17:05:15Z,CPA259,"22.298779,113.90023",0,24,250
1757696723,2025-09-12T17:05:23Z,CPA259,"22.29851,113.899384",0,24,250
1757696731,2025-09-12T17:05:31Z,CPA259,"22.29822,113.898483",0,16,250
1757696743,2025-09-12T17:05:43Z,CPA259,"22.29801,113.897873",0,8,250
1757696751,2025-09-12T17:05:51Z,CPA259,"22.2978,113.897614",0,9,230
1757696758,2025-09-12T17:05:58Z,CPA259,"22.297544,113.897591",0,8,199
1757696766,2025-09-12T17:06:06Z,CPA259,"22.2973,113.89769",0,7,174
1757696773,2025-09-12T17:06:13Z,CPA259,"22.297062,113.897812",0,8,160
1757696781,2025-09-12T17:06:21Z,CPA259,"22.296799,113.897919",0,8,160
1757696788,2025-09-12T17:06:28Z,CPA259,"22.296591,113.898048",0,9,154
1757696797,2025-09-12T17:06:37Z,CPA259,"22.29641,113.898422",0,9,120
1757696802,2025-09-12T17:06:42Z,CPA259,"22.296404,113.898682",0,10,101
1757696809,2025-09-12T17:06:49Z,CPA259,"22.296478,113.898918",0,11,84
1757696815,2025-09-12T17:06:55Z,CPA259,"22.296604,113.899193",0,12,70
1757696818,2025-09-12T17:06:58Z,CPA259,"22.296707,113.899544",0,15,70
1757696824,2025-09-12T17:07:04Z,CPA259,"22.296856,113.899994",0,28,70
1757696825,2025-09-12T17:07:05Z,CPA259,"22.296974,113.90036",0,39,70
1757696828,2025-09-12T17:07:08Z,CPA259,"22.297096,113.900757",0,48,70
1757696829,2025-09-12T17:07:09Z,CPA259,"22.297256,113.901245",0,57,70
1757696832,2025-09-12T17:07:12Z,CPA259,"22.29759,113.902245",0,72,70
1757696834,2025-09-12T17:07:14Z,CPA259,"22.297691,113.902557",0,76,70
1757696836,2025-09-12T17:07:16Z,CPA259,"22.297989,113.903481",0,86,70
1757696843,2025-09-12T17:07:23Z,CPA259,"22.299173,113.907166",100,117,71
1757696852,2025-09-12T17:07:32Z,CPA259,"22.30085,113.912407",75,149,70
1757696860,2025-09-12T17:07:40Z,CPA259,"22.302933,113.918831",50,175,71
1757696868,2025-09-12T17:07:48Z,CPA259,"22.305267,113.926079",225,188,70
1757696877,2025-09-12T17:07:57Z,CPA259,"22.307507,113.933006",550,184,70
1757696883,2025-09-12T17:08:03Z,CPA259,"22.309462,113.93885",875,183,70
1757696891,2025-09-12T17:08:11Z,CPA259,"22.311768,113.945801",1225,182,70
1757696900,2025-09-12T17:08:20Z,CPA259,"22.314117,113.952888",1625,181,70
1757696906,2025-09-12T17:08:26Z,CPA259,"22.315979,113.958641",1875,182,70
1757696915,2025-09-12T17:08:35Z,CPA259,"22.31826,113.965759",2025,188,71
1757696921,2025-09-12T17:08:41Z,CPA259,"22.320053,113.97142",2075,196,70
1757696929,2025-09-12T17:08:49Z,CPA259,"22.322823,113.980049",2150,204,71
1757696936,2025-09-12T17:08:56Z,CPA259,"22.324684,113.986",2225,210,71
1757696944,2025-09-12T17:09:04Z,CPA259,"22.327377,113.994392",2400,214,71
1757696952,2025-09-12T17:09:12Z,CPA259,"22.33017,114.003029",2625,217,70
1757696959,2025-09-12T17:09:19Z,CPA259,"22.332367,114.009773",2825,218,70
1757696967,2025-09-12T17:09:27Z,CPA259,"22.335112,114.018196",3125,216,70
1757696976,2025-09-12T17:09:36Z,CPA259,"22.337631,114.026649",3375,216,75
1757696978,2025-09-12T17:09:38Z,CPA259,"22.338091,114.028778",3425,216,78
1757696980,2025-09-12T17:09:40Z,CPA259,"22.338511,114.031219",3475,216,80
1757696982,2025-09-12T17:09:42Z,CPA259,"22.338776,114.03344",3525,216,83
1757696984,2025-09-12T17:09:44Z,CPA259,"22.338959,114.035591",3600,217,87
1757696986,2025-09-12T17:09:46Z,CPA259,"22.339005,114.038139",3650,217,90
1757696988,2025-09-12T17:09:48Z,CPA259,"22.33893,114.040474",3725,217,92
1757696990,2025-09-12T17:09:50Z,CPA259,"22.338789,114.042717",3775,216,95
1757696992,2025-09-12T17:09:52Z,CPA259,"22.338511,114.044952",3850,216,98
1757696995,2025-09-12T17:09:55Z,CPA259,"22.338184,114.04673",3900,215,102
1757696997,2025-09-12T17:09:57Z,CPA259,"22.337626,114.049225",3950,216,104
1757696999,2025-09-12T17:09:59Z,CPA259,"22.336945,114.05172",4050,215,108
1757697001,2025-09-12T17:10:01Z,CPA259,"22.336212,114.053818",4100,216,110
1757697003,2025-09-12T17:10:03Z,CPA259,"22.335571,114.055511",4150,216,113
1757697005,2025-09-12T17:10:05Z,CPA259,"22.334553,114.057922",4225,216,116
1757697007,2025-09-12T17:10:07Z,CPA259,"22.333809,114.059448",4275,216,118
1757697009,2025-09-12T17:10:09Z,CPA259,"22.332598,114.061684",4350,215,121
1757697011,2025-09-12T17:10:11Z,CPA259,"22.33148,114.063568",4400,216,124
1757697014,2025-09-12T17:10:14Z,CPA259,"22.330317,114.065346",4475,217,127
1757697016,2025-09-12T17:10:16Z,CPA259,"22.328751,114.067451",4550,217,129
1757697018,2025-09-12T17:10:18Z,CPA259,"22.327377,114.069145",4600,218,132
1757697020,2025-09-12T17:10:20Z,CPA259,"22.326035,114.070641",4650,218,134
1757697022,2025-09-12T17:10:22Z,CPA259,"22.324677,114.072044",4700,219,137
1757697024,2025-09-12T17:10:24Z,CPA259,"22.322937,114.073639",4750,220,140
1757697026,2025-09-12T17:10:26Z,CPA259,"22.321014,114.075287",4825,220,141
1757697028,2025-09-12T17:10:28Z,CPA259,"22.319704,114.076385",4850,222,144
1757697030,2025-09-12T17:10:30Z,CPA259,"22.31798,114.07766",4875,224,146
1757697032,2025-09-12T17:10:32Z,CPA259,"22.315659,114.079231",4900,228,148
1757697035,2025-09-12T17:10:35Z,CPA259,"22.313837,114.080353",4925,230,150
1757697037,2025-09-12T17:10:37Z,CPA259,"22.312069,114.081367",4950,232,152
1757697039,2025-09-12T17:10:39Z,CPA259,"22.309975,114.082489",4975,234,155
1757697041,2025-09-12T17:10:41Z,CPA259,"22.307831,114.083481",4975,236,157
1757697043,2025-09-12T17:10:43Z,CPA259,"22.305725,114.084381",5000,239,159
1757697045,2025-09-12T17:10:45Z,CPA259,"22.303802,114.085075",5025,242,162
1757697047,2025-09-12T17:10:47Z,CPA259,"22.301035,114.085945",5050,244,164
1757697049,2025-09-12T17:10:49Z,CPA259,"22.298988,114.08651",5075,246,167
1757697051,2025-09-12T17:10:51Z,CPA259,"22.296707,114.086967",5100,248,169
1757697053,2025-09-12T17:10:53Z,CPA259,"22.294426,114.087372",5150,251,172
1757697055,2025-09-12T17:10:55Z,CPA259,"22.292038,114.087677",5175,252,175
1757697057,2025-09-12T17:10:57Z,CPA259,"22.289566,114.087822",5225,254,177
1757697060,2025-09-12T17:11:00Z,CPA259,"22.287024,114.087883",5275,256,180
1757697062,2025-09-12T17:11:02Z,CPA259,"22.284576,114.087875",5325,257,181
1757697064,2025-09-12T17:11:04Z,CPA259,"22.281717,114.087776",5375,257,182
1757697066,2025-09-12T17:11:06Z,CPA259,"22.279495,114.087677",5425,258,182
1757697068,2025-09-12T17:11:08Z,CPA259,"22.276781,114.087524",5500,259,182
1757697070,2025-09-12T17:11:10Z,CPA259,"22.274323,114.087372",5550,259,183
1757697072,2025-09-12T17:11:12Z,CPA259,"22.271988,114.087273",5625,260,183
1757697074,2025-09-12T17:11:14Z,CPA259,"22.269104,114.087128",5700,260,182
1757697076,2025-09-12T17:11:16Z,CPA259,"22.26668,114.086967",5775,258,182
1757697078,2025-09-12T17:11:18Z,CPA259,"22.264297,114.086876",5850,259,182
1757697080,2025-09-12T17:11:20Z,CPA259,"22.261871,114.086777",5900,260,182
1757697093,2025-09-12T17:11:33Z,CPA259,"22.245825,114.086304",6100,271,180
1757697108,2025-09-12T17:11:48Z,CPA259,"22.228321,114.08625",6250,284,179
1757697121,2025-09-12T17:12:01Z,CPA259,"22.210491,114.086403",6425,296,178
1757697135,2025-09-12T17:12:15Z,CPA259,"22.190826,114.089874",6575,305,159
1757697137,2025-09-12T17:12:17Z,CPA259,"22.189362,114.090469",6575,306,159
1757697139,2025-09-12T17:12:19Z,CPA259,"22.18675,114.091698",6600,305,154
1757697144,2025-09-12T17:12:24Z,CPA259,"22.181946,114.094467",6675,306,144
1757697148,2025-09-12T17:12:28Z,CPA259,"22.178833,114.09671",6725,306,142
1757697168,2025-09-12T17:12:48Z,CPA259,"22.16011,114.125679",7375,306,114
1757697172,2025-09-12T17:12:52Z,CPA259,"22.158737,114.131523",7475,307,103
1757697181,2025-09-12T17:13:01Z,CPA259,"22.157469,114.143982",7700,310,92
1757697183,2025-09-12T17:13:03Z,CPA259,"22.157318,114.148796",7775,310,91
1757697185,2025-09-12T17:13:05Z,CPA259,"22.157188,114.152733",7850,310,91
1757697187,2025-09-12T17:13:07Z,CPA259,"22.157097,114.15583",7900,310,91
1757697190,2025-09-12T17:13:10Z,CPA259,"22.157003,114.159035",7975,310,92
1757697192,2025-09-12T17:13:12Z,CPA259,"22.156906,114.162384",8050,310,92
1757697194,2025-09-12T17:13:14Z,CPA259,"22.156771,114.165245",8125,310,92
1757697196,2025-09-12T17:13:16Z,CPA259,"22.156631,114.16906",8225,310,92
1757697198,2025-09-12T17:13:18Z,CPA259,"22.156445,114.172668",8300,310,93
1757697200,2025-09-12T17:13:20Z,CPA259,"22.156265,114.175613",8350,310,93
1757697202,2025-09-12T17:13:22Z,CPA259,"22.156128,114.178711",8425,311,93
1757697215,2025-09-12T17:13:35Z,CPA259,"22.154768,114.198761",8750,314,94
1757697228,2025-09-12T17:13:48Z,CPA259,"22.153278,114.218498",9075,318,94
1757697242,2025-09-12T17:14:02Z,CPA259,"22.151649,114.241486",9400,324,94
1757697255,2025-09-12T17:14:15Z,CPA259,"22.152813,114.263359",9800,326,78
1757697258,2025-09-12T17:14:18Z,CPA259,"22.153656,114.267403",9900,325,75
1757697260,2025-09-12T17:14:20Z,CPA259,"22.154583,114.270935",9975,326,73
1757697264,2025-09-12T17:14:24Z,CPA259,"22.156311,114.276436",10100,325,69
1757697267,2025-09-12T17:14:27Z,CPA259,"22.158354,114.281715",10225,326,67
1757697271,2025-09-12T17:14:31Z,CPA259,"22.159657,114.284668",10300,326,63
1757697274,2025-09-12T17:14:34Z,CPA259,"22.162582,114.290321",10450,326,58
1757697276,2025-09-12T17:14:36Z,CPA259,"22.164171,114.292961",10525,325,55
1757697278,2025-09-12T17:14:38Z,CPA259,"22.165895,114.295601",10575,326,53
1757697281,2025-09-12T17:14:41Z,CPA259,"22.168594,114.299316",10650,328,48
1757697283,2025-09-12T17:14:43Z,CPA259,"22.170643,114.301758",10700,329,45
1757697285,2025-09-12T17:14:45Z,CPA259,"22.173477,114.304855",10775,331,43
1757697287,2025-09-12T17:14:47Z,CPA259,"22.175858,114.307152",10800,332,39
1757697289,2025-09-12T17:14:49Z,CPA259,"22.17897,114.309746",10850,334,37
1757697291,2025-09-12T17:14:51Z,CPA259,"22.180885,114.311218",10875,334,33
1757697294,2025-09-12T17:14:54Z,CPA259,"22.18428,114.313492",10950,336,29
1757697296,2025-09-12T17:14:56Z,CPA259,"22.186935,114.314995",10975,338,26
1757697298,2025-09-12T17:14:58Z,CPA259,"22.190102,114.316612",11025,337,23
1757697300,2025-09-12T17:15:00Z,CPA259,"22.193733,114.318085",11100,338,19
1757697302,2025-09-12T17:15:02Z,CPA259,"22.196045,114.318886",11125,340,16
1757697304,2025-09-12T17:15:04Z,CPA259,"22.199692,114.319916",11200,341,12
1757697306,2025-09-12T17:15:06Z,CPA259,"22.202904,114.320679",11250,342,10
1757697309,2025-09-12T17:15:09Z,CPA259,"22.20694,114.321434",11300,342,9
1757697311,2025-09-12T17:15:11Z,CPA259,"22.210213,114.321999",11350,343,8
1757697313,2025-09-12T17:15:13Z,CPA259,"22.213377,114.322456",11375,344,8
1757697315,2025-09-12T17:15:15Z,CPA259,"22.216543,114.322968",11425,345,7
1757697317,2025-09-12T17:15:17Z,CPA259,"22.219709,114.323425",11475,345,7
1757697319,2025-09-12T17:15:19Z,CPA259,"22.223007,114.323883",11550,346,7
1757697321,2025-09-12T17:15:21Z,CPA259,"22.226715,114.324432",11600,346,7
1757697324,2025-09-12T17:15:24Z,CPA259,"22.229919,114.324928",11650,346,8
1757697326,2025-09-12T17:15:26Z,CPA259,"22.233856,114.325577",11725,346,8
1757697328,2025-09-12T17:15:28Z,CPA259,"22.237026,114.326073",11775,346,8
1757697330,2025-09-12T17:15:30Z,CPA259,"22.239944,114.32653",11825,347,8
1757697343,2025-09-12T17:15:43Z,CPA259,"22.260954,114.330292",12175,348,9
1757697367,2025-09-12T17:16:07Z,CPA259,"22.299774,114.335213",12750,356,356
1757697369,2025-09-12T17:16:09Z,CPA259,"22.303457,114.334869",12800,357,353
1757697371,2025-09-12T17:16:11Z,CPA259,"22.307552,114.334206",12850,358,350
1757697373,2025-09-12T17:16:13Z,CPA259,"22.310532,114.333549",12875,358,347
1757697376,2025-09-12T17:16:16Z,CPA259,"22.313744,114.33268",12925,358,344
1757697378,2025-09-12T17:16:18Z,CPA259,"22.317423,114.33136",13000,359,340
1757697380,2025-09-12T17:16:20Z,CPA259,"22.320694,114.330025",13050,360,337
1757697382,2025-09-12T17:16:22Z,CPA259,"22.323847,114.328514",13100,359,334
1757697384,2025-09-12T17:16:24Z,CPA259,"22.32692,114.326782",13175,360,331
1757697386,2025-09-12T17:16:26Z,CPA259,"22.329849,114.324982",13225,360,328
1757697388,2025-09-12T17:16:28Z,CPA259,"22.333111,114.322716",13300,360,326
1757697390,2025-09-12T17:16:30Z,CPA259,"22.33581,114.320625",13325,360,323
1757697392,2025-09-12T17:16:32Z,CPA259,"22.338463,114.318443",13375,361,321
1757697395,2025-09-12T17:16:35Z,CPA259,"22.341568,114.315643",13425,361,319
1757697397,2025-09-12T17:16:37Z,CPA259,"22.34391,114.313454",13475,362,318
1757697399,2025-09-12T17:16:39Z,CPA259,"22.347061,114.310493",13525,362,318
1757697401,2025-09-12T17:16:41Z,CPA259,"22.349449,114.308167",13575,362,317
1757697403,2025-09-12T17:16:43Z,CPA259,"22.352337,114.305367",13650,362,317
1757697405,2025-09-12T17:16:45Z,CPA259,"22.354851,114.302925",13700,363,318
1757697407,2025-09-12T17:16:47Z,CPA259,"22.357269,114.300606",13750,363,318
1757697410,2025-09-12T17:16:50Z,CPA259,"22.360382,114.297615",13800,363,318
1757697412,2025-09-12T17:16:52Z,CPA259,"22.362997,114.295097",13850,364,318
1757697414,2025-09-12T17:16:54Z,CPA259,"22.36615,114.292122",13925,364,319
1757697446,2025-09-12T17:17:26Z,CPA259,"22.408897,114.253746",14450,377,320
1757697478,2025-09-12T17:17:58Z,CPA259,"22.452145,114.21524",14950,389,320
1757697509,2025-09-12T17:18:29Z,CPA259,"22.495697,114.175964",15575,394,319
1757697541,2025-09-12T17:19:01Z,CPA259,"22.541571,114.135384",16150,403,324
1757697548,2025-09-12T17:19:08Z,CPA259,"22.551453,114.128525",16200,407,329
1757697550,2025-09-12T17:19:10Z,CPA259,"22.555389,114.126129",16200,408,331
1757697552,2025-09-12T17:19:12Z,CPA259,"22.55864,114.124275",16225,410,332
1757697554,2025-09-12T17:19:14Z,CPA259,"22.562286,114.122314",16225,411,334
1757697556,2025-09-12T17:19:16Z,CPA259,"22.565872,114.120483",16250,411,334
1757697559,2025-09-12T17:19:19Z,CPA259,"22.569489,114.118683",16275,413,335
1757697561,2025-09-12T17:19:21Z,CPA259,"22.5737,114.116585",16275,414,335
1757697563,2025-09-12T17:19:23Z,CPA259,"22.577044,114.11499",16300,414,335
1757697565,2025-09-12T17:19:25Z,CPA259,"22.580862,114.113106",16325,415,335
1757697567,2025-09-12T17:19:27Z,CPA259,"22.584641,114.111298",16350,416,335
1757697569,2025-09-12T17:19:29Z,CPA259,"22.589054,114.109138",16375,417,335
1757697601,2025-09-12T17:20:01Z,CPA259,"22.643753,114.081627",17100,419,334
1757697631,2025-09-12T17:20:31Z,CPA259,"22.696655,114.054268",17775,420,334
1757697663,2025-09-12T17:21:03Z,CPA259,"22.75371,114.024864",18475,420,334
1757697695,2025-09-12T17:21:35Z,CPA259,"22.810318,113.99572",18950,428,334
1757697727,2025-09-12T17:22:07Z,CPA259,"22.867764,113.966217",19550,429,334
1757697759,2025-09-12T17:22:39Z,CPA259,"22.924942,113.936714",20075,433,334
1757697791,2025-09-12T17:23:11Z,CPA259,"22.984085,113.905899",20650,436,334
1757697823,2025-09-12T17:23:43Z,CPA259,"23.04277,113.874336",21200,438,331
1757697855,2025-09-12T17:24:15Z,CPA259,"23.098022,113.835991",21575,444,323
1757697874,2025-09-12T17:24:34Z,CPA259,"23.127686,113.80957",21775,449,316
1757697876,2025-09-12T17:24:36Z,CPA259,"23.130524,113.806473",21800,450,314
1757697878,2025-09-12T17:24:38Z,CPA259,"23.133408,113.80323",21825,450,312
1757697881,2025-09-12T17:24:41Z,CPA259,"23.137299,113.798485",21850,450,311
1757697883,2025-09-12T17:24:43Z,CPA259,"23.140141,113.794914",21875,451,308
1757697885,2025-09-12T17:24:45Z,CPA259,"23.142839,113.791199",21900,452,307
1757697887,2025-09-12T17:24:47Z,CPA259,"23.145676,113.787148",21950,452,306
1757697889,2025-09-12T17:24:49Z,CPA259,"23.14838,113.783012",21975,452,304
1757697891,2025-09-12T17:24:51Z,CPA259,"23.150707,113.779243",22000,452,302
1757697894,2025-09-12T17:24:54Z,CPA259,"23.153137,113.775063",22025,452,301
1757697896,2025-09-12T17:24:56Z,CPA259,"23.155687,113.770393",22075,454,300
1757697898,2025-09-12T17:24:58Z,CPA259,"23.157761,113.766426",22100,453,299
1757697900,2025-09-12T17:25:00Z,CPA259,"23.159784,113.762459",22125,454,298
1757697902,2025-09-12T17:25:02Z,CPA259,"23.161739,113.758598",22150,454,298
1757697904,2025-09-12T17:25:04Z,CPA259,"23.163975,113.75412",22200,454,298
1757697906,2025-09-12T17:25:06Z,CPA259,"23.166441,113.749138",22225,454,298
1757697908,2025-09-12T17:25:08Z,CPA259,"23.167978,113.746086",22250,454,298
1757697911,2025-09-12T17:25:11Z,CPA259,"23.169983,113.742104",22275,454,298
1757697913,2025-09-12T17:25:13Z,CPA259,"23.172867,113.73632",22300,454,298
1757697945,2025-09-12T17:25:45Z,CPA259,"23.206059,113.672432",22700,460,299
1757697976,2025-09-12T17:26:16Z,CPA259,"23.238785,113.609924",23150,462,299
1757698009,2025-09-12T17:26:49Z,CPA259,"23.273046,113.543907",23550,465,299
1757698042,2025-09-12T17:27:22Z,CPA259,"23.307999,113.476189",23850,471,299
1757698072,2025-09-12T17:27:52Z,CPA259,"23.340826,113.412575",24275,473,299
1757698103,2025-09-12T17:28:23Z,CPA259,"23.374146,113.348244",24650,476,299
1757698134,2025-09-12T17:28:54Z,CPA259,"23.407928,113.282974",25000,478,299
1757698167,2025-09-12T17:29:27Z,CPA259,"23.441757,113.217407",25450,479,299
1757698198,2025-09-12T17:29:58Z,CPA259,"23.476433,113.150177",25825,482,299
1757698230,2025-09-12T17:30:30Z,CPA259,"23.511999,113.081154",26100,486,299
1757698279,2025-09-12T17:31:19Z,CPA259,"23.565952,112.984848",26500,492,307
1757698313,2025-09-12T17:31:53Z,CPA259,"23.616486,112.91214",26850,493,306
1757698345,2025-09-12T17:32:25Z,CPA259,"23.659744,112.848259",27250,493,306
1757698375,2025-09-12T17:32:55Z,CPA259,"23.70108,112.786865",27475,496,306
1757698407,2025-09-12T17:33:27Z,CPA259,"23.730286,112.743477",27600,498,306
1757698448,2025-09-12T17:34:08Z,CPA259,"23.800186,112.639671",27600,498,306
1757698483,2025-09-12T17:34:43Z,CPA259,"23.848759,112.567421",27600,498,306
1757698517,2025-09-12T17:35:17Z,CPA259,"23.895401,112.497917",27600,500,306
1757698549,2025-09-12T17:35:49Z,CPA259,"23.937347,112.435379",27600,501,306
1757698581,2025-09-12T17:36:21Z,CPA259,"23.982735,112.367592",27600,502,306
1757698612,2025-09-12T17:36:52Z,CPA259,"24.026047,112.302856",27600,501,306
1757698627,2025-09-12T17:37:07Z,CPA259,"24.043392,112.276855",27600,500,305
1757698681,2025-09-12T17:38:01Z,CPA259,"24.101486,112.189789",27600,500,306
1757698716,2025-09-12T17:38:36Z,CPA259,"24.152372,112.113457",27600,502,306
1757698746,2025-09-12T17:39:06Z,CPA259,"24.192965,112.052414",27600,503,306
1757698781,2025-09-12T17:39:41Z,CPA259,"24.241241,111.979828",27600,505,306
1757698816,2025-09-12T17:40:16Z,CPA259,"24.289375,111.907257",27600,504,306
1757698845,2025-09-12T17:40:45Z,CPA259,"24.328199,111.848541",27600,498,306
1757698880,2025-09-12T17:41:20Z,CPA259,"24.376196,111.776093",28075,493,306
1757698895,2025-09-12T17:41:35Z,CPA259,"24.394676,111.748108",28325,491,306
1757698983,2025-09-12T17:43:03Z,CPA259,"24.513523,111.567978",28900,499,306
1757699012,2025-09-12T17:43:32Z,CPA259,"24.553232,111.507553",29025,502,306
1757699041,2025-09-12T17:44:01Z,CPA259,"24.593035,111.447075",29150,506,306
1757699076,2025-09-12T17:44:36Z,CPA259,"24.64089,111.374107",29300,510,306
1757699116,2025-09-12T17:45:16Z,CPA259,"24.695589,111.290573",29625,508,306
1757699146,2025-09-12T17:45:46Z,CPA259,"24.736588,111.227875",29950,506,306
1757699160,2025-09-12T17:46:00Z,CPA259,"24.7542,111.20092",30000,507,306
1757699577,2025-09-12T17:52:57Z,CPA259,"25.342945,110.341759",33125,498,315
1757699611,2025-09-12T17:53:31Z,CPA259,"25.398605,110.280663",33350,498,315
1757699646,2025-09-12T17:54:06Z,CPA259,"25.453671,110.220291",33700,494,315
1757699665,2025-09-12T17:54:25Z,CPA259,"25.484619,110.186409",33850,494,315
1757699753,2025-09-12T17:55:53Z,CPA259,"25.619789,110.018333",34100,499,305
1757699788,2025-09-12T17:56:28Z,CPA259,"25.666309,109.944313",34100,504,305
1757699817,2025-09-12T17:56:57Z,CPA259,"25.703979,109.885559",34100,506,305
1757699850,2025-09-12T17:57:30Z,CPA259,"25.750557,109.812393",34100,512,305
1757699885,2025-09-12T17:58:05Z,CPA259,"25.79805,109.736938",34100,514,304
1757699928,2025-09-12T17:58:48Z,CPA259,"25.84749,109.63858",34100,515,295
1757699957,2025-09-12T17:59:17Z,CPA259,"25.87043,109.577744",34100,515,291
1757699985,2025-09-12T17:59:45Z,CPA259,"25.893591,109.497421",34100,516,286
1757700020,2025-09-12T18:00:20Z,CPA259,"25.917259,109.407822",34100,516,287
1757700055,2025-09-12T18:00:55Z,CPA259,"25.940304,109.321938",34100,514,286
1757700164,2025-09-12T18:02:44Z,CPA259,"26.013296,109.044533",34100,511,287
1757700193,2025-09-12T18:03:13Z,CPA259,"26.031591,108.974655",34100,510,286
1757700227,2025-09-12T18:03:47Z,CPA259,"26.054581,108.886589",34100,511,287
1757700261,2025-09-12T18:04:21Z,CPA259,"26.077103,108.800201",34100,510,286
1757700295,2025-09-12T18:04:55Z,CPA259,"26.099079,108.715782",34100,507,286
1757700332,2025-09-12T18:05:32Z,CPA259,"26.123905,108.622673",34100,506,287
1757700367,2025-09-12T18:06:07Z,CPA259,"26.147232,108.535286",34100,508,286
1757700396,2025-09-12T18:06:36Z,CPA259,"26.166916,108.462059",34100,510,288
1757700426,2025-09-12T18:07:06Z,CPA259,"26.192596,108.389404",34100,506,295
1757700461,2025-09-12T18:07:41Z,CPA259,"26.228485,108.307678",34100,506,296
1757700495,2025-09-12T18:08:15Z,CPA259,"26.262678,108.228111",34100,508,295
1757700530,2025-09-12T18:08:50Z,CPA259,"26.298151,108.145508",34100,509,295
1757700593,2025-09-12T18:09:53Z,CPA259,"26.370354,108.000519",34100,506,305
1757700623,2025-09-12T18:10:23Z,CPA259,"26.409256,107.936218",34100,503,304
1757700658,2025-09-12T18:10:58Z,CPA259,"26.454025,107.860764",34100,500,304
1757700693,2025-09-12T18:11:33Z,CPA259,"26.498428,107.786087",34100,500,303
1757700728,2025-09-12T18:12:08Z,CPA259,"26.543335,107.710739",34100,498,304
1757700763,2025-09-12T18:12:43Z,CPA259,"26.58824,107.635178",34100,498,304
1757700792,2025-09-12T18:13:12Z,CPA259,"26.62504,107.573265",34100,500,303
1757700822,2025-09-12T18:13:42Z,CPA259,"26.663406,107.508423",34100,497,303
1757700856,2025-09-12T18:14:16Z,CPA259,"26.70607,107.435974",34100,492,303
1757700890,2025-09-12T18:14:50Z,CPA259,"26.748171,107.364471",34100,492,303
1757700925,2025-09-12T18:15:25Z,CPA259,"26.792267,107.289528",34100,494,303
1757700960,2025-09-12T18:16:00Z,CPA259,"26.8358,107.215469",34100,496,303
1757700975,2025-09-12T18:16:15Z,CPA259,"26.853291,107.185631",34100,496,303
1757701043,2025-09-12T18:17:23Z,CPA259,"26.939779,107.037682",34100,496,303
1757701078,2025-09-12T18:17:58Z,CPA259,"26.984436,106.961388",34100,495,303
1757701113,2025-09-12T18:18:33Z,CPA259,"27.027599,106.887283",34100,496,303
1757701148,2025-09-12T18:19:08Z,CPA259,"27.07132,106.81105",34100,496,299
1757701158,2025-09-12T18:19:18Z,CPA259,"27.081207,106.7883",34100,498,292
1757701163,2025-09-12T18:19:23Z,CPA259,"27.085144,106.776535",34100,498,288
1757701168,2025-09-12T18:19:28Z,CPA259,"27.088608,106.763657",34100,499,285
1757701173,2025-09-12T18:19:33Z,CPA259,"27.091213,106.75135",34100,500,282
1757701178,2025-09-12T18:19:38Z,CPA259,"27.093496,106.738571",34100,501,281
1757701183,2025-09-12T18:19:43Z,CPA259,"27.095764,106.725128",34100,501,281
1757701188,2025-09-12T18:19:48Z,CPA259,"27.09787,106.712898",34100,500,282
1757701223,2025-09-12T18:20:23Z,CPA259,"27.116213,106.624054",34100,500,286
1757701257,2025-09-12T18:20:57Z,CPA259,"27.142282,106.541977",34100,497,293
1757701292,2025-09-12T18:21:32Z,CPA259,"27.177242,106.46106",34100,496,299
1757701332,2025-09-12T18:22:12Z,CPA259,"27.22603,106.373642",34100,498,304
1757701365,2025-09-12T18:22:45Z,CPA259,"27.267508,106.301285",34100,503,302
1757701400,2025-09-12T18:23:20Z,CPA259,"27.309998,106.227013",34100,504,303
1757701443,2025-09-12T18:24:03Z,CPA259,"27.36611,106.12925",34100,503,303
1757701483,2025-09-12T18:24:43Z,CPA259,"27.422247,106.031113",34100,503,302
1757701518,2025-09-12T18:25:18Z,CPA259,"27.460649,105.964073",34100,505,303
1757701552,2025-09-12T18:25:52Z,CPA259,"27.50359,105.888817",34100,506,303
1757701601,2025-09-12T18:26:41Z,CPA259,"27.579548,105.755348",34100,507,302
1757701632,2025-09-12T18:27:12Z,CPA259,"27.615671,105.691803",34100,507,302
1757701663,2025-09-12T18:27:43Z,CPA259,"27.657852,105.619606",34100,507,308
1757701669,2025-09-12T18:27:49Z,CPA259,"27.665817,105.608879",34100,508,312
1757701688,2025-09-12T18:28:08Z,CPA259,"27.681683,105.591133",34100,508,318
1757701693,2025-09-12T18:28:13Z,CPA259,"27.68615,105.586906",34100,508,321
1757701721,2025-09-12T18:28:41Z,CPA259,"27.743771,105.539749",34100,510,324
1757701751,2025-09-12T18:29:11Z,CPA259,"27.80011,105.492203",34100,510,322
1757701785,2025-09-12T18:29:45Z,CPA259,"27.86664,105.44046",34100,511,336
1757701790,2025-09-12T18:29:50Z,CPA259,"27.877621,105.435097",34100,511,339
1757701795,2025-09-12T18:29:55Z,CPA259,"27.88842,105.430458",34100,511,340
1757701805,2025-09-12T18:30:05Z,CPA259,"27.91118,105.421379",34125,512,342
1757701810,2025-09-12T18:30:10Z,CPA259,"27.92267,105.416931",34100,512,341
1757701830,2025-09-12T18:30:30Z,CPA259,"27.966709,105.398758",34100,512,339
1757701928,2025-09-12T18:32:08Z,CPA259,"28.182213,105.301804",34100,513,338
1757701963,2025-09-12T18:32:43Z,CPA259,"28.259909,105.26712",34100,514,338
1757701998,2025-09-12T18:33:18Z,CPA259,"28.334427,105.233757",34100,514,338
1757702025,2025-09-12T18:33:45Z,CPA259,"28.394489,105.206863",34100,511,339
1757702067,2025-09-12T18:34:27Z,CPA259,"28.488621,105.164581",34100,508,338
1757702091,2025-09-12T18:34:51Z,CPA259,"28.538803,105.142014",34100,507,338
1757702110,2025-09-12T18:35:10Z,CPA259,"28.58042,105.123268",34100,507,339
1757702167,2025-09-12T18:36:07Z,CPA259,"28.708206,105.065704",34100,509,338
1757702197,2025-09-12T18:36:37Z,CPA259,"28.773422,105.03627",34100,510,338
1757702231,2025-09-12T18:37:11Z,CPA259,"28.847771,105.00264",34100,510,338
1757702265,2025-09-12T18:37:45Z,CPA259,"28.92238,104.968819",34100,509,338
1757702308,2025-09-12T18:38:28Z,CPA259,"29.016861,104.92598",34100,507,338
1757702343,2025-09-12T18:39:03Z,CPA259,"29.093426,104.891159",34100,506,338
1757702372,2025-09-12T18:39:32Z,CPA259,"29.15575,104.862808",34100,504,339
1757702406,2025-09-12T18:40:06Z,CPA259,"29.230894,104.828583",34100,502,338
1757702430,2025-09-12T18:40:30Z,CPA259,"29.279495,104.806396",34100,502,338
1757702513,2025-09-12T18:41:53Z,CPA259,"29.459564,104.723953",34100,506,338
1757702535,2025-09-12T18:42:15Z,CPA259,"29.510256,104.700729",34100,505,338
1757702608,2025-09-12T18:43:28Z,CPA259,"29.669037,104.627716",34100,505,339
1757702643,2025-09-12T18:44:03Z,CPA259,"29.745903,104.592323",34100,502,338
1757702670,2025-09-12T18:44:30Z,CPA259,"29.802839,104.56604",34100,502,339
1757702713,2025-09-12T18:45:13Z,CPA259,"29.89501,104.523392",34100,502,338
1757702746,2025-09-12T18:45:46Z,CPA259,"29.991852,104.47966",34100,504,340
1757702777,2025-09-12T18:46:17Z,CPA259,"30.06041,104.457405",34100,506,346
1757702824,2025-09-12T18:47:04Z,CPA259,"30.166946,104.438461",34100,508,355
1757702856,2025-09-12T18:47:36Z,CPA259,"30.245594,104.435593",34100,510,1
1757702888,2025-09-12T18:48:08Z,CPA259,"30.318867,104.441582",34100,511,6
1757702918,2025-09-12T18:48:38Z,CPA259,"30.391663,104.454399",34100,512,8
1757702950,2025-09-12T18:49:10Z,CPA259,"30.463644,104.466415",34100,509,6
1757702980,2025-09-12T18:49:40Z,CPA259,"30.537895,104.471359",34100,507,2
1757703019,2025-09-12T18:50:19Z,CPA259,"30.628626,104.465202",34100,505,353
1757703046,2025-09-12T18:50:46Z,CPA259,"30.664221,104.459297",34100,504,351
1757703087,2025-09-12T18:51:27Z,CPA259,"30.755621,104.434334",34100,502,343
1757703115,2025-09-12T18:51:55Z,CPA259,"30.819901,104.411369",34100,503,345
1757703136,2025-09-12T18:52:16Z,CPA259,"30.893143,104.394836",34100,507,352
1757703143,2025-09-12T18:52:23Z,CPA259,"30.910919,104.392311",34100,508,353
1757703146,2025-09-12T18:52:26Z,CPA259,"30.916901,104.391548",34100,508,354
1757703150,2025-09-12T18:52:30Z,CPA259,"30.922371,104.390938",34100,510,354
1757703156,2025-09-12T18:52:36Z,CPA259,"30.941345,104.389076",34100,510,356
1757703159,2025-09-12T18:52:39Z,CPA259,"30.946472,104.388695",34100,509,356
1757703163,2025-09-12T18:52:43Z,CPA259,"30.95723,104.388",34100,510,357
1757703165,2025-09-12T18:52:45Z,CPA259,"30.961941,104.387749",34100,510,357
1757703198,2025-09-12T18:53:18Z,CPA259,"31.038849,104.386055",34100,508,358
1757703231,2025-09-12T18:53:51Z,CPA259,"31.116531,104.38369",34100,504,358
1757703261,2025-09-12T18:54:21Z,CPA259,"31.186203,104.381645",34100,505,358
1757703293,2025-09-12T18:54:53Z,CPA259,"31.261414,104.379646",34100,505,358
1757703323,2025-09-12T18:55:23Z,CPA259,"31.333334,104.37616",34100,505,356
1757703355,2025-09-12T18:55:55Z,CPA259,"31.408051,104.370995",34100,508,356
1757703387,2025-09-12T18:56:27Z,CPA259,"31.483931,104.366272",34100,510,357
1757703419,2025-09-12T18:56:59Z,CPA259,"31.558134,104.361931",34100,512,357
1757703452,2025-09-12T18:57:32Z,CPA259,"31.636002,104.357407",34100,510,357
1757703484,2025-09-12T18:58:04Z,CPA259,"31.712036,104.352882",34100,509,357
1757703515,2025-09-12T18:58:35Z,CPA259,"31.785004,104.348587",34100,509,357
1757703547,2025-09-12T18:59:07Z,CPA259,"31.861143,104.344612",34100,510,357
1757703579,2025-09-12T18:59:39Z,CPA259,"31.935013,104.341003",34100,509,357
1757703611,2025-09-12T19:00:11Z,CPA259,"32.010178,104.337158",34100,508,357
1757703643,2025-09-12T19:00:43Z,CPA259,"32.086502,104.333237",34100,507,357
1757703676,2025-09-12T19:01:16Z,CPA259,"32.163025,104.3293",34100,505,357
1757703706,2025-09-12T19:01:46Z,CPA259,"32.233097,104.325668",34100,504,357
1757703737,2025-09-12T19:02:17Z,CPA259,"32.307346,104.3218",34100,504,357
1757703769,2025-09-12T19:02:49Z,CPA259,"32.381653,104.317932",34100,506,357
1757703800,2025-09-12T19:03:20Z,CPA259,"32.452774,104.314285",34100,505,357
1757703832,2025-09-12T19:03:52Z,CPA259,"32.528503,104.310684",34100,506,357
1757703864,2025-09-12T19:04:24Z,CPA259,"32.60244,104.307167",34100,506,357
1757703892,2025-09-12T19:04:52Z,CPA259,"32.643593,104.305206",34100,508,358
1757703927,2025-09-12T19:05:27Z,CPA259,"32.726177,104.301231",34100,509,358
1757703951,2025-09-12T19:05:51Z,CPA259,"32.780273,104.298599",34100,508,358
1757704001,2025-09-12T19:06:41Z,CPA259,"32.900253,104.292831",34100,508,358
1757704043,2025-09-12T19:07:23Z,CPA259,"32.995972,104.288216",34100,505,357
1757704051,2025-09-12T19:07:31Z,CPA259,"33.011673,104.287445",34100,505,357
1757704117,2025-09-12T19:08:37Z,CPA259,"33.172009,104.279648",34100,506,358
1757704152,2025-09-12T19:09:12Z,CPA259,"33.252869,104.272308",34100,502,352
1757704181,2025-09-12T19:09:41Z,CPA259,"33.318649,104.257339",34100,498,346
1757704211,2025-09-12T19:10:11Z,CPA259,"33.384842,104.234383",34100,492,341
1757704406,2025-09-12T19:13:26Z,CPA259,"33.811111,104.11216",34100,504,346
1757704440,2025-09-12T19:14:00Z,CPA259,"33.891891,104.11171",34100,504,359
1757705052,2025-09-12T19:24:12Z,CPA259,"35.331161,104.111938",35825,502,347
1757705296,2025-09-12T19:28:16Z,CPA259,"35.899796,104.105698",36100,492,354
1757705338,2025-09-12T19:28:58Z,CPA259,"35.995739,104.095001",36100,493,355
1757705371,2025-09-12T19:29:31Z,CPA259,"36.071003,104.086929",36100,494,355
1757705410,2025-09-12T19:30:10Z,CPA259,"36.160244,104.077171",36100,494,354
1757705445,2025-09-12T19:30:45Z,CPA259,"36.238358,104.06852",36100,494,354
1757705480,2025-09-12T19:31:20Z,CPA259,"36.31987,104.059639",36100,492,354
1757705518,2025-09-12T19:31:58Z,CPA259,"36.402832,104.045563",36100,482,347
1757705553,2025-09-12T19:32:33Z,CPA259,"36.475262,104.018143",36100,472,338
1757705582,2025-09-12T19:33:02Z,CPA259,"36.53471,103.984451",36100,465,332
1757705617,2025-09-12T19:33:37Z,CPA259,"36.598625,103.9347",36100,457,323
1757705650,2025-09-12T19:34:10Z,CPA259,"36.651001,103.880173",36100,449,317
1757705660,2025-09-12T19:34:20Z,CPA259,"36.664215,103.863945",36100,447,315
1757705768,2025-09-12T19:36:08Z,CPA259,"36.787125,103.631805",36100,439,298
1757705797,2025-09-12T19:36:37Z,CPA259,"36.81477,103.568336",36100,438,299
1757705830,2025-09-12T19:37:10Z,CPA259,"36.846634,103.49453",36100,435,298
1757705958,2025-09-12T19:39:18Z,CPA259,"36.97224,103.213753",36100,437,303
1757705993,2025-09-12T19:39:53Z,CPA259,"37.010052,103.138992",36100,437,303
1757706028,2025-09-12T19:40:28Z,CPA259,"37.046082,103.067039",36100,437,302
1757706062,2025-09-12T19:41:02Z,CPA259,"37.083744,102.991989",36100,433,302
1757706102,2025-09-12T19:41:42Z,CPA259,"37.12656,102.90654",36100,434,302
1757706137,2025-09-12T19:42:17Z,CPA259,"37.16428,102.830956",36100,432,301
1757706167,2025-09-12T19:42:47Z,CPA259,"37.19577,102.767921",36100,432,301
1757706202,2025-09-12T19:43:22Z,CPA259,"37.233124,102.692719",36100,433,301
1757706237,2025-09-12T19:43:57Z,CPA259,"37.269421,102.619553",36100,434,302
1757706271,2025-09-12T19:44:31Z,CPA259,"37.3055,102.546738",36100,435,302
1757706306,2025-09-12T19:45:06Z,CPA259,"37.340855,102.469963",36100,432,296
1757706340,2025-09-12T19:45:40Z,CPA259,"37.365829,102.392815",36100,428,288
1757706355,2025-09-12T19:45:55Z,CPA259,"37.373951,102.359383",36100,426,285
1757706434,2025-09-12T19:47:14Z,CPA259,"37.412201,102.164673",36100,430,284
1757706488,2025-09-12T19:48:08Z,CPA259,"37.437881,102.03289",36100,432,283
1757706523,2025-09-12T19:48:43Z,CPA259,"37.454441,101.947212",36100,432,283
1757706553,2025-09-12T19:49:13Z,CPA259,"37.468174,101.875923",36100,432,283
1757706588,2025-09-12T19:49:48Z,CPA259,"37.484665,101.790085",36100,430,283
1757706623,2025-09-12T19:50:23Z,CPA259,"37.503323,101.704735",36100,430,289
1757706656,2025-09-12T19:50:56Z,CPA259,"37.527805,101.63195",36100,432,296
1757706690,2025-09-12T19:51:30Z,CPA259,"37.560951,101.555046",36100,432,298
1757706733,2025-09-12T19:52:13Z,CPA259,"37.60173,101.458443",36100,432,297
1757706768,2025-09-12T19:52:48Z,CPA259,"37.63483,101.380165",36100,432,298
1757706797,2025-09-12T19:53:17Z,CPA259,"37.661453,101.317322",36100,432,297
1757706830,2025-09-12T19:53:50Z,CPA259,"37.69276,101.243279",36100,432,297
1757706873,2025-09-12T19:54:33Z,CPA259,"37.733334,101.147125",36100,432,297
1757706908,2025-09-12T19:55:08Z,CPA259,"37.766293,101.068726",36100,430,297
1757706943,2025-09-12T19:55:43Z,CPA259,"37.798462,100.99218",36100,426,297
1757706978,2025-09-12T19:56:18Z,CPA259,"37.829464,100.918083",36100,426,297
1757707006,2025-09-12T19:56:46Z,CPA259,"37.856514,100.855385",36100,426,299
1757707036,2025-09-12T19:57:16Z,CPA259,"37.886398,100.789886",36100,424,299
1757707071,2025-09-12T19:57:51Z,CPA259,"37.920753,100.713463",36100,426,299
1757707101,2025-09-12T19:58:21Z,CPA259,"37.94838,100.65136",36100,426,299
1757707120,2025-09-12T19:58:40Z,CPA259,"37.965446,100.612915",36125,426,299
1757707178,2025-09-12T19:59:38Z,CPA259,"38.023727,100.481133",36100,428,299
1757707208,2025-09-12T20:00:08Z,CPA259,"38.052963,100.414978",36100,430,300
1757707236,2025-09-12T20:00:36Z,CPA259,"38.080009,100.353477",36100,428,299
1757707245,2025-09-12T20:00:45Z,CPA259,"38.087906,100.335625",36100,428,299
1757707303,2025-09-12T20:01:43Z,CPA259,"38.144302,100.207062",36100,426,299
1757707338,2025-09-12T20:02:18Z,CPA259,"38.17804,100.129921",36100,426,298
1757707367,2025-09-12T20:02:47Z,CPA259,"38.204865,100.068375",36100,424,298
1757707406,2025-09-12T20:03:26Z,CPA259,"38.242477,99.982033",36100,427,299
1757707425,2025-09-12T20:03:45Z,CPA259,"38.261143,99.938988",36100,426,298
1757707475,2025-09-12T20:04:35Z,CPA259,"38.308319,99.830307",36100,428,298
1757707511,2025-09-12T20:05:11Z,CPA259,"38.342426,99.751442",36100,428,298
1757707545,2025-09-12T20:05:45Z,CPA259,"38.375153,99.675552",36100,427,299
1757707575,2025-09-12T20:06:15Z,CPA259,"38.404037,99.608307",36100,426,298
1757707610,2025-09-12T20:06:50Z,CPA259,"38.436722,99.532074",36100,424,298
1757707640,2025-09-12T20:07:20Z,CPA259,"38.463455,99.469681",36100,422,298
1757707707,2025-09-12T20:08:27Z,CPA259,"38.526947,99.321007",36100,420,298
1757707742,2025-09-12T20:09:02Z,CPA259,"38.559814,99.243561",36100,420,298
1757707777,2025-09-12T20:09:37Z,CPA259,"38.592133,99.167542",36100,418,298
1757707800,2025-09-12T20:10:00Z,CPA259,"38.612801,99.118652",36100,418,299
1757707835,2025-09-12T20:10:35Z,CPA259,"38.645386,99.041504",36100,416,298
1757707870,2025-09-12T20:11:10Z,CPA259,"38.677181,98.966125",36100,416,298
1757707905,2025-09-12T20:11:45Z,CPA259,"38.709183,98.889908",36100,414,298
1757707940,2025-09-12T20:12:20Z,CPA259,"38.740997,98.814018",36100,414,298
1757707970,2025-09-12T20:12:50Z,CPA259,"38.76833,98.748718",36100,416,298
1757708010,2025-09-12T20:13:30Z,CPA259,"38.804222,98.66272",36100,416,298
1757708050,2025-09-12T20:14:10Z,CPA259,"38.840908,98.574707",36100,418,297
1757708080,2025-09-12T20:14:40Z,CPA259,"38.868092,98.509155",36100,416,297
1757708110,2025-09-12T20:15:10Z,CPA259,"38.89537,98.443359",36100,416,297
1757708145,2025-09-12T20:15:45Z,CPA259,"38.926208,98.368774",36100,414,297
1757708182,2025-09-12T20:16:22Z,CPA259,"38.95903,98.289185",36100,410,297
1757708221,2025-09-12T20:17:01Z,CPA259,"38.993866,98.204521",36100,410,297
1757708261,2025-09-12T20:17:41Z,CPA259,"39.029259,98.118286",36100,411,298
1757708290,2025-09-12T20:18:10Z,CPA259,"39.055,98.055359",36100,408,297
1757708325,2025-09-12T20:18:45Z,CPA259,"39.085648,97.980255",36100,404,297
1757708360,2025-09-12T20:19:20Z,CPA259,"39.115952,97.905861",36100,404,297
1757708390,2025-09-12T20:19:50Z,CPA259,"39.142227,97.841194",36100,402,297
1757708425,2025-09-12T20:20:25Z,CPA259,"39.172405,97.766907",36100,402,297
1757708455,2025-09-12T20:20:55Z,CPA259,"39.197571,97.704697",36100,402,297
1757708490,2025-09-12T20:21:30Z,CPA259,"39.227737,97.629883",36100,400,297
1757708525,2025-09-12T20:22:05Z,CPA259,"39.25671,97.558044",36100,398,297
1757708574,2025-09-12T20:22:54Z,CPA259,"39.299118,97.452942",36100,395,297
1757708619,2025-09-12T20:23:39Z,CPA259,"39.33659,97.359772",36100,396,298
1757708653,2025-09-12T20:24:13Z,CPA259,"39.36557,97.28746",36100,395,297
1757708688,2025-09-12T20:24:48Z,CPA259,"39.395142,97.213478",36100,395,298
1757708723,2025-09-12T20:25:23Z,CPA259,"39.42384,97.141586",36100,395,298
1757708756,2025-09-12T20:25:56Z,CPA259,"39.451302,97.072571",36100,395,298
1757708785,2025-09-12T20:26:25Z,CPA259,"39.47504,97.012817",36100,396,298
1757708820,2025-09-12T20:27:00Z,CPA259,"39.50362,96.941589",36100,395,298
1757708855,2025-09-12T20:27:35Z,CPA259,"39.53421,96.865479",36100,394,298
1757708890,2025-09-12T20:28:10Z,CPA259,"39.563259,96.792717",36100,395,298
1757708925,2025-09-12T20:28:45Z,CPA259,"39.593441,96.717056",36100,397,298
1757708955,2025-09-12T20:29:15Z,CPA259,"39.61903,96.65271",36100,397,298
1757708990,2025-09-12T20:29:50Z,CPA259,"39.647549,96.580688",36100,396,298
1757709020,2025-09-12T20:30:20Z,CPA259,"39.673168,96.515694",36100,397,297
1757709063,2025-09-12T20:31:03Z,CPA259,"39.70834,96.425987",36100,394,297
1757709093,2025-09-12T20:31:33Z,CPA259,"39.732941,96.36322",36100,393,297
1757709133,2025-09-12T20:32:13Z,CPA259,"39.766178,96.278259",36100,393,297
1757709168,2025-09-12T20:32:48Z,CPA259,"39.79491,96.204529",36100,393,297
1757709206,2025-09-12T20:33:26Z,CPA259,"39.822418,96.133827",36100,391,297
1757709241,2025-09-12T20:34:01Z,CPA259,"39.854462,96.051201",36100,392,297
1757709271,2025-09-12T20:34:31Z,CPA259,"39.877121,95.992683",36100,391,297
1757709306,2025-09-12T20:35:06Z,CPA259,"39.907139,95.914864",36100,392,297
1757709346,2025-09-12T20:35:46Z,CPA259,"39.939651,95.830437",36100,394,297
1757709376,2025-09-12T20:36:16Z,CPA259,"39.96389,95.767319",36100,392,297
1757709406,2025-09-12T20:36:46Z,CPA259,"39.988682,95.702698",36100,390,297
1757709441,2025-09-12T20:37:21Z,CPA259,"40.01696,95.628616",36100,390,297
1757709475,2025-09-12T20:37:55Z,CPA259,"40.043209,95.559891",36100,389,297
1757709505,2025-09-12T20:38:25Z,CPA259,"40.066811,95.497849",36100,390,297
1757709540,2025-09-12T20:39:00Z,CPA259,"40.09586,95.421318",36100,390,297
1757709575,2025-09-12T20:39:35Z,CPA259,"40.123791,95.347603",36100,392,297
1757709610,2025-09-12T20:40:10Z,CPA259,"40.151691,95.273743",36100,392,297
1757709645,2025-09-12T20:40:45Z,CPA259,"40.1791,95.201088",36100,392,297
1757709680,2025-09-12T20:41:20Z,CPA259,"40.20805,95.124001",36100,390,297
1757709710,2025-09-12T20:41:50Z,CPA259,"40.231838,95.061508",36100,389,297
1757709745,2025-09-12T20:42:25Z,CPA259,"40.25922,94.989754",36100,389,297
1757709780,2025-09-12T20:43:00Z,CPA259,"40.287842,94.914383",36100,390,297
1757709815,2025-09-12T20:43:35Z,CPA259,"40.319691,94.844543",36100,392,306
1757709845,2025-09-12T20:44:05Z,CPA259,"40.355068,94.786133",36100,392,310
1757709880,2025-09-12T20:44:40Z,CPA259,"40.39394,94.722054",36100,391,309
1757709915,2025-09-12T20:45:15Z,CPA259,"40.432571,94.657532",36100,389,309
1757709950,2025-09-12T20:45:50Z,CPA259,"40.471909,94.592293",36100,388,309
1757709985,2025-09-12T20:46:25Z,CPA259,"40.511013,94.527367",36100,389,309
1757710020,2025-09-12T20:47:00Z,CPA259,"40.549889,94.46257",36100,392,308
1757710055,2025-09-12T20:47:35Z,CPA259,"40.589035,94.397278",36100,391,309
1757710090,2025-09-12T20:48:10Z,CPA259,"40.628422,94.331421",36100,393,309
1757710125,2025-09-12T20:48:45Z,CPA259,"40.666309,94.267937",36100,392,309
1757710160,2025-09-12T20:49:20Z,CPA259,"40.707409,94.198914",36100,391,309
1757710190,2025-09-12T20:49:50Z,CPA259,"40.739914,94.144287",36100,392,308
1757710230,2025-09-12T20:50:30Z,CPA259,"40.784409,94.069153",36100,394,308
1757710260,2025-09-12T20:51:00Z,CPA259,"40.818649,94.011353",36100,396,308
1757710290,2025-09-12T20:51:30Z,CPA259,"40.852341,93.954353",36100,397,308
1757710325,2025-09-12T20:52:05Z,CPA259,"40.891861,93.887413",36100,398,308
1757710360,2025-09-12T20:52:40Z,CPA259,"40.931122,93.821045",36100,396,309
1757710395,2025-09-12T20:53:15Z,CPA259,"40.97337,93.756264",36100,397,312
1757710430,2025-09-12T20:53:50Z,CPA259,"41.015453,93.692467",36100,397,311
1757710455,2025-09-12T20:54:15Z,CPA259,"41.047852,93.649353",36100,404,321
1757710490,2025-09-12T20:54:50Z,CPA259,"41.098663,93.595276",36100,404,321
1757710525,2025-09-12T20:55:25Z,CPA259,"41.15004,93.538719",36100,406,320
1757710560,2025-09-12T20:56:00Z,CPA259,"41.200241,93.483337",36100,406,320
1757710595,2025-09-12T20:56:35Z,CPA259,"41.249496,93.42688",36100,403,316
1757710630,2025-09-12T20:57:10Z,CPA259,"41.29258,93.362442",36100,402,310
1757710665,2025-09-12T20:57:45Z,CPA259,"41.334457,93.295898",36100,402,311
1757710685,2025-09-12T20:58:05Z,CPA259,"41.357151,93.260384",36100,402,311
1757710784,2025-09-12T20:59:44Z,CPA259,"41.476555,93.072021",36100,400,310
1757710844,2025-09-12T21:00:44Z,CPA259,"41.548321,92.957878",36100,400,310
1757710879,2025-09-12T21:01:19Z,CPA259,"41.589211,92.892723",36100,402,310
1757710933,2025-09-12T21:02:13Z,CPA259,"41.654011,92.789192",36100,404,310
1757710973,2025-09-12T21:02:53Z,CPA259,"41.702179,92.711937",36100,405,310
1757711002,2025-09-12T21:03:22Z,CPA259,"41.735573,92.65831",36100,406,310
1757711036,2025-09-12T21:03:56Z,CPA259,"41.777569,92.590652",36100,407,310
1757711066,2025-09-12T21:04:26Z,CPA259,"41.813728,92.53241",36100,405,310
1757711106,2025-09-12T21:05:06Z,CPA259,"41.86145,92.455322",36100,405,310
1757711136,2025-09-12T21:05:36Z,CPA259,"41.897156,92.397446",36100,404,310
1757711171,2025-09-12T21:06:11Z,CPA259,"41.938519,92.330353",36100,403,310
1757711206,2025-09-12T21:06:46Z,CPA259,"41.979691,92.263245",36100,402,309
1757711241,2025-09-12T21:07:21Z,CPA259,"42.021515,92.195145",36100,404,309
1757711276,2025-09-12T21:07:56Z,CPA259,"42.06274,92.127769",36100,403,310
1757711316,2025-09-12T21:08:36Z,CPA259,"42.109989,92.050224",36100,404,309
1757711346,2025-09-12T21:09:06Z,CPA259,"42.145203,91.992393",36100,403,309
1757711376,2025-09-12T21:09:36Z,CPA259,"42.180798,91.933914",36100,401,310
1757711410,2025-09-12T21:10:10Z,CPA259,"42.220551,91.868378",36100,400,309
1757711445,2025-09-12T21:10:45Z,CPA259,"42.261932,91.800636",36100,399,312
1757711616,2025-09-12T21:13:36Z,CPA259,"42.490768,91.505188",36100,406,317
1757711651,2025-09-12T21:14:11Z,CPA259,"42.540131,91.441566",36100,407,316
1757711685,2025-09-12T21:14:45Z,CPA259,"42.58683,91.381279",36100,408,317
1757711720,2025-09-12T21:15:20Z,CPA259,"42.634682,91.31945",36100,408,317
1757711730,2025-09-12T21:15:30Z,CPA259,"42.64645,91.304192",36100,408,317
1757711838,2025-09-12T21:17:18Z,CPA259,"42.795269,91.110619",36100,410,317
1757711873,2025-09-12T21:17:53Z,CPA259,"42.84288,91.048492",36100,408,317
1757711903,2025-09-12T21:18:23Z,CPA259,"42.884201,90.994392",36100,406,317
1757711942,2025-09-12T21:19:02Z,CPA259,"42.933079,90.921478",36100,401,308
1757711972,2025-09-12T21:19:32Z,CPA259,"42.964272,90.857719",36100,399,301
1757712007,2025-09-12T21:20:07Z,CPA259,"42.997829,90.783028",36100,398,302
1757712042,2025-09-12T21:20:42Z,CPA259,"43.031296,90.710213",36100,398,302
1757712077,2025-09-12T21:21:17Z,CPA259,"43.065609,90.63459",36100,398,302
1757712112,2025-09-12T21:21:52Z,CPA259,"43.099232,90.560173",36100,399,302
1757712147,2025-09-12T21:22:27Z,CPA259,"43.133259,90.484711",36100,401,302
1757712182,2025-09-12T21:23:02Z,CPA259,"43.167702,90.408058",36100,402,302
1757712222,2025-09-12T21:23:42Z,CPA259,"43.2062,90.322273",36100,401,302
1757712257,2025-09-12T21:24:17Z,CPA259,"43.23991,90.246872",36100,400,302
1757712292,2025-09-12T21:24:52Z,CPA259,"43.273499,90.17157",36100,398,302
1757712327,2025-09-12T21:25:27Z,CPA259,"43.307011,90.09639",36100,399,302
1757712357,2025-09-12T21:25:57Z,CPA259,"43.33604,90.031059",36100,398,302
1757712392,2025-09-12T21:26:32Z,CPA259,"43.369461,89.955597",36100,397,302
1757712427,2025-09-12T21:27:07Z,CPA259,"43.402859,89.879982",36100,396,302
1757712462,2025-09-12T21:27:42Z,CPA259,"43.435909,89.805061",36100,394,302
1757712497,2025-09-12T21:28:17Z,CPA259,"43.468849,89.730049",36100,394,302
1757712532,2025-09-12T21:28:52Z,CPA259,"43.501999,89.654449",36100,392,301
1757712567,2025-09-12T21:29:27Z,CPA259,"43.534649,89.579651",36100,393,302
1757712602,2025-09-12T21:30:02Z,CPA259,"43.567402,89.504631",36100,392,301
1757712637,2025-09-12T21:30:37Z,CPA259,"43.599709,89.430222",36100,394,301
1757712667,2025-09-12T21:31:07Z,CPA259,"43.62822,89.365349",36100,393,302
1757712702,2025-09-12T21:31:42Z,CPA259,"43.661591,89.291382",36100,393,302
1757712732,2025-09-12T21:32:12Z,CPA259,"43.690479,89.226608",36100,394,302
1757712766,2025-09-12T21:32:46Z,CPA259,"43.722931,89.153458",36100,393,302
1757712801,2025-09-12T21:33:21Z,CPA259,"43.755798,89.079178",36100,393,302
1757712836,2025-09-12T21:33:56Z,CPA259,"43.78894,89.004097",36100,393,302
1757712871,2025-09-12T21:34:31Z,CPA259,"43.822128,88.928642",36100,394,302
1757712906,2025-09-12T21:35:06Z,CPA259,"43.85519,88.853371",36100,394,302
1757712941,2025-09-12T21:35:41Z,CPA259,"43.888432,88.777512",36100,396,302
1757712981,2025-09-12T21:36:21Z,CPA259,"43.925861,88.691803",36100,397,302
1757713011,2025-09-12T21:36:51Z,CPA259,"43.95472,88.625664",36100,397,302
1757713046,2025-09-12T21:37:26Z,CPA259,"43.987881,88.549294",36100,397,302
1757713081,2025-09-12T21:38:01Z,CPA259,"44.02066,88.473671",36100,395,301
1757713111,2025-09-12T21:38:31Z,CPA259,"44.04866,88.409012",36100,394,301
1757713146,2025-09-12T21:39:06Z,CPA259,"44.081429,88.333023",36100,392,301
1757713186,2025-09-12T21:39:46Z,CPA259,"44.11858,88.246567",36100,393,301
1757713216,2025-09-12T21:40:16Z,CPA259,"44.146461,88.181572",36100,393,301
1757713251,2025-09-12T21:40:51Z,CPA259,"44.179089,88.105431",36100,393,301
1757713286,2025-09-12T21:41:26Z,CPA259,"44.211868,88.029327",36100,393,303
1757713321,2025-09-12T21:42:01Z,CPA259,"44.2495,87.957718",36100,396,308
1757713361,2025-09-12T21:42:41Z,CPA259,"44.293671,87.876244",36100,396,307
1757713396,2025-09-12T21:43:16Z,CPA259,"44.332439,87.803909",36100,395,307
1757713431,2025-09-12T21:43:51Z,CPA259,"44.370609,87.732803",36100,395,307
1757713471,2025-09-12T21:44:31Z,CPA259,"44.414749,87.651672",36100,394,308
1757713501,2025-09-12T21:45:01Z,CPA259,"44.448261,87.591309",36100,395,308
1757713536,2025-09-12T21:45:36Z,CPA259,"44.487179,87.520508",36100,393,308
1757713571,2025-09-12T21:46:11Z,CPA259,"44.525909,87.449699",36100,393,308
1757713611,2025-09-12T21:46:51Z,CPA259,"44.570091,87.368637",36100,393,308
1757713646,2025-09-12T21:47:26Z,CPA259,"44.6082,87.299004",36100,393,309
1757713686,2025-09-12T21:48:06Z,CPA259,"44.654819,87.219589",36100,394,310
1757713726,2025-09-12T21:48:46Z,CPA259,"44.70108,87.14061",36100,395,310
1757713756,2025-09-12T21:49:16Z,CPA259,"44.735352,87.081192",36100,396,309
1757713791,2025-09-12T21:49:51Z,CPA259,"44.776112,87.010612",36100,397,309
1757713826,2025-09-12T21:50:26Z,CPA259,"44.816349,86.940903",36100,398,309
1757713856,2025-09-12T21:50:56Z,CPA259,"44.851181,86.880539",36100,398,309
1757713891,2025-09-12T21:51:31Z,CPA259,"44.89172,86.809883",36100,397,309
1757713926,2025-09-12T21:52:06Z,CPA259,"44.93161,86.73867",36100,397,309
1757713961,2025-09-12T21:52:41Z,CPA259,"44.97102,86.667999",36100,396,309
1757714001,2025-09-12T21:53:21Z,CPA259,"45.016941,86.58593",36100,394,309
1757714036,2025-09-12T21:53:56Z,CPA259,"45.055721,86.516327",36100,391,309
1757714066,2025-09-12T21:54:26Z,CPA259,"45.08913,86.45639",36100,389,309
1757714101,2025-09-12T21:55:01Z,CPA259,"45.12825,86.385834",36100,387,309
1757714141,2025-09-12T21:55:41Z,CPA259,"45.172119,86.306503",36100,385,308
1757714171,2025-09-12T21:56:11Z,CPA259,"45.204941,86.247063",36100,386,308
1757714206,2025-09-12T21:56:46Z,CPA259,"45.24403,86.176086",36100,387,308
1757714241,2025-09-12T21:57:21Z,CPA259,"45.282341,86.106354",36100,389,308
1757714271,2025-09-12T21:57:51Z,CPA259,"45.315079,86.046692",36100,388,308
1757714306,2025-09-12T21:58:26Z,CPA259,"45.35371,85.976128",36100,387,308
1757714340,2025-09-12T21:59:00Z,CPA259,"45.390881,85.90799",36100,387,308
1757714375,2025-09-12T21:59:35Z,CPA259,"45.42934,85.837288",36100,388,308
1757714410,2025-09-12T22:00:10Z,CPA259,"45.467289,85.767387",36100,390,308
1757714599,2025-09-12T22:03:19Z,CPA259,"45.675659,85.380592",36100,389,308
1757714779,2025-09-12T22:06:19Z,CPA259,"45.873322,85.010803",36100,394,308
1757714958,2025-09-12T22:09:18Z,CPA259,"46.068649,84.641418",36100,389,308
1757714993,2025-09-12T22:09:53Z,CPA259,"46.106411,84.569473",36100,389,307
1757715023,2025-09-12T22:10:23Z,CPA259,"46.13969,84.505829",36100,389,307
1757715053,2025-09-12T22:10:53Z,CPA259,"46.171509,84.445",36100,388,308
1757715088,2025-09-12T22:11:28Z,CPA259,"46.209099,84.372803",36100,388,307
1757715128,2025-09-12T22:12:08Z,CPA259,"46.252022,84.290199",36100,388,307
1757715163,2025-09-12T22:12:43Z,CPA259,"46.28973,84.217552",36100,385,307
1757715198,2025-09-12T22:13:18Z,CPA259,"46.326691,84.145889",36100,385,307
1757715233,2025-09-12T22:13:53Z,CPA259,"46.36393,84.073219",36100,384,307
1757715268,2025-09-12T22:14:28Z,CPA259,"46.401081,84.000458",36100,384,307
1757715298,2025-09-12T22:14:58Z,CPA259,"46.432549,83.938766",36100,384,307
1757715338,2025-09-12T22:15:38Z,CPA259,"46.474449,83.856377",36100,384,307
1757715368,2025-09-12T22:16:08Z,CPA259,"46.50531,83.795471",36100,385,307
1757715402,2025-09-12T22:16:42Z,CPA259,"46.541889,83.723259",36100,387,307
1757715432,2025-09-12T22:17:12Z,CPA259,"46.57402,83.659622",36100,389,307
1757715462,2025-09-12T22:17:42Z,CPA259,"46.606022,83.596039",36100,390,307
1757715502,2025-09-12T22:18:22Z,CPA259,"46.647999,83.512497",36100,388,307
1757715532,2025-09-12T22:18:52Z,CPA259,"46.679951,83.44873",36100,388,306
1757715567,2025-09-12T22:19:27Z,CPA259,"46.715359,83.374008",36100,384,302
1757715602,2025-09-12T22:20:02Z,CPA259,"46.74799,83.297577",36100,383,303
1757715632,2025-09-12T22:20:32Z,CPA259,"46.775299,83.234772",36100,382,303
1757715666,2025-09-12T22:21:06Z,CPA259,"46.80846,83.15799",36100,382,303
1757715701,2025-09-12T22:21:41Z,CPA259,"46.841331,83.081497",36100,383,302
1757715736,2025-09-12T22:22:16Z,CPA259,"46.874241,83.004387",36100,383,302
1757715776,2025-09-12T22:22:56Z,CPA259,"46.904079,82.912971",36100,376,288
1757715781,2025-09-12T22:23:01Z,CPA259,"46.90659,82.900497",36100,375,286
1757715786,2025-09-12T22:23:06Z,CPA259,"46.908459,82.88855",36100,373,282
1757715791,2025-09-12T22:23:11Z,CPA259,"46.910198,82.874268",36100,373,280
1757715796,2025-09-12T22:23:16Z,CPA259,"46.91143,82.863319",36100,372,279
1757715831,2025-09-12T22:23:51Z,CPA259,"46.921768,82.777122",36100,373,281
1757715866,2025-09-12T22:24:26Z,CPA259,"46.932041,82.697937",36100,375,281
1757715901,2025-09-12T22:25:01Z,CPA259,"46.94342,82.605637",36100,376,281
1757715931,2025-09-12T22:25:31Z,CPA259,"46.952869,82.527542",36100,378,280
1757715966,2025-09-12T22:26:06Z,CPA259,"46.96344,82.439621",36000,379,281
1757716000,2025-09-12T22:26:40Z,CPA259,"46.973461,82.355988",36000,377,280
1757716042,2025-09-12T22:27:22Z,CPA259,"46.985081,82.257813",36000,377,280
1757716072,2025-09-12T22:27:52Z,CPA259,"46.99514,82.172592",36000,379,280
1757716102,2025-09-12T22:28:22Z,CPA259,"47.00404,82.096779",36000,379,280
1757716137,2025-09-12T22:28:57Z,CPA259,"47.01445,82.007309",36000,380,280
1757716147,2025-09-12T22:29:07Z,CPA259,"47.016769,81.987053",36000,380,280
1757716195,2025-09-12T22:29:55Z,CPA259,"47.030842,81.865257",36000,379,280
1757716230,2025-09-12T22:30:30Z,CPA259,"47.041409,81.773003",36000,380,280
1757716258,2025-09-12T22:30:58Z,CPA259,"47.049728,81.700172",36000,380,280
1757716278,2025-09-12T22:31:18Z,CPA259,"47.055511,81.649117",36000,381,280
1757716311,2025-09-12T22:31:51Z,CPA259,"47.063801,81.575394",36000,383,280
1757716368,2025-09-12T22:32:48Z,CPA259,"47.080559,81.424889",36000,385,280
1757716398,2025-09-12T22:33:18Z,CPA259,"47.089642,81.342346",36000,385,280
1757716438,2025-09-12T22:33:58Z,CPA259,"47.100769,81.240601",36000,384,280
1757716473,2025-09-12T22:34:33Z,CPA259,"47.110729,81.14917",36000,383,279
1757716508,2025-09-12T22:35:08Z,CPA259,"47.120361,81.059669",36000,381,279
1757716541,2025-09-12T22:35:41Z,CPA259,"47.132,80.950363",36000,384,278
1757716574,2025-09-12T22:36:14Z,CPA259,"47.141144,80.863976",36000,385,278
1757716605,2025-09-12T22:36:45Z,CPA259,"47.149597,80.783806",36000,386,278
1757716637,2025-09-12T22:37:17Z,CPA259,"47.158447,80.698837",36000,387,278
1757716668,2025-09-12T22:37:48Z,CPA259,"47.166779,80.618774",36000,389,278
1757716700,2025-09-12T22:38:20Z,CPA259,"47.175476,80.534317",36000,389,278
1757716733,2025-09-12T22:38:53Z,CPA259,"47.18399,80.451164",36000,388,278
1757716765,2025-09-12T22:39:25Z,CPA259,"47.192379,80.368301",36000,388,278
1757716796,2025-09-12T22:39:56Z,CPA259,"47.200756,80.285202",36000,388,278
1757716828,2025-09-12T22:40:28Z,CPA259,"47.20895,80.203156",36000,388,278
1757716863,2025-09-12T22:41:03Z,CPA259,"47.216583,80.126381",36000,390,278
1757716874,2025-09-12T22:41:14Z,CPA259,"47.221054,80.081039",36000,391,278
1757716934,2025-09-12T22:42:14Z,CPA259,"47.23645,79.923546",36000,397,278
1757716968,2025-09-12T22:42:48Z,CPA259,"47.24258,79.860512",36000,399,279
1757716997,2025-09-12T22:43:17Z,CPA259,"47.249359,79.790176",36000,401,279
1757717026,2025-09-12T22:43:46Z,CPA259,"47.25639,79.716301",36000,401,279
1757717068,2025-09-12T22:44:28Z,CPA259,"47.268261,79.59137",36000,401,279
1757717173,2025-09-12T22:46:13Z,CPA259,"47.298294,79.266907",36000,415,277
1757717206,2025-09-12T22:46:46Z,CPA259,"47.306717,79.174141",36000,416,277
1757717238,2025-09-12T22:47:18Z,CPA259,"47.314762,79.084587",36000,416,277
1757717259,2025-09-12T22:47:39Z,CPA259,"47.319885,79.027405",36000,416,277
1757717925,2025-09-12T22:58:45Z,CPA259,"47.47253,77.134308",36000,422,276
1757717956,2025-09-12T22:59:16Z,CPA259,"47.479,77.04451",36000,423,276
1757717989,2025-09-12T22:59:49Z,CPA259,"47.485611,76.951126",36000,425,275
1757718021,2025-09-12T23:00:21Z,CPA259,"47.492157,76.857193",36000,424,275
1757718052,2025-09-12T23:00:52Z,CPA259,"47.498272,76.769295",36000,422,275
1757718083,2025-09-12T23:01:23Z,CPA259,"47.504379,76.679626",36000,422,275
1757718114,2025-09-12T23:01:54Z,CPA259,"47.510422,76.591606",36000,423,275
1757718146,2025-09-12T23:02:26Z,CPA259,"47.516602,76.498901",36000,424,275
1757718179,2025-09-12T23:02:59Z,CPA259,"47.52269,76.406273",36000,421,275
1757718211,2025-09-12T23:03:31Z,CPA259,"47.528732,76.314949",36000,416,275
1757718243,2025-09-12T23:04:03Z,CPA259,"47.534538,76.224838",36000,414,275
1757718273,2025-09-12T23:04:33Z,CPA259,"47.539936,76.138779",36000,413,275
1757718325,2025-09-12T23:05:25Z,CPA259,"47.549015,75.994614",36000,414,275
1757718363,2025-09-12T23:06:03Z,CPA259,"47.555672,75.885666",36000,415,275
1757718396,2025-09-12T23:06:36Z,CPA259,"47.561211,75.793549",36000,416,275
1757718427,2025-09-12T23:07:07Z,CPA259,"47.566589,75.703972",36000,417,275
1757718458,2025-09-12T23:07:38Z,CPA259,"47.571899,75.614571",36000,420,274
1757718492,2025-09-12T23:08:12Z,CPA259,"47.577484,75.518234",36000,422,274
1757718525,2025-09-12T23:08:45Z,CPA259,"47.582859,75.424103",36000,423,274
1757718555,2025-09-12T23:09:15Z,CPA259,"47.587738,75.338402",36000,426,274
1757718587,2025-09-12T23:09:47Z,CPA259,"47.593006,75.243881",36000,426,274
1757718620,2025-09-12T23:10:20Z,CPA259,"47.598175,75.149986",36000,427,274
1757718652,2025-09-12T23:10:52Z,CPA259,"47.60334,75.054932",36000,427,274
1757718683,2025-09-12T23:11:23Z,CPA259,"47.608135,74.96479",36000,428,274
1757718715,2025-09-12T23:11:55Z,CPA259,"47.613022,74.871193",36000,428,274
1757718747,2025-09-12T23:12:27Z,CPA259,"47.617867,74.778725",36000,429,274
1757718777,2025-09-12T23:12:57Z,CPA259,"47.622391,74.689659",36000,429,274
1757718809,2025-09-12T23:13:29Z,CPA259,"47.62706,74.595657",36000,429,274
1757718842,2025-09-12T23:14:02Z,CPA259,"47.631729,74.501381",36000,429,274
1757718874,2025-09-12T23:14:34Z,CPA259,"47.636398,74.405869",36000,430,274
1757718905,2025-09-12T23:15:05Z,CPA259,"47.64061,74.315918",36000,429,274
1757718937,2025-09-12T23:15:37Z,CPA259,"47.644958,74.222649",36000,429,273
1757718970,2025-09-12T23:16:10Z,CPA259,"47.649307,74.127159",36000,429,273
1757719002,2025-09-12T23:16:42Z,CPA259,"47.653618,74.032219",36000,430,273
1757719032,2025-09-12T23:17:12Z,CPA259,"47.657639,73.942314",36000,429,273
1757719063,2025-09-12T23:17:43Z,CPA259,"47.66153,73.852707",36000,430,273
1757719096,2025-09-12T23:18:16Z,CPA259,"47.665604,73.757126",36000,431,273
1757719128,2025-09-12T23:18:48Z,CPA259,"47.669632,73.661362",36000,431,273
1757719161,2025-09-12T23:19:21Z,CPA259,"47.673615,73.565071",36000,430,273
1757719193,2025-09-12T23:19:53Z,CPA259,"47.67746,73.468941",36000,429,273
1757719225,2025-09-12T23:20:25Z,CPA259,"47.68103,73.378304",36000,430,273
1757719255,2025-09-12T23:20:55Z,CPA259,"47.684574,73.28775",36000,432,273
1757719287,2025-09-12T23:21:27Z,CPA259,"47.68816,73.192398",36000,433,273
1757719318,2025-09-12T23:21:58Z,CPA259,"47.691559,73.101761",36000,432,273
1757719349,2025-09-12T23:22:29Z,CPA259,"47.694855,73.010056",36000,431,273
1757719381,2025-09-12T23:23:01Z,CPA259,"47.698242,72.914955",36000,430,273
1757719414,2025-09-12T23:23:34Z,CPA259,"47.701538,72.820061",36000,429,272
1757719446,2025-09-12T23:24:06Z,CPA259,"47.704731,72.724136",36000,430,272
1757719478,2025-09-12T23:24:38Z,CPA259,"47.707855,72.630478",36050,432,272
1757719511,2025-09-12T23:25:11Z,CPA259,"47.710968,72.535469",36600,426,272
1757719542,2025-09-12T23:25:42Z,CPA259,"47.71381,72.442863",37025,423,272
1757719574,2025-09-12T23:26:14Z,CPA259,"47.716602,72.350044",37300,423,272
1757719605,2025-09-12T23:26:45Z,CPA259,"47.719254,72.260994",37525,424,272
1757719636,2025-09-12T23:27:16Z,CPA259,"47.721863,72.172073",37725,424,272
1757719667,2025-09-12T23:27:47Z,CPA259,"47.724422,72.080734",37975,422,272
1757719698,2025-09-12T23:28:18Z,CPA259,"47.726761,71.992996",38000,420,272
1757719731,2025-09-12T23:28:51Z,CPA259,"47.729263,71.897629",38000,420,272
1757719762,2025-09-12T23:29:22Z,CPA259,"47.731544,71.810371",38025,419,272
1757719805,2025-09-12T23:30:05Z,CPA259,"47.735458,71.710167",38000,420,274
1757719837,2025-09-12T23:30:37Z,CPA259,"47.74081,71.595856",38000,420,273
1757719869,2025-09-12T23:31:09Z,CPA259,"47.744659,71.502182",38000,421,273
1757719884,2025-09-12T23:31:24Z,CPA259,"47.746395,71.459305",38000,421,273
1757719977,2025-09-12T23:32:57Z,CPA259,"47.756683,71.191475",38000,420,273
1757719984,2025-09-12T23:33:04Z,CPA259,"47.757339,71.174858",38000,420,273
1757720133,2025-09-12T23:35:33Z,CPA259,"47.77272,70.739937",38000,421,272
1757720165,2025-09-12T23:36:05Z,CPA259,"47.775742,70.650261",38000,422,272
1757720199,2025-09-12T23:36:39Z,CPA259,"47.779037,70.548431",38000,360,272
1757720207,2025-09-12T23:36:47Z,CPA259,"47.779587,70.530609",38000,422,272
1757720287,2025-09-12T23:38:07Z,CPA259,"47.786774,70.293686",38000,423,272
1757721056,2025-09-12T23:50:56Z,CPA259,"47.751892,68.072388",38000,433,262
1757721087,2025-09-12T23:51:27Z,CPA259,"47.74337,67.983963",38000,432,261
1757721124,2025-09-12T23:52:04Z,CPA259,"47.732803,67.875717",38000,432,261
1757721142,2025-09-12T23:52:22Z,CPA259,"47.727722,67.823891",38000,270,261
1757721193,2025-09-12T23:53:13Z,CPA259,"47.708084,67.670639",38000,433,257
1757721259,2025-09-12T23:54:19Z,CPA259,"47.67952,67.479469",38000,432,257
1757721298,2025-09-12T23:54:58Z,CPA259,"47.66288,67.368866",38000,432,257
1757721329,2025-09-12T23:55:29Z,CPA259,"47.649216,67.278694",38000,431,257
1757721358,2025-09-12T23:55:58Z,CPA259,"47.636353,67.194923",38000,431,257
1757721465,2025-09-12T23:57:45Z,CPA259,"47.589096,66.88871",38000,430,256
1757721518,2025-09-12T23:58:38Z,CPA259,"47.565079,66.735558",38000,430,256
1757721570,2025-09-12T23:59:30Z,CPA259,"47.541332,66.589188",38000,430,256
1757721600,2025-09-13T00:00:00Z,CPA259,"47.52681,66.502235",38000,429,256
1757721814,2025-09-13T00:03:34Z,CPA259,"47.424088,65.893112",38000,432,255
1757721866,2025-09-13T00:04:26Z,CPA259,"47.398975,65.744438",38000,434,256
1757721929,2025-09-13T00:05:29Z,CPA259,"47.369293,65.56366",38000,434,256
1757723664,2025-09-13T00:34:24Z,CPA259,"46.405746,60.530918",38000,462,252
1757723672,2025-09-13T00:34:32Z,CPA259,"46.400665,60.507538",38000,463,252
1757723769,2025-09-13T00:36:09Z,CPA259,"46.338284,60.222244",38000,460,252
1757723800,2025-09-13T00:36:40Z,CPA259,"46.318035,60.130371",38000,461,252
1757723832,2025-09-13T00:37:12Z,CPA259,"46.298111,60.040489",38000,462,252
1757723862,2025-09-13T00:37:42Z,CPA259,"46.277813,59.949234",38000,464,252
1757723894,2025-09-13T00:38:14Z,CPA259,"46.257294,59.857468",38000,463,252
1757723925,2025-09-13T00:38:45Z,CPA259,"46.236752,59.7659",38000,462,252
1757723951,2025-09-13T00:39:11Z,CPA259,"46.219391,59.688789",38000,462,252
1757723993,2025-09-13T00:39:53Z,CPA259,"46.191086,59.564644",38000,450,251
1757724051,2025-09-13T00:40:51Z,CPA259,"46.1521,59.394905",38000,467,251
1757724083,2025-09-13T00:41:23Z,CPA259,"46.130402,59.300716",38000,468,251
1757724114,2025-09-13T00:41:54Z,CPA259,"46.108841,59.207733",38000,468,251
1757724145,2025-09-13T00:42:25Z,CPA259,"46.087879,59.117706",38000,466,251
1757724176,2025-09-13T00:42:56Z,CPA259,"46.066792,59.027275",38000,465,251
1757724207,2025-09-13T00:43:27Z,CPA259,"46.045658,58.937256",38000,465,251
1757724240,2025-09-13T00:44:00Z,CPA259,"46.022568,58.83934",38000,466,251
1757724272,2025-09-13T00:44:32Z,CPA259,"46.000397,58.745304",38000,464,251
1757724303,2025-09-13T00:45:03Z,CPA259,"45.979294,58.656609",38000,462,251
1757724334,2025-09-13T00:45:34Z,CPA259,"45.95787,58.566841",38000,460,251
1757724366,2025-09-13T00:46:06Z,CPA259,"45.935932,58.475349",38000,461,251
1757724396,2025-09-13T00:46:36Z,CPA259,"45.914566,58.386566",38000,462,251
1757724427,2025-09-13T00:47:07Z,CPA259,"45.892776,58.296406",38000,463,250
1757724459,2025-09-13T00:47:39Z,CPA259,"45.871216,58.207443",38000,466,250
1757724489,2025-09-13T00:48:09Z,CPA259,"45.849243,58.117409",38000,467,250
1757724520,2025-09-13T00:48:40Z,CPA259,"45.827499,58.028244",38000,467,250
1757724553,2025-09-13T00:49:13Z,CPA259,"45.803741,57.931511",38000,466,250
1757724583,2025-09-13T00:49:43Z,CPA259,"45.781906,57.842949",38000,464,250
1757724615,2025-09-13T00:50:15Z,CPA259,"45.759247,57.751377",38000,462,250
1757724648,2025-09-13T00:50:48Z,CPA259,"45.73613,57.658127",38000,459,250
1757724679,2025-09-13T00:51:19Z,CPA259,"45.71402,57.569565",38000,456,250
1757724710,2025-09-13T00:51:50Z,CPA259,"45.691628,57.480057",38000,456,250
1757724741,2025-09-13T00:52:21Z,CPA259,"45.669617,57.392578",38000,452,250
1757724772,2025-09-13T00:52:52Z,CPA259,"45.647964,57.306763",38000,450,250
1757724803,2025-09-13T00:53:23Z,CPA259,"45.6259,57.219879",38000,448,250
1757724834,2025-09-13T00:53:54Z,CPA259,"45.60434,57.135071",38000,447,249
1757724865,2025-09-13T00:54:25Z,CPA259,"45.582275,57.048637",38000,447,249
1757724896,2025-09-13T00:54:56Z,CPA259,"45.560627,56.964111",38000,448,249
1757724929,2025-09-13T00:55:29Z,CPA259,"45.537025,56.872135",38000,449,249
1757724960,2025-09-13T00:56:00Z,CPA259,"45.514709,56.785713",38000,448,249
1757724991,2025-09-13T00:56:31Z,CPA259,"45.492874,56.701485",38000,448,249
1757725023,2025-09-13T00:57:03Z,CPA259,"45.469154,56.610336",38000,449,249
1757725054,2025-09-13T00:57:34Z,CPA259,"45.447052,56.525509",38000,448,249
1757725085,2025-09-13T00:58:05Z,CPA259,"45.424648,56.439983",38000,447,249
1757725118,2025-09-13T00:58:38Z,CPA259,"45.400909,56.349747",38000,448,249
1757725151,2025-09-13T00:59:11Z,CPA259,"45.377014,56.25922",38000,448,249
1757725182,2025-09-13T00:59:42Z,CPA259,"45.354263,56.173363",38000,449,249
1757725215,2025-09-13T01:00:15Z,CPA259,"45.330379,56.083599",38000,447,249
1757725248,2025-09-13T01:00:48Z,CPA259,"45.306641,55.994434",38000,445,249
1757725278,2025-09-13T01:01:18Z,CPA259,"45.28418,55.910797",38000,444,249
1757725310,2025-09-13T01:01:50Z,CPA259,"45.260414,55.822536",38000,443,249
1757725342,2025-09-13T01:02:22Z,CPA259,"45.237091,55.736053",38000,443,249
1757725375,2025-09-13T01:02:55Z,CPA259,"45.213501,55.648891",38000,443,248
1757725407,2025-09-13T01:03:27Z,CPA259,"45.189926,55.562309",38000,443,248
1757725438,2025-09-13T01:03:58Z,CPA259,"45.166798,55.477406",38000,443,248
1757725470,2025-09-13T01:04:30Z,CPA259,"45.142963,55.390388",38000,444,248
1757725501,2025-09-13T01:05:01Z,CPA259,"45.119034,55.306583",38000,445,245
1757725534,2025-09-13T01:05:34Z,CPA259,"45.087891,55.224609",38000,444,238
1757725565,2025-09-13T01:06:05Z,CPA259,"45.050262,55.149143",38000,444,231
1757725596,2025-09-13T01:06:36Z,CPA259,"45.007965,55.081917",38000,446,225
1757725629,2025-09-13T01:07:09Z,CPA259,"44.959671,55.018745",38000,448,222
1757725659,2025-09-13T01:07:39Z,CPA259,"44.912296,54.957298",38000,446,222
1757725691,2025-09-13T01:08:11Z,CPA259,"44.864319,54.893059",38000,441,227
1757725700,2025-09-13T01:08:20Z,CPA259,"44.853733,54.875103",38000,440,232
1757725702,2025-09-13T01:08:22Z,CPA259,"44.850906,54.869778",38000,438,233
1757725704,2025-09-13T01:08:24Z,CPA259,"44.848381,54.864784",38000,438,234
1757725706,2025-09-13T01:08:26Z,CPA259,"44.84642,54.860882",38000,437,235
1757725708,2025-09-13T01:08:28Z,CPA259,"44.843491,54.854866",38000,437,235
1757725710,2025-09-13T01:08:30Z,CPA259,"44.841072,54.849777",38000,437,236
1757725712,2025-09-13T01:08:32Z,CPA259,"44.838547,54.844471",38000,437,236
1757725715,2025-09-13T01:08:35Z,CPA259,"44.836277,54.839729",38000,437,236
1757725717,2025-09-13T01:08:37Z,CPA259,"44.834198,54.835445",38000,437,236
1757725719,2025-09-13T01:08:39Z,CPA259,"44.83176,54.830353",38000,438,236
1757725749,2025-09-13T01:09:09Z,CPA259,"44.796612,54.759811",38000,440,234
1757725780,2025-09-13T01:09:40Z,CPA259,"44.758953,54.686661",38000,442,234
1757725813,2025-09-13T01:10:13Z,CPA259,"44.720169,54.611076",38000,443,234
1757725844,2025-09-13T01:10:44Z,CPA259,"44.683399,54.539349",38000,444,234
1757725874,2025-09-13T01:11:14Z,CPA259,"44.64679,54.468189",38000,445,234
1757725906,2025-09-13T01:11:46Z,CPA259,"44.607559,54.39233",38000,446,234
1757725937,2025-09-13T01:12:17Z,CPA259,"44.570976,54.321632",38000,444,234
1757725969,2025-09-13T01:12:49Z,CPA259,"44.53212,54.246761",38000,443,233
1757726000,2025-09-13T01:13:20Z,CPA259,"44.495087,54.17561",38000,443,233
1757726032,2025-09-13T01:13:52Z,CPA259,"44.456551,54.101704",38000,443,233
1757726064,2025-09-13T01:14:24Z,CPA259,"44.41745,54.02697",38000,442,233
1757726096,2025-09-13T01:14:56Z,CPA259,"44.378529,53.952717",38000,440,233
1757726127,2025-09-13T01:15:27Z,CPA259,"44.34203,53.883251",38000,439,233
1757726159,2025-09-13T01:15:59Z,CPA259,"44.303558,53.810249",38000,440,233
1757726190,2025-09-13T01:16:30Z,CPA259,"44.265823,53.738819",38000,440,233
1757726222,2025-09-13T01:17:02Z,CPA259,"44.226582,53.66473",38000,440,233
1757726254,2025-09-13T01:17:34Z,CPA259,"44.188705,53.593418",38000,438,233
1757726286,2025-09-13T01:18:06Z,CPA259,"44.150345,53.521301",38000,436,233
1757726319,2025-09-13T01:18:39Z,CPA259,"44.110794,53.447273",38000,436,233
1757726351,2025-09-13T01:19:11Z,CPA259,"44.072067,53.374775",38000,437,233
1757726383,2025-09-13T01:19:43Z,CPA259,"44.033157,53.302216",38000,437,233
1757726414,2025-09-13T01:20:14Z,CPA259,"43.995728,53.23275",38000,435,233
1757726446,2025-09-13T01:20:46Z,CPA259,"43.957321,53.161533",38000,433,233
1757726479,2025-09-13T01:21:19Z,CPA259,"43.918869,53.090321",38000,431,233
1757726509,2025-09-13T01:21:49Z,CPA259,"43.882462,53.023087",38000,430,233
1757726540,2025-09-13T01:22:20Z,CPA259,"43.845154,52.954357",38000,427,233
1757726571,2025-09-13T01:22:51Z,CPA259,"43.809265,52.888439",38000,427,232
1757726603,2025-09-13T01:23:23Z,CPA259,"43.770401,52.817093",38000,427,232
1757726634,2025-09-13T01:23:54Z,CPA259,"43.733547,52.749676",38000,426,232
1757726665,2025-09-13T01:24:25Z,CPA259,"43.697422,52.683758",38000,424,232
1757726698,2025-09-13T01:24:58Z,CPA259,"43.659061,52.613918",38000,424,232
1757726730,2025-09-13T01:25:30Z,CPA259,"43.620472,52.543751",38000,425,232
1757726760,2025-09-13T01:26:00Z,CPA259,"43.584301,52.478355",38000,426,232
1757726792,2025-09-13T01:26:32Z,CPA259,"43.546127,52.4091",38000,424,232
1757726825,2025-09-13T01:27:05Z,CPA259,"43.507767,52.339912",38000,423,232
1757726857,2025-09-13T01:27:37Z,CPA259,"43.46933,52.270905",38000,423,232
1757726887,2025-09-13T01:28:07Z,CPA259,"43.43375,52.206902",38000,424,232
1757726919,2025-09-13T01:28:39Z,CPA259,"43.394787,52.137058",38000,425,232
1757726950,2025-09-13T01:29:10Z,CPA259,"43.358288,52.071861",38000,426,232
1757726983,2025-09-13T01:29:43Z,CPA259,"43.318813,52.001431",38000,426,232
1757727014,2025-09-13T01:30:14Z,CPA259,"43.281944,51.935841",38000,426,232
1757727044,2025-09-13T01:30:44Z,CPA259,"43.245575,51.871372",38000,426,232
1757727076,2025-09-13T01:31:16Z,CPA259,"43.207504,51.804134",38000,422,232
1757727108,2025-09-13T01:31:48Z,CPA259,"43.169052,51.735992",38000,418,232
1757727140,2025-09-13T01:32:20Z,CPA259,"43.131393,51.669552",38000,415,232
1757727172,2025-09-13T01:32:52Z,CPA259,"43.093689,51.603359",38000,414,232
1757727205,2025-09-13T01:33:25Z,CPA259,"43.054916,51.535267",38000,411,232
1757727238,2025-09-13T01:33:58Z,CPA259,"43.01683,51.468521",38000,412,232
1757727268,2025-09-13T01:34:28Z,CPA259,"42.981995,51.407585",38000,409,232
1757727299,2025-09-13T01:34:59Z,CPA259,"42.945465,51.343967",38000,408,232
1757727331,2025-09-13T01:35:31Z,CPA259,"42.907333,51.277538",38000,408,231
1757727364,2025-09-13T01:36:04Z,CPA259,"42.870163,51.213089",38000,410,231
1757727396,2025-09-13T01:36:36Z,CPA259,"42.832993,51.148617",38000,410,231
1757727426,2025-09-13T01:37:06Z,CPA259,"42.79673,51.085979",38000,410,231
1757727457,2025-09-13T01:37:37Z,CPA259,"42.760838,51.024021",38000,409,231
1757727489,2025-09-13T01:38:09Z,CPA259,"42.722897,50.958614",38000,407,231
1757727522,2025-09-13T01:38:42Z,CPA259,"42.684818,50.893272",38000,407,231
1757727554,2025-09-13T01:39:14Z,CPA259,"42.647232,50.828934",38000,407,231
1757727586,2025-09-13T01:39:46Z,CPA259,"42.609543,50.7645",38000,406,231
1757727619,2025-09-13T01:40:19Z,CPA259,"42.571884,50.700283",38000,400,231
1757727649,2025-09-13T01:40:49Z,CPA259,"42.536781,50.640457",38000,398,231
1757727681,2025-09-13T01:41:21Z,CPA259,"42.500099,50.578182",38000,398,231
1757727714,2025-09-13T01:41:54Z,CPA259,"42.462708,50.514637",38000,399,231
1757727745,2025-09-13T01:42:25Z,CPA259,"42.427197,50.453369",38000,398,234
1757727777,2025-09-13T01:42:57Z,CPA259,"42.393036,50.387859",38000,398,234
1757727808,2025-09-13T01:43:28Z,CPA259,"42.360256,50.325813",38000,397,234
1757727840,2025-09-13T01:44:00Z,CPA259,"42.326294,50.262012",38000,394,234
1757727872,2025-09-13T01:44:32Z,CPA259,"42.291779,50.197109",38000,395,234
1757727904,2025-09-13T01:45:04Z,CPA259,"42.25827,50.133987",38000,397,234
1757727936,2025-09-13T01:45:36Z,CPA259,"42.223579,50.068913",38000,398,234
1757727968,2025-09-13T01:46:08Z,CPA259,"42.189697,50.005646",38000,396,234
1757728000,2025-09-13T01:46:40Z,CPA259,"42.154961,49.940781",38000,397,234
1757728032,2025-09-13T01:47:12Z,CPA259,"42.121208,49.877865",38000,400,234
1757728064,2025-09-13T01:47:44Z,CPA259,"42.086151,49.812637",38000,401,234
1757728097,2025-09-13T01:48:17Z,CPA259,"42.04985,49.745407",38000,402,234
1757728128,2025-09-13T01:48:48Z,CPA259,"42.015537,49.6819",38000,403,234
1757728160,2025-09-13T01:49:20Z,CPA259,"41.981133,49.618282",38000,406,234
1757728192,2025-09-13T01:49:52Z,CPA259,"41.945942,49.553387",38000,406,234
1757728224,2025-09-13T01:50:24Z,CPA259,"41.910049,49.487541",38000,405,233
1757728256,2025-09-13T01:50:56Z,CPA259,"41.874855,49.423019",38000,406,233
1757728287,2025-09-13T01:51:27Z,CPA259,"41.84024,49.359638",38000,405,233
1757728319,2025-09-13T01:51:59Z,CPA259,"41.804901,49.294968",38000,405,233
1757728351,2025-09-13T01:52:31Z,CPA259,"41.771416,49.22916",38000,406,237
1757728383,2025-09-13T01:53:03Z,CPA259,"41.73912,49.162258",38000,405,237
1757728415,2025-09-13T01:53:35Z,CPA259,"41.70615,49.0956",38000,406,236
1757728446,2025-09-13T01:54:06Z,CPA259,"41.672165,49.028149",38000,405,236
1757728478,2025-09-13T01:54:38Z,CPA259,"41.639481,48.964363",38000,403,236
1757728510,2025-09-13T01:55:10Z,CPA259,"41.606419,48.898495",38000,404,236
1757728541,2025-09-13T01:55:41Z,CPA259,"41.573586,48.833427",38000,406,236
1757728573,2025-09-13T01:56:13Z,CPA259,"41.540176,48.767269",38000,406,236
1757728605,2025-09-13T01:56:45Z,CPA259,"41.506626,48.701595",38000,408,234
1757728637,2025-09-13T01:57:17Z,CPA259,"41.469944,48.636703",38000,410,232
1757728668,2025-09-13T01:57:48Z,CPA259,"41.433796,48.573727",38000,412,232
1757728700,2025-09-13T01:58:20Z,CPA259,"41.397881,48.509609",38000,412,234
1757728732,2025-09-13T01:58:52Z,CPA259,"41.362831,48.444607",38000,412,234
1757728764,2025-09-13T01:59:24Z,CPA259,"41.327259,48.378838",38000,410,234
1757728796,2025-09-13T01:59:56Z,CPA259,"41.291901,48.314053",38000,410,234
1757728827,2025-09-13T02:00:27Z,CPA259,"41.257381,48.25098",38000,410,234
1757728858,2025-09-13T02:00:58Z,CPA259,"41.222038,48.186382",38000,412,235
1757728890,2025-09-13T02:01:30Z,CPA259,"41.191185,48.116688",38000,410,243
1757728922,2025-09-13T02:02:02Z,CPA259,"41.168045,48.043697",38000,409,250
1757728954,2025-09-13T02:02:34Z,CPA259,"41.151508,47.966686",38000,410,257
1757728985,2025-09-13T02:03:05Z,CPA259,"41.142551,47.888397",38000,410,265
1757729017,2025-09-13T02:03:37Z,CPA259,"41.140961,47.809925",38000,410,272
1757729048,2025-09-13T02:04:08Z,CPA259,"41.146706,47.731247",38000,410,279
1757729079,2025-09-13T02:04:39Z,CPA259,"41.158581,47.653431",38000,413,281
1757729112,2025-09-13T02:05:12Z,CPA259,"41.170879,47.573807",38000,414,281
1757729144,2025-09-13T02:05:44Z,CPA259,"41.183117,47.493568",38000,414,281
1757729176,2025-09-13T02:06:16Z,CPA259,"41.195332,47.41428",38000,413,281
1757729207,2025-09-13T02:06:47Z,CPA259,"41.207478,47.335552",38000,414,281
1757729239,2025-09-13T02:07:19Z,CPA259,"41.219532,47.256367",38000,414,281
1757729271,2025-09-13T02:07:51Z,CPA259,"41.231564,47.178112",38000,413,281
1757729303,2025-09-13T02:08:23Z,CPA259,"41.243496,47.099739",38000,412,281
1757729334,2025-09-13T02:08:54Z,CPA259,"41.255203,47.021694",38000,411,281
1757729366,2025-09-13T02:09:26Z,CPA259,"41.267044,46.943985",38000,408,281
1757729397,2025-09-13T02:09:57Z,CPA259,"41.278564,46.866901",38000,410,281
1757729429,2025-09-13T02:10:29Z,CPA259,"41.290195,46.788853",38000,409,281
1757729461,2025-09-13T02:11:01Z,CPA259,"41.301807,46.709831",38000,409,280
1757729492,2025-09-13T02:11:32Z,CPA259,"41.312588,46.63258",38000,410,280
1757729524,2025-09-13T02:12:04Z,CPA259,"41.323818,46.555027",38000,409,280
1757729555,2025-09-13T02:12:35Z,CPA259,"41.334396,46.477093",38000,409,280
1757729586,2025-09-13T02:13:06Z,CPA259,"41.345448,46.399784",38000,410,280
1757729618,2025-09-13T02:13:38Z,CPA259,"41.356659,46.320667",38000,408,280
1757729650,2025-09-13T02:14:10Z,CPA259,"41.367138,46.243362",38000,408,280
1757729681,2025-09-13T02:14:41Z,CPA259,"41.377815,46.165821",38000,408,280
1757729712,2025-09-13T02:15:12Z,CPA259,"41.388111,46.088467",38000,408,280
1757729743,2025-09-13T02:15:43Z,CPA259,"41.398708,46.011978",38000,408,280
1757729775,2025-09-13T02:16:15Z,CPA259,"41.409119,45.934792",38000,408,280
1757729807,2025-09-13T02:16:47Z,CPA259,"41.419445,45.855984",38000,405,280
1757729838,2025-09-13T02:17:18Z,CPA259,"41.42968,45.778095",38000,404,279
1757729870,2025-09-13T02:17:50Z,CPA259,"41.439308,45.701122",38000,402,279
1757729901,2025-09-13T02:18:21Z,CPA259,"41.448849,45.624332",38000,404,279
1757729934,2025-09-13T02:18:54Z,CPA259,"41.459736,45.543495",38000,406,279
1757729967,2025-09-13T02:19:27Z,CPA259,"41.470131,45.462124",38000,408,279
1757729998,2025-09-13T02:19:58Z,CPA259,"41.48019,45.385498",38000,407,279
1757730029,2025-09-13T02:20:29Z,CPA259,"41.488132,45.3092",38000,407,275
1757730061,2025-09-13T02:21:01Z,CPA259,"41.494469,45.230621",38000,406,276
1757730092,2025-09-13T02:21:32Z,CPA259,"41.500923,45.152622",38000,406,276
1757730124,2025-09-13T02:22:04Z,CPA259,"41.506611,45.072971",38000,405,276
1757730156,2025-09-13T02:22:36Z,CPA259,"41.513554,44.994125",38000,406,275
1757730188,2025-09-13T02:23:08Z,CPA259,"41.519844,44.914772",38000,405,275
1757730220,2025-09-13T02:23:40Z,CPA259,"41.526276,44.835487",38000,406,275
1757730251,2025-09-13T02:24:11Z,CPA259,"41.531864,44.758034",38000,406,275
1757730282,2025-09-13T02:24:42Z,CPA259,"41.538006,44.679363",38000,408,275
1757730313,2025-09-13T02:25:13Z,CPA259,"41.543552,44.601315",38000,410,275
1757730345,2025-09-13T02:25:45Z,CPA259,"41.549881,44.522552",38000,412,275
1757730376,2025-09-13T02:26:16Z,CPA259,"41.555817,44.443565",38000,412,275
1757730408,2025-09-13T02:26:48Z,CPA259,"41.561928,44.363243",38000,412,275
1757730439,2025-09-13T02:27:19Z,CPA259,"41.567909,44.283096",38000,411,275
1757730471,2025-09-13T02:27:51Z,CPA259,"41.57407,44.204945",38000,411,275
1757730501,2025-09-13T02:28:21Z,CPA259,"41.579636,44.128292",38000,414,276
1757730532,2025-09-13T02:28:52Z,CPA259,"41.586205,44.048431",38000,415,275
1757730563,2025-09-13T02:29:23Z,CPA259,"41.59222,43.970234",38000,418,275
1757730595,2025-09-13T02:29:55Z,CPA259,"41.598633,43.88979",38000,418,275
1757730626,2025-09-13T02:30:26Z,CPA259,"41.604256,43.810394",38000,417,275
1757730657,2025-09-13T02:30:57Z,CPA259,"41.610592,43.731529",38000,416,275
1757730688,2025-09-13T02:31:28Z,CPA259,"41.61676,43.65242",38000,418,275
1757730720,2025-09-13T02:32:00Z,CPA259,"41.622959,43.570381",38000,424,275
1757730751,2025-09-13T02:32:31Z,CPA259,"41.628845,43.489544",38000,426,275
1757730782,2025-09-13T02:33:02Z,CPA259,"41.634632,43.406334",38000,426,275
1757730814,2025-09-13T02:33:34Z,CPA259,"41.640278,43.324081",38000,424,275
1757730845,2025-09-13T02:34:05Z,CPA259,"41.646378,43.243694",38000,422,275
1757730876,2025-09-13T02:34:36Z,CPA259,"41.651814,43.161659",38000,423,275
1757730908,2025-09-13T02:35:08Z,CPA259,"41.65744,43.080334",38000,423,275
1757730940,2025-09-13T02:35:40Z,CPA259,"41.663006,42.997082",38000,424,275
1757730972,2025-09-13T02:36:12Z,CPA259,"41.668674,42.914429",38000,424,274
1757731004,2025-09-13T02:36:44Z,CPA259,"41.669727,42.831043",38000,423,266
1757731035,2025-09-13T02:37:15Z,CPA259,"41.662891,42.747875",38000,425,262
1757731066,2025-09-13T02:37:46Z,CPA259,"41.656647,42.668629",38000,426,264
1757731097,2025-09-13T02:38:17Z,CPA259,"41.649891,42.58757",38000,426,263
1757731130,2025-09-13T02:38:50Z,CPA259,"41.642975,42.502857",38000,426,263
1757731162,2025-09-13T02:39:22Z,CPA259,"41.63596,42.419544",38000,426,263
1757731193,2025-09-13T02:39:53Z,CPA259,"41.628517,42.336979",38000,424,263
1757731225,2025-09-13T02:40:25Z,CPA259,"41.62149,42.253956",38000,423,263
1757731257,2025-09-13T02:40:57Z,CPA259,"41.614296,42.171227",38000,422,263
1757731288,2025-09-13T02:41:28Z,CPA259,"41.60693,42.09145",38000,424,263
1757731319,2025-09-13T02:41:59Z,CPA259,"41.599674,42.0126",38000,426,263
1757731350,2025-09-13T02:42:30Z,CPA259,"41.592648,41.929779",38000,427,262
1757731382,2025-09-13T02:43:02Z,CPA259,"41.585083,41.847328",38000,426,263
1757731414,2025-09-13T02:43:34Z,CPA259,"41.577461,41.763767",38000,426,263
1757731446,2025-09-13T02:44:06Z,CPA259,"41.570221,41.680958",38000,426,262
1757731478,2025-09-13T02:44:38Z,CPA259,"41.562843,41.595856",38000,426,262
1757731511,2025-09-13T02:45:11Z,CPA259,"41.555607,41.51178",38000,426,263
1757731543,2025-09-13T02:45:43Z,CPA259,"41.552238,41.427914",38000,429,270
1757731573,2025-09-13T02:46:13Z,CPA259,"41.556252,41.348103",38000,429,275
1757731604,2025-09-13T02:46:44Z,CPA259,"41.560799,41.265472",38000,430,274
1757731637,2025-09-13T02:47:17Z,CPA259,"41.565807,41.17984",38000,430,274
1757731667,2025-09-13T02:47:47Z,CPA259,"41.569778,41.101345",38000,430,274
1757731699,2025-09-13T02:48:19Z,CPA259,"41.574444,41.016777",38000,430,274
1757731729,2025-09-13T02:48:49Z,CPA259,"41.578934,40.93655",38000,432,274
1757731760,2025-09-13T02:49:20Z,CPA259,"41.583145,40.854515",38000,434,274
1757731792,2025-09-13T02:49:52Z,CPA259,"41.587757,40.769016",38000,435,274
1757731825,2025-09-13T02:50:25Z,CPA259,"41.592232,40.682911",38000,433,273
1757731857,2025-09-13T02:50:57Z,CPA259,"41.596642,40.597672",38000,432,273
1757731889,2025-09-13T02:51:29Z,CPA259,"41.600445,40.513",38000,432,273
1757731921,2025-09-13T02:52:01Z,CPA259,"41.60434,40.427818",38000,431,273
1757731951,2025-09-13T02:52:31Z,CPA259,"41.60804,40.347111",38000,432,273
1757731983,2025-09-13T02:53:03Z,CPA259,"41.612122,40.262016",38000,432,273
1757732016,2025-09-13T02:53:36Z,CPA259,"41.618259,40.176228",38000,434,280
1757732048,2025-09-13T02:54:08Z,CPA259,"41.631302,40.092529",38000,434,281
1757732078,2025-09-13T02:54:38Z,CPA259,"41.642799,40.011929",38000,434,280
1757732110,2025-09-13T02:55:10Z,CPA259,"41.654839,39.927361",38000,434,280
1757732142,2025-09-13T02:55:42Z,CPA259,"41.666904,39.842815",38000,436,280
1757732174,2025-09-13T02:56:14Z,CPA259,"41.678936,39.758495",38000,438,280
1757732207,2025-09-13T02:56:47Z,CPA259,"41.691189,39.672562",38000,440,280
1757732239,2025-09-13T02:57:19Z,CPA259,"41.703087,39.587624",38000,440,280
1757732270,2025-09-13T02:57:50Z,CPA259,"41.714844,39.503525",38000,439,280
1757732303,2025-09-13T02:58:23Z,CPA259,"41.727009,39.416107",38000,441,280
1757732335,2025-09-13T02:58:55Z,CPA259,"41.738834,39.329887",38000,443,280
1757732368,2025-09-13T02:59:28Z,CPA259,"41.750996,39.241451",38000,443,280
1757732398,2025-09-13T02:59:58Z,CPA259,"41.762066,39.160122",38000,446,280
1757732430,2025-09-13T03:00:30Z,CPA259,"41.773998,39.072895",38000,446,280
1757732463,2025-09-13T03:01:03Z,CPA259,"41.785812,38.985336",38000,445,280
1757732493,2025-09-13T03:01:33Z,CPA259,"41.796928,38.902428",38000,446,280
1757732524,2025-09-13T03:02:04Z,CPA259,"41.80801,38.819542",38000,447,280
1757732556,2025-09-13T03:02:36Z,CPA259,"41.819664,38.731281",38000,449,280
1757732588,2025-09-13T03:03:08Z,CPA259,"41.831024,38.64373",38000,450,279
1757732621,2025-09-13T03:03:41Z,CPA259,"41.842953,38.554249",38000,451,279
1757732654,2025-09-13T03:04:14Z,CPA259,"41.854633,38.463078",38000,452,279
1757732686,2025-09-13T03:04:46Z,CPA259,"41.866158,38.37328",38000,452,279
1757732719,2025-09-13T03:05:19Z,CPA259,"41.877628,38.283989",38000,452,279
1757732749,2025-09-13T03:05:49Z,CPA259,"41.888329,38.200291",38000,453,279
1757732781,2025-09-13T03:06:21Z,CPA259,"41.899677,38.111504",38625,445,279
1757732812,2025-09-13T03:06:52Z,CPA259,"41.910149,38.028984",39100,441,279
1757732844,2025-09-13T03:07:24Z,CPA259,"41.92112,37.941494",39300,442,279
1757732877,2025-09-13T03:07:57Z,CPA259,"41.93211,37.852398",39425,446,279
1757732908,2025-09-13T03:08:28Z,CPA259,"41.942593,37.768917",39725,444,279
1757732938,2025-09-13T03:08:58Z,CPA259,"41.952919,37.686447",40000,443,279
1757732970,2025-09-13T03:09:30Z,CPA259,"41.963669,37.599731",40000,442,279
1757733003,2025-09-13T03:10:03Z,CPA259,"41.974377,37.511959",40000,442,279
1757733033,2025-09-13T03:10:33Z,CPA259,"41.984318,37.429363",40000,443,279
1757733065,2025-09-13T03:11:05Z,CPA259,"41.994682,37.342068",40000,444,279
1757733097,2025-09-13T03:11:37Z,CPA259,"42.004818,37.255325",40000,444,279
1757733130,2025-09-13T03:12:10Z,CPA259,"42.015701,37.16597",40000,445,279
1757733161,2025-09-13T03:12:41Z,CPA259,"42.02586,37.079655",40000,445,279
1757733194,2025-09-13T03:13:14Z,CPA259,"42.03635,36.989876",40000,445,278
1757733225,2025-09-13T03:13:45Z,CPA259,"42.046207,36.904137",40000,446,278
1757733257,2025-09-13T03:14:17Z,CPA259,"42.05661,36.81694",40000,446,278
1757733287,2025-09-13T03:14:47Z,CPA259,"42.065437,36.733696",40000,446,278
1757733299,2025-09-13T03:14:59Z,CPA259,"42.069164,36.704174",40000,445,278
1757733358,2025-09-13T03:15:58Z,CPA259,"42.087925,36.539509",40000,446,278
1757733394,2025-09-13T03:16:34Z,CPA259,"42.09866,36.440712",40000,446,278
1757733441,2025-09-13T03:17:21Z,CPA259,"42.112789,36.311234",40000,448,278
1757733472,2025-09-13T03:17:52Z,CPA259,"42.121983,36.22583",40000,448,278
1757733490,2025-09-13T03:18:10Z,CPA259,"42.127743,36.17487",40000,448,278
1757733973,2025-09-13T03:26:13Z,CPA259,"42.263016,34.826038",40000,456,277
1757734003,2025-09-13T03:26:43Z,CPA259,"42.271111,34.737503",40000,457,277
1757734036,2025-09-13T03:27:16Z,CPA259,"42.278645,34.645344",40000,458,277
1757734066,2025-09-13T03:27:46Z,CPA259,"42.287376,34.559219",40000,459,277
1757734098,2025-09-13T03:28:18Z,CPA259,"42.295296,34.470497",40000,459,277
1757734130,2025-09-13T03:28:50Z,CPA259,"42.304314,34.378128",40000,459,277
1757734162,2025-09-13T03:29:22Z,CPA259,"42.313133,34.286819",40000,460,277
1757734194,2025-09-13T03:29:54Z,CPA259,"42.32206,34.194416",40000,460,276
1757734227,2025-09-13T03:30:27Z,CPA259,"42.330257,34.103352",40000,460,277
1757734259,2025-09-13T03:30:59Z,CPA259,"42.33828,34.011547",40000,460,276
1757734289,2025-09-13T03:31:29Z,CPA259,"42.345768,33.925781",40000,461,276
1757734322,2025-09-13T03:32:02Z,CPA259,"42.354065,33.831123",40000,462,276
1757734352,2025-09-13T03:32:32Z,CPA259,"42.361835,33.742859",40000,463,276
1757734384,2025-09-13T03:33:04Z,CPA259,"42.370354,33.652416",40000,463,276
1757734415,2025-09-13T03:33:35Z,CPA259,"42.379307,33.565414",40000,462,276
1757734446,2025-09-13T03:34:06Z,CPA259,"42.390327,33.476574",40000,462,276
1757734478,2025-09-13T03:34:38Z,CPA259,"42.393177,33.382393",40000,462,276
1757734510,2025-09-13T03:35:10Z,CPA259,"42.400883,33.289848",40000,462,276
1757734542,2025-09-13T03:35:42Z,CPA259,"42.409622,33.19986",40000,463,276
1757734574,2025-09-13T03:36:14Z,CPA259,"42.416164,33.105671",40000,464,276
1757734606,2025-09-13T03:36:46Z,CPA259,"42.424648,33.014641",40000,464,276
1757734638,2025-09-13T03:37:18Z,CPA259,"42.430927,32.921608",40000,464,276
1757734670,2025-09-13T03:37:50Z,CPA259,"42.438679,32.830578",40000,464,276
1757734701,2025-09-13T03:38:21Z,CPA259,"42.447662,32.742962",40000,463,275
1757734733,2025-09-13T03:38:53Z,CPA259,"42.452473,32.648335",40000,464,275
1757734764,2025-09-13T03:39:24Z,CPA259,"42.459377,32.557705",40000,466,275
1757734796,2025-09-13T03:39:56Z,CPA259,"42.466461,32.464306",40000,467,275
1757734827,2025-09-13T03:40:27Z,CPA259,"42.473328,32.375156",40000,469,275
1757734859,2025-09-13T03:40:59Z,CPA259,"42.480381,32.280479",40000,470,275
1757734891,2025-09-13T03:41:31Z,CPA259,"42.486988,32.18948",40000,469,275
1757734922,2025-09-13T03:42:02Z,CPA259,"42.493317,32.097134",40000,468,275
1757734954,2025-09-13T03:42:34Z,CPA259,"42.500389,32.003853",40000,468,275
1757734986,2025-09-13T03:43:06Z,CPA259,"42.507019,31.911505",40000,469,275
1757735018,2025-09-13T03:43:38Z,CPA259,"42.513313,31.819067",40000,469,275
1757735050,2025-09-13T03:44:10Z,CPA259,"42.519707,31.725412",40000,471,275
1757735081,2025-09-13T03:44:41Z,CPA259,"42.526054,31.632172",40000,472,275
1757735113,2025-09-13T03:45:13Z,CPA259,"42.532219,31.539478",40000,472,274
1757735145,2025-09-13T03:45:45Z,CPA259,"42.538395,31.446821",40000,471,274
1757735176,2025-09-13T03:46:16Z,CPA259,"42.544449,31.353346",40000,470,274
1757735208,2025-09-13T03:46:48Z,CPA259,"42.55024,31.262152",40000,470,274
1757735240,2025-09-13T03:47:20Z,CPA259,"42.556252,31.168383",40000,471,274
1757735271,2025-09-13T03:47:51Z,CPA259,"42.56218,31.074743",40000,471,274
1757735303,2025-09-13T03:48:23Z,CPA259,"42.567928,30.981112",40000,472,274
1757735335,2025-09-13T03:48:55Z,CPA259,"42.57365,30.886538",40000,471,274
1757735367,2025-09-13T03:49:27Z,CPA259,"42.579262,30.794979",40000,470,274
1757735398,2025-09-13T03:49:58Z,CPA259,"42.584846,30.702475",40000,468,274
1757735430,2025-09-13T03:50:30Z,CPA259,"42.591717,30.609018",40000,467,281
1757735435,2025-09-13T03:50:35Z,CPA259,"42.593704,30.597612",40000,465,285
1757735437,2025-09-13T03:50:37Z,CPA259,"42.594955,30.591345",40000,465,286
1757735439,2025-09-13T03:50:39Z,CPA259,"42.596478,30.584864",40000,465,288
1757735441,2025-09-13T03:50:41Z,CPA259,"42.598,30.578686",40000,464,290
1757735443,2025-09-13T03:50:43Z,CPA259,"42.599243,30.574362",40000,464,291
1757735445,2025-09-13T03:50:45Z,CPA259,"42.601112,30.568007",40000,464,293
1757735447,2025-09-13T03:50:47Z,CPA259,"42.602791,30.56284",40000,463,294
1757735449,2025-09-13T03:50:49Z,CPA259,"42.604885,30.557163",40025,462,296
1757735452,2025-09-13T03:50:52Z,CPA259,"42.606888,30.552019",40025,462,298
1757735454,2025-09-13T03:50:54Z,CPA259,"42.609188,30.546133",40000,462,299
1757735456,2025-09-13T03:50:56Z,CPA259,"42.611546,30.540596",40000,461,301
1757735458,2025-09-13T03:50:58Z,CPA259,"42.613815,30.535803",40000,461,302
1757735460,2025-09-13T03:51:00Z,CPA259,"42.616707,30.529715",40000,460,304
1757735462,2025-09-13T03:51:02Z,CPA259,"42.618992,30.525295",40000,460,305
1757735465,2025-09-13T03:51:05Z,CPA259,"42.62167,30.520189",40000,459,306
1757735467,2025-09-13T03:51:07Z,CPA259,"42.624359,30.515432",40000,460,307
1757735469,2025-09-13T03:51:09Z,CPA259,"42.627247,30.51045",40000,460,308
1757735471,2025-09-13T03:51:11Z,CPA259,"42.629887,30.506027",40000,458,308
1757735473,2025-09-13T03:51:13Z,CPA259,"42.632828,30.501034",40000,459,308
1757735475,2025-09-13T03:51:15Z,CPA259,"42.636047,30.495541",40000,459,308
1757735477,2025-09-13T03:51:17Z,CPA259,"42.638195,30.491922",40000,458,308
1757735479,2025-09-13T03:51:19Z,CPA259,"42.640911,30.487242",40000,458,308
1757735511,2025-09-13T03:51:51Z,CPA259,"42.680683,30.414993",40000,456,305
1757735542,2025-09-13T03:52:22Z,CPA259,"42.719299,30.341915",40000,455,305
1757735574,2025-09-13T03:52:54Z,CPA259,"42.757786,30.2693",40000,454,305
1757735605,2025-09-13T03:53:25Z,CPA259,"42.796207,30.196489",40000,454,305
1757735638,2025-09-13T03:53:58Z,CPA259,"42.835999,30.121088",40000,454,305
1757735669,2025-09-13T03:54:29Z,CPA259,"42.874466,30.047892",40000,452,305
1757735701,2025-09-13T03:55:01Z,CPA259,"42.912395,29.975452",40000,452,305
1757735732,2025-09-13T03:55:32Z,CPA259,"42.950699,29.902308",40000,452,305
1757735764,2025-09-13T03:56:04Z,CPA259,"42.989185,29.828287",40000,452,305
1757735796,2025-09-13T03:56:36Z,CPA259,"43.02758,29.754421",40000,450,305
1757735827,2025-09-13T03:57:07Z,CPA259,"43.064819,29.68235",40000,448,304
1757735859,2025-09-13T03:57:39Z,CPA259,"43.101868,29.61017",40000,449,304
1757735891,2025-09-13T03:58:11Z,CPA259,"43.139629,29.536102",40000,449,304
1757735922,2025-09-13T03:58:42Z,CPA259,"43.176849,29.463507",40000,450,304
1757735954,2025-09-13T03:59:14Z,CPA259,"43.214779,29.389032",40000,450,304
1757735985,2025-09-13T03:59:45Z,CPA259,"43.252525,29.314924",40000,450,304
1757736017,2025-09-13T04:00:17Z,CPA259,"43.290035,29.240936",40000,450,304
1757736049,2025-09-13T04:00:49Z,CPA259,"43.327248,29.167316",40000,448,304
1757736080,2025-09-13T04:01:20Z,CPA259,"43.364098,29.09445",40000,449,304
1757736112,2025-09-13T04:01:52Z,CPA259,"43.401592,29.020147",40000,450,304
1757736144,2025-09-13T04:02:24Z,CPA259,"43.438221,28.94574",40000,450,301
1757736175,2025-09-13T04:02:55Z,CPA259,"43.471329,28.867704",40000,452,299
1757736207,2025-09-13T04:03:27Z,CPA259,"43.504253,28.789387",40000,451,300
1757736239,2025-09-13T04:03:59Z,CPA259,"43.537914,28.711086",40000,449,300
1757736270,2025-09-13T04:04:30Z,CPA259,"43.570934,28.634909",40000,447,300
1757736301,2025-09-13T04:05:01Z,CPA259,"43.604103,28.557955",40000,444,300
1757736333,2025-09-13T04:05:33Z,CPA259,"43.636829,28.481674",40000,442,300
1757736364,2025-09-13T04:06:04Z,CPA259,"43.668884,28.404711",40000,441,298
1757736396,2025-09-13T04:06:36Z,CPA259,"43.699512,28.327486",40000,440,298
1757736427,2025-09-13T04:07:07Z,CPA259,"43.730404,28.249996",40000,439,298
1757736459,2025-09-13T04:07:39Z,CPA259,"43.761299,28.172855",40000,442,298
1757736490,2025-09-13T04:08:10Z,CPA259,"43.791897,28.096352",40000,441,298
1757736521,2025-09-13T04:08:41Z,CPA259,"43.822346,28.020201",40000,440,298
1757736552,2025-09-13T04:09:12Z,CPA259,"43.852837,27.943405",40000,439,298
1757736584,2025-09-13T04:09:44Z,CPA259,"43.883461,27.866577",40000,437,298
1757736615,2025-09-13T04:10:15Z,CPA259,"43.913818,27.790068",40000,434,298
1757736647,2025-09-13T04:10:47Z,CPA259,"43.944229,27.713127",40000,434,298
1757736678,2025-09-13T04:11:18Z,CPA259,"43.974556,27.637138",40000,434,298
1757736710,2025-09-13T04:11:50Z,CPA259,"44.005142,27.559887",40000,434,298
1757736741,2025-09-13T04:12:21Z,CPA259,"44.035213,27.482794",40000,435,298
1757736772,2025-09-13T04:12:52Z,CPA259,"44.06496,27.406366",40000,436,298
1757736804,2025-09-13T04:13:24Z,CPA259,"44.09507,27.329084",40000,437,298
1757736835,2025-09-13T04:13:55Z,CPA259,"44.125263,27.251432",40000,438,298
1757736867,2025-09-13T04:14:27Z,CPA259,"44.155346,27.173962",40000,438,298
1757736898,2025-09-13T04:14:58Z,CPA259,"44.185097,27.09701",40000,440,298
1757736929,2025-09-13T04:15:29Z,CPA259,"44.215191,27.018925",40000,439,298
1757736961,2025-09-13T04:16:01Z,CPA259,"44.245487,26.939941",40000,440,298
1757736993,2025-09-13T04:16:33Z,CPA259,"44.275673,26.861103",40000,440,298
1757737024,2025-09-13T04:17:04Z,CPA259,"44.305538,26.783386",40000,440,297
1757737055,2025-09-13T04:17:35Z,CPA259,"44.335323,26.705091",40000,439,297
1757737087,2025-09-13T04:18:07Z,CPA259,"44.365257,26.626442",40000,438,297
1757737118,2025-09-13T04:18:38Z,CPA259,"44.394722,26.548573",40000,437,297
1757737150,2025-09-13T04:19:10Z,CPA259,"44.424522,26.469763",40000,437,297
1757737181,2025-09-13T04:19:41Z,CPA259,"44.453728,26.392111",40000,438,297
1757737211,2025-09-13T04:20:11Z,CPA259,"44.48233,26.316418",40000,438,297
1757737242,2025-09-13T04:20:42Z,CPA259,"44.511414,26.2404",40000,439,297
1757737275,2025-09-13T04:21:15Z,CPA259,"44.543011,26.155945",40000,440,297
1757737306,2025-09-13T04:21:46Z,CPA259,"44.572063,26.076422",40000,440,297
1757737337,2025-09-13T04:22:17Z,CPA259,"44.601883,25.996336",40000,440,297
1757737368,2025-09-13T04:22:48Z,CPA259,"44.630245,25.919516",40000,440,297
1757737400,2025-09-13T04:23:20Z,CPA259,"44.660202,25.837189",40000,442,297
1757737431,2025-09-13T04:23:51Z,CPA259,"44.688591,25.758905",40000,442,297
1757737462,2025-09-13T04:24:22Z,CPA259,"44.718174,25.678473",40000,443,297
1757737494,2025-09-13T04:24:54Z,CPA259,"44.747551,25.598413",40000,444,297
1757737525,2025-09-13T04:25:25Z,CPA259,"44.777119,25.517448",40000,444,297
1757737557,2025-09-13T04:25:57Z,CPA259,"44.806999,25.435959",40000,443,297
1757737589,2025-09-13T04:26:29Z,CPA259,"44.836315,25.355087",40000,441,297
1757737620,2025-09-13T04:27:00Z,CPA259,"44.865326,25.275179",40000,441,297
1757737652,2025-09-13T04:27:32Z,CPA259,"44.894859,25.193768",40000,441,297
1757737684,2025-09-13T04:28:04Z,CPA259,"44.924221,25.11241",40000,441,297
1757737715,2025-09-13T04:28:35Z,CPA259,"44.953182,25.031857",40000,442,297
1757737747,2025-09-13T04:29:07Z,CPA259,"44.982563,24.949736",40000,441,296
1757737778,2025-09-13T04:29:38Z,CPA259,"45.011375,24.868887",40000,441,296
1757737810,2025-09-13T04:30:10Z,CPA259,"45.040028,24.787981",40000,440,296
1757737842,2025-09-13T04:30:42Z,CPA259,"45.069023,24.706156",40000,441,296
1757737873,2025-09-13T04:31:13Z,CPA259,"45.09782,24.624468",40000,442,296
1757737905,2025-09-13T04:31:45Z,CPA259,"45.126492,24.543093",40000,442,296
1757737936,2025-09-13T04:32:16Z,CPA259,"45.154995,24.461576",40000,441,296
1757737968,2025-09-13T04:32:48Z,CPA259,"45.183601,24.379839",40000,442,296
1757737999,2025-09-13T04:33:19Z,CPA259,"45.212349,24.297834",40000,441,296
1757738031,2025-09-13T04:33:51Z,CPA259,"45.24118,24.215204",40000,440,296
1757738063,2025-09-13T04:34:23Z,CPA259,"45.269566,24.133423",40000,440,296
1757738094,2025-09-13T04:34:54Z,CPA259,"45.297768,24.052004",40000,439,296
1757738126,2025-09-13T04:35:26Z,CPA259,"45.32576,23.970955",40000,438,296
1757738157,2025-09-13T04:35:57Z,CPA259,"45.353943,23.889183",40000,438,296
1757738189,2025-09-13T04:36:29Z,CPA259,"45.382187,23.807234",40000,438,296
1757738221,2025-09-13T04:37:01Z,CPA259,"45.41048,23.724707",40000,439,296
1757738252,2025-09-13T04:37:32Z,CPA259,"45.438728,23.642382",40000,437,296
1757738284,2025-09-13T04:38:04Z,CPA259,"45.466347,23.561224",40000,436,295
1757738316,2025-09-13T04:38:36Z,CPA259,"45.494446,23.478758",40000,436,295
1757738348,2025-09-13T04:39:08Z,CPA259,"45.522453,23.396015",40000,436,295
1757738379,2025-09-13T04:39:39Z,CPA259,"45.550259,23.313784",40000,437,295
1757738411,2025-09-13T04:40:11Z,CPA259,"45.577747,23.231861",40000,438,295
1757738442,2025-09-13T04:40:42Z,CPA259,"45.604988,23.150694",40000,439,295
1757738473,2025-09-13T04:41:13Z,CPA259,"45.632519,23.068678",40000,440,295
1757738504,2025-09-13T04:41:44Z,CPA259,"45.659843,22.986151",40000,439,295
1757738536,2025-09-13T04:42:16Z,CPA259,"45.686726,22.904099",40000,438,295
1757738568,2025-09-13T04:42:48Z,CPA259,"45.71442,22.820179",40000,436,295
1757738600,2025-09-13T04:43:20Z,CPA259,"45.741779,22.736597",40000,436,295
1757738631,2025-09-13T04:43:51Z,CPA259,"45.768501,22.654907",40000,438,295
1757738663,2025-09-13T04:44:23Z,CPA259,"45.79583,22.571363",40000,437,295
1757738694,2025-09-13T04:44:54Z,CPA259,"45.823139,22.487698",40000,438,295
1757738726,2025-09-13T04:45:26Z,CPA259,"45.849838,22.40572",40000,439,295
1757738757,2025-09-13T04:45:57Z,CPA259,"45.877163,22.321365",40000,440,295
1757738789,2025-09-13T04:46:29Z,CPA259,"45.904266,22.238083",40000,438,295
1757738820,2025-09-13T04:47:00Z,CPA259,"45.93092,22.155193",40000,436,294
1757738852,2025-09-13T04:47:32Z,CPA259,"45.957462,22.072462",40000,436,294
1757738884,2025-09-13T04:48:04Z,CPA259,"45.98447,21.988022",40000,437,294
1757738916,2025-09-13T04:48:36Z,CPA259,"46.011612,21.903471",40000,440,294
1757738947,2025-09-13T04:49:07Z,CPA259,"46.0382,21.82",40000,438,294
1757738979,2025-09-13T04:49:39Z,CPA259,"46.064854,21.736584",40000,438,294
1757739010,2025-09-13T04:50:10Z,CPA259,"46.091011,21.653746",40000,438,294
1757739041,2025-09-13T04:50:41Z,CPA259,"46.117588,21.569292",40000,439,294
1757739073,2025-09-13T04:51:13Z,CPA259,"46.143936,21.485336",40000,439,294
1757739105,2025-09-13T04:51:45Z,CPA259,"46.170532,21.400465",40000,438,294
1757739136,2025-09-13T04:52:16Z,CPA259,"46.196568,21.316662",40000,436,294
1757739168,2025-09-13T04:52:48Z,CPA259,"46.222527,21.232162",40000,436,293
1757739200,2025-09-13T04:53:20Z,CPA259,"46.248474,21.148676",40000,435,295
1757739231,2025-09-13T04:53:51Z,CPA259,"46.275894,21.065823",40000,434,295
1757739263,2025-09-13T04:54:23Z,CPA259,"46.302979,20.983772",40000,435,295
1757739294,2025-09-13T04:54:54Z,CPA259,"46.330326,20.900076",40000,435,295
1757739326,2025-09-13T04:55:26Z,CPA259,"46.357201,20.817099",40000,436,295
1757739357,2025-09-13T04:55:57Z,CPA259,"46.384384,20.733265",40000,437,295
1757739389,2025-09-13T04:56:29Z,CPA259,"46.411312,20.650093",40000,437,295
1757739421,2025-09-13T04:57:01Z,CPA259,"46.438473,20.565779",40000,435,294
1757739452,2025-09-13T04:57:32Z,CPA259,"46.46497,20.483028",40000,437,294
1757739484,2025-09-13T04:58:04Z,CPA259,"46.492111,20.397964",40000,439,294
1757739516,2025-09-13T04:58:36Z,CPA259,"46.518936,20.313393",40000,441,294
1757739547,2025-09-13T04:59:07Z,CPA259,"46.546101,20.227682",40000,442,294
1757739579,2025-09-13T04:59:39Z,CPA259,"46.572742,20.142902",40000,444,294
1757739612,2025-09-13T05:00:12Z,CPA259,"46.60062,20.053383",40000,444,294
1757739643,2025-09-13T05:00:43Z,CPA259,"46.627197,19.967743",40000,442,294
1757739675,2025-09-13T05:01:15Z,CPA259,"46.653637,19.882328",40000,442,294
1757739707,2025-09-13T05:01:47Z,CPA259,"46.679901,19.797018",40000,440,294
1757739738,2025-09-13T05:02:18Z,CPA259,"46.705853,19.712934",40000,439,294
1757739769,2025-09-13T05:02:49Z,CPA259,"46.731667,19.629032",40000,438,294
1757739800,2025-09-13T05:03:20Z,CPA259,"46.757759,19.544054",40000,438,294
1757739832,2025-09-13T05:03:52Z,CPA259,"46.783348,19.460545",40000,436,293
1757739863,2025-09-13T05:04:23Z,CPA259,"46.809212,19.375891",40000,435,293
1757739894,2025-09-13T05:04:54Z,CPA259,"46.834461,19.292622",40000,436,293
1757739926,2025-09-13T05:05:26Z,CPA259,"46.860275,19.207769",40000,438,293
1757739957,2025-09-13T05:05:57Z,CPA259,"46.886093,19.122721",40000,439,293
1757739989,2025-09-13T05:06:29Z,CPA259,"46.911671,19.038189",40000,440,293
1757740020,2025-09-13T05:07:00Z,CPA259,"46.937569,18.952251",40000,441,293
1757740051,2025-09-13T05:07:31Z,CPA259,"46.962814,18.867987",40000,440,293
1757740082,2025-09-13T05:08:02Z,CPA259,"46.988159,18.783298",40000,440,293
1757740114,2025-09-13T05:08:34Z,CPA259,"47.013565,18.698151",40000,440,293
1757740145,2025-09-13T05:09:05Z,CPA259,"47.038731,18.613337",40000,440,293
1757740176,2025-09-13T05:09:36Z,CPA259,"47.064007,18.527826",40000,438,293
1757740207,2025-09-13T05:10:07Z,CPA259,"47.088737,18.443901",40000,437,293
1757740238,2025-09-13T05:10:38Z,CPA259,"47.113541,18.359133",40000,438,293
1757740270,2025-09-13T05:11:10Z,CPA259,"47.138393,18.274029",40000,440,292
1757740301,2025-09-13T05:11:41Z,CPA259,"47.163639,18.187281",40000,439,292
1757740333,2025-09-13T05:12:13Z,CPA259,"47.188442,18.102064",40000,440,292
1757740364,2025-09-13T05:12:44Z,CPA259,"47.213425,18.015667",40000,439,292
1757740395,2025-09-13T05:13:15Z,CPA259,"47.237637,17.931356",40000,439,292
1757740427,2025-09-13T05:13:47Z,CPA259,"47.26265,17.844561",40000,441,292
1757740458,2025-09-13T05:14:18Z,CPA259,"47.28754,17.757635",40000,442,292
1757740489,2025-09-13T05:14:49Z,CPA259,"47.311939,17.672491",40000,442,292
1757740520,2025-09-13T05:15:20Z,CPA259,"47.336494,17.586239",40000,442,292
1757740551,2025-09-13T05:15:51Z,CPA259,"47.360809,17.500534",40000,442,292
1757740582,2025-09-13T05:16:22Z,CPA259,"47.38496,17.414864",40000,441,292
1757740613,2025-09-13T05:16:53Z,CPA259,"47.409248,17.328064",40000,442,292
1757740644,2025-09-13T05:17:24Z,CPA259,"47.433079,17.242594",40000,441,292
1757740675,2025-09-13T05:17:55Z,CPA259,"47.457165,17.155748",40000,444,292
1757740707,2025-09-13T05:18:27Z,CPA259,"47.481445,17.068136",40000,446,292
1757740738,2025-09-13T05:18:58Z,CPA259,"47.505566,16.980745",40000,446,291
1757740769,2025-09-13T05:19:29Z,CPA259,"47.529625,16.893185",40000,443,291
1757740801,2025-09-13T05:20:01Z,CPA259,"47.553883,16.805796",40000,437,292
1757740832,2025-09-13T05:20:32Z,CPA259,"47.581875,16.723511",40000,437,300
1757740863,2025-09-13T05:21:03Z,CPA259,"47.615372,16.644381",40000,438,298
1757740895,2025-09-13T05:21:35Z,CPA259,"47.644108,16.559473",40000,437,296
1757740926,2025-09-13T05:22:06Z,CPA259,"47.672352,16.476702",40000,440,297
1757740957,2025-09-13T05:22:37Z,CPA259,"47.70108,16.394007",40000,436,296
1757740988,2025-09-13T05:23:08Z,CPA259,"47.729599,16.31119",40000,438,296
1757741020,2025-09-13T05:23:40Z,CPA259,"47.758461,16.227278",40000,438,296
1757741051,2025-09-13T05:24:11Z,CPA259,"47.786888,16.14366",40000,441,296
1757741082,2025-09-13T05:24:42Z,CPA259,"47.815334,16.060268",40000,441,296
1757741113,2025-09-13T05:25:13Z,CPA259,"47.844322,15.974913",40000,442,296
1757741145,2025-09-13T05:25:45Z,CPA259,"47.873428,15.888653",40000,439,296
1757741177,2025-09-13T05:26:17Z,CPA259,"47.901939,15.804151",40000,437,296
1757741209,2025-09-13T05:26:49Z,CPA259,"47.930756,15.717609",40000,440,296
1757741240,2025-09-13T05:27:20Z,CPA259,"47.958771,15.633247",40000,442,296
1757741271,2025-09-13T05:27:51Z,CPA259,"47.98695,15.548565",40000,442,296
1757741302,2025-09-13T05:28:22Z,CPA259,"48.015327,15.463089",40000,443,296
1757741333,2025-09-13T05:28:53Z,CPA259,"48.043373,15.377853",40000,444,295
1757741365,2025-09-13T05:29:25Z,CPA259,"48.071651,15.292166",40000,442,295
1757741396,2025-09-13T05:29:56Z,CPA259,"48.099766,15.206482",40000,441,295
1757741427,2025-09-13T05:30:27Z,CPA259,"48.127518,15.121442",40000,443,295
1757741459,2025-09-13T05:30:59Z,CPA259,"48.155708,15.035337",40000,443,295
1757741489,2025-09-13T05:31:29Z,CPA259,"48.183365,14.950346",40000,444,295
1757741521,2025-09-13T05:32:01Z,CPA259,"48.211311,14.864272",40000,443,295
1757741552,2025-09-13T05:32:32Z,CPA259,"48.239178,14.778449",40000,443,295
1757741583,2025-09-13T05:33:03Z,CPA259,"48.267361,14.691236",40000,445,295
1757741616,2025-09-13T05:33:36Z,CPA259,"48.295937,14.602455",40000,446,295
1757741646,2025-09-13T05:34:06Z,CPA259,"48.323441,14.516451",40000,448,295
1757741677,2025-09-13T05:34:37Z,CPA259,"48.351242,14.429055",40000,450,295
1757741708,2025-09-13T05:35:08Z,CPA259,"48.378857,14.341571",40000,452,295
1757741740,2025-09-13T05:35:40Z,CPA259,"48.406879,14.252793",40000,454,295
1757741771,2025-09-13T05:36:11Z,CPA259,"48.434544,14.165018",40000,454,295
1757741802,2025-09-13T05:36:42Z,CPA259,"48.462868,14.075344",40000,456,295
1757741834,2025-09-13T05:37:14Z,CPA259,"48.491272,13.984968",40000,456,295
1757741866,2025-09-13T05:37:46Z,CPA259,"48.519794,13.893846",40000,457,295
1757741897,2025-09-13T05:38:17Z,CPA259,"48.547749,13.803884",40000,457,295
1757741928,2025-09-13T05:38:48Z,CPA259,"48.575775,13.713963",40000,456,295
1757741960,2025-09-13T05:39:20Z,CPA259,"48.605412,13.622364",40000,458,296
1757741991,2025-09-13T05:39:51Z,CPA259,"48.634739,13.532984",40000,456,296
1757742022,2025-09-13T05:40:22Z,CPA259,"48.663433,13.444161",40000,456,295
1757742054,2025-09-13T05:40:54Z,CPA259,"48.69257,13.353078",40000,458,295
1757742085,2025-09-13T05:41:25Z,CPA259,"48.721046,13.263832",40000,456,295
1757742116,2025-09-13T05:41:56Z,CPA259,"48.749268,13.174896",40000,454,295
1757742148,2025-09-13T05:42:28Z,CPA259,"48.777679,13.084991",40000,453,295
1757742179,2025-09-13T05:42:59Z,CPA259,"48.805996,12.995156",40000,450,295
1757742210,2025-09-13T05:43:30Z,CPA259,"48.833858,12.907052",40000,448,295
1757742242,2025-09-13T05:44:02Z,CPA259,"48.861774,12.818102",40000,448,295
1757742273,2025-09-13T05:44:33Z,CPA259,"48.889416,12.729848",40000,449,295
1757742304,2025-09-13T05:45:04Z,CPA259,"48.917484,12.639806",40000,451,295
1757742336,2025-09-13T05:45:36Z,CPA259,"48.945564,12.549517",40000,452,295
1757742367,2025-09-13T05:46:07Z,CPA259,"48.973206,12.460063",40000,454,295
1757742399,2025-09-13T05:46:39Z,CPA259,"49.001503,12.368382",40000,454,295
1757742431,2025-09-13T05:47:11Z,CPA259,"49.029797,12.276407",40000,454,295
1757742462,2025-09-13T05:47:42Z,CPA259,"49.057671,12.185327",40000,455,294
1757742494,2025-09-13T05:48:14Z,CPA259,"49.085594,12.093689",40000,456,294
1757742525,2025-09-13T05:48:45Z,CPA259,"49.113377,12.0019",40000,458,294
1757742556,2025-09-13T05:49:16Z,CPA259,"49.140949,11.910684",40000,459,294
1757742587,2025-09-13T05:49:47Z,CPA259,"49.168774,11.81829",40000,459,294
1757742619,2025-09-13T05:50:19Z,CPA259,"49.196533,11.725596",40000,461,294
1757742650,2025-09-13T05:50:50Z,CPA259,"49.224617,11.631655",40000,462,294
1757742682,2025-09-13T05:51:22Z,CPA259,"49.25227,11.539079",40000,460,294
1757742713,2025-09-13T05:51:53Z,CPA259,"49.279942,11.446259",40000,458,294
1757742745,2025-09-13T05:52:25Z,CPA259,"49.307514,11.352784",40000,456,294
1757742776,2025-09-13T05:52:56Z,CPA259,"49.33514,11.259059",40000,456,294
1757742808,2025-09-13T05:53:28Z,CPA259,"49.362144,11.166807",40000,459,294
1757742839,2025-09-13T05:53:59Z,CPA259,"49.38916,11.074429",40000,460,294
1757742870,2025-09-13T05:54:30Z,CPA259,"49.416645,10.979958",40000,460,294
1757742902,2025-09-13T05:55:02Z,CPA259,"49.443901,10.886128",40000,458,294
1757742934,2025-09-13T05:55:34Z,CPA259,"49.471218,10.791349",40000,457,293
1757742965,2025-09-13T05:56:05Z,CPA259,"49.498131,10.697718",40000,456,293
1757742997,2025-09-13T05:56:37Z,CPA259,"49.524742,10.605001",40000,454,293
1757743028,2025-09-13T05:57:08Z,CPA259,"49.551197,10.512103",40000,450,293
1757743060,2025-09-13T05:57:40Z,CPA259,"49.577518,10.419134",40000,449,293
1757743091,2025-09-13T05:58:11Z,CPA259,"49.603668,10.326183",40000,451,293
1757743122,2025-09-13T05:58:42Z,CPA259,"49.629238,10.235202",40000,452,293
1757743153,2025-09-13T05:59:13Z,CPA259,"49.654945,10.143382",40000,453,293
1757743184,2025-09-13T05:59:44Z,CPA259,"49.681103,10.049845",40000,455,293
1757743216,2025-09-13T06:00:16Z,CPA259,"49.707241,9.956008",40000,457,293
1757743249,2025-09-13T06:00:49Z,CPA259,"49.734779,9.85692",40000,460,293
1757743281,2025-09-13T06:01:21Z,CPA259,"49.761463,9.760526",40000,461,293
1757743311,2025-09-13T06:01:51Z,CPA259,"49.787354,9.666446",40000,461,293
1757743342,2025-09-13T06:02:22Z,CPA259,"49.813118,9.572449",40000,459,293
1757743374,2025-09-13T06:02:54Z,CPA259,"49.83881,9.478143",40000,457,292
1757743405,2025-09-13T06:03:25Z,CPA259,"49.864727,9.383178",40000,454,292
1757743436,2025-09-13T06:03:56Z,CPA259,"49.88982,9.290524",40000,452,292
1757743467,2025-09-13T06:04:27Z,CPA259,"49.915001,9.196979",40000,452,292
1757743499,2025-09-13T06:04:59Z,CPA259,"49.94009,9.103662",40000,455,292
1757743530,2025-09-13T06:05:30Z,CPA259,"49.965176,9.009792",40000,456,292
1757743561,2025-09-13T06:06:01Z,CPA259,"49.990582,8.914455",40000,456,292
1757743592,2025-09-13T06:06:32Z,CPA259,"50.015484,8.8205",40000,455,292
1757743623,2025-09-13T06:07:03Z,CPA259,"50.040607,8.725619",40000,454,292
1757743655,2025-09-13T06:07:35Z,CPA259,"50.065693,8.630448",40000,454,292
1757743686,2025-09-13T06:08:06Z,CPA259,"50.090515,8.536267",40000,456,292
1757743717,2025-09-13T06:08:37Z,CPA259,"50.115593,8.440795",40000,457,292
1757743749,2025-09-13T06:09:09Z,CPA259,"50.140461,8.345335",40000,458,292
1757743779,2025-09-13T06:09:39Z,CPA259,"50.165112,8.250742",40000,458,292
1757743811,2025-09-13T06:10:11Z,CPA259,"50.189682,8.155895",40000,459,292
1757743842,2025-09-13T06:10:42Z,CPA259,"50.214554,8.059152",40000,461,291
1757743873,2025-09-13T06:11:13Z,CPA259,"50.239151,7.962881",40000,461,291
1757743905,2025-09-13T06:11:45Z,CPA259,"50.264191,7.864895",40000,459,291
1757743936,2025-09-13T06:12:16Z,CPA259,"50.288509,7.769473",40000,459,291
1757743967,2025-09-13T06:12:47Z,CPA259,"50.31287,7.672829",40000,462,291
1757743998,2025-09-13T06:13:18Z,CPA259,"50.337383,7.575474",40000,462,291
1757744030,2025-09-13T06:13:50Z,CPA259,"50.360432,7.477535",40000,458,289
1757744061,2025-09-13T06:14:21Z,CPA259,"50.382507,7.381334",40000,454,290
1757744092,2025-09-13T06:14:52Z,CPA259,"50.404793,7.285657",40000,451,290
1757744123,2025-09-13T06:15:23Z,CPA259,"50.427155,7.18947",40000,450,290
1757744154,2025-09-13T06:15:54Z,CPA259,"50.449196,7.094093",40000,450,290
1757744185,2025-09-13T06:16:25Z,CPA259,"50.471218,6.998475",40000,450,290
1757744217,2025-09-13T06:16:57Z,CPA259,"50.49342,6.902008",40000,452,289
1757744248,2025-09-13T06:17:28Z,CPA259,"50.515076,6.806931",40000,453,289
1757744278,2025-09-13T06:17:58Z,CPA259,"50.53677,6.71143",40000,455,289
1757744309,2025-09-13T06:18:29Z,CPA259,"50.558811,6.61404",40000,456,289
1757744341,2025-09-13T06:19:01Z,CPA259,"50.580696,6.516923",40000,454,289
1757744372,2025-09-13T06:19:32Z,CPA259,"50.602325,6.420517",40000,452,289
1757744403,2025-09-13T06:20:03Z,CPA259,"50.624012,6.323547",40000,451,289
1757744434,2025-09-13T06:20:34Z,CPA259,"50.645279,6.227593",40000,452,289
1757744466,2025-09-13T06:21:06Z,CPA259,"50.666977,6.129608",40000,454,289
1757744498,2025-09-13T06:21:38Z,CPA259,"50.689686,6.026579",40000,456,289
1757744530,2025-09-13T06:22:10Z,CPA259,"50.711273,5.928067",40000,455,289
1757744561,2025-09-13T06:22:41Z,CPA259,"50.732681,5.830063",40000,454,289
1757744592,2025-09-13T06:23:12Z,CPA259,"50.75375,5.732594",40000,455,288
1757744624,2025-09-13T06:23:44Z,CPA259,"50.774765,5.634236",40000,456,288
1757744655,2025-09-13T06:24:15Z,CPA259,"50.795845,5.535374",40000,457,288
1757744686,2025-09-13T06:24:46Z,CPA259,"50.816586,5.437438",40000,459,288
1757744717,2025-09-13T06:25:17Z,CPA259,"50.837555,5.338443",40000,459,288
1757744748,2025-09-13T06:25:48Z,CPA259,"50.85865,5.238595",40000,459,288
1757744780,2025-09-13T06:26:20Z,CPA259,"50.879578,5.139894",40000,459,288
1757744811,2025-09-13T06:26:51Z,CPA259,"50.900429,5.040299",40000,460,288
1757744842,2025-09-13T06:27:22Z,CPA259,"50.92128,4.940495",40000,458,288
1757744874,2025-09-13T06:27:54Z,CPA259,"50.942162,4.840529",40000,457,288
1757744905,2025-09-13T06:28:25Z,CPA259,"50.962437,4.742565",40000,456,288
1757744936,2025-09-13T06:28:56Z,CPA259,"50.982773,4.643631",40000,456,288
1757744967,2025-09-13T06:29:27Z,CPA259,"51.002964,4.545171",40000,455,287
1757744998,2025-09-13T06:29:58Z,CPA259,"51.023129,4.446773",40000,456,287
1757745029,2025-09-13T06:30:29Z,CPA259,"51.043201,4.348436",40000,455,287
1757745060,2025-09-13T06:31:00Z,CPA259,"51.063259,4.249647",40000,454,287
1757745092,2025-09-13T06:31:32Z,CPA259,"51.083111,4.15087",40000,453,287
1757745123,2025-09-13T06:32:03Z,CPA259,"51.102753,4.052299",40000,454,287
1757745154,2025-09-13T06:32:34Z,CPA259,"51.122543,3.952706",40000,454,287
1757745185,2025-09-13T06:33:05Z,CPA259,"51.142159,3.853458",40000,455,287
1757745216,2025-09-13T06:33:36Z,CPA259,"51.161522,3.754663",40000,456,287
1757745248,2025-09-13T06:34:08Z,CPA259,"51.180874,3.655504",40000,457,287
1757745279,2025-09-13T06:34:39Z,CPA259,"51.200397,3.554989",40000,458,287
1757745310,2025-09-13T06:35:10Z,CPA259,"51.219784,3.454539",40000,457,286
1757745342,2025-09-13T06:35:42Z,CPA259,"51.239178,3.353752",40000,458,287
1757745373,2025-09-13T06:36:13Z,CPA259,"51.258636,3.252198",40000,457,286
1757745405,2025-09-13T06:36:45Z,CPA259,"51.277916,3.15063",40000,457,286
1757745436,2025-09-13T06:37:16Z,CPA259,"51.296757,3.051341",40000,457,286
1757745467,2025-09-13T06:37:47Z,CPA259,"51.315758,2.950368",40000,460,286
1757745498,2025-09-13T06:38:18Z,CPA259,"51.334858,2.848975",40000,461,286
1757745530,2025-09-13T06:38:50Z,CPA259,"51.353527,2.746781",40000,458,284
1757745561,2025-09-13T06:39:21Z,CPA259,"51.366722,2.642334",40000,456,280
1757745593,2025-09-13T06:39:53Z,CPA259,"51.37915,2.539696",40000,458,281
1757745624,2025-09-13T06:40:24Z,CPA259,"51.391979,2.43546",40000,460,281
1757745655,2025-09-13T06:40:55Z,CPA259,"51.404598,2.331913",40000,460,280
1757745687,2025-09-13T06:41:27Z,CPA259,"51.418301,2.226936",40000,460,284
1757745718,2025-09-13T06:41:58Z,CPA259,"51.43837,2.125845",40000,462,288
1757745749,2025-09-13T06:42:29Z,CPA259,"51.459538,2.025225",40025,462,288
1757745781,2025-09-13T06:43:01Z,CPA259,"51.481285,1.924839",40000,460,288
1757745812,2025-09-13T06:43:32Z,CPA259,"51.502682,1.82464",40000,458,288
1757745843,2025-09-13T06:44:03Z,CPA259,"51.524063,1.724174",40000,456,288
1757745874,2025-09-13T06:44:34Z,CPA259,"51.545044,1.625367",40000,458,288
1757745906,2025-09-13T06:45:06Z,CPA259,"51.566158,1.524733",40000,460,288
1757745937,2025-09-13T06:45:37Z,CPA259,"51.587502,1.423821",40000,462,288
1757745970,2025-09-13T06:46:10Z,CPA259,"51.610138,1.317089",40000,464,288
1757746001,2025-09-13T06:46:41Z,CPA259,"51.631603,1.215715",40000,466,288
1757746032,2025-09-13T06:47:12Z,CPA259,"51.653194,1.114045",40000,463,288
1757746063,2025-09-13T06:47:43Z,CPA259,"51.674362,1.01441",40000,460,288
1757746094,2025-09-13T06:48:14Z,CPA259,"51.694805,0.915064",40000,460,288
1757746125,2025-09-13T06:48:45Z,CPA259,"51.715595,0.81421",40000,462,288
1757746156,2025-09-13T06:49:16Z,CPA259,"51.736168,0.71351",40000,462,288
1757746188,2025-09-13T06:49:48Z,CPA259,"51.757702,0.606609",40000,462,287
1757746220,2025-09-13T06:50:20Z,CPA259,"51.778542,0.503674",40000,460,287
1757746251,2025-09-13T06:50:51Z,CPA259,"51.798958,0.403656",40000,459,290
1757746263,2025-09-13T06:51:03Z,CPA259,"51.809246,0.365064",40000,461,297
1757746265,2025-09-13T06:51:05Z,CPA259,"51.811344,0.35866",40000,461,298
1757746267,2025-09-13T06:51:07Z,CPA259,"51.813389,0.352609",40000,462,299
1757746269,2025-09-13T06:51:09Z,CPA259,"51.815578,0.346413",40000,463,300
1757746272,2025-09-13T06:51:12Z,CPA259,"51.817917,0.340112",40000,463,301
1757746274,2025-09-13T06:51:14Z,CPA259,"51.820179,0.334132",40000,464,301
1757746276,2025-09-13T06:51:16Z,CPA259,"51.822464,0.328349",40000,463,302
1757746278,2025-09-13T06:51:18Z,CPA259,"51.82476,0.322504",40000,463,302
1757746280,2025-09-13T06:51:20Z,CPA259,"51.827076,0.316608",40000,464,302
1757746282,2025-09-13T06:51:22Z,CPA259,"51.829521,0.310459",40000,463,302
1757746284,2025-09-13T06:51:24Z,CPA259,"51.831764,0.304704",40000,463,302
1757746315,2025-09-13T06:51:55Z,CPA259,"51.866379,0.213514",39625,465,300
1757746346,2025-09-13T06:52:26Z,CPA259,"51.900368,0.119881",38725,456,300
1757746377,2025-09-13T06:52:57Z,CPA259,"51.933067,0.029898",37775,453,300
1757746410,2025-09-13T06:53:30Z,CPA259,"51.967678,-0.065069",36750,447,300
1757746441,2025-09-13T06:54:01Z,CPA259,"52.000065,-0.154062",35800,440,300
1757746472,2025-09-13T06:54:32Z,CPA259,"52.03281,-0.240471",34950,436,307
1757746476,2025-09-13T06:54:36Z,CPA259,"52.038128,-0.251269",34850,437,310
1757746478,2025-09-13T06:54:38Z,CPA259,"52.040966,-0.256641",34775,438,311
1757746480,2025-09-13T06:54:40Z,CPA259,"52.043579,-0.261205",34675,439,313
1757746483,2025-09-13T06:54:43Z,CPA259,"52.046589,-0.266318",34625,439,314
1757746485,2025-09-13T06:54:45Z,CPA259,"52.049568,-0.271092",34550,439,315
1757746487,2025-09-13T06:54:47Z,CPA259,"52.052616,-0.275775",34475,440,316
1757746489,2025-09-13T06:54:49Z,CPA259,"52.055576,-0.280285",34425,440,317
1757746491,2025-09-13T06:54:51Z,CPA259,"52.058601,-0.284779",34350,440,317
1757746493,2025-09-13T06:54:53Z,CPA259,"52.061733,-0.289342",34275,439,317
1757746495,2025-09-13T06:54:55Z,CPA259,"52.064892,-0.294007",34225,438,317
1757746497,2025-09-13T06:54:57Z,CPA259,"52.068115,-0.298652",34150,438,317
1757746499,2025-09-13T06:54:59Z,CPA259,"52.071068,-0.302973",34075,437,317
1757746530,2025-09-13T06:55:30Z,CPA259,"52.116596,-0.371743",33100,428,316
1757746563,2025-09-13T06:56:03Z,CPA259,"52.162659,-0.444627",32050,421,315
1757746594,2025-09-13T06:56:34Z,CPA259,"52.205406,-0.51227",31125,416,315
1757746625,2025-09-13T06:57:05Z,CPA259,"52.247902,-0.579331",30175,410,315
1757746656,2025-09-13T06:57:36Z,CPA259,"52.289623,-0.645393",29250,407,315
1757746687,2025-09-13T06:58:07Z,CPA259,"52.33131,-0.711404",28300,402,315
1757746718,2025-09-13T06:58:38Z,CPA259,"52.372223,-0.776697",27400,397,315
1757746746,2025-09-13T06:59:06Z,CPA259,"52.411537,-0.833599",26575,398,325
1757746749,2025-09-13T06:59:09Z,CPA259,"52.414619,-0.837009",26525,398,326
1757746751,2025-09-13T06:59:11Z,CPA259,"52.417671,-0.840313",26475,398,327
1757746753,2025-09-13T06:59:13Z,CPA259,"52.420849,-0.843568",26425,398,328
1757746755,2025-09-13T06:59:15Z,CPA259,"52.424168,-0.846877",26375,398,329
1757746757,2025-09-13T06:59:17Z,CPA259,"52.427464,-0.85005",26350,398,329
1757746759,2025-09-13T06:59:19Z,CPA259,"52.430805,-0.853217",26300,397,330
1757746761,2025-09-13T06:59:21Z,CPA259,"52.434242,-0.856403",26250,396,330
1757746763,2025-09-13T06:59:23Z,CPA259,"52.437401,-0.859363",26200,396,330
1757746765,2025-09-13T06:59:25Z,CPA259,"52.440842,-0.862531",26150,396,330
1757746767,2025-09-13T06:59:27Z,CPA259,"52.444004,-0.865417",26100,395,330
1757746798,2025-09-13T06:59:58Z,CPA259,"52.493244,-0.910118",25175,390,331
1757746829,2025-09-13T07:00:29Z,CPA259,"52.541809,-0.954046",24300,383,330
1757746860,2025-09-13T07:01:00Z,CPA259,"52.58913,-0.997221",23575,373,331
1757746893,2025-09-13T07:01:33Z,CPA259,"52.637371,-1.041058",23200,355,330
1757746924,2025-09-13T07:02:04Z,CPA259,"52.682011,-1.081958",22400,351,330
1757746955,2025-09-13T07:02:35Z,CPA259,"52.72554,-1.122122",21650,346,330
1757746986,2025-09-13T07:03:06Z,CPA259,"52.768414,-1.161286",20875,342,331
1757747017,2025-09-13T07:03:37Z,CPA259,"52.81152,-1.200577",20050,339,331
1757747048,2025-09-13T07:04:08Z,CPA259,"52.853527,-1.238808",19400,333,330
1757747079,2025-09-13T07:04:39Z,CPA259,"52.895027,-1.277577",18825,325,330
1757747110,2025-09-13T07:05:10Z,CPA259,"52.934746,-1.314509",18475,309,330
1757747140,2025-09-13T07:05:40Z,CPA259,"52.970123,-1.349658",18025,292,319
1757747142,2025-09-13T07:05:42Z,CPA259,"52.972172,-1.352642",18000,292,316
1757747144,2025-09-13T07:05:44Z,CPA259,"52.974194,-1.355902",17950,289,313
1757747146,2025-09-13T07:05:46Z,CPA259,"52.976143,-1.359444",17925,286,309
1757747148,2025-09-13T07:05:48Z,CPA259,"52.977772,-1.362773",17875,284,306
1757747150,2025-09-13T07:05:50Z,CPA259,"52.979404,-1.36646",17825,282,303
1757747152,2025-09-13T07:05:52Z,CPA259,"52.980892,-1.370304",17775,280,300
1757747154,2025-09-13T07:05:54Z,CPA259,"52.982185,-1.374182",17725,280,296
1757747156,2025-09-13T07:05:56Z,CPA259,"52.983406,-1.37844",17675,277,293
1757747159,2025-09-13T07:05:59Z,CPA259,"52.984428,-1.382291",17600,276,291
1757747161,2025-09-13T07:06:01Z,CPA259,"52.985466,-1.386911",17550,275,289
1757747163,2025-09-13T07:06:03Z,CPA259,"52.986259,-1.390787",17500,275,287
1757747165,2025-09-13T07:06:05Z,CPA259,"52.986988,-1.394879",17425,276,286
1757747167,2025-09-13T07:06:07Z,CPA259,"52.98772,-1.399047",17375,274,284
1757747169,2025-09-13T07:06:09Z,CPA259,"52.988342,-1.403191",17325,274,283
1757747171,2025-09-13T07:06:11Z,CPA259,"52.988972,-1.407715",17275,274,282
1757747173,2025-09-13T07:06:13Z,CPA259,"52.989574,-1.412044",17225,274,281
1757747175,2025-09-13T07:06:15Z,CPA259,"52.99007,-1.416188",17175,275,281
1757747177,2025-09-13T07:06:17Z,CPA259,"52.990582,-1.420698",17125,274,280
1757747179,2025-09-13T07:06:19Z,CPA259,"52.991066,-1.424832",17075,274,280
1757747181,2025-09-13T07:06:21Z,CPA259,"52.991581,-1.429358",17025,274,280
1757747184,2025-09-13T07:06:24Z,CPA259,"52.992046,-1.433603",16975,274,280
1757747186,2025-09-13T07:06:26Z,CPA259,"52.992512,-1.438126",16925,274,279
1757747188,2025-09-13T07:06:28Z,CPA259,"52.99292,-1.442299",16875,273,279
1757747190,2025-09-13T07:06:30Z,CPA259,"52.993359,-1.446454",16850,273,279
1757747221,2025-09-13T07:07:01Z,CPA259,"52.999691,-1.510032",16250,267,279
1757747252,2025-09-13T07:07:32Z,CPA259,"53.005993,-1.572126",15675,264,279
1757747283,2025-09-13T07:08:03Z,CPA259,"53.011917,-1.63319",15025,260,278
1757747313,2025-09-13T07:08:33Z,CPA259,"53.017376,-1.694354",14375,257,278
1757747344,2025-09-13T07:09:04Z,CPA259,"53.022762,-1.754191",13775,254,278
1757747375,2025-09-13T07:09:35Z,CPA259,"53.028057,-1.813769",13250,252,283
1757747379,2025-09-13T07:09:39Z,CPA259,"53.029339,-1.821475",13175,253,290
1757747381,2025-09-13T07:09:41Z,CPA259,"53.030228,-1.825432",13125,255,293
1757747384,2025-09-13T07:09:44Z,CPA259,"53.031353,-1.829324",13075,256,297
1757747386,2025-09-13T07:09:46Z,CPA259,"53.03257,-1.833181",13025,258,300
1757747388,2025-09-13T07:09:48Z,CPA259,"53.03389,-1.836704",12975,259,303
1757747390,2025-09-13T07:09:50Z,CPA259,"53.035286,-1.839969",12925,261,308
1757747392,2025-09-13T07:09:52Z,CPA259,"53.03693,-1.843469",12875,263,311
1757747394,2025-09-13T07:09:54Z,CPA259,"53.038609,-1.84665",12825,265,313
1757747396,2025-09-13T07:09:56Z,CPA259,"53.040371,-1.849542",12775,266,316
1757747398,2025-09-13T07:09:58Z,CPA259,"53.042358,-1.852606",12700,268,319
1757747400,2025-09-13T07:10:00Z,CPA259,"53.04425,-1.855176",12650,270,322
1757747403,2025-09-13T07:10:03Z,CPA259,"53.046421,-1.857918",12600,272,324
1757747405,2025-09-13T07:10:05Z,CPA259,"53.048641,-1.860394",12550,272,327
1757747407,2025-09-13T07:10:07Z,CPA259,"53.05077,-1.862659",12525,274,329
1757747409,2025-09-13T07:10:09Z,CPA259,"53.053082,-1.864929",12475,274,330
1757747411,2025-09-13T07:10:11Z,CPA259,"53.055279,-1.866932",12450,274,331
1757747413,2025-09-13T07:10:13Z,CPA259,"53.05756,-1.868999",12425,273,332
1757747415,2025-09-13T07:10:15Z,CPA259,"53.059811,-1.870935",12400,272,332
1757747417,2025-09-13T07:10:17Z,CPA259,"53.062046,-1.872927",12375,272,331
1757747419,2025-09-13T07:10:19Z,CPA259,"53.06432,-1.874993",12350,271,331
1757747421,2025-09-13T07:10:21Z,CPA259,"53.066551,-1.876924",12325,270,331
1757747423,2025-09-13T07:10:23Z,CPA259,"53.068733,-1.878916",12300,269,331
1757747425,2025-09-13T07:10:25Z,CPA259,"53.071049,-1.881027",12275,269,331
1757747427,2025-09-13T07:10:27Z,CPA259,"53.073586,-1.883415",12250,268,331
1757747458,2025-09-13T07:10:58Z,CPA259,"53.106258,-1.913749",11950,254,331
1757747471,2025-09-13T07:11:11Z,CPA259,"53.119186,-1.92556",11725,252,331
1757747485,2025-09-13T07:11:25Z,CPA259,"53.133896,-1.938781",11450,251,332
1757747500,2025-09-13T07:11:40Z,CPA259,"53.148956,-1.952131",11150,251,332
1757747515,2025-09-13T07:11:55Z,CPA259,"53.164078,-1.965219",10850,252,332
1757747527,2025-09-13T07:12:07Z,CPA259,"53.176613,-1.976012",10700,247,332
1757747542,2025-09-13T07:12:22Z,CPA259,"53.191387,-1.988646",10575,240,333
1757747556,2025-09-13T07:12:36Z,CPA259,"53.20554,-2.000747",10450,236,333
1757747570,2025-09-13T07:12:50Z,CPA259,"53.219372,-2.012639",10350,228,332
1757747585,2025-09-13T07:13:05Z,CPA259,"53.232594,-2.024055",10225,222,332
1757747597,2025-09-13T07:13:17Z,CPA259,"53.243961,-2.033916",10050,220,332
1757747612,2025-09-13T07:13:32Z,CPA259,"53.257038,-2.045053",9800,220,335
1757747620,2025-09-13T07:13:40Z,CPA259,"53.264839,-2.050115",9675,223,344
1757747622,2025-09-13T07:13:42Z,CPA259,"53.26693,-2.051128",9650,223,346
1757747624,2025-09-13T07:13:44Z,CPA259,"53.268944,-2.051928",9625,226,349
1757747626,2025-09-13T07:13:46Z,CPA259,"53.271038,-2.052448",9600,226,353
1757747628,2025-09-13T07:13:48Z,CPA259,"53.273117,-2.052775",9550,228,357
1757747630,2025-09-13T07:13:50Z,CPA259,"53.275455,-2.052912",9525,230,2
1757747632,2025-09-13T07:13:52Z,CPA259,"53.277493,-2.052769",9475,231,5
1757747634,2025-09-13T07:13:54Z,CPA259,"53.279701,-2.052358",9450,233,11
1757747636,2025-09-13T07:13:56Z,CPA259,"53.281956,-2.051559",9425,234,15
1757747638,2025-09-13T07:13:58Z,CPA259,"53.284119,-2.050482",9375,236,20
1757747640,2025-09-13T07:14:00Z,CPA259,"53.286118,-2.049167",9350,237,26
1757747643,2025-09-13T07:14:03Z,CPA259,"53.288406,-2.047282",9325,238,30
1757747645,2025-09-13T07:14:05Z,CPA259,"53.290333,-2.045225",9275,238,37
1757747647,2025-09-13T07:14:07Z,CPA259,"53.292114,-2.042884",9250,238,41
1757747649,2025-09-13T07:14:09Z,CPA259,"53.293941,-2.040155",9225,239,46
1757747651,2025-09-13T07:14:11Z,CPA259,"53.295452,-2.037358",9175,239,51
1757747653,2025-09-13T07:14:13Z,CPA259,"53.296829,-2.034198",9125,239,56
1757747655,2025-09-13T07:14:15Z,CPA259,"53.298077,-2.030954",9100,240,61
1757747657,2025-09-13T07:14:17Z,CPA259,"53.299133,-2.027355",9050,239,66
1757747659,2025-09-13T07:14:19Z,CPA259,"53.300007,-2.024184",9000,239,70
1757747662,2025-09-13T07:14:22Z,CPA259,"53.300709,-2.020525",8950,239,75
1757747664,2025-09-13T07:14:24Z,CPA259,"53.301273,-2.016553",8900,238,79
1757747666,2025-09-13T07:14:26Z,CPA259,"53.301609,-2.012855",8875,238,84
1757747668,2025-09-13T07:14:28Z,CPA259,"53.301804,-2.00936",8825,238,88
1757747670,2025-09-13T07:14:30Z,CPA259,"53.301792,-2.005641",8775,237,93
1757747672,2025-09-13T07:14:32Z,CPA259,"53.301586,-2.001795",8725,236,97
1757747674,2025-09-13T07:14:34Z,CPA259,"53.301292,-1.998246",8700,235,101
1757747676,2025-09-13T07:14:36Z,CPA259,"53.300762,-1.993963",8650,234,106
1757747678,2025-09-13T07:14:38Z,CPA259,"53.30014,-1.990457",8625,232,109
1757747680,2025-09-13T07:14:40Z,CPA259,"53.299294,-1.98685",8575,232,113
1757747682,2025-09-13T07:14:42Z,CPA259,"53.29834,-1.983533",8550,230,117
1757747685,2025-09-13T07:14:45Z,CPA259,"53.297226,-1.980093",8525,228,121
1757747687,2025-09-13T07:14:47Z,CPA259,"53.296047,-1.976901",8475,226,125
1757747689,2025-09-13T07:14:49Z,CPA259,"53.294827,-1.974087",8450,225,128
1757747691,2025-09-13T07:14:51Z,CPA259,"53.29335,-1.971095",8400,224,130
1757747693,2025-09-13T07:14:53Z,CPA259,"53.291882,-1.968373",8375,223,132
1757747695,2025-09-13T07:14:55Z,CPA259,"53.290436,-1.965824",8325,224,133
1757747697,2025-09-13T07:14:57Z,CPA259,"53.288937,-1.96323",8300,224,134
1757747699,2025-09-13T07:14:59Z,CPA259,"53.28743,-1.960796",8250,224,134
1757747701,2025-09-13T07:15:01Z,CPA259,"53.285851,-1.958179",8225,224,134
1757747703,2025-09-13T07:15:03Z,CPA259,"53.284317,-1.955593",8175,224,134
1757747706,2025-09-13T07:15:06Z,CPA259,"53.282764,-1.952954",8150,224,133
1757747708,2025-09-13T07:15:08Z,CPA259,"53.28133,-1.950423",8125,224,133
1757747710,2025-09-13T07:15:10Z,CPA259,"53.279823,-1.947723",8100,224,133
1757747712,2025-09-13T07:15:12Z,CPA259,"53.278252,-1.944964",8075,225,132
1757747714,2025-09-13T07:15:14Z,CPA259,"53.276775,-1.942254",8050,223,132
1757747727,2025-09-13T07:15:27Z,CPA259,"53.268322,-1.926172",7925,222,129
1757747741,2025-09-13T07:15:41Z,CPA259,"53.258797,-1.907101",7725,220,129
1757747754,2025-09-13T07:15:54Z,CPA259,"53.250572,-1.890756",7550,219,132
1757747760,2025-09-13T07:16:00Z,CPA259,"53.246094,-1.883539",7450,216,140
1757747762,2025-09-13T07:16:02Z,CPA259,"53.244469,-1.8814",7425,213,144
1757747764,2025-09-13T07:16:04Z,CPA259,"53.24284,-1.879493",7375,212,148
1757747766,2025-09-13T07:16:06Z,CPA259,"53.24102,-1.877818",7350,210,152
1757747768,2025-09-13T07:16:08Z,CPA259,"53.239231,-1.87639",7325,207,157
1757747770,2025-09-13T07:16:10Z,CPA259,"53.23753,-1.875189",7275,205,160
1757747772,2025-09-13T07:16:12Z,CPA259,"53.235592,-1.87423",7250,203,165
1757747775,2025-09-13T07:16:15Z,CPA259,"53.233646,-1.873367",7200,202,168
1757747777,2025-09-13T07:16:17Z,CPA259,"53.231743,-1.872847",7175,200,172
1757747779,2025-09-13T07:16:19Z,CPA259,"53.229885,-1.872515",7150,198,176
1757747781,2025-09-13T07:16:21Z,CPA259,"53.227962,-1.872385",7125,197,181
1757747783,2025-09-13T07:16:23Z,CPA259,"53.22612,-1.872511",7075,195,184
1757747785,2025-09-13T07:16:25Z,CPA259,"53.224255,-1.872809",7050,194,187
1757747787,2025-09-13T07:16:27Z,CPA259,"53.222279,-1.873349",7025,191,192
1757747789,2025-09-13T07:16:29Z,CPA259,"53.220474,-1.874054",7025,190,195
1757747791,2025-09-13T07:16:31Z,CPA259,"53.218712,-1.874922",7000,189,198
1757747793,2025-09-13T07:16:33Z,CPA259,"53.217003,-1.875997",7000,187,202
1757747795,2025-09-13T07:16:35Z,CPA259,"53.215488,-1.877102",7000,186,205
1757747797,2025-09-13T07:16:37Z,CPA259,"53.213783,-1.878583",7000,185,208
1757747799,2025-09-13T07:16:39Z,CPA259,"53.212322,-1.879964",7000,184,211
1757747802,2025-09-13T07:16:42Z,CPA259,"53.2108,-1.881532",7000,183,214
1757747804,2025-09-13T07:16:44Z,CPA259,"53.20932,-1.88324",7000,184,217
1757747806,2025-09-13T07:16:46Z,CPA259,"53.207985,-1.885021",7000,183,220
1757747808,2025-09-13T07:16:48Z,CPA259,"53.206615,-1.886987",7000,183,222
1757747810,2025-09-13T07:16:50Z,CPA259,"53.205368,-1.888951",7000,183,225
1757747812,2025-09-13T07:16:52Z,CPA259,"53.204151,-1.891094",7000,183,228
1757747814,2025-09-13T07:16:54Z,CPA259,"53.202927,-1.893491",7000,183,231
1757747816,2025-09-13T07:16:56Z,CPA259,"53.202003,-1.895527",7000,184,234
1757747818,2025-09-13T07:16:58Z,CPA259,"53.200939,-1.897995",7000,183,237
1757747820,2025-09-13T07:17:00Z,CPA259,"53.200001,-1.900588",7000,183,240
1757747822,2025-09-13T07:17:02Z,CPA259,"53.199104,-1.903228",7000,184,243
1757747824,2025-09-13T07:17:04Z,CPA259,"53.198372,-1.905689",6975,183,246
1757747826,2025-09-13T07:17:06Z,CPA259,"53.197716,-1.908369",6975,182,249
1757747828,2025-09-13T07:17:08Z,CPA259,"53.197037,-1.91131",6950,182,252
1757747830,2025-09-13T07:17:10Z,CPA259,"53.196568,-1.913973",6925,182,254
1757747832,2025-09-13T07:17:12Z,CPA259,"53.196121,-1.916823",6875,182,258
1757747835,2025-09-13T07:17:15Z,CPA259,"53.195744,-1.919752",6875,182,261
1757747837,2025-09-13T07:17:17Z,CPA259,"53.195496,-1.922714",6825,182,264
1757747839,2025-09-13T07:17:19Z,CPA259,"53.195419,-1.925593",6800,184,267
1757747841,2025-09-13T07:17:21Z,CPA259,"53.195335,-1.928462",6775,183,271
1757747843,2025-09-13T07:17:23Z,CPA259,"53.195385,-1.931387",6750,183,274
1757747845,2025-09-13T07:17:25Z,CPA259,"53.195568,-1.934203",6725,183,277
1757747847,2025-09-13T07:17:27Z,CPA259,"53.195805,-1.937054",6700,184,280
1757747849,2025-09-13T07:17:29Z,CPA259,"53.196175,-1.93999",6675,184,284
1757747851,2025-09-13T07:17:31Z,CPA259,"53.196648,-1.942935",6650,185,287
1757747853,2025-09-13T07:17:33Z,CPA259,"53.197121,-1.945584",6625,185,290
1757747855,2025-09-13T07:17:35Z,CPA259,"53.19772,-1.948299",6600,186,293
1757747857,2025-09-13T07:17:37Z,CPA259,"53.198505,-1.951042",6550,187,296
1757747859,2025-09-13T07:17:39Z,CPA259,"53.199436,-1.953944",6525,188,300
1757747861,2025-09-13T07:17:41Z,CPA259,"53.200298,-1.956382",6500,190,303
1757747863,2025-09-13T07:17:43Z,CPA259,"53.201328,-1.958985",6450,190,306
1757747866,2025-09-13T07:17:46Z,CPA259,"53.202484,-1.961549",6425,191,308
1757747868,2025-09-13T07:17:48Z,CPA259,"53.203629,-1.96391",6375,191,310
1757747870,2025-09-13T07:17:50Z,CPA259,"53.204857,-1.966215",6350,192,311
1757747872,2025-09-13T07:17:52Z,CPA259,"53.206024,-1.968518",6325,192,311
1757747874,2025-09-13T07:17:54Z,CPA259,"53.207253,-1.970713",6300,192,311
1757747876,2025-09-13T07:17:56Z,CPA259,"53.20842,-1.973043",6250,191,311
1757747878,2025-09-13T07:17:58Z,CPA259,"53.20961,-1.97527",6225,191,311
1757747880,2025-09-13T07:18:00Z,CPA259,"53.210781,-1.977511",6200,191,312
1757747882,2025-09-13T07:18:02Z,CPA259,"53.212086,-1.979733",6175,191,312
1757747884,2025-09-13T07:18:04Z,CPA259,"53.213326,-1.982028",6150,191,312
1757747886,2025-09-13T07:18:06Z,CPA259,"53.214504,-1.984316",6125,191,312
1757747888,2025-09-13T07:18:08Z,CPA259,"53.215847,-1.986698",6125,191,312
1757747890,2025-09-13T07:18:10Z,CPA259,"53.217022,-1.988871",6100,190,313
1757747905,2025-09-13T07:18:25Z,CPA259,"53.225681,-2.004532",5975,187,313
1757747917,2025-09-13T07:18:37Z,CPA259,"53.233143,-2.017859",5875,186,312
1757747930,2025-09-13T07:18:50Z,CPA259,"53.240501,-2.031217",5775,188,317
1757747934,2025-09-13T07:18:54Z,CPA259,"53.24329,-2.035168",5750,192,326
1757747936,2025-09-13T07:18:56Z,CPA259,"53.244854,-2.036802",5725,195,330
1757747938,2025-09-13T07:18:58Z,CPA259,"53.24654,-2.038397",5700,198,336
1757747940,2025-09-13T07:19:00Z,CPA259,"53.248413,-2.03969",5675,202,341
1757747943,2025-09-13T07:19:03Z,CPA259,"53.250317,-2.040626",5650,204,346
1757747945,2025-09-13T07:19:05Z,CPA259,"53.252136,-2.041387",5625,208,351
1757747947,2025-09-13T07:19:07Z,CPA259,"53.254154,-2.041872",5600,212,356
1757747949,2025-09-13T07:19:09Z,CPA259,"53.256149,-2.042027",5575,214,358
1757747951,2025-09-13T07:19:11Z,CPA259,"53.258179,-2.041991",5550,216,4
1757747953,2025-09-13T07:19:13Z,CPA259,"53.260231,-2.041671",5525,219,9
1757747955,2025-09-13T07:19:15Z,CPA259,"53.26236,-2.04097",5525,222,14
1757747957,2025-09-13T07:19:17Z,CPA259,"53.264328,-2.040015",5500,224,18
1757747959,2025-09-13T07:19:19Z,CPA259,"53.26646,-2.038793",5475,226,22
1757747961,2025-09-13T07:19:21Z,CPA259,"53.268719,-2.037246",5475,228,26
1757747964,2025-09-13T07:19:24Z,CPA259,"53.270653,-2.03564",5475,229,29
1757747966,2025-09-13T07:19:26Z,CPA259,"53.27264,-2.033706",5450,229,31
1757747968,2025-09-13T07:19:28Z,CPA259,"53.274376,-2.031862",5450,229,33
1757747970,2025-09-13T07:19:30Z,CPA259,"53.276249,-2.029798",5450,230,34
1757747972,2025-09-13T07:19:32Z,CPA259,"53.277988,-2.027923",5450,230,35
1757747974,2025-09-13T07:19:34Z,CPA259,"53.279732,-2.025831",5425,230,36
1757747976,2025-09-13T07:19:36Z,CPA259,"53.281437,-2.023721",5425,230,36
1757747978,2025-09-13T07:19:38Z,CPA259,"53.283188,-2.021435",5425,229,37
1757747980,2025-09-13T07:19:40Z,CPA259,"53.285034,-2.019079",5425,229,37
1757747982,2025-09-13T07:19:42Z,CPA259,"53.286858,-2.01691",5400,229,37
1757747984,2025-09-13T07:19:44Z,CPA259,"53.288578,-2.014676",5400,228,38
1757747986,2025-09-13T07:19:46Z,CPA259,"53.290325,-2.012385",5375,228,38
1757747988,2025-09-13T07:19:48Z,CPA259,"53.292057,-2.010045",5375,228,38
1757747991,2025-09-13T07:19:51Z,CPA259,"53.293831,-2.007652",5350,228,38
1757747993,2025-09-13T07:19:53Z,CPA259,"53.295486,-2.005425",5350,228,39
1757748005,2025-09-13T07:20:05Z,CPA259,"53.305473,-1.991882",5300,230,39
1757748020,2025-09-13T07:20:20Z,CPA259,"53.317699,-1.975238",5275,231,39
1757748032,2025-09-13T07:20:32Z,CPA259,"53.328152,-1.961036",5275,228,39
1757748045,2025-09-13T07:20:45Z,CPA259,"53.338337,-1.94721",5250,226,39
1757748060,2025-09-13T07:21:00Z,CPA259,"53.350368,-1.930976",5275,227,39
1757748074,2025-09-13T07:21:14Z,CPA259,"53.362236,-1.914914",5275,227,39
1757748085,2025-09-13T07:21:25Z,CPA259,"53.37085,-1.904459",5250,218,28
1757748087,2025-09-13T07:21:27Z,CPA259,"53.372761,-1.902857",5225,216,25
1757748089,2025-09-13T07:21:29Z,CPA259,"53.374565,-1.901577",5200,214,22
1757748091,2025-09-13T07:21:31Z,CPA259,"53.376446,-1.900427",5150,212,18
1757748093,2025-09-13T07:21:33Z,CPA259,"53.378544,-1.899312",5100,211,16
1757748095,2025-09-13T07:21:35Z,CPA259,"53.380421,-1.898485",5050,211,14
1757748097,2025-09-13T07:21:37Z,CPA259,"53.382393,-1.897616",5025,211,12
1757748099,2025-09-13T07:21:39Z,CPA259,"53.384434,-1.896905",4975,211,11
1757748101,2025-09-13T07:21:41Z,CPA259,"53.386402,-1.896264",4950,210,10
1757748104,2025-09-13T07:21:44Z,CPA259,"53.388397,-1.895657",4925,209,10
1757748106,2025-09-13T07:21:46Z,CPA259,"53.390453,-1.895049",4900,208,9
1757748108,2025-09-13T07:21:48Z,CPA259,"53.392395,-1.894508",4900,206,9
1757748110,2025-09-13T07:21:50Z,CPA259,"53.394268,-1.894004",4875,205,8
1757748112,2025-09-13T07:21:52Z,CPA259,"53.396301,-1.893448",4850,204,8
1757748114,2025-09-13T07:21:54Z,CPA259,"53.398243,-1.893011",4850,203,8
1757748116,2025-09-13T07:21:56Z,CPA259,"53.400227,-1.892656",4825,202,8
1757748118,2025-09-13T07:21:58Z,CPA259,"53.402073,-1.892157",4800,201,7
1757748120,2025-09-13T07:22:00Z,CPA259,"53.404018,-1.89172",4800,200,7
1757748122,2025-09-13T07:22:02Z,CPA259,"53.405834,-1.891283",4775,199,7
1757748124,2025-09-13T07:22:04Z,CPA259,"53.407742,-1.89089",4750,199,7
1757748126,2025-09-13T07:22:06Z,CPA259,"53.40958,-1.890466",4750,198,7
1757748135,2025-09-13T07:22:15Z,CPA259,"53.417233,-1.888939",4675,196,7
1757748141,2025-09-13T07:22:21Z,CPA259,"53.42292,-1.887798",4625,193,7
1757748150,2025-09-13T07:22:30Z,CPA259,"53.430298,-1.886204",4550,189,7
1757748156,2025-09-13T07:22:36Z,CPA259,"53.435684,-1.885188",4475,186,3
1757748158,2025-09-13T07:22:38Z,CPA259,"53.437447,-1.885066",4450,184,359
1757748160,2025-09-13T07:22:40Z,CPA259,"53.439365,-1.885115",4400,180,354
1757748162,2025-09-13T07:22:42Z,CPA259,"53.441002,-1.885458",4375,178,349
1757748164,2025-09-13T07:22:44Z,CPA259,"53.442715,-1.886132",4350,175,344
1757748166,2025-09-13T07:22:46Z,CPA259,"53.444328,-1.88697",4300,173,340
1757748169,2025-09-13T07:22:49Z,CPA259,"53.446056,-1.888004",4275,172,337
1757748171,2025-09-13T07:22:51Z,CPA259,"53.447533,-1.889075",4225,172,335
1757748173,2025-09-13T07:22:53Z,CPA259,"53.448986,-1.890322",4200,171,334
1757748175,2025-09-13T07:22:55Z,CPA259,"53.45047,-1.891513",4150,171,332
1757748177,2025-09-13T07:22:57Z,CPA259,"53.451946,-1.892855",4125,171,331
1757748179,2025-09-13T07:22:59Z,CPA259,"53.453304,-1.89417",4075,171,330
1757748181,2025-09-13T07:23:01Z,CPA259,"53.4548,-1.895549",4025,173,329
1757748183,2025-09-13T07:23:03Z,CPA259,"53.456215,-1.89697",4000,173,327
1757748185,2025-09-13T07:23:05Z,CPA259,"53.457527,-1.898502",3950,172,324
1757748187,2025-09-13T07:23:07Z,CPA259,"53.458977,-1.900253",3925,170,320
1757748189,2025-09-13T07:23:09Z,CPA259,"53.460285,-1.902058",3900,169,316
1757748191,2025-09-13T07:23:11Z,CPA259,"53.46133,-1.903944",3875,165,310
1757748193,2025-09-13T07:23:13Z,CPA259,"53.462315,-1.905977",3850,164,305
1757748195,2025-09-13T07:23:15Z,CPA259,"53.463211,-1.908153",3825,162,300
1757748197,2025-09-13T07:23:17Z,CPA259,"53.464016,-1.910403",3825,160,296
1757748199,2025-09-13T07:23:19Z,CPA259,"53.464596,-1.912616",3800,158,291
1757748202,2025-09-13T07:23:22Z,CPA259,"53.465126,-1.91515",3775,156,287
1757748204,2025-09-13T07:23:24Z,CPA259,"53.465576,-1.917698",3775,153,283
1757748206,2025-09-13T07:23:26Z,CPA259,"53.465954,-1.920041",3775,152,281
1757748208,2025-09-13T07:23:28Z,CPA259,"53.466209,-1.922292",3750,152,279
1757748210,2025-09-13T07:23:30Z,CPA259,"53.466415,-1.924709",3750,152,278
1757748212,2025-09-13T07:23:32Z,CPA259,"53.466667,-1.927201",3750,154,276
1757748214,2025-09-13T07:23:34Z,CPA259,"53.466831,-1.929559",3750,153,275
1757748216,2025-09-13T07:23:36Z,CPA259,"53.46703,-1.932358",3750,154,274
1757748218,2025-09-13T07:23:38Z,CPA259,"53.467129,-1.934981",3750,155,274
1757748220,2025-09-13T07:23:40Z,CPA259,"53.467171,-1.937252",3750,155,274
1757748222,2025-09-13T07:23:42Z,CPA259,"53.467239,-1.939811",3750,155,273
1757748224,2025-09-13T07:23:44Z,CPA259,"53.467354,-1.942218",3750,154,273
1757748226,2025-09-13T07:23:46Z,CPA259,"53.467453,-1.944827",3750,154,273
1757748228,2025-09-13T07:23:48Z,CPA259,"53.467506,-1.947277",3750,154,272
1757748231,2025-09-13T07:23:51Z,CPA259,"53.467579,-1.949889",3750,154,272
1757748233,2025-09-13T07:23:53Z,CPA259,"53.467663,-1.952276",3750,153,272
1757748235,2025-09-13T07:23:55Z,CPA259,"53.467716,-1.954584",3750,153,272
1757748237,2025-09-13T07:23:57Z,CPA259,"53.467743,-1.956997",3750,153,272
1757748239,2025-09-13T07:23:59Z,CPA259,"53.467846,-1.959527",3750,152,272
1757748241,2025-09-13T07:24:01Z,CPA259,"53.46796,-1.962105",3750,152,271
1757748247,2025-09-13T07:24:07Z,CPA259,"53.46801,-1.969349",3750,152,271
1757748255,2025-09-13T07:24:15Z,CPA259,"53.468216,-1.979325",3750,153,272
1757748264,2025-09-13T07:24:24Z,CPA259,"53.468403,-1.989234",3750,154,271
1757748272,2025-09-13T07:24:32Z,CPA259,"53.468594,-1.999406",3750,155,270
1757748280,2025-09-13T07:24:40Z,CPA259,"53.468555,-2.009395",3750,153,270
1757748289,2025-09-13T07:24:49Z,CPA259,"53.468662,-2.019381",3725,152,271
1757748295,2025-09-13T07:24:55Z,CPA259,"53.468655,-2.026709",3675,150,264
1757748297,2025-09-13T07:24:57Z,CPA259,"53.468445,-2.029079",3675,149,259
1757748299,2025-09-13T07:24:59Z,CPA259,"53.46817,-2.03159",3650,149,255
1757748301,2025-09-13T07:25:01Z,CPA259,"53.467773,-2.034016",3625,149,250
1757748303,2025-09-13T07:25:03Z,CPA259,"53.467281,-2.036267",3600,150,247
1757748305,2025-09-13T07:25:05Z,CPA259,"53.46682,-2.038498",3575,152,243
1757748307,2025-09-13T07:25:07Z,CPA259,"53.46619,-2.040591",3550,152,239
1757748309,2025-09-13T07:25:09Z,CPA259,"53.465397,-2.042847",3525,153,237
1757748311,2025-09-13T07:25:11Z,CPA259,"53.464645,-2.044973",3525,155,236
1757748313,2025-09-13T07:25:13Z,CPA259,"53.46381,-2.047024",3500,155,234
1757748315,2025-09-13T07:25:15Z,CPA259,"53.46294,-2.048916",3500,155,233
1757748317,2025-09-13T07:25:17Z,CPA259,"53.462006,-2.050908",3500,156,232
1757748320,2025-09-13T07:25:20Z,CPA259,"53.46106,-2.052788",3475,156,230
1757748322,2025-09-13T07:25:22Z,CPA259,"53.460129,-2.054704",3500,156,229
1757748324,2025-09-13T07:25:24Z,CPA259,"53.459087,-2.056602",3500,155,229
1757748326,2025-09-13T07:25:26Z,CPA259,"53.458134,-2.058569",3500,155,229
1757748328,2025-09-13T07:25:28Z,CPA259,"53.457226,-2.060616",3500,156,229
1757748330,2025-09-13T07:25:30Z,CPA259,"53.456264,-2.06258",3475,155,229
1757748332,2025-09-13T07:25:32Z,CPA259,"53.455353,-2.064548",3475,154,230
1757748334,2025-09-13T07:25:34Z,CPA259,"53.454388,-2.066602",3475,154,230
1757748336,2025-09-13T07:25:36Z,CPA259,"53.453396,-2.068379",3450,154,230
1757748338,2025-09-13T07:25:38Z,CPA259,"53.452396,-2.070247",3425,154,230
1757748340,2025-09-13T07:25:40Z,CPA259,"53.451454,-2.07207",3400,152,230
1757748349,2025-09-13T07:25:49Z,CPA259,"53.447784,-2.079919",3275,150,230
1757748357,2025-09-13T07:25:57Z,CPA259,"53.44421,-2.08722",3150,149,230
1757748363,2025-09-13T07:26:03Z,CPA259,"53.44146,-2.092942",3050,150,232
1757748371,2025-09-13T07:26:11Z,CPA259,"53.437943,-2.100657",2925,152,231
1757748380,2025-09-13T07:26:20Z,CPA259,"53.434105,-2.108594",2825,157,230
1757748386,2025-09-13T07:26:26Z,CPA259,"53.431347,-2.114496",2725,156,230
1757748394,2025-09-13T07:26:34Z,CPA259,"53.427536,-2.122151",2600,155,230
1757748402,2025-09-13T07:26:42Z,CPA259,"53.423706,-2.130276",2500,155,230
1757748411,2025-09-13T07:26:51Z,CPA259,"53.42004,-2.138102",2350,154,230
1757748417,2025-09-13T07:26:57Z,CPA259,"53.417221,-2.143729",2275,151,230
1757748425,2025-09-13T07:27:05Z,CPA259,"53.413578,-2.151124",2175,149,230
1757748434,2025-09-13T07:27:14Z,CPA259,"53.409718,-2.159106",2025,144,230
1757748442,2025-09-13T07:27:22Z,CPA259,"53.406246,-2.166093",1950,135,231
1757748451,2025-09-13T07:27:31Z,CPA259,"53.403065,-2.173012",1825,128,230
1757748459,2025-09-13T07:27:39Z,CPA259,"53.399986,-2.179286",1725,124,230
1757748468,2025-09-13T07:27:48Z,CPA259,"53.39682,-2.185809",1650,123,230
1757748474,2025-09-13T07:27:54Z,CPA259,"53.394566,-2.190808",1575,124,230
1757748482,2025-09-13T07:28:02Z,CPA259,"53.391487,-2.197029",1500,123,230
1757748491,2025-09-13T07:28:11Z,CPA259,"53.388332,-2.203224",1400,123,231
1757748498,2025-09-13T07:28:18Z,CPA259,"53.385841,-2.20878",1325,120,231
1757748507,2025-09-13T07:28:27Z,CPA259,"53.382626,-2.215202",1225,123,230
1757748513,2025-09-13T07:28:33Z,CPA259,"53.380512,-2.22031",1150,127,230
1757748523,2025-09-13T07:28:43Z,CPA259,"53.378952,-2.217669",1025,127,230
1757748530,2025-09-13T07:28:50Z,CPA259,"53.361298,-2.197741",950,127,231
1757748538,2025-09-13T07:28:58Z,CPA259,"53.357929,-2.204691",850,123,231
1757748547,2025-09-13T07:29:07Z,CPA259,"53.355095,-2.214774",750,126,230
1757748553,2025-09-13T07:29:13Z,CPA259,"53.354149,-2.22373",700,128,230
1757748567,2025-09-13T07:29:27Z,CPA259,"53.362747,-2.250942",500,130,230
