Timestamp,UTC,Callsign,Position,Altitude,Speed,Direction
1757682248,2025-09-12T13:04:08Z,CPA113,"22.311916,113.926476",0,0,115
1757682361,2025-09-12T13:06:01Z,CPA113,"22.312065,113.926178",0,3,112
1757682375,2025-09-12T13:06:15Z,CPA113,"22.312174,113.925957",0,3,106
1757682394,2025-09-12T13:06:34Z,CPA113,"22.312248,113.925697",0,3,106
1757682411,2025-09-12T13:06:51Z,CPA113,"22.312294,113.925453",0,3,115
1757682437,2025-09-12T13:07:17Z,CPA113,"22.312452,113.925095",0,3,115
1757682454,2025-09-12T13:07:34Z,CPA113,"22.312557,113.924873",0,2,115
1757682676,2025-09-12T13:11:16Z,CPA113,"22.312454,113.925079",0,4,118
1757682689,2025-09-12T13:11:29Z,CPA113,"22.312168,113.925224",0,7,146
1757682696,2025-09-12T13:11:36Z,CPA113,"22.311893,113.925163",0,9,177
1757682703,2025-09-12T13:11:43Z,CPA113,"22.311676,113.925011",0,8,199
1757682709,2025-09-12T13:11:49Z,CPA113,"22.311464,113.924889",0,9,205
1757682721,2025-09-12T13:12:01Z,CPA113,"22.310986,113.924652",0,10,205
1757682727,2025-09-12T13:12:07Z,CPA113,"22.310749,113.92453",0,10,205
1757682735,2025-09-12T13:12:15Z,CPA113,"22.310427,113.924355",0,11,205
1757682742,2025-09-12T13:12:22Z,CPA113,"22.310137,113.924202",0,9,205
1757682748,2025-09-12T13:12:28Z,CPA113,"22.309904,113.924088",0,8,205
1757682756,2025-09-12T13:12:36Z,CPA113,"22.309639,113.92395",0,9,205
1757682762,2025-09-12T13:12:42Z,CPA113,"22.309391,113.92382",0,10,205
1757682768,2025-09-12T13:12:48Z,CPA113,"22.309113,113.923676",0,10,205
1757682777,2025-09-12T13:12:57Z,CPA113,"22.308798,113.923515",0,9,205
1757682783,2025-09-12T13:13:03Z,CPA113,"22.308542,113.923378",0,7,205
1757682792,2025-09-12T13:13:12Z,CPA113,"22.308323,113.923264",0,6,205
1757682800,2025-09-12T13:13:20Z,CPA113,"22.308111,113.923225",0,6,194
1757682808,2025-09-12T13:13:28Z,CPA113,"22.307911,113.923317",0,6,174
1757682816,2025-09-12T13:13:36Z,CPA113,"22.30768,113.923431",0,8,163
1757682823,2025-09-12T13:13:43Z,CPA113,"22.30743,113.9235",0,9,165
1757682828,2025-09-12T13:13:48Z,CPA113,"22.307203,113.923401",0,11,188
1757682834,2025-09-12T13:13:54Z,CPA113,"22.307064,113.923141",0,11,225
1757682838,2025-09-12T13:13:58Z,CPA113,"22.30703,113.92292",0,10,244
1757682842,2025-09-12T13:14:02Z,CPA113,"22.306973,113.922707",0,10,250
1757682847,2025-09-12T13:14:07Z,CPA113,"22.306904,113.92247",0,11,250
1757682852,2025-09-12T13:14:12Z,CPA113,"22.306831,113.922249",0,11,250
1757682856,2025-09-12T13:14:16Z,CPA113,"22.306755,113.922005",0,11,250
1757682864,2025-09-12T13:14:24Z,CPA113,"22.306629,113.921631",0,12,250
1757682876,2025-09-12T13:14:36Z,CPA113,"22.306366,113.920807",0,14,250
1757682884,2025-09-12T13:14:44Z,CPA113,"22.306206,113.920319",0,14,250
1757682890,2025-09-12T13:14:50Z,CPA113,"22.306087,113.919922",0,14,250
1757682898,2025-09-12T13:14:58Z,CPA113,"22.305923,113.919434",0,15,250
1757682904,2025-09-12T13:15:04Z,CPA113,"22.305771,113.918961",0,15,250
1757682911,2025-09-12T13:15:11Z,CPA113,"22.305586,113.918396",0,15,250
1757682918,2025-09-12T13:15:18Z,CPA113,"22.305428,113.917885",0,16,250
1757682925,2025-09-12T13:15:25Z,CPA113,"22.30526,113.917366",0,17,250
1757682933,2025-09-12T13:15:33Z,CPA113,"22.305038,113.916687",0,17,250
1757682940,2025-09-12T13:15:40Z,CPA113,"22.304853,113.916107",0,18,250
1757682946,2025-09-12T13:15:46Z,CPA113,"22.304678,113.915573",0,18,250
1757682953,2025-09-12T13:15:53Z,CPA113,"22.304493,113.914963",0,19,250
1757682960,2025-09-12T13:16:00Z,CPA113,"22.304272,113.914276",0,19,250
1757682967,2025-09-12T13:16:07Z,CPA113,"22.304073,113.913666",0,20,250
1757682975,2025-09-12T13:16:15Z,CPA113,"22.303825,113.912903",0,20,250
1757682983,2025-09-12T13:16:23Z,CPA113,"22.303549,113.912048",0,21,250
1757682991,2025-09-12T13:16:31Z,CPA113,"22.303276,113.911217",0,22,250
1757682998,2025-09-12T13:16:38Z,CPA113,"22.303026,113.910423",0,23,250
1757683005,2025-09-12T13:16:45Z,CPA113,"22.302782,113.909668",0,23,250
1757683013,2025-09-12T13:16:53Z,CPA113,"22.302502,113.908806",0,24,250
1757683019,2025-09-12T13:16:59Z,CPA113,"22.302328,113.908257",0,24,250
1757683031,2025-09-12T13:17:11Z,CPA113,"22.301788,113.906563",0,25,250
1757683039,2025-09-12T13:17:19Z,CPA113,"22.301466,113.905586",0,26,250
1757683046,2025-09-12T13:17:26Z,CPA113,"22.30125,113.9049",0,24,250
1757683053,2025-09-12T13:17:33Z,CPA113,"22.300978,113.904053",0,21,250
1757683061,2025-09-12T13:17:41Z,CPA113,"22.30077,113.903427",0,18,250
1757683069,2025-09-12T13:17:49Z,CPA113,"22.300547,113.902718",0,15,250
1757683077,2025-09-12T13:17:57Z,CPA113,"22.300404,113.902252",0,13,250
1757683083,2025-09-12T13:18:03Z,CPA113,"22.300278,113.90184",0,12,250
1757683090,2025-09-12T13:18:10Z,CPA113,"22.30014,113.901459",0,10,250
1757683097,2025-09-12T13:18:17Z,CPA113,"22.300047,113.901161",0,8,250
1757683104,2025-09-12T13:18:24Z,CPA113,"22.29998,113.900932",0,6,250
1757683116,2025-09-12T13:18:36Z,CPA113,"22.299911,113.900719",0,1,250
1757683317,2025-09-12T13:21:57Z,CPA113,"22.299849,113.900513",0,5,250
1757683325,2025-09-12T13:22:05Z,CPA113,"22.299767,113.900284",0,7,250
1757683332,2025-09-12T13:22:12Z,CPA113,"22.299683,113.900009",0,8,250
1757683340,2025-09-12T13:22:20Z,CPA113,"22.299591,113.899719",0,8,250
1757683347,2025-09-12T13:22:27Z,CPA113,"22.2995,113.899437",0,9,250
1757683354,2025-09-12T13:22:34Z,CPA113,"22.299397,113.899109",0,10,250
1757683363,2025-09-12T13:22:43Z,CPA113,"22.299259,113.898697",0,11,250
1757683370,2025-09-12T13:22:50Z,CPA113,"22.299133,113.898323",0,9,250
1757683377,2025-09-12T13:22:57Z,CPA113,"22.299034,113.897995",0,10,250
1757683384,2025-09-12T13:23:04Z,CPA113,"22.298929,113.89769",0,10,250
1757683393,2025-09-12T13:23:13Z,CPA113,"22.298662,113.897339",0,11,227
1757683399,2025-09-12T13:23:19Z,CPA113,"22.298389,113.897285",0,9,199
1757683406,2025-09-12T13:23:26Z,CPA113,"22.298149,113.897377",0,7,177
1757683419,2025-09-12T13:23:39Z,CPA113,"22.297789,113.897552",0,6,160
1757683430,2025-09-12T13:23:50Z,CPA113,"22.297544,113.897644",0,4,160
1757683484,2025-09-12T13:24:44Z,CPA113,"22.297302,113.897736",0,5,160
1757683493,2025-09-12T13:24:53Z,CPA113,"22.297056,113.897835",0,9,160
1757683502,2025-09-12T13:25:02Z,CPA113,"22.296776,113.897934",0,11,160
1757683511,2025-09-12T13:25:11Z,CPA113,"22.296322,113.898239",0,10,143
1757683516,2025-09-12T13:25:16Z,CPA113,"22.296307,113.89846",0,9,115
1757683522,2025-09-12T13:25:22Z,CPA113,"22.296421,113.898712",0,9,81
1757683528,2025-09-12T13:25:28Z,CPA113,"22.296543,113.898941",0,6,70
1757683564,2025-09-12T13:26:04Z,CPA113,"22.296627,113.899193",0,13,70
1757683571,2025-09-12T13:26:11Z,CPA113,"22.296925,113.900108",0,44,70
1757683579,2025-09-12T13:26:19Z,CPA113,"22.297565,113.902092",0,74,70
1757683586,2025-09-12T13:26:26Z,CPA113,"22.298538,113.905098",75,101,71
1757683594,2025-09-12T13:26:34Z,CPA113,"22.300152,113.910118",50,136,70
1757683601,2025-09-12T13:26:41Z,CPA113,"22.301605,113.914688",50,158,70
1757683609,2025-09-12T13:26:49Z,CPA113,"22.303875,113.921562",75,179,70
1757683617,2025-09-12T13:26:57Z,CPA113,"22.306137,113.928574",350,180,71
1757683626,2025-09-12T13:27:06Z,CPA113,"22.30825,113.935394",675,180,71
1757683632,2025-09-12T13:27:12Z,CPA113,"22.310028,113.941055",950,179,71
1757683640,2025-09-12T13:27:20Z,CPA113,"22.312134,113.947701",1300,178,71
1757683648,2025-09-12T13:27:28Z,CPA113,"22.314423,113.95504",1675,176,71
1757683656,2025-09-12T13:27:36Z,CPA113,"22.316437,113.961632",1950,180,71
1757683665,2025-09-12T13:27:45Z,CPA113,"22.318726,113.968925",2100,187,71
1757683671,2025-09-12T13:27:51Z,CPA113,"22.320402,113.974205",2200,194,71
1757683679,2025-09-12T13:27:59Z,CPA113,"22.322891,113.982056",2300,205,70
1757683688,2025-09-12T13:28:08Z,CPA113,"22.325684,113.990746",2425,213,70
1757683696,2025-09-12T13:28:16Z,CPA113,"22.328548,113.999481",2675,216,70
1757683705,2025-09-12T13:28:25Z,CPA113,"22.331247,114.007668",2950,217,70
1757683713,2025-09-12T13:28:33Z,CPA113,"22.334106,114.016312",3275,216,70
1757683721,2025-09-12T13:28:41Z,CPA113,"22.33674,114.024811",3575,216,73
1757683724,2025-09-12T13:28:44Z,CPA113,"22.337393,114.027306",3650,216,76
1757683726,2025-09-12T13:28:46Z,CPA113,"22.337814,114.029243",3700,216,78
1757683728,2025-09-12T13:28:48Z,CPA113,"22.338226,114.031746",3775,217,81
1757683730,2025-09-12T13:28:50Z,CPA113,"22.338417,114.033455",3825,217,83
1757683732,2025-09-12T13:28:52Z,CPA113,"22.33865,114.036201",3900,217,86
1757683734,2025-09-12T13:28:54Z,CPA113,"22.338697,114.038391",3950,218,89
1757683736,2025-09-12T13:28:56Z,CPA113,"22.33865,114.040222",4000,218,93
1757683738,2025-09-12T13:28:58Z,CPA113,"22.338455,114.042976",4075,218,96
1757683740,2025-09-12T13:29:00Z,CPA113,"22.338226,114.045074",4125,218,98
1757683742,2025-09-12T13:29:02Z,CPA113,"22.337858,114.047142",4200,218,101
1757683744,2025-09-12T13:29:04Z,CPA113,"22.337402,114.049171",4275,219,104
1757683746,2025-09-12T13:29:06Z,CPA113,"22.336834,114.051361",4325,218,107
1757683748,2025-09-12T13:29:08Z,CPA113,"22.336212,114.053368",4400,218,110
1757683750,2025-09-12T13:29:10Z,CPA113,"22.335251,114.055962",4500,219,113
1757683753,2025-09-12T13:29:13Z,CPA113,"22.334335,114.058014",4575,218,116
1757683755,2025-09-12T13:29:15Z,CPA113,"22.333437,114.059853",4650,218,119
1757683757,2025-09-12T13:29:17Z,CPA113,"22.33223,114.062057",4725,220,121
1757683759,2025-09-12T13:29:19Z,CPA113,"22.331085,114.06385",4775,219,124
1757683761,2025-09-12T13:29:21Z,CPA113,"22.329666,114.066002",4850,220,127
1757683763,2025-09-12T13:29:23Z,CPA113,"22.328362,114.067688",4925,219,130
1757683765,2025-09-12T13:29:25Z,CPA113,"22.327011,114.069313",4975,220,132
1757683767,2025-09-12T13:29:27Z,CPA113,"22.325455,114.071045",5050,222,135
1757683769,2025-09-12T13:29:29Z,CPA113,"22.323898,114.072639",5100,223,137
1757683771,2025-09-12T13:29:31Z,CPA113,"22.322296,114.074089",5175,224,140
1757683774,2025-09-12T13:29:34Z,CPA113,"22.320511,114.075592",5225,226,142
1757683776,2025-09-12T13:29:36Z,CPA113,"22.318493,114.077202",5275,228,144
1757683778,2025-09-12T13:29:38Z,CPA113,"22.316816,114.078369",5300,230,147
1757683780,2025-09-12T13:29:40Z,CPA113,"22.315018,114.079582",5325,233,149
1757683782,2025-09-12T13:29:42Z,CPA113,"22.313095,114.080734",5350,236,151
1757683784,2025-09-12T13:29:44Z,CPA113,"22.31076,114.082031",5375,240,154
1757683786,2025-09-12T13:29:46Z,CPA113,"22.308437,114.083153",5400,243,156
1757683788,2025-09-12T13:29:48Z,CPA113,"22.306343,114.084114",5425,246,158
1757683791,2025-09-12T13:29:51Z,CPA113,"22.304014,114.084984",5450,248,161
1757683793,2025-09-12T13:29:53Z,CPA113,"22.301641,114.085793",5500,250,164
1757683795,2025-09-12T13:29:55Z,CPA113,"22.299362,114.086426",5525,252,166
1757683797,2025-09-12T13:29:57Z,CPA113,"22.297173,114.086914",5575,254,169
1757683799,2025-09-12T13:29:59Z,CPA113,"22.294189,114.087425",5650,255,172
1757683801,2025-09-12T13:30:01Z,CPA113,"22.291912,114.087677",5700,257,174
1757683803,2025-09-12T13:30:03Z,CPA113,"22.289631,114.08783",5775,258,178
1757683805,2025-09-12T13:30:05Z,CPA113,"22.286728,114.087875",5850,259,179
1757683807,2025-09-12T13:30:07Z,CPA113,"22.284302,114.087875",5900,260,181
1757683810,2025-09-12T13:30:10Z,CPA113,"22.282013,114.087776",5950,262,182
1757683812,2025-09-12T13:30:12Z,CPA113,"22.279249,114.087677",6000,264,182
1757683814,2025-09-12T13:30:14Z,CPA113,"22.276596,114.087524",6025,266,182
1757683816,2025-09-12T13:30:16Z,CPA113,"22.274048,114.087372",6050,268,182
1757683818,2025-09-12T13:30:18Z,CPA113,"22.271347,114.087227",6075,272,182
1757683820,2025-09-12T13:30:20Z,CPA113,"22.268915,114.08712",6100,273,182
1757683822,2025-09-12T13:30:22Z,CPA113,"22.265936,114.086967",6125,276,182
1757683824,2025-09-12T13:30:24Z,CPA113,"22.26329,114.086876",6175,278,182
1757683826,2025-09-12T13:30:26Z,CPA113,"22.260681,114.086777",6200,280,181
1757683841,2025-09-12T13:30:41Z,CPA113,"22.241501,114.086372",6575,287,180
1757683856,2025-09-12T13:30:56Z,CPA113,"22.221897,114.086357",7150,286,179
1757683870,2025-09-12T13:31:10Z,CPA113,"22.202391,114.086403",7700,288,180
1757683884,2025-09-12T13:31:24Z,CPA113,"22.184326,114.086578",8125,292,175
1757683888,2025-09-12T13:31:28Z,CPA113,"22.178556,114.087318",8250,290,169
1757683891,2025-09-12T13:31:31Z,CPA113,"22.175262,114.088127",8325,290,165
1757683893,2025-09-12T13:31:33Z,CPA113,"22.172459,114.088997",8400,289,161
1757683895,2025-09-12T13:31:35Z,CPA113,"22.169724,114.090073",8475,289,157
1757683897,2025-09-12T13:31:37Z,CPA113,"22.167206,114.09127",8525,290,154
1757683899,2025-09-12T13:31:39Z,CPA113,"22.164642,114.09272",8600,288,149
1757683903,2025-09-12T13:31:43Z,CPA113,"22.160843,114.095367",8700,289,142
1757683905,2025-09-12T13:31:45Z,CPA113,"22.158417,114.097466",8775,288,139
1757683907,2025-09-12T13:31:47Z,CPA113,"22.157089,114.098763",8825,288,135
1757683909,2025-09-12T13:31:49Z,CPA113,"22.15448,114.101654",8900,288,132
1757683912,2025-09-12T13:31:52Z,CPA113,"22.152674,114.103951",8975,287,128
1757683915,2025-09-12T13:31:55Z,CPA113,"22.150269,114.107597",9075,287,128
1757683918,2025-09-12T13:31:58Z,CPA113,"22.148071,114.111641",9200,287,117
1757683920,2025-09-12T13:32:00Z,CPA113,"22.146515,114.114891",9275,288,116
1757683922,2025-09-12T13:32:02Z,CPA113,"22.14518,114.117943",9325,288,115
1757683925,2025-09-12T13:32:05Z,CPA113,"22.144272,114.120132",9375,290,114
1757683927,2025-09-12T13:32:07Z,CPA113,"22.142666,114.124046",9475,290,114
1757683929,2025-09-12T13:32:09Z,CPA113,"22.1415,114.126793",9550,290,114
1757683931,2025-09-12T13:32:11Z,CPA113,"22.140476,114.129333",9600,290,114
1757683933,2025-09-12T13:32:13Z,CPA113,"22.139219,114.132286",9675,290,114
1757683935,2025-09-12T13:32:15Z,CPA113,"22.138046,114.135017",9750,291,114
1757683937,2025-09-12T13:32:17Z,CPA113,"22.136902,114.137512",9800,292,115
1757683939,2025-09-12T13:32:19Z,CPA113,"22.135635,114.140373",9875,292,115
1757683941,2025-09-12T13:32:21Z,CPA113,"22.134472,114.142967",9950,291,116
1757683944,2025-09-12T13:32:24Z,CPA113,"22.133011,114.146103",10025,292,116
1757683946,2025-09-12T13:32:26Z,CPA113,"22.131821,114.14875",10075,292,116
1757683958,2025-09-12T13:32:38Z,CPA113,"22.124138,114.16494",10350,301,117
1757683971,2025-09-12T13:32:51Z,CPA113,"22.115433,114.182655",10525,310,117
1757683986,2025-09-12T13:33:06Z,CPA113,"22.10527,114.20343",10700,325,117
1757684001,2025-09-12T13:33:21Z,CPA113,"22.095062,114.224556",11075,330,117
1757684014,2025-09-12T13:33:34Z,CPA113,"22.085815,114.243729",11575,328,117
1757684027,2025-09-12T13:33:47Z,CPA113,"22.074978,114.262794",11950,332,129
1757684030,2025-09-12T13:33:50Z,CPA113,"22.072557,114.265747",12025,331,133
1757684032,2025-09-12T13:33:52Z,CPA113,"22.070526,114.267899",12075,331,136
1757684034,2025-09-12T13:33:54Z,CPA113,"22.067623,114.270729",12150,332,139
1757684036,2025-09-12T13:33:56Z,CPA113,"22.065807,114.272362",12200,332,141
1757684038,2025-09-12T13:33:58Z,CPA113,"22.062782,114.274902",12250,334,143
1757684040,2025-09-12T13:34:00Z,CPA113,"22.060501,114.276733",12300,334,143
1757684042,2025-09-12T13:34:02Z,CPA113,"22.057987,114.278664",12350,335,144
1757684045,2025-09-12T13:34:05Z,CPA113,"22.05455,114.281281",12425,335,144
1757684047,2025-09-12T13:34:07Z,CPA113,"22.051748,114.283394",12475,336,145
1757684049,2025-09-12T13:34:09Z,CPA113,"22.048508,114.285828",12550,337,145
1757684051,2025-09-12T13:34:11Z,CPA113,"22.046036,114.287674",12600,337,145
1757684054,2025-09-12T13:34:14Z,CPA113,"22.042831,114.290024",12675,336,145
1757684057,2025-09-12T13:34:17Z,CPA113,"22.038807,114.293007",12775,338,145
1757684059,2025-09-12T13:34:19Z,CPA113,"22.036154,114.295044",12850,336,145
1757684093,2025-09-12T13:34:53Z,CPA113,"21.992907,114.328461",13775,343,143
1757684139,2025-09-12T13:35:39Z,CPA113,"21.931038,114.377342",14450,367,143
1757684170,2025-09-12T13:36:10Z,CPA113,"21.887838,114.411369",14875,384,143
1757684204,2025-09-12T13:36:44Z,CPA113,"21.842543,114.454956",15725,386,126
1757684209,2025-09-12T13:36:49Z,CPA113,"21.838943,114.461311",15775,388,123
1757684211,2025-09-12T13:36:51Z,CPA113,"21.836817,114.465637",15825,390,116
1757684213,2025-09-12T13:36:53Z,CPA113,"21.834915,114.469849",15850,389,115
1757684215,2025-09-12T13:36:55Z,CPA113,"21.833418,114.473366",15875,390,115
1757684217,2025-09-12T13:36:57Z,CPA113,"21.832031,114.476639",15900,392,115
1757684220,2025-09-12T13:37:00Z,CPA113,"21.830021,114.481659",15950,391,113
1757684222,2025-09-12T13:37:02Z,CPA113,"21.82814,114.486229",16000,392,113
1757684224,2025-09-12T13:37:04Z,CPA113,"21.826584,114.490074",16050,392,113
1757684256,2025-09-12T13:37:36Z,CPA113,"21.802042,114.54641",16875,394,115
1757684288,2025-09-12T13:38:08Z,CPA113,"21.77623,114.602982",17475,402,115
1757684331,2025-09-12T13:38:51Z,CPA113,"21.741302,114.680534",18325,408,115
1757684361,2025-09-12T13:39:21Z,CPA113,"21.716061,114.736839",18900,412,115
1757684396,2025-09-12T13:39:56Z,CPA113,"21.687698,114.799835",19650,414,115
1757684428,2025-09-12T13:40:28Z,CPA113,"21.660431,114.860329",20350,416,115
1757684464,2025-09-12T13:41:04Z,CPA113,"21.630079,114.92762",20875,424,115
1757684495,2025-09-12T13:41:35Z,CPA113,"21.60317,114.987129",21375,428,115
1757684526,2025-09-12T13:42:06Z,CPA113,"21.57605,115.047028",22100,428,115
1757684560,2025-09-12T13:42:40Z,CPA113,"21.545586,115.111084",22725,431,120
1757684592,2025-09-12T13:43:12Z,CPA113,"21.509811,115.16803",23100,440,127
1757684624,2025-09-12T13:43:44Z,CPA113,"21.467098,115.220894",23625,446,132
1757684656,2025-09-12T13:44:16Z,CPA113,"21.421875,115.273949",24275,444,131
1757684688,2025-09-12T13:44:48Z,CPA113,"21.377951,115.326134",24675,449,131
1757684720,2025-09-12T13:45:20Z,CPA113,"21.333572,115.378517",25100,454,132
1757684751,2025-09-12T13:45:51Z,CPA113,"21.290543,115.429108",25650,455,132
1757684787,2025-09-12T13:46:27Z,CPA113,"21.238129,115.490631",26200,458,132
1757684856,2025-09-12T13:47:36Z,CPA113,"21.15921,115.583214",27225,458,132
1757684971,2025-09-12T13:49:31Z,CPA113,"20.97155,115.802788",28650,476,132
1757685005,2025-09-12T13:50:05Z,CPA113,"20.922501,115.860054",29125,477,132
1757685017,2025-09-12T13:50:17Z,CPA113,"20.904003,115.881691",29350,477,132
1757685074,2025-09-12T13:51:14Z,CPA113,"20.81163,115.979477",30225,481,140
1757685106,2025-09-12T13:51:46Z,CPA113,"20.755642,116.026611",30550,484,141
1757685138,2025-09-12T13:52:18Z,CPA113,"20.698975,116.075508",31000,486,140
1757685169,2025-09-12T13:52:49Z,CPA113,"20.644567,116.122391",31375,487,141
1757685218,2025-09-12T13:53:38Z,CPA113,"20.562103,116.193024",31750,494,141
1757685235,2025-09-12T13:53:55Z,CPA113,"20.555691,116.198517",31775,488,141
1757685287,2025-09-12T13:54:47Z,CPA113,"20.460501,116.2799",32325,496,141
1757685468,2025-09-12T13:57:48Z,CPA113,"20.135611,116.556602",33025,496,141
1757685503,2025-09-12T13:58:23Z,CPA113,"20.04689,116.631935",33000,499,141
1757685538,2025-09-12T13:58:58Z,CPA113,"20.00638,116.66806",33000,499,137
1757685586,2025-09-12T13:59:46Z,CPA113,"19.931852,116.751259",33000,497,132
1757685625,2025-09-12T14:00:25Z,CPA113,"19.850294,116.845589",33000,500,132
1757685640,2025-09-12T14:00:40Z,CPA113,"19.846519,116.849937",33000,500,132
1757685677,2025-09-12T14:01:17Z,CPA113,"19.787979,116.91758",33000,502,132
1757686311,2025-09-12T14:11:51Z,CPA113,"18.761673,118.093315",33000,504,132
1757686344,2025-09-12T14:12:24Z,CPA113,"18.709856,118.152016",33000,503,132
1757686376,2025-09-12T14:12:56Z,CPA113,"18.658463,118.210197",33000,501,132
1757686407,2025-09-12T14:13:27Z,CPA113,"18.610245,118.264832",33000,501,132
1757686438,2025-09-12T14:13:58Z,CPA113,"18.561029,118.320404",33000,500,132
1757686470,2025-09-12T14:14:30Z,CPA113,"18.509962,118.378082",33000,498,132
1757686503,2025-09-12T14:15:03Z,CPA113,"18.458708,118.435966",33000,496,132
1757686537,2025-09-12T14:15:37Z,CPA113,"18.405684,118.495789",33025,495,132
1757686568,2025-09-12T14:16:08Z,CPA113,"18.356852,118.550774",33000,494,132
1757686600,2025-09-12T14:16:40Z,CPA113,"18.306715,118.607201",33000,494,132
1757686637,2025-09-12T14:17:17Z,CPA113,"18.256205,118.663979",33000,495,132
1757686671,2025-09-12T14:17:51Z,CPA113,"18.195374,118.732292",33000,496,132
1757686703,2025-09-12T14:18:23Z,CPA113,"18.144562,118.789337",33000,497,132
1757686736,2025-09-12T14:18:56Z,CPA113,"18.093412,118.846619",33000,496,132
1757686765,2025-09-12T14:19:25Z,CPA113,"18.053097,118.891495",33000,495,134
1757686832,2025-09-12T14:20:32Z,CPA113,"17.926895,118.996307",33000,498,148
1757686844,2025-09-12T14:20:44Z,CPA113,"17.903339,119.010872",33000,499,150
1757686921,2025-09-12T14:22:01Z,CPA113,"17.746719,119.101624",33000,496,150
1757686952,2025-09-12T14:22:32Z,CPA113,"17.682867,119.138634",33000,496,150
1757686983,2025-09-12T14:23:03Z,CPA113,"17.620859,119.174492",33000,495,151
1757687014,2025-09-12T14:23:34Z,CPA113,"17.558578,119.21048",33000,497,150
1757687045,2025-09-12T14:24:05Z,CPA113,"17.49745,119.245804",33000,498,151
1757687076,2025-09-12T14:24:36Z,CPA113,"17.434883,119.281853",33000,499,151
1757687111,2025-09-12T14:25:11Z,CPA113,"17.361704,119.324028",33000,501,151
1757687142,2025-09-12T14:25:42Z,CPA113,"17.299091,119.36013",33000,502,151
1757687173,2025-09-12T14:26:13Z,CPA113,"17.236176,119.396278",33000,502,151
1757687206,2025-09-12T14:26:46Z,CPA113,"17.169205,119.434784",33000,502,151
1757687237,2025-09-12T14:27:17Z,CPA113,"17.105026,119.471642",33000,500,151
1757687269,2025-09-12T14:27:49Z,CPA113,"17.040073,119.508934",33000,499,151
1757687300,2025-09-12T14:28:20Z,CPA113,"16.976856,119.545181",33000,499,151
1757687331,2025-09-12T14:28:51Z,CPA113,"16.913872,119.581329",33000,499,151
1757687362,2025-09-12T14:29:22Z,CPA113,"16.852524,119.61644",33000,499,151
1757687394,2025-09-12T14:29:54Z,CPA113,"16.785965,119.654556",33275,502,151
1757687425,2025-09-12T14:30:25Z,CPA113,"16.722977,119.690552",33575,504,151
1757687456,2025-09-12T14:30:56Z,CPA113,"16.65951,119.726799",33925,505,151
1757687487,2025-09-12T14:31:27Z,CPA113,"16.59564,119.76329",34350,506,151
1757687519,2025-09-12T14:31:59Z,CPA113,"16.531073,119.800072",34675,507,151
1757687549,2025-09-12T14:32:29Z,CPA113,"16.467865,119.836121",35025,508,151
1757687580,2025-09-12T14:33:00Z,CPA113,"16.402771,119.873222",35450,508,151
1757687612,2025-09-12T14:33:32Z,CPA113,"16.337769,119.910179",35925,505,151
1757687644,2025-09-12T14:34:04Z,CPA113,"16.27252,119.947311",36300,504,151
1757687676,2025-09-12T14:34:36Z,CPA113,"16.206556,119.984825",36850,500,151
1757687708,2025-09-12T14:35:08Z,CPA113,"16.140564,120.022263",37000,499,151
1757687739,2025-09-12T14:35:39Z,CPA113,"16.07785,120.057869",37025,497,151
1757687770,2025-09-12T14:36:10Z,CPA113,"16.015133,120.093414",37000,492,151
1757687801,2025-09-12T14:36:41Z,CPA113,"15.953359,120.128387",37000,491,151
1757687832,2025-09-12T14:37:12Z,CPA113,"15.89328,120.162384",37000,490,151
1757687864,2025-09-12T14:37:44Z,CPA113,"15.827202,120.199799",37000,492,151
1757687897,2025-09-12T14:38:17Z,CPA113,"15.760941,120.237267",37000,494,151
1757687928,2025-09-12T14:38:48Z,CPA113,"15.699188,120.272156",37000,494,151
1757687959,2025-09-12T14:39:19Z,CPA113,"15.636804,120.307358",37000,490,151
1757687991,2025-09-12T14:39:51Z,CPA113,"15.573395,120.343178",37000,488,151
1757688024,2025-09-12T14:40:24Z,CPA113,"15.508598,120.379745",37000,487,151
1757688056,2025-09-12T14:40:56Z,CPA113,"15.443333,120.416435",37000,485,151
1757688088,2025-09-12T14:41:28Z,CPA113,"15.381546,120.45121",37000,483,151
1757688119,2025-09-12T14:41:59Z,CPA113,"15.321075,120.485229",37000,483,151
1757688151,2025-09-12T14:42:31Z,CPA113,"15.256937,120.521294",37000,484,151
1757688182,2025-09-12T14:43:02Z,CPA113,"15.196838,120.555199",37000,485,150
1757688213,2025-09-12T14:43:33Z,CPA113,"15.13795,120.59388",37000,487,145
1757688245,2025-09-12T14:44:05Z,CPA113,"15.076172,120.636391",37000,488,146
1757688276,2025-09-12T14:44:36Z,CPA113,"15.018311,120.675545",37000,488,146
1757688307,2025-09-12T14:45:07Z,CPA113,"14.959655,120.71537",37000,487,146
1757688338,2025-09-12T14:45:38Z,CPA113,"14.900859,120.755394",37000,486,146
1757688369,2025-09-12T14:46:09Z,CPA113,"14.843972,120.794037",37000,485,146
1757688401,2025-09-12T14:46:41Z,CPA113,"14.782756,120.835632",37000,488,146
1757688434,2025-09-12T14:47:14Z,CPA113,"14.720627,120.877693",37000,489,146
1757688464,2025-09-12T14:47:44Z,CPA113,"14.663722,120.916344",37000,487,146
1757688495,2025-09-12T14:48:15Z,CPA113,"14.605485,120.955711",37000,486,147
1757688526,2025-09-12T14:48:46Z,CPA113,"14.543655,120.991058",37000,481,154
1757688559,2025-09-12T14:49:19Z,CPA113,"14.477327,121.019173",37000,476,160
1757688589,2025-09-12T14:49:49Z,CPA113,"14.412827,121.038887",37000,474,166
1757688620,2025-09-12T14:50:20Z,CPA113,"14.346004,121.052422",37000,473,169
1757688651,2025-09-12T14:50:51Z,CPA113,"14.280178,121.064903",37000,472,169
1757688683,2025-09-12T14:51:23Z,CPA113,"14.209,121.078682",37000,472,169
1757688716,2025-09-12T14:51:56Z,CPA113,"14.140045,121.091827",37000,472,169
1757688748,2025-09-12T14:52:28Z,CPA113,"14.069962,121.105133",37000,473,169
1757688780,2025-09-12T14:53:00Z,CPA113,"14.001004,121.118584",37000,474,167
1757688812,2025-09-12T14:53:32Z,CPA113,"13.933273,121.138329",37000,476,160
1757688845,2025-09-12T14:54:05Z,CPA113,"13.866375,121.166718",37000,474,155
1757688877,2025-09-12T14:54:37Z,CPA113,"13.802226,121.195389",37000,474,156
1757688909,2025-09-12T14:55:09Z,CPA113,"13.735796,121.224541",37000,474,156
1757688940,2025-09-12T14:55:40Z,CPA113,"13.673789,121.252007",37000,476,156
1757688972,2025-09-12T14:56:12Z,CPA113,"13.607265,121.281448",37000,478,156
1757689002,2025-09-12T14:56:42Z,CPA113,"13.546875,121.308243",37000,477,156
1757689034,2025-09-12T14:57:14Z,CPA113,"13.480737,121.33744",37000,476,156
1757689065,2025-09-12T14:57:45Z,CPA113,"13.418289,121.364975",37000,476,156
1757689098,2025-09-12T14:58:18Z,CPA113,"13.352737,121.393951",37000,477,156
1757689130,2025-09-12T14:58:50Z,CPA113,"13.288101,121.422508",37000,481,156
1757689160,2025-09-12T14:59:20Z,CPA113,"13.226166,121.449738",37000,482,156
1757689191,2025-09-12T14:59:51Z,CPA113,"13.162628,121.477722",37000,482,156
1757689223,2025-09-12T15:00:23Z,CPA113,"13.095052,121.507584",37025,481,156
1757689256,2025-09-12T15:00:56Z,CPA113,"13.028503,121.536774",37000,481,156
1757689288,2025-09-12T15:01:28Z,CPA113,"12.962284,121.565941",37025,479,156
1757689319,2025-09-12T15:01:59Z,CPA113,"12.898508,121.593933",37000,474,156
1757689350,2025-09-12T15:02:30Z,CPA113,"12.836221,121.6213",37000,473,156
1757689383,2025-09-12T15:03:03Z,CPA113,"12.770554,121.650192",37025,474,156
1757689413,2025-09-12T15:03:33Z,CPA113,"12.709122,121.677086",37025,473,156
1757689444,2025-09-12T15:04:04Z,CPA113,"12.647644,121.704033",37000,477,156
1757689476,2025-09-12T15:04:36Z,CPA113,"12.581347,121.733192",37000,479,156
1757689507,2025-09-12T15:05:07Z,CPA113,"12.517013,121.76133",37000,481,156
1757689540,2025-09-12T15:05:40Z,CPA113,"12.449883,121.790726",37000,482,156
1757689573,2025-09-12T15:06:13Z,CPA113,"12.382965,121.820007",37000,482,156
1757689604,2025-09-12T15:06:44Z,CPA113,"12.319244,121.847946",37000,482,156
1757689636,2025-09-12T15:07:16Z,CPA113,"12.25348,121.87664",37000,483,156
1757689666,2025-09-12T15:07:46Z,CPA113,"12.191391,121.903679",37025,486,156
1757689698,2025-09-12T15:08:18Z,CPA113,"12.125182,121.932579",37000,488,156
1757689728,2025-09-12T15:08:48Z,CPA113,"12.061825,121.960243",37000,488,156
1757689761,2025-09-12T15:09:21Z,CPA113,"11.99382,121.989868",37000,488,156
1757689794,2025-09-12T15:09:54Z,CPA113,"11.924728,122.019897",37000,486,156
1757689824,2025-09-12T15:10:24Z,CPA113,"11.860951,122.047699",37000,482,156
1757689855,2025-09-12T15:10:55Z,CPA113,"11.798339,122.074921",37000,485,156
1757689887,2025-09-12T15:11:27Z,CPA113,"11.731796,122.103851",37000,484,156
1757689919,2025-09-12T15:11:59Z,CPA113,"11.665805,122.132599",37000,485,156
1757689952,2025-09-12T15:12:32Z,CPA113,"11.598257,122.161896",37000,487,156
1757689983,2025-09-12T15:13:03Z,CPA113,"11.533643,122.189941",36975,486,156
1757690013,2025-09-12T15:13:33Z,CPA113,"11.4711,122.217026",37000,485,156
1757690044,2025-09-12T15:14:04Z,CPA113,"11.405904,122.245308",37000,486,156
1757690075,2025-09-12T15:14:35Z,CPA113,"11.342546,122.272774",37000,486,156
1757690107,2025-09-12T15:15:07Z,CPA113,"11.275371,122.301971",37000,490,156
1757690138,2025-09-12T15:15:38Z,CPA113,"11.211082,122.329773",37000,490,156
1757690169,2025-09-12T15:16:09Z,CPA113,"11.145676,122.358101",37000,491,156
1757690200,2025-09-12T15:16:40Z,CPA113,"11.080948,122.386086",37000,488,156
1757690233,2025-09-12T15:17:13Z,CPA113,"11.012398,122.415688",37000,487,156
1757690264,2025-09-12T15:17:44Z,CPA113,"10.947922,122.443573",37000,488,156
1757690297,2025-09-12T15:18:17Z,CPA113,"10.879025,122.473274",37000,490,156
1757690329,2025-09-12T15:18:49Z,CPA113,"10.812083,122.502235",37000,487,156
1757690360,2025-09-12T15:19:20Z,CPA113,"10.749664,122.531746",37000,487,154
1757690392,2025-09-12T15:19:52Z,CPA113,"10.68306,122.564095",37000,488,154
1757690423,2025-09-12T15:20:23Z,CPA113,"10.620346,122.593971",37000,488,154
1757690454,2025-09-12T15:20:54Z,CPA113,"10.556808,122.623947",37000,491,154
1757690486,2025-09-12T15:21:26Z,CPA113,"10.489151,122.655914",37000,491,154
1757690517,2025-09-12T15:21:57Z,CPA113,"10.426437,122.685585",37000,489,154
1757690549,2025-09-12T15:22:29Z,CPA113,"10.359055,122.717331",37000,490,154
1757690580,2025-09-12T15:23:00Z,CPA113,"10.296021,122.747078",37025,490,154
1757690613,2025-09-12T15:23:33Z,CPA113,"10.228271,122.779015",37000,493,154
1757690645,2025-09-12T15:24:05Z,CPA113,"10.15998,122.811234",37000,493,154
1757690676,2025-09-12T15:24:36Z,CPA113,"10.096715,122.841072",37000,493,154
1757690707,2025-09-12T15:25:07Z,CPA113,"10.032257,122.871376",37000,493,154
1757690738,2025-09-12T15:25:38Z,CPA113,"9.9673,122.901909",37000,491,155
1757690771,2025-09-12T15:26:11Z,CPA113,"9.900032,122.933556",37000,490,155
1757690802,2025-09-12T15:26:42Z,CPA113,"9.836069,122.963722",37025,489,154
1757690833,2025-09-12T15:27:13Z,CPA113,"9.772705,122.993576",37000,490,154
1757690866,2025-09-12T15:27:46Z,CPA113,"9.703814,123.025848",37000,493,155
1757690897,2025-09-12T15:28:17Z,CPA113,"9.639862,123.055908",37000,492,154
1757690928,2025-09-12T15:28:48Z,CPA113,"9.576354,123.085754",37000,490,154
1757690959,2025-09-12T15:29:19Z,CPA113,"9.511181,123.116348",37000,492,154
1757690990,2025-09-12T15:29:50Z,CPA113,"9.446985,123.146461",37000,492,155
1757691022,2025-09-12T15:30:22Z,CPA113,"9.38063,123.177597",37000,491,155
1757691052,2025-09-12T15:30:52Z,CPA113,"9.318408,123.206795",37000,490,155
1757691085,2025-09-12T15:31:25Z,CPA113,"9.25007,123.238853",37000,494,155
1757691116,2025-09-12T15:31:56Z,CPA113,"9.186401,123.268646",37000,495,154
1757691149,2025-09-12T15:32:29Z,CPA113,"9.117645,123.300865",37000,495,154
1757691181,2025-09-12T15:33:01Z,CPA113,"9.049759,123.332611",37000,495,155
1757691212,2025-09-12T15:33:32Z,CPA113,"8.985653,123.362587",37000,493,155
1757691245,2025-09-12T15:34:05Z,CPA113,"8.918655,123.393967",37000,491,155
1757691275,2025-09-12T15:34:35Z,CPA113,"8.856331,123.423203",37000,490,155
1757691307,2025-09-12T15:35:07Z,CPA113,"8.790482,123.453926",37000,489,155
1757691337,2025-09-12T15:35:37Z,CPA113,"8.726624,123.483818",37000,490,155
1757691369,2025-09-12T15:36:09Z,CPA113,"8.662674,123.513702",37000,492,155
1757691400,2025-09-12T15:36:40Z,CPA113,"8.597351,123.544189",37000,493,155
1757691432,2025-09-12T15:37:12Z,CPA113,"8.52951,123.575897",37000,495,155
1757691464,2025-09-12T15:37:44Z,CPA113,"8.462964,123.606895",37000,493,155
1757691495,2025-09-12T15:38:15Z,CPA113,"8.399506,123.636459",37000,492,155
1757691526,2025-09-12T15:38:46Z,CPA113,"8.334434,123.666847",37000,491,155
1757691558,2025-09-12T15:39:18Z,CPA113,"8.269501,123.697113",37000,491,155
1757691590,2025-09-12T15:39:50Z,CPA113,"8.202759,123.72821",37000,489,155
1757691621,2025-09-12T15:40:21Z,CPA113,"8.139706,123.75753",37000,488,155
1757691654,2025-09-12T15:40:54Z,CPA113,"8.070877,123.789619",37000,486,155
1757691684,2025-09-12T15:41:24Z,CPA113,"8.009359,123.818283",37000,487,155
1757691718,2025-09-12T15:41:58Z,CPA113,"7.940598,123.850273",37000,487,155
1757691750,2025-09-12T15:42:30Z,CPA113,"7.873444,123.881508",37000,484,155
1757691781,2025-09-12T15:43:01Z,CPA113,"7.811462,123.910278",37000,485,155
1757691814,2025-09-12T15:43:34Z,CPA113,"7.743393,123.941933",37000,488,155
1757691847,2025-09-12T15:44:07Z,CPA113,"7.675952,123.973328",37000,490,155
1757691878,2025-09-12T15:44:38Z,CPA113,"7.611282,124.003334",37000,492,155
1757691908,2025-09-12T15:45:08Z,CPA113,"7.549795,124.031906",37000,493,155
1757691936,2025-09-12T15:45:36Z,CPA113,"7.491698,124.061882",37000,489,145
1757691939,2025-09-12T15:45:39Z,CPA113,"7.486908,124.065208",37000,489,144
1757691941,2025-09-12T15:45:41Z,CPA113,"7.483552,124.067703",37000,488,143
1757691943,2025-09-12T15:45:43Z,CPA113,"7.479083,124.071114",37000,488,141
1757691945,2025-09-12T15:45:45Z,CPA113,"7.475693,124.073814",37000,487,140
1757691948,2025-09-12T15:45:48Z,CPA113,"7.471262,124.077553",37000,487,139
1757691950,2025-09-12T15:45:50Z,CPA113,"7.467025,124.081245",37000,486,138
1757691952,2025-09-12T15:45:52Z,CPA113,"7.463699,124.08429",37000,486,137
1757691954,2025-09-12T15:45:54Z,CPA113,"7.460541,124.087273",37000,486,136
1757691956,2025-09-12T15:45:56Z,CPA113,"7.456467,124.091133",37000,486,136
1757691959,2025-09-12T15:45:59Z,CPA113,"7.452455,124.095024",37000,485,135
1757691961,2025-09-12T15:46:01Z,CPA113,"7.449243,124.098152",37025,485,135
1757691963,2025-09-12T15:46:03Z,CPA113,"7.445389,124.101982",37025,485,135
1757691966,2025-09-12T15:46:06Z,CPA113,"7.442027,124.105255",37000,485,135
1757691996,2025-09-12T15:46:36Z,CPA113,"7.393147,124.153366",37025,484,135
1757692027,2025-09-12T15:47:07Z,CPA113,"7.338501,124.198715",37000,487,145
1757692030,2025-09-12T15:47:10Z,CPA113,"7.334747,124.201233",37000,488,147
1757692032,2025-09-12T15:47:12Z,CPA113,"7.33072,124.203705",37000,489,149
1757692034,2025-09-12T15:47:14Z,CPA113,"7.325832,124.206551",37000,489,150
1757692037,2025-09-12T15:47:17Z,CPA113,"7.320877,124.209236",37000,490,152
1757692039,2025-09-12T15:47:19Z,CPA113,"7.315979,124.211662",37000,491,154
1757692041,2025-09-12T15:47:21Z,CPA113,"7.311494,124.213745",37000,491,156
1757692043,2025-09-12T15:47:23Z,CPA113,"7.306979,124.215691",37000,492,157
1757692046,2025-09-12T15:47:26Z,CPA113,"7.302696,124.217346",37000,493,159
1757692048,2025-09-12T15:47:28Z,CPA113,"7.297715,124.219147",37000,494,161
1757692050,2025-09-12T15:47:30Z,CPA113,"7.292313,124.220924",37000,494,162
1757692052,2025-09-12T15:47:32Z,CPA113,"7.287872,124.222229",37000,495,164
1757692054,2025-09-12T15:47:34Z,CPA113,"7.283432,124.223434",37000,495,165
1757692056,2025-09-12T15:47:36Z,CPA113,"7.277884,124.224731",37000,496,167
1757692059,2025-09-12T15:47:39Z,CPA113,"7.273178,124.225716",37000,497,169
1757692061,2025-09-12T15:47:41Z,CPA113,"7.268992,124.22644",37000,497,170
1757692063,2025-09-12T15:47:43Z,CPA113,"7.264244,124.227196",37000,498,171
1757692065,2025-09-12T15:47:45Z,CPA113,"7.258146,124.227997",37000,499,173
1757692067,2025-09-12T15:47:47Z,CPA113,"7.252991,124.228554",37000,499,174
1757692069,2025-09-12T15:47:49Z,CPA113,"7.248734,124.228928",37000,499,175
1757692072,2025-09-12T15:47:52Z,CPA113,"7.243202,124.229424",37000,500,175
1757692074,2025-09-12T15:47:54Z,CPA113,"7.238388,124.229767",37000,500,175
1757692076,2025-09-12T15:47:56Z,CPA113,"7.233566,124.230087",37000,500,176
1757692078,2025-09-12T15:47:58Z,CPA113,"7.227814,124.230469",37000,500,176
1757692080,2025-09-12T15:48:00Z,CPA113,"7.222961,124.230743",37000,502,176
1757692082,2025-09-12T15:48:02Z,CPA113,"7.218338,124.231026",37000,500,176
1757692085,2025-09-12T15:48:05Z,CPA113,"7.213303,124.231354",37000,500,176
1757692115,2025-09-12T15:48:35Z,CPA113,"7.143219,124.235962",36975,502,176
1757692146,2025-09-12T15:49:06Z,CPA113,"7.071239,124.244003",37000,500,166
1757692148,2025-09-12T15:49:08Z,CPA113,"7.06691,124.245132",37000,499,164
1757692150,2025-09-12T15:49:10Z,CPA113,"7.0616,124.246666",37000,499,162
1757692152,2025-09-12T15:49:12Z,CPA113,"7.056656,124.248245",37000,498,161
1757692155,2025-09-12T15:49:15Z,CPA113,"7.051254,124.25016",37000,497,160
1757692157,2025-09-12T15:49:17Z,CPA113,"7.047078,124.251724",37000,498,159
1757692159,2025-09-12T15:49:19Z,CPA113,"7.042419,124.253464",37000,497,158
1757692161,2025-09-12T15:49:21Z,CPA113,"7.037395,124.255417",37000,497,158
1757692163,2025-09-12T15:49:23Z,CPA113,"7.033447,124.257004",37000,497,158
1757692166,2025-09-12T15:49:26Z,CPA113,"7.027107,124.259491",37025,496,158
1757692168,2025-09-12T15:49:28Z,CPA113,"7.023148,124.261047",37000,497,158
1757692171,2025-09-12T15:49:31Z,CPA113,"7.016602,124.263657",37000,497,158
1757692203,2025-09-12T15:50:03Z,CPA113,"6.946246,124.289703",37000,497,160
1757692235,2025-09-12T15:50:35Z,CPA113,"6.87767,124.314072",37000,496,160
1757692268,2025-09-12T15:51:08Z,CPA113,"6.806728,124.339569",37000,495,160
1757692300,2025-09-12T15:51:40Z,CPA113,"6.73558,124.36528",37000,495,160
1757692331,2025-09-12T15:52:11Z,CPA113,"6.670074,124.388931",37000,494,160
1757692362,2025-09-12T15:52:42Z,CPA113,"6.603653,124.412949",37000,494,160
1757692393,2025-09-12T15:53:13Z,CPA113,"6.5364,124.437164",37000,495,160
1757692426,2025-09-12T15:53:46Z,CPA113,"6.465454,124.462784",37000,495,160
1757692457,2025-09-12T15:54:17Z,CPA113,"6.396744,124.487572",37000,495,160
1757692490,2025-09-12T15:54:50Z,CPA113,"6.327209,124.512665",37000,496,160
1757692520,2025-09-12T15:55:20Z,CPA113,"6.260485,124.536705",37000,497,160
1757692551,2025-09-12T15:55:51Z,CPA113,"6.194824,124.560379",37000,498,160
1757692582,2025-09-12T15:56:22Z,CPA113,"6.126709,124.585007",37000,500,160
1757692614,2025-09-12T15:56:54Z,CPA113,"6.054817,124.611008",37000,502,160
1757692645,2025-09-12T15:57:25Z,CPA113,"5.987457,124.63533",37000,502,160
1757692677,2025-09-12T15:57:57Z,CPA113,"5.916687,124.660843",37000,500,160
1757692709,2025-09-12T15:58:29Z,CPA113,"5.846741,124.686073",37000,498,160
1757692741,2025-09-12T15:59:01Z,CPA113,"5.779129,124.710464",37000,498,160
1757692773,2025-09-12T15:59:33Z,CPA113,"5.707535,124.736305",37000,500,160
1757692805,2025-09-12T16:00:05Z,CPA113,"5.637222,124.761536",37000,501,160
1757692837,2025-09-12T16:00:37Z,CPA113,"5.567647,124.786644",37000,502,160
1757692868,2025-09-12T16:01:08Z,CPA113,"5.500007,124.811081",37000,502,160
1757692899,2025-09-12T16:01:39Z,CPA113,"5.432739,124.835274",37000,499,160
1757692932,2025-09-12T16:02:12Z,CPA113,"5.360641,124.861198",37000,497,160
1757692963,2025-09-12T16:02:43Z,CPA113,"5.294449,124.88504",37000,496,160
1757692995,2025-09-12T16:03:15Z,CPA113,"5.223161,124.910713",37000,495,160
1757693026,2025-09-12T16:03:46Z,CPA113,"5.156708,124.934616",37000,494,160
1757693058,2025-09-12T16:04:18Z,CPA113,"5.088811,124.959015",37000,494,160
1757693088,2025-09-12T16:04:48Z,CPA113,"5.021962,124.98307",37000,496,160
1757693119,2025-09-12T16:05:19Z,CPA113,"4.956324,125.006706",37000,497,160
1757693151,2025-09-12T16:05:51Z,CPA113,"4.885208,125.032234",37000,495,160
1757693183,2025-09-12T16:06:23Z,CPA113,"4.815674,125.057236",37000,494,160
1757693216,2025-09-12T16:06:56Z,CPA113,"4.745041,125.082649",37000,494,160
1757693247,2025-09-12T16:07:27Z,CPA113,"4.678127,125.10672",37000,494,160
1757693277,2025-09-12T16:07:57Z,CPA113,"4.612244,125.130363",37000,495,160
1757693310,2025-09-12T16:08:30Z,CPA113,"4.541565,125.155693",37000,494,160
1757693341,2025-09-12T16:09:01Z,CPA113,"4.474869,125.179665",37000,493,160
1757693374,2025-09-12T16:09:34Z,CPA113,"4.404602,125.204895",37000,493,160
1757693406,2025-09-12T16:10:06Z,CPA113,"4.335297,125.229805",37000,491,160
1757693437,2025-09-12T16:10:37Z,CPA113,"4.268234,125.253868",37000,489,160
1757693468,2025-09-12T16:11:08Z,CPA113,"4.203278,125.277191",37000,489,160
1757693500,2025-09-12T16:11:40Z,CPA113,"4.134025,125.30201",37000,490,160
1757693531,2025-09-12T16:12:11Z,CPA113,"4.067184,125.325981",37000,492,160
1757693564,2025-09-12T16:12:44Z,CPA113,"3.997055,125.35112",37000,492,160
1757693594,2025-09-12T16:13:14Z,CPA113,"3.932687,125.373276",37000,492,161
1757693625,2025-09-12T16:13:45Z,CPA113,"3.863696,125.395485",37000,493,161
1757693657,2025-09-12T16:14:17Z,CPA113,"3.795078,125.417984",37000,494,161
1757693689,2025-09-12T16:14:49Z,CPA113,"3.725343,125.441086",37000,494,161
1757693720,2025-09-12T16:15:20Z,CPA113,"3.656387,125.463959",37000,492,161
1757693748,2025-09-12T16:15:48Z,CPA113,"3.599186,125.488304",37000,488,150
1757693750,2025-09-12T16:15:50Z,CPA113,"3.594452,125.490959",37000,488,150
1757693752,2025-09-12T16:15:52Z,CPA113,"3.590698,125.493149",37000,488,149
1757693755,2025-09-12T16:15:55Z,CPA113,"3.586487,125.495613",37000,487,149
1757693757,2025-09-12T16:15:57Z,CPA113,"3.581776,125.498344",37000,487,149
1757693759,2025-09-12T16:15:59Z,CPA113,"3.576965,125.501205",37000,488,149
1757693798,2025-09-12T16:16:38Z,CPA113,"3.499658,125.543045",37000,490,151
1757693831,2025-09-12T16:17:11Z,CPA113,"3.435136,125.577705",37000,490,151
1757693862,2025-09-12T16:17:42Z,CPA113,"3.371918,125.610382",37000,495,155
1757693893,2025-09-12T16:18:13Z,CPA113,"3.303207,125.635811",37000,499,163
1757693925,2025-09-12T16:18:45Z,CPA113,"3.229003,125.650826",37000,503,171
1757693957,2025-09-12T16:19:17Z,CPA113,"3.156335,125.66124",37000,504,171
1757693987,2025-09-12T16:19:47Z,CPA113,"3.088043,125.671188",37000,503,171
1757694033,2025-09-12T16:20:33Z,CPA113,"2.981232,125.68792",37000,502,167
1757694065,2025-09-12T16:21:05Z,CPA113,"2.909282,125.71125",37000,500,160
1757694098,2025-09-12T16:21:38Z,CPA113,"2.836474,125.735588",37000,500,161
1757694129,2025-09-12T16:22:09Z,CPA113,"2.768275,125.757896",37000,501,161
1757694160,2025-09-12T16:22:40Z,CPA113,"2.701007,125.780052",37000,500,161
1757694191,2025-09-12T16:23:11Z,CPA113,"2.631042,125.80323",37000,499,161
1757694223,2025-09-12T16:23:43Z,CPA113,"2.56177,125.826134",37000,498,161
1757694255,2025-09-12T16:24:15Z,CPA113,"2.491699,125.849274",37000,496,161
1757694286,2025-09-12T16:24:46Z,CPA113,"2.423035,125.871994",37000,496,161
1757694318,2025-09-12T16:25:18Z,CPA113,"2.353821,125.894844",37000,497,161
1757694350,2025-09-12T16:25:50Z,CPA113,"2.28227,125.918472",37000,498,161
1757694382,2025-09-12T16:26:22Z,CPA113,"2.215095,125.940681",37000,499,161
1757694413,2025-09-12T16:26:53Z,CPA113,"2.144615,125.963936",37000,500,161
1757694444,2025-09-12T16:27:24Z,CPA113,"2.077789,125.986046",37000,499,161
1757694475,2025-09-12T16:27:55Z,CPA113,"2.007658,126.009209",37000,497,161
1757694506,2025-09-12T16:28:26Z,CPA113,"1.940716,126.032738",37000,495,158
1757694538,2025-09-12T16:28:58Z,CPA113,"1.87294,126.060249",37000,494,157
1757694569,2025-09-12T16:29:29Z,CPA113,"1.806692,126.086678",37000,495,158
1757694600,2025-09-12T16:30:00Z,CPA113,"1.739099,126.112869",37000,495,158
1757694633,2025-09-12T16:30:33Z,CPA113,"1.671225,126.139099",37000,496,158
1757694664,2025-09-12T16:31:04Z,CPA113,"1.605469,126.168945",37000,496,151
1757694696,2025-09-12T16:31:36Z,CPA113,"1.539296,126.204926",37000,498,151
1757694728,2025-09-12T16:32:08Z,CPA113,"1.474457,126.239243",37000,499,152
1757694759,2025-09-12T16:32:39Z,CPA113,"1.411371,126.272499",37000,499,152
1757694791,2025-09-12T16:33:11Z,CPA113,"1.34523,126.307533",37000,496,151
1757694823,2025-09-12T16:33:43Z,CPA113,"1.279721,126.3423",37000,495,151
1757694855,2025-09-12T16:34:15Z,CPA113,"1.215944,126.376015",37000,496,151
1757694887,2025-09-12T16:34:47Z,CPA113,"1.150452,126.410789",37000,496,151
1757694918,2025-09-12T16:35:18Z,CPA113,"1.087134,126.444305",37000,497,151
1757694950,2025-09-12T16:35:50Z,CPA113,"1.022427,126.478584",37000,499,151
1757694981,2025-09-12T16:36:21Z,CPA113,"0.957367,126.51297",37000,499,151
1757695013,2025-09-12T16:36:53Z,CPA113,"0.892732,126.547203",37000,498,151
1757695046,2025-09-12T16:37:26Z,CPA113,"0.825371,126.582909",37000,497,151
1757695079,2025-09-12T16:37:59Z,CPA113,"0.758423,126.618362",37000,498,151
1757695110,2025-09-12T16:38:30Z,CPA113,"0.694559,126.652191",37000,496,151
1757695143,2025-09-12T16:39:03Z,CPA113,"0.628316,126.687279",37000,493,152
1757695173,2025-09-12T16:39:33Z,CPA113,"0.566345,126.720032",37000,495,151
1757695204,2025-09-12T16:40:04Z,CPA113,"0.503649,126.753296",37000,497,151
1757695237,2025-09-12T16:40:37Z,CPA113,"0.43689,126.788605",37000,498,151
1757695269,2025-09-12T16:41:09Z,CPA113,"0.370834,126.823563",37000,501,151
1757695301,2025-09-12T16:41:41Z,CPA113,"0.30501,126.858467",37000,501,151
1757695333,2025-09-12T16:42:13Z,CPA113,"0.241001,126.892326",37000,499,151
1757695363,2025-09-12T16:42:43Z,CPA113,"0.178388,126.925476",37000,498,151
1757695395,2025-09-12T16:43:15Z,CPA113,"0.113113,126.960007",37000,497,151
1757695426,2025-09-12T16:43:46Z,CPA113,"0.049347,126.993759",37000,499,151
1757695457,2025-09-12T16:44:17Z,CPA113,"-0.014099,127.027374",37000,500,151
1757695489,2025-09-12T16:44:49Z,CPA113,"-0.078323,127.061356",37000,498,151
1757695521,2025-09-12T16:45:21Z,CPA113,"-0.143707,127.096001",37000,498,151
1757695553,2025-09-12T16:45:53Z,CPA113,"-0.21009,127.131134",37000,499,151
1757695584,2025-09-12T16:46:24Z,CPA113,"-0.274475,127.165215",37000,499,151
1757695617,2025-09-12T16:46:57Z,CPA113,"-0.34108,127.2005",37350,497,151
1757695648,2025-09-12T16:47:28Z,CPA113,"-0.403654,127.233612",37850,493,151
1757695679,2025-09-12T16:47:59Z,CPA113,"-0.465683,127.266464",38175,494,151
1757695712,2025-09-12T16:48:32Z,CPA113,"-0.533116,127.302139",38475,494,151
1757695742,2025-09-12T16:49:02Z,CPA113,"-0.593541,127.334198",38825,491,151
1757695773,2025-09-12T16:49:33Z,CPA113,"-0.656573,127.367577",39000,493,151
1757695804,2025-09-12T16:50:04Z,CPA113,"-0.718735,127.400444",39000,494,151
1757695836,2025-09-12T16:50:36Z,CPA113,"-0.784378,127.435211",39000,494,151
1757695867,2025-09-12T16:51:07Z,CPA113,"-0.847321,127.468544",39000,493,151
1757695898,2025-09-12T16:51:38Z,CPA113,"-0.909805,127.501648",39000,491,151
1757695931,2025-09-12T16:52:11Z,CPA113,"-0.97513,127.536255",39000,490,151
1757695963,2025-09-12T16:52:43Z,CPA113,"-1.039581,127.570404",39000,490,151
1757695994,2025-09-12T16:53:14Z,CPA113,"-1.100922,127.602852",39000,488,151
1757696027,2025-09-12T16:53:47Z,CPA113,"-1.167526,127.638138",39000,488,151
1757696057,2025-09-12T16:54:17Z,CPA113,"-1.227955,127.670128",39000,487,151
1757696088,2025-09-12T16:54:48Z,CPA113,"-1.290707,127.703377",39000,487,151
1757696119,2025-09-12T16:55:19Z,CPA113,"-1.352342,127.736",39000,487,151
1757696150,2025-09-12T16:55:50Z,CPA113,"-1.413986,127.768669",39000,487,151
1757696181,2025-09-12T16:56:21Z,CPA113,"-1.475876,127.801491",39000,488,151
1757696214,2025-09-12T16:56:54Z,CPA113,"-1.541336,127.836166",39000,489,151
1757696245,2025-09-12T16:57:25Z,CPA113,"-1.604982,127.869873",39000,490,151
1757696277,2025-09-12T16:57:57Z,CPA113,"-1.66941,127.90406",39000,491,151
1757696309,2025-09-12T16:58:29Z,CPA113,"-1.732535,127.937447",39000,492,151
1757696340,2025-09-12T16:59:00Z,CPA113,"-1.795624,127.970894",39000,492,151
1757696373,2025-09-12T16:59:33Z,CPA113,"-1.861903,128.006073",39000,492,151
1757696414,2025-09-12T17:00:14Z,CPA113,"-1.915283,128.034348",39000,60,151
1757696444,2025-09-12T17:00:44Z,CPA113,"-2.004912,128.081879",39000,490,151
1757696477,2025-09-12T17:01:17Z,CPA113,"-2.071381,128.117111",39000,492,151
1757696508,2025-09-12T17:01:48Z,CPA113,"-2.13533,128.151001",39000,493,151
1757696540,2025-09-12T17:02:20Z,CPA113,"-2.194705,128.18251",39000,493,151
1757696572,2025-09-12T17:02:52Z,CPA113,"-2.262177,128.218323",39000,491,151
1757696602,2025-09-12T17:03:22Z,CPA113,"-2.324295,128.251236",39000,492,152
1757696633,2025-09-12T17:03:53Z,CPA113,"-2.387375,128.284653",39000,493,151
1757696667,2025-09-12T17:04:27Z,CPA113,"-2.454653,128.320404",39025,492,151
1757696697,2025-09-12T17:04:57Z,CPA113,"-2.516052,128.353043",39000,491,150
1757696711,2025-09-12T17:05:11Z,CPA113,"-2.541845,128.369934",39000,488,141
1757696713,2025-09-12T17:05:13Z,CPA113,"-2.545383,128.372787",39000,488,140
1757696715,2025-09-12T17:05:15Z,CPA113,"-2.54924,128.376083",39000,487,138
1757696717,2025-09-12T17:05:17Z,CPA113,"-2.552878,128.379318",39000,487,136
1757696720,2025-09-12T17:05:20Z,CPA113,"-2.556381,128.38269",39000,487,135
1757696722,2025-09-12T17:05:22Z,CPA113,"-2.559952,128.386276",39025,486,133
1757696724,2025-09-12T17:05:24Z,CPA113,"-2.562933,128.389404",39025,486,132
1757696726,2025-09-12T17:05:26Z,CPA113,"-2.566315,128.393173",39000,485,130
1757696728,2025-09-12T17:05:28Z,CPA113,"-2.569656,128.397125",39025,485,129
1757696730,2025-09-12T17:05:30Z,CPA113,"-2.572815,128.401031",39025,484,127
1757696733,2025-09-12T17:05:33Z,CPA113,"-2.575562,128.404617",39025,484,126
1757696735,2025-09-12T17:05:35Z,CPA113,"-2.578715,128.408966",39025,483,125
1757696737,2025-09-12T17:05:37Z,CPA113,"-2.581329,128.412811",39025,483,123
1757696739,2025-09-12T17:05:39Z,CPA113,"-2.584076,128.417007",39025,483,122
1757696741,2025-09-12T17:05:41Z,CPA113,"-2.586442,128.420807",39025,483,121
1757696743,2025-09-12T17:05:43Z,CPA113,"-2.589294,128.425522",39025,482,120
1757696746,2025-09-12T17:05:46Z,CPA113,"-2.591583,128.429382",39025,482,120
1757696748,2025-09-12T17:05:48Z,CPA113,"-2.593937,128.43335",39025,482,120
1757696750,2025-09-12T17:05:50Z,CPA113,"-2.59687,128.438461",39025,482,120
1757696752,2025-09-12T17:05:52Z,CPA113,"-2.599136,128.442322",39025,482,120
1757696754,2025-09-12T17:05:54Z,CPA113,"-2.601196,128.445862",39025,482,120
1757696786,2025-09-12T17:06:26Z,CPA113,"-2.638627,128.506561",39025,481,122
1757696817,2025-09-12T17:06:57Z,CPA113,"-2.677917,128.563034",39000,482,132
1757696819,2025-09-12T17:06:59Z,CPA113,"-2.681362,128.56665",39000,483,134
1757696821,2025-09-12T17:07:01Z,CPA113,"-2.685013,128.570343",39000,482,135
1757696824,2025-09-12T17:07:04Z,CPA113,"-2.688034,128.573181",39000,483,137
1757696826,2025-09-12T17:07:06Z,CPA113,"-2.692017,128.576767",39000,483,138
1757696828,2025-09-12T17:07:08Z,CPA113,"-2.695142,128.579437",39000,483,140
1757696830,2025-09-12T17:07:10Z,CPA113,"-2.69975,128.58313",39000,484,141
1757696832,2025-09-12T17:07:12Z,CPA113,"-2.703049,128.585663",39000,484,143
1757696835,2025-09-12T17:07:15Z,CPA113,"-2.708084,128.589386",39000,484,144
1757696837,2025-09-12T17:07:17Z,CPA113,"-2.711761,128.591934",39000,484,144
1757696839,2025-09-12T17:07:19Z,CPA113,"-2.715637,128.594604",39000,484,145
1757696841,2025-09-12T17:07:21Z,CPA113,"-2.719535,128.597198",39000,485,146
1757696843,2025-09-12T17:07:23Z,CPA113,"-2.723145,128.599579",39000,485,146
1757696845,2025-09-12T17:07:25Z,CPA113,"-2.727173,128.602234",39000,484,146
1757696848,2025-09-12T17:07:28Z,CPA113,"-2.732011,128.605392",39000,484,146
1757696850,2025-09-12T17:07:30Z,CPA113,"-2.735782,128.607803",39000,485,147
1757696852,2025-09-12T17:07:32Z,CPA113,"-2.740763,128.611023",39000,485,147
1757696884,2025-09-12T17:08:04Z,CPA113,"-2.798996,128.649719",39000,484,144
1757696914,2025-09-12T17:08:34Z,CPA113,"-2.855026,128.690262",39000,485,142
1757696946,2025-09-12T17:09:06Z,CPA113,"-2.911237,128.732956",39000,485,142
1757696977,2025-09-12T17:09:37Z,CPA113,"-2.966721,128.775543",39000,484,140
1757697008,2025-09-12T17:10:08Z,CPA113,"-3.018913,128.821899",39000,479,136
1757697040,2025-09-12T17:10:40Z,CPA113,"-3.070084,128.869675",39025,478,136
1757697073,2025-09-12T17:11:13Z,CPA113,"-3.12323,128.919113",39000,480,136
1757697103,2025-09-12T17:11:43Z,CPA113,"-3.173492,128.965851",39000,482,136
1757697134,2025-09-12T17:12:14Z,CPA113,"-3.224767,129.013962",39000,483,136
1757697156,2025-09-12T17:12:36Z,CPA113,"-3.262427,129.044083",39000,485,146
1757697158,2025-09-12T17:12:38Z,CPA113,"-3.266245,129.046494",39000,486,147
1757697160,2025-09-12T17:12:40Z,CPA113,"-3.270062,129.048813",39000,487,149
1757697162,2025-09-12T17:12:42Z,CPA113,"-3.274903,129.05162",39000,486,150
1757697165,2025-09-12T17:12:45Z,CPA113,"-3.278732,129.053741",39000,487,151
1757697167,2025-09-12T17:12:47Z,CPA113,"-3.283515,129.056305",39000,487,152
1757697170,2025-09-12T17:12:50Z,CPA113,"-3.289444,129.059326",39000,487,152
1757697172,2025-09-12T17:12:52Z,CPA113,"-3.293472,129.061371",39000,488,153
1757697174,2025-09-12T17:12:54Z,CPA113,"-3.297363,129.063339",39000,488,153
1757697176,2025-09-12T17:12:56Z,CPA113,"-3.30209,129.065628",39000,487,153
1757697178,2025-09-12T17:12:58Z,CPA113,"-3.307304,129.068192",39000,488,154
1757697181,2025-09-12T17:13:01Z,CPA113,"-3.31154,129.070221",39000,488,154
1757697212,2025-09-12T17:13:32Z,CPA113,"-3.37406,129.100769",39025,490,153
1757697242,2025-09-12T17:14:02Z,CPA113,"-3.437278,129.133911",39000,491,149
1757697273,2025-09-12T17:14:33Z,CPA113,"-3.496399,129.171341",39000,492,145
1757697306,2025-09-12T17:15:06Z,CPA113,"-3.556358,129.214325",39000,491,148
1757697312,2025-09-12T17:15:12Z,CPA113,"-3.569733,129.221756",39000,491,153
1757697315,2025-09-12T17:15:15Z,CPA113,"-3.573862,129.223755",39000,491,154
1757697317,2025-09-12T17:15:17Z,CPA113,"-3.578293,129.2258",39000,491,155
1757697319,2025-09-12T17:15:19Z,CPA113,"-3.583684,129.228104",39000,491,157
1757697321,2025-09-12T17:15:21Z,CPA113,"-3.587548,129.229675",39000,490,158
1757697324,2025-09-12T17:15:24Z,CPA113,"-3.593181,129.231796",39000,490,159
1757697326,2025-09-12T17:15:26Z,CPA113,"-3.597839,129.233383",39025,491,161
1757697328,2025-09-12T17:15:28Z,CPA113,"-3.602305,129.234879",39025,490,162
1757697330,2025-09-12T17:15:30Z,CPA113,"-3.606681,129.236252",39000,491,163
1757697332,2025-09-12T17:15:32Z,CPA113,"-3.611057,129.237534",39000,490,163
1757697334,2025-09-12T17:15:34Z,CPA113,"-3.61647,129.23912",39000,491,163
1757697337,2025-09-12T17:15:37Z,CPA113,"-3.620833,129.240326",39000,490,164
1757697339,2025-09-12T17:15:39Z,CPA113,"-3.625763,129.241714",39000,491,164
1757697341,2025-09-12T17:15:41Z,CPA113,"-3.630702,129.243073",39000,491,164
1757697343,2025-09-12T17:15:43Z,CPA113,"-3.636292,129.244659",39000,491,164
1757697376,2025-09-12T17:16:16Z,CPA113,"-3.707382,129.265091",39000,490,163
1757697408,2025-09-12T17:16:48Z,CPA113,"-3.776364,129.285492",39000,490,163
1757697441,2025-09-12T17:17:21Z,CPA113,"-3.849152,129.307449",39000,490,163
1757697473,2025-09-12T17:17:53Z,CPA113,"-3.918162,129.32869",39000,489,160
1757697490,2025-09-12T17:18:10Z,CPA113,"-3.954287,129.34407",39000,491,153
1757697492,2025-09-12T17:18:12Z,CPA113,"-3.95857,129.346207",39000,491,153
1757697523,2025-09-12T17:18:43Z,CPA113,"-4.023102,129.378265",39000,495,154
1757697557,2025-09-12T17:19:17Z,CPA113,"-4.093231,129.411545",39000,499,154
1757697599,2025-09-12T17:19:59Z,CPA113,"-4.179181,129.452469",39000,501,154
1757697634,2025-09-12T17:20:34Z,CPA113,"-4.234857,129.47908",39000,110,154
1757697749,2025-09-12T17:22:29Z,CPA113,"-4.497437,129.604599",39000,505,154
1757697773,2025-09-12T17:22:53Z,CPA113,"-4.547058,129.628387",39000,505,154
1757697830,2025-09-12T17:23:50Z,CPA113,"-4.668817,129.686646",39000,508,154
1757697875,2025-09-12T17:24:35Z,CPA113,"-4.765646,129.732956",39000,507,154
1757697888,2025-09-12T17:24:48Z,CPA113,"-4.792511,129.745789",39000,507,154
1757697947,2025-09-12T17:25:47Z,CPA113,"-4.9189,129.806351",39000,509,154
1757697989,2025-09-12T17:26:29Z,CPA113,"-4.990772,129.840729",39025,508,154
1757698062,2025-09-12T17:27:42Z,CPA113,"-5.16156,129.922592",39000,506,154
1757699492,2025-09-12T17:51:32Z,CPA113,"-8.140916,131.383987",39000,500,139
1757699629,2025-09-12T17:53:49Z,CPA113,"-8.386292,131.592346",39000,505,139
1757699668,2025-09-12T17:54:28Z,CPA113,"-8.455056,131.644302",39000,482,146
1757699745,2025-09-12T17:55:45Z,CPA113,"-8.593357,131.768311",39000,508,139
1757699751,2025-09-12T17:55:51Z,CPA113,"-8.603878,131.777267",39000,508,139
1757699808,2025-09-12T17:56:48Z,CPA113,"-8.708434,131.866241",39000,508,139
1757699840,2025-09-12T17:57:20Z,CPA113,"-8.765786,131.915115",38975,505,139
1757699873,2025-09-12T17:57:53Z,CPA113,"-8.826004,131.96637",39000,503,139
1757699885,2025-09-12T17:58:05Z,CPA113,"-8.846787,131.984116",39000,502,139
1757699943,2025-09-12T17:59:03Z,CPA113,"-8.949528,132.071625",39000,502,139
1757699975,2025-09-12T17:59:35Z,CPA113,"-9.004898,132.118835",39000,500,139
1757700007,2025-09-12T18:00:07Z,CPA113,"-9.063904,132.169205",39000,499,139
1757700042,2025-09-12T18:00:42Z,CPA113,"-9.125519,132.221863",39000,501,139
1757700075,2025-09-12T18:01:15Z,CPA113,"-9.18338,132.271194",39000,501,139
1757700105,2025-09-12T18:01:45Z,CPA113,"-9.234879,132.315186",39000,502,139
1757700138,2025-09-12T18:02:18Z,CPA113,"-9.295225,132.366745",39000,502,139
1757700170,2025-09-12T18:02:50Z,CPA113,"-9.353462,132.416595",39000,501,139
1757700203,2025-09-12T18:03:23Z,CPA113,"-9.409837,132.464813",39000,502,139
1757700234,2025-09-12T18:03:54Z,CPA113,"-9.464676,132.511734",38975,502,139
1757700266,2025-09-12T18:04:26Z,CPA113,"-9.52091,132.559906",39025,502,139
1757700296,2025-09-12T18:04:56Z,CPA113,"-9.575867,132.607025",39000,502,139
1757700330,2025-09-12T18:05:30Z,CPA113,"-9.636034,132.658585",39000,503,139
1757700362,2025-09-12T18:06:02Z,CPA113,"-9.693433,132.707733",39025,502,139
1757700392,2025-09-12T18:06:32Z,CPA113,"-9.747345,132.753998",39000,502,139
1757700424,2025-09-12T18:07:04Z,CPA113,"-9.804977,132.803528",39025,503,139
1757700456,2025-09-12T18:07:36Z,CPA113,"-9.860367,132.851059",39025,502,139
1757700487,2025-09-12T18:08:07Z,CPA113,"-9.914975,132.897873",39025,502,139
1757700518,2025-09-12T18:08:38Z,CPA113,"-9.969635,132.944946",39000,503,139
1757700549,2025-09-12T18:09:09Z,CPA113,"-10.025816,132.99324",39000,502,139
1757700582,2025-09-12T18:09:42Z,CPA113,"-10.083435,133.042801",39025,504,139
1757700612,2025-09-12T18:10:12Z,CPA113,"-10.138007,133.089798",39000,505,139
1757700643,2025-09-12T18:10:43Z,CPA113,"-10.193217,133.137299",39000,507,139
1757700676,2025-09-12T18:11:16Z,CPA113,"-10.252167,133.188095",39000,505,139
1757700707,2025-09-12T18:11:47Z,CPA113,"-10.307364,133.235657",39000,505,139
1757700740,2025-09-12T18:12:20Z,CPA113,"-10.36574,133.285995",39000,503,139
1757700770,2025-09-12T18:12:50Z,CPA113,"-10.420898,133.333618",39000,502,139
1757700802,2025-09-12T18:13:22Z,CPA113,"-10.476162,133.381256",39000,498,139
1757700833,2025-09-12T18:13:53Z,CPA113,"-10.530579,133.428299",39000,498,139
1757700864,2025-09-12T18:14:24Z,CPA113,"-10.585602,133.47583",39000,497,139
1757700895,2025-09-12T18:14:55Z,CPA113,"-10.639435,133.522339",39000,494,139
1757700928,2025-09-12T18:15:28Z,CPA113,"-10.695563,133.570908",39000,492,139
1757700958,2025-09-12T18:15:58Z,CPA113,"-10.749051,133.617172",39000,492,139
1757700989,2025-09-12T18:16:29Z,CPA113,"-10.802765,133.663696",39000,495,139
1757701020,2025-09-12T18:17:00Z,CPA113,"-10.857006,133.710693",39000,491,139
1757701051,2025-09-12T18:17:31Z,CPA113,"-10.911163,133.757599",39000,489,139
1757701084,2025-09-12T18:18:04Z,CPA113,"-10.96659,133.805618",39000,490,139
1757701114,2025-09-12T18:18:34Z,CPA113,"-11.019058,133.85112",39000,491,139
1757701145,2025-09-12T18:19:05Z,CPA113,"-11.07245,133.897461",39000,491,139
1757701176,2025-09-12T18:19:36Z,CPA113,"-11.126266,133.944229",39000,490,139
1757701208,2025-09-12T18:20:08Z,CPA113,"-11.182388,133.99295",39000,492,139
1757701239,2025-09-12T18:20:39Z,CPA113,"-11.235662,134.039276",39000,492,139
1757701271,2025-09-12T18:21:11Z,CPA113,"-11.29129,134.087616",39150,493,139
1757701302,2025-09-12T18:21:42Z,CPA113,"-11.344967,134.134247",39400,493,139
1757701333,2025-09-12T18:22:13Z,CPA113,"-11.398544,134.181",39575,495,139
1757701366,2025-09-12T18:22:46Z,CPA113,"-11.456085,134.231094",39825,495,139
1757701398,2025-09-12T18:23:18Z,CPA113,"-11.511298,134.27919",40000,497,139
1757701429,2025-09-12T18:23:49Z,CPA113,"-11.566555,134.327377",40000,498,139
1757701461,2025-09-12T18:24:21Z,CPA113,"-11.623349,134.376953",40025,498,139
1757701492,2025-09-12T18:24:52Z,CPA113,"-11.677094,134.423828",40000,499,139
1757701523,2025-09-12T18:25:23Z,CPA113,"-11.731247,134.471146",40000,499,139
1757701554,2025-09-12T18:25:54Z,CPA113,"-11.786453,134.519348",40000,499,139
1757701585,2025-09-12T18:26:25Z,CPA113,"-11.841166,134.5672",40000,500,139
1757701616,2025-09-12T18:26:56Z,CPA113,"-11.895493,134.614761",40000,500,139
1757701647,2025-09-12T18:27:27Z,CPA113,"-11.950564,134.662949",40000,500,139
1757701678,2025-09-12T18:27:58Z,CPA113,"-12.005077,134.710693",40000,499,139
1757701709,2025-09-12T18:28:29Z,CPA113,"-12.058319,134.757355",40000,497,139
1757701742,2025-09-12T18:29:02Z,CPA113,"-12.115918,134.807785",40000,496,139
1757701775,2025-09-12T18:29:35Z,CPA113,"-12.173736,134.858582",40000,496,139
1757701808,2025-09-12T18:30:08Z,CPA113,"-12.230667,134.908554",40000,496,139
1757701838,2025-09-12T18:30:38Z,CPA113,"-12.284158,134.955475",40000,496,139
1757701869,2025-09-12T18:31:09Z,CPA113,"-12.337879,135.002701",40000,496,139
1757701902,2025-09-12T18:31:42Z,CPA113,"-12.394627,135.052612",40000,497,139
1757701934,2025-09-12T18:32:14Z,CPA113,"-12.450862,135.102112",40000,498,139
1757701967,2025-09-12T18:32:47Z,CPA113,"-12.508865,135.153137",40000,499,139
1757702000,2025-09-12T18:33:20Z,CPA113,"-12.566162,135.203629",40000,498,139
1757702032,2025-09-12T18:33:52Z,CPA113,"-12.622375,135.253159",40000,499,139
1757702063,2025-09-12T18:34:23Z,CPA113,"-12.677765,135.302032",40000,499,139
1757702094,2025-09-12T18:34:54Z,CPA113,"-12.732513,135.350327",40000,500,139
1757702126,2025-09-12T18:35:26Z,CPA113,"-12.788924,135.400131",40000,501,139
1757702157,2025-09-12T18:35:57Z,CPA113,"-12.842924,135.44783",40000,503,139
1757702188,2025-09-12T18:36:28Z,CPA113,"-12.897354,135.496002",40000,504,139
1757702220,2025-09-12T18:37:00Z,CPA113,"-12.954163,135.546234",40000,505,139
1757702253,2025-09-12T18:37:33Z,CPA113,"-13.012253,135.597626",40000,504,139
1757702284,2025-09-12T18:38:04Z,CPA113,"-13.067368,135.646484",40000,503,138
1757702316,2025-09-12T18:38:36Z,CPA113,"-13.124176,135.696823",40000,504,138
1757702347,2025-09-12T18:39:07Z,CPA113,"-13.179916,135.746246",40000,504,138
1757702378,2025-09-12T18:39:38Z,CPA113,"-13.233948,135.794144",40025,504,138
1757702411,2025-09-12T18:40:11Z,CPA113,"-13.291672,135.845428",40000,505,138
1757702441,2025-09-12T18:40:41Z,CPA113,"-13.345689,135.893417",40000,507,139
1757702474,2025-09-12T18:41:14Z,CPA113,"-13.403412,135.944778",40000,510,138
1757702505,2025-09-12T18:41:45Z,CPA113,"-13.45903,135.994217",40025,513,139
1757702536,2025-09-12T18:42:16Z,CPA113,"-13.515465,136.044418",40000,515,138
1757702567,2025-09-12T18:42:47Z,CPA113,"-13.571235,136.094147",40000,517,138
1757702598,2025-09-12T18:43:18Z,CPA113,"-13.62767,136.14447",40000,518,138
1757702629,2025-09-12T18:43:49Z,CPA113,"-13.683609,136.19429",40000,518,138
1757702661,2025-09-12T18:44:21Z,CPA113,"-13.740829,136.245392",40000,519,138
1757702692,2025-09-12T18:44:52Z,CPA113,"-13.798874,136.297287",40000,519,138
1757702724,2025-09-12T18:45:24Z,CPA113,"-13.854923,136.347366",40000,519,138
1757702756,2025-09-12T18:45:56Z,CPA113,"-13.914417,136.400558",40025,520,138
1757702788,2025-09-12T18:46:28Z,CPA113,"-13.971444,136.453613",40000,523,135
1757702820,2025-09-12T18:47:00Z,CPA113,"-14.022125,136.51123",40000,529,129
1757702850,2025-09-12T18:47:30Z,CPA113,"-14.070923,136.570953",40025,529,130
1757702881,2025-09-12T18:48:01Z,CPA113,"-14.12146,136.631516",40000,528,130
1757702913,2025-09-12T18:48:33Z,CPA113,"-14.171219,136.691376",40000,528,130
1757702944,2025-09-12T18:49:04Z,CPA113,"-14.220474,136.750809",40000,528,130
1757702976,2025-09-12T18:49:36Z,CPA113,"-14.27124,136.812225",40000,529,130
1757703006,2025-09-12T18:50:06Z,CPA113,"-14.31905,136.870087",40000,530,130
1757703037,2025-09-12T18:50:37Z,CPA113,"-14.369046,136.930649",40000,532,130
1757703068,2025-09-12T18:51:08Z,CPA113,"-14.41832,136.990372",40000,534,130
1757703101,2025-09-12T18:51:41Z,CPA113,"-14.471043,137.054306",40000,535,130
1757703133,2025-09-12T18:52:13Z,CPA113,"-14.523228,137.117569",40000,535,130
1757703165,2025-09-12T18:52:45Z,CPA113,"-14.574901,137.180359",40000,537,130
1757703196,2025-09-12T18:53:16Z,CPA113,"-14.624542,137.240692",40000,539,130
1757703227,2025-09-12T18:53:47Z,CPA113,"-14.674849,137.30188",40000,540,130
1757703258,2025-09-12T18:54:18Z,CPA113,"-14.724747,137.362671",40000,542,130
1757703290,2025-09-12T18:54:50Z,CPA113,"-14.77554,137.424515",40000,544,130
1757703323,2025-09-12T18:55:23Z,CPA113,"-14.82996,137.490906",40000,545,130
1757703355,2025-09-12T18:55:55Z,CPA113,"-14.883355,137.55603",40000,545,130
1757703386,2025-09-12T18:56:26Z,CPA113,"-14.933578,137.617447",40000,545,130
1757703419,2025-09-12T18:56:59Z,CPA113,"-14.986841,137.682526",40025,547,130
1757703452,2025-09-12T18:57:32Z,CPA113,"-15.041028,137.748795",40000,548,130
1757703483,2025-09-12T18:58:03Z,CPA113,"-15.091782,137.810959",40000,550,130
1757703515,2025-09-12T18:58:35Z,CPA113,"-15.143646,137.874557",40000,550,130
1757703547,2025-09-12T18:59:07Z,CPA113,"-15.196014,137.938705",40000,550,130
1757703579,2025-09-12T18:59:39Z,CPA113,"-15.248566,138.003265",40000,552,130
1757703610,2025-09-12T19:00:10Z,CPA113,"-15.300751,138.067352",40000,554,130
1757703643,2025-09-12T19:00:43Z,CPA113,"-15.354263,138.133133",40000,556,129
1757703686,2025-09-12T19:01:26Z,CPA113,"-15.427101,138.222839",40000,559,130
1757703702,2025-09-12T19:01:42Z,CPA113,"-15.450269,138.251358",40000,558,129
1757703731,2025-09-12T19:02:11Z,CPA113,"-15.501902,138.315018",40000,559,130
1757703791,2025-09-12T19:03:11Z,CPA113,"-15.601595,138.438141",40000,559,130
1757703836,2025-09-12T19:03:56Z,CPA113,"-15.676417,138.530609",40000,562,130
1757703866,2025-09-12T19:04:26Z,CPA113,"-15.726521,138.592545",40000,563,130
1757703896,2025-09-12T19:04:56Z,CPA113,"-15.776646,138.654633",40000,564,130
1757703956,2025-09-12T19:05:56Z,CPA113,"-15.877153,138.779282",40000,566,130
1757704001,2025-09-12T19:06:41Z,CPA113,"-15.95277,138.873154",40000,566,130
1757704031,2025-09-12T19:07:11Z,CPA113,"-16.003067,138.935654",40000,567,130
1757704075,2025-09-12T19:07:55Z,CPA113,"-16.078705,139.02977",40000,570,130
1757704120,2025-09-12T19:08:40Z,CPA113,"-16.154644,139.124451",40000,572,130
1757704165,2025-09-12T19:09:25Z,CPA113,"-16.230562,139.219177",40000,570,130
1757704195,2025-09-12T19:09:55Z,CPA113,"-16.281073,139.282303",40000,570,130
1757704255,2025-09-12T19:10:55Z,CPA113,"-16.381687,139.408035",40000,572,130
1757704285,2025-09-12T19:11:25Z,CPA113,"-16.432371,139.471603",40000,575,130
1757704330,2025-09-12T19:12:10Z,CPA113,"-16.508696,139.567352",40000,576,130
1757704375,2025-09-12T19:12:55Z,CPA113,"-16.58515,139.663391",40000,575,130
1757704405,2025-09-12T19:13:25Z,CPA113,"-16.63624,139.7276",40000,575,130
1757704450,2025-09-12T19:14:10Z,CPA113,"-16.712372,139.823456",40000,575,130
1757704495,2025-09-12T19:14:55Z,CPA113,"-16.78874,139.919617",40000,576,129
1757704528,2025-09-12T19:15:28Z,CPA113,"-16.844509,139.990051",40000,577,129
1757704559,2025-09-12T19:15:59Z,CPA113,"-16.897293,140.056702",40000,576,129
1757704592,2025-09-12T19:16:32Z,CPA113,"-16.953487,140.127716",40000,577,129
1757704623,2025-09-12T19:17:03Z,CPA113,"-17.006603,140.194962",40000,576,129
1757704654,2025-09-12T19:17:34Z,CPA113,"-17.059441,140.261963",40000,574,129
1757704687,2025-09-12T19:18:07Z,CPA113,"-17.114914,140.332123",40000,576,129
1757704717,2025-09-12T19:18:37Z,CPA113,"-17.166603,140.397873",40000,578,129
1757704749,2025-09-12T19:19:09Z,CPA113,"-17.219812,140.465454",40000,581,129
1757704780,2025-09-12T19:19:40Z,CPA113,"-17.2733,140.533585",40000,580,129
1757704811,2025-09-12T19:20:11Z,CPA113,"-17.326904,140.601822",40000,580,129
1757704843,2025-09-12T19:20:43Z,CPA113,"-17.381058,140.670776",40000,581,129
1757704875,2025-09-12T19:21:15Z,CPA113,"-17.434296,140.73877",40000,580,129
1757704905,2025-09-12T19:21:45Z,CPA113,"-17.487122,140.806229",40000,579,129
1757704936,2025-09-12T19:22:16Z,CPA113,"-17.539673,140.873322",40000,580,129
1757704969,2025-09-12T19:22:49Z,CPA113,"-17.594465,140.943604",40000,579,129
1757705001,2025-09-12T19:23:21Z,CPA113,"-17.650234,141.014923",40000,580,129
1757705032,2025-09-12T19:23:52Z,CPA113,"-17.703117,141.081863",40000,581,131
1757705065,2025-09-12T19:24:25Z,CPA113,"-17.762844,141.149506",40000,580,132
1757705097,2025-09-12T19:24:57Z,CPA113,"-17.820709,141.215317",40000,581,132
1757705128,2025-09-12T19:25:28Z,CPA113,"-17.877731,141.280563",40000,581,132
1757705160,2025-09-12T19:26:00Z,CPA113,"-17.936783,141.348022",40000,582,132
1757705193,2025-09-12T19:26:33Z,CPA113,"-17.995743,141.41539",40000,583,132
1757705224,2025-09-12T19:27:04Z,CPA113,"-18.05361,141.481537",40000,583,132
1757705255,2025-09-12T19:27:35Z,CPA113,"-18.109634,141.545731",40000,585,132
1757705286,2025-09-12T19:28:06Z,CPA113,"-18.166031,141.610352",40000,586,132
1757705319,2025-09-12T19:28:39Z,CPA113,"-18.226318,141.679535",40000,586,132
1757705351,2025-09-12T19:29:11Z,CPA113,"-18.285719,141.747757",40000,585,132
1757705382,2025-09-12T19:29:42Z,CPA113,"-18.342793,141.813416",40000,585,132
1757705414,2025-09-12T19:30:14Z,CPA113,"-18.400099,141.879395",40000,585,132
1757705446,2025-09-12T19:30:46Z,CPA113,"-18.459545,141.947861",40000,584,132
1757705478,2025-09-12T19:31:18Z,CPA113,"-18.517178,142.014374",40000,584,132
1757705510,2025-09-12T19:31:50Z,CPA113,"-18.574808,142.080887",40000,584,132
1757705541,2025-09-12T19:32:21Z,CPA113,"-18.632034,142.147095",40000,584,132
1757705573,2025-09-12T19:32:53Z,CPA113,"-18.68956,142.213669",40000,585,132
1757705604,2025-09-12T19:33:24Z,CPA113,"-18.746292,142.279373",40000,585,132
1757705635,2025-09-12T19:33:55Z,CPA113,"-18.803146,142.345261",40000,586,132
1757705668,2025-09-12T19:34:28Z,CPA113,"-18.863297,142.415085",40000,589,132
1757705698,2025-09-12T19:34:58Z,CPA113,"-18.917953,142.478699",40000,589,132
1757705729,2025-09-12T19:35:29Z,CPA113,"-18.975624,142.545807",40000,589,132
1757705761,2025-09-12T19:36:01Z,CPA113,"-19.033209,142.61293",40000,589,132
1757705792,2025-09-12T19:36:32Z,CPA113,"-19.090981,142.680298",40000,589,132
1757705823,2025-09-12T19:37:03Z,CPA113,"-19.14768,142.746567",40000,590,132
1757705854,2025-09-12T19:37:34Z,CPA113,"-19.204706,142.813171",40000,590,131
1757705887,2025-09-12T19:38:07Z,CPA113,"-19.264709,142.883377",40000,591,132
1757705919,2025-09-12T19:38:39Z,CPA113,"-19.323441,142.952194",40000,592,131
1757705951,2025-09-12T19:39:11Z,CPA113,"-19.382538,143.021545",40000,592,131
1757705982,2025-09-12T19:39:42Z,CPA113,"-19.439749,143.088638",40000,593,131
1757706015,2025-09-12T19:40:15Z,CPA113,"-19.49881,143.158127",40000,593,131
1757706047,2025-09-12T19:40:47Z,CPA113,"-19.55855,143.228455",40000,592,131
1757706078,2025-09-12T19:41:18Z,CPA113,"-19.616554,143.296829",40000,594,131
1757706109,2025-09-12T19:41:49Z,CPA113,"-19.67251,143.3629",40000,595,131
1757706142,2025-09-12T19:42:22Z,CPA113,"-19.733688,143.435089",40000,595,131
1757706174,2025-09-12T19:42:54Z,CPA113,"-19.792801,143.505112",40000,594,131
1757706205,2025-09-12T19:43:25Z,CPA113,"-19.849686,143.572418",40000,594,131
1757706237,2025-09-12T19:43:57Z,CPA113,"-19.908371,143.641922",40000,595,131
1757706268,2025-09-12T19:44:28Z,CPA113,"-19.965696,143.710007",40000,595,131
1757706301,2025-09-12T19:45:01Z,CPA113,"-20.026062,143.781754",40000,597,131
1757706333,2025-09-12T19:45:33Z,CPA113,"-20.084869,143.85173",40000,597,131
1757706364,2025-09-12T19:46:04Z,CPA113,"-20.142059,143.919861",40000,597,131
1757706395,2025-09-12T19:46:35Z,CPA113,"-20.198364,143.987015",40025,597,131
1757706426,2025-09-12T19:47:06Z,CPA113,"-20.256042,144.055923",40000,597,131
1757706458,2025-09-12T19:47:38Z,CPA113,"-20.31601,144.127579",40000,597,131
1757706489,2025-09-12T19:48:09Z,CPA113,"-20.372934,144.195801",40000,596,131
1757706522,2025-09-12T19:48:42Z,CPA113,"-20.431219,144.265625",40000,597,131
1757706552,2025-09-12T19:49:12Z,CPA113,"-20.488541,144.334457",40000,599,131
1757706583,2025-09-12T19:49:43Z,CPA113,"-20.545364,144.402695",40000,600,131
1757706614,2025-09-12T19:50:14Z,CPA113,"-20.601379,144.470123",40000,600,131
1757706645,2025-09-12T19:50:45Z,CPA113,"-20.65844,144.539032",40000,599,131
1757706676,2025-09-12T19:51:16Z,CPA113,"-20.715746,144.608246",40000,599,131
1757706708,2025-09-12T19:51:48Z,CPA113,"-20.773285,144.677856",40000,599,131
1757706739,2025-09-12T19:52:19Z,CPA113,"-20.830824,144.747513",40000,599,131
1757706772,2025-09-12T19:52:52Z,CPA113,"-20.891294,144.820877",40000,600,131
1757706803,2025-09-12T19:53:23Z,CPA113,"-20.948368,144.890137",40025,599,131
1757706834,2025-09-12T19:53:54Z,CPA113,"-21.00544,144.959549",40000,600,131
1757706865,2025-09-12T19:54:25Z,CPA113,"-21.061815,145.028183",40000,601,131
1757706896,2025-09-12T19:54:56Z,CPA113,"-21.119448,145.098373",40000,601,131
1757706928,2025-09-12T19:55:28Z,CPA113,"-21.177109,145.168793",40000,601,131
1757706958,2025-09-12T19:55:58Z,CPA113,"-21.231964,145.235748",40000,601,131
1757706989,2025-09-12T19:56:29Z,CPA113,"-21.289362,145.305939",40000,601,131
1757707021,2025-09-12T19:57:01Z,CPA113,"-21.349365,145.379486",40000,601,131
1757707052,2025-09-12T19:57:32Z,CPA113,"-21.40567,145.448547",40000,602,131
1757707084,2025-09-12T19:58:04Z,CPA113,"-21.463028,145.519058",40000,603,131
1757707116,2025-09-12T19:58:36Z,CPA113,"-21.522123,145.59169",40000,604,130
1757707147,2025-09-12T19:59:07Z,CPA113,"-21.578451,145.661057",40000,605,130
1757707179,2025-09-12T19:59:39Z,CPA113,"-21.638489,145.735092",40000,606,130
1757707210,2025-09-12T20:00:10Z,CPA113,"-21.695892,145.805954",40000,606,130
1757707242,2025-09-12T20:00:42Z,CPA113,"-21.751881,145.875763",40000,605,130
1757707272,2025-09-12T20:01:12Z,CPA113,"-21.808599,145.946167",40000,605,130
1757707303,2025-09-12T20:01:43Z,CPA113,"-21.866093,146.016785",40000,604,130
1757707334,2025-09-12T20:02:14Z,CPA113,"-21.922581,146.086884",40000,604,130
1757707367,2025-09-12T20:02:47Z,CPA113,"-21.981524,146.160187",40000,604,130
1757707398,2025-09-12T20:03:18Z,CPA113,"-22.03824,146.230911",40000,604,130
1757707431,2025-09-12T20:03:51Z,CPA113,"-22.097589,146.30542",40000,604,130
1757707461,2025-09-12T20:04:21Z,CPA113,"-22.153265,146.37471",40000,604,130
1757707493,2025-09-12T20:04:53Z,CPA113,"-22.211887,146.447632",40000,606,130
1757707524,2025-09-12T20:05:24Z,CPA113,"-22.269163,146.519714",40000,605,130
1757707556,2025-09-12T20:05:56Z,CPA113,"-22.32724,146.592438",40000,604,130
1757707589,2025-09-12T20:06:29Z,CPA113,"-22.386345,146.666702",40000,602,130
1757707619,2025-09-12T20:06:59Z,CPA113,"-22.441553,146.735855",40000,602,130
1757707651,2025-09-12T20:07:31Z,CPA113,"-22.498859,146.807938",40000,601,130
1757707681,2025-09-12T20:08:01Z,CPA113,"-22.555111,146.87886",40000,602,130
1757707712,2025-09-12T20:08:32Z,CPA113,"-22.611176,146.949722",40000,602,130
1757707744,2025-09-12T20:09:04Z,CPA113,"-22.668989,147.022812",40000,602,130
1757707777,2025-09-12T20:09:37Z,CPA113,"-22.728228,147.097824",40000,602,130
1757707809,2025-09-12T20:10:09Z,CPA113,"-22.787016,147.171707",40000,602,130
1757707842,2025-09-12T20:10:42Z,CPA113,"-22.845957,147.24649",40000,605,130
1757707873,2025-09-12T20:11:13Z,CPA113,"-22.902126,147.317963",40000,605,130
1757707903,2025-09-12T20:11:43Z,CPA113,"-22.957664,147.388367",40000,606,130
1757707936,2025-09-12T20:12:16Z,CPA113,"-23.017004,147.463562",40000,608,130
1757707966,2025-09-12T20:12:46Z,CPA113,"-23.072834,147.534973",40000,608,130
1757707997,2025-09-12T20:13:17Z,CPA113,"-23.129169,147.607437",40000,607,130
1757708028,2025-09-12T20:13:48Z,CPA113,"-23.18536,147.679459",40000,606,130
1757708059,2025-09-12T20:14:19Z,CPA113,"-23.241726,147.751877",40000,607,130
1757708090,2025-09-12T20:14:50Z,CPA113,"-23.297504,147.823776",40000,608,130
1757708122,2025-09-12T20:15:22Z,CPA113,"-23.356064,147.899445",40000,608,130
1757708154,2025-09-12T20:15:54Z,CPA113,"-23.4147,147.973679",40000,608,130
1757708185,2025-09-12T20:16:25Z,CPA113,"-23.470179,148.045883",40000,608,130
1757708217,2025-09-12T20:16:57Z,CPA113,"-23.527134,148.119812",40000,608,130
1757708247,2025-09-12T20:17:27Z,CPA113,"-23.58242,148.193405",40000,608,126
1757708278,2025-09-12T20:17:58Z,CPA113,"-23.633274,148.269196",40000,609,125
1757708309,2025-09-12T20:18:29Z,CPA113,"-23.684855,148.345627",40000,609,126
1757708341,2025-09-12T20:19:01Z,CPA113,"-23.73881,148.425095",40000,609,126
1757708373,2025-09-12T20:19:33Z,CPA113,"-23.791023,148.503311",40000,608,126
1757708403,2025-09-12T20:20:03Z,CPA113,"-23.841772,148.578323",40000,607,126
1757708435,2025-09-12T20:20:35Z,CPA113,"-23.894737,148.656876",40000,607,126
1757708468,2025-09-12T20:21:08Z,CPA113,"-23.949329,148.73819",40000,607,126
1757708500,2025-09-12T20:21:40Z,CPA113,"-24.002245,148.817154",40000,607,126
1757708531,2025-09-12T20:22:11Z,CPA113,"-24.053684,148.894012",40000,608,126
1757708561,2025-09-12T20:22:41Z,CPA113,"-24.104404,148.969894",40000,609,126
1757708594,2025-09-12T20:23:14Z,CPA113,"-24.158659,149.0513",40000,609,126
1757708625,2025-09-12T20:23:45Z,CPA113,"-24.210985,149.129745",40000,609,126
1757708656,2025-09-12T20:24:16Z,CPA113,"-24.262362,149.206955",40000,610,125
1757708689,2025-09-12T20:24:49Z,CPA113,"-24.316845,149.289093",40000,608,125
1757708720,2025-09-12T20:25:20Z,CPA113,"-24.368267,149.366745",40000,608,125
1757708751,2025-09-12T20:25:51Z,CPA113,"-24.419386,149.443909",40000,608,125
1757708783,2025-09-12T20:26:23Z,CPA113,"-24.473043,149.52507",40000,608,125
1757708814,2025-09-12T20:26:54Z,CPA113,"-24.52302,149.600922",40000,608,125
1757708845,2025-09-12T20:27:25Z,CPA113,"-24.573986,149.678314",40000,609,125
1757708878,2025-09-12T20:27:58Z,CPA113,"-24.627996,149.760544",40000,610,125
1757708910,2025-09-12T20:28:30Z,CPA113,"-24.681759,149.842453",40000,610,125
1757708942,2025-09-12T20:29:02Z,CPA113,"-24.734148,149.922363",40000,611,125
1757708973,2025-09-12T20:29:33Z,CPA113,"-24.785648,150.001175",40000,609,125
1757709005,2025-09-12T20:30:05Z,CPA113,"-24.837843,150.081131",40000,609,125
1757709038,2025-09-12T20:30:38Z,CPA113,"-24.891787,150.163803",40000,610,125
1757709068,2025-09-12T20:31:08Z,CPA113,"-24.942373,150.241547",40000,611,125
1757709099,2025-09-12T20:31:39Z,CPA113,"-24.99296,150.31955",40000,612,125
1757709132,2025-09-12T20:32:12Z,CPA113,"-25.046862,150.402557",40000,610,125
1757709163,2025-09-12T20:32:43Z,CPA113,"-25.098326,150.482239",40000,609,125
1757709195,2025-09-12T20:33:15Z,CPA113,"-25.15073,150.563232",40000,609,125
1757709228,2025-09-12T20:33:48Z,CPA113,"-25.204782,150.64711",40000,610,125
1757709259,2025-09-12T20:34:19Z,CPA113,"-25.254675,150.724594",40000,611,125
1757709291,2025-09-12T20:34:51Z,CPA113,"-25.307917,150.807419",40000,613,125
1757709322,2025-09-12T20:35:22Z,CPA113,"-25.358377,150.886032",40000,614,125
1757709353,2025-09-12T20:35:53Z,CPA113,"-25.409081,150.965164",40000,614,125
1757709384,2025-09-12T20:36:24Z,CPA113,"-25.460178,151.045013",40000,613,125
1757709416,2025-09-12T20:36:56Z,CPA113,"-25.511009,151.124603",40000,613,125
1757709447,2025-09-12T20:37:27Z,CPA113,"-25.562222,151.204941",40000,612,125
1757709477,2025-09-12T20:37:57Z,CPA113,"-25.612154,151.283463",40000,612,125
1757709508,2025-09-12T20:38:28Z,CPA113,"-25.662245,151.362289",40000,611,125
1757709539,2025-09-12T20:38:59Z,CPA113,"-25.713667,151.440308",40000,610,128
1757709571,2025-09-12T20:39:31Z,CPA113,"-25.773823,151.516464",40000,609,133
1757709603,2025-09-12T20:40:03Z,CPA113,"-25.833651,151.591522",40000,612,129
1757709634,2025-09-12T20:40:34Z,CPA113,"-25.888557,151.665802",40000,613,129
1757709665,2025-09-12T20:41:05Z,CPA113,"-25.944965,151.740219",40000,613,130
1757709697,2025-09-12T20:41:37Z,CPA113,"-26.005108,151.818008",40000,614,130
1757709729,2025-09-12T20:42:09Z,CPA113,"-26.064583,151.895035",40000,614,130
1757709762,2025-09-12T20:42:42Z,CPA113,"-26.123783,151.972153",40000,613,130
1757709794,2025-09-12T20:43:14Z,CPA113,"-26.183193,152.049652",40000,613,130
1757709826,2025-09-12T20:43:46Z,CPA113,"-26.241987,152.126526",40000,613,130
1757709858,2025-09-12T20:44:18Z,CPA113,"-26.302217,152.205475",40000,613,130
1757709891,2025-09-12T20:44:51Z,CPA113,"-26.361849,152.2836",40000,614,130
1757709923,2025-09-12T20:45:23Z,CPA113,"-26.420612,152.360687",40000,615,130
1757709956,2025-09-12T20:45:56Z,CPA113,"-26.480452,152.439316",40000,615,130
1757709988,2025-09-12T20:46:28Z,CPA113,"-26.5394,152.516998",40000,614,130
1757710019,2025-09-12T20:46:59Z,CPA113,"-26.598074,152.59433",40000,615,130
1757710050,2025-09-12T20:47:30Z,CPA113,"-26.654446,152.668777",40000,615,130
1757710081,2025-09-12T20:48:01Z,CPA113,"-26.71133,152.744247",40000,614,129
1757710113,2025-09-12T20:48:33Z,CPA113,"-26.769459,152.821426",40000,614,129
1757710146,2025-09-12T20:49:06Z,CPA113,"-26.829382,152.901184",40000,615,129
1757710176,2025-09-12T20:49:36Z,CPA113,"-26.885628,152.975815",40000,615,129
1757710209,2025-09-12T20:50:09Z,CPA113,"-26.945026,153.055115",40000,616,129
1757710240,2025-09-12T20:50:40Z,CPA113,"-27.001167,153.130508",40000,616,129
1757710271,2025-09-12T20:51:11Z,CPA113,"-27.058048,153.206879",40000,617,129
1757710303,2025-09-12T20:51:43Z,CPA113,"-27.116673,153.28598",40000,616,129
1757710335,2025-09-12T20:52:15Z,CPA113,"-27.175375,153.364746",40000,615,129
1757710367,2025-09-12T20:52:47Z,CPA113,"-27.234459,153.444138",40000,617,129
1757710398,2025-09-12T20:53:18Z,CPA113,"-27.289864,153.518936",40000,617,129
1757710431,2025-09-12T20:53:51Z,CPA113,"-27.350552,153.600815",40000,618,129
1757710463,2025-09-12T20:54:23Z,CPA113,"-27.409073,153.680222",40000,617,129
1757710496,2025-09-12T20:54:56Z,CPA113,"-27.468849,153.76152",40000,618,129
1757710528,2025-09-12T20:55:28Z,CPA113,"-27.528271,153.842331",40000,617,129
1757710559,2025-09-12T20:55:59Z,CPA113,"-27.583828,153.918121",40000,618,129
1757710592,2025-09-12T20:56:32Z,CPA113,"-27.643543,153.999817",40000,619,129
1757710624,2025-09-12T20:57:04Z,CPA113,"-27.703201,154.081543",40000,620,129
1757710655,2025-09-12T20:57:35Z,CPA113,"-27.759123,154.158279",40000,620,129
1757710688,2025-09-12T20:58:08Z,CPA113,"-27.818193,154.239655",40000,619,129
1757710718,2025-09-12T20:58:38Z,CPA113,"-27.87435,154.316803",40000,617,129
1757710749,2025-09-12T20:59:09Z,CPA113,"-27.929478,154.39267",40000,617,129
1757710782,2025-09-12T20:59:42Z,CPA113,"-27.989206,154.474869",40000,619,129
1757710812,2025-09-12T21:00:12Z,CPA113,"-28.0445,154.55159",40000,620,129
1757710843,2025-09-12T21:00:43Z,CPA113,"-28.100658,154.629349",40000,619,129
1757710879,2025-09-12T21:01:19Z,CPA113,"-28.164551,154.718674",40000,619,129
1757710910,2025-09-12T21:01:50Z,CPA113,"-28.221035,154.796921",40000,619,129
1757710943,2025-09-12T21:02:23Z,CPA113,"-28.280516,154.880051",40000,619,129
1757710975,2025-09-12T21:02:55Z,CPA113,"-28.339527,154.961517",40000,618,128
1757711007,2025-09-12T21:03:27Z,CPA113,"-28.396763,155.041245",40000,620,128
1757711038,2025-09-12T21:03:58Z,CPA113,"-28.453167,155.120102",40000,620,128
1757711071,2025-09-12T21:04:31Z,CPA113,"-28.511747,155.20253",40000,620,128
1757711104,2025-09-12T21:05:04Z,CPA113,"-28.570597,155.28508",40000,619,128
1757711137,2025-09-12T21:05:37Z,CPA113,"-28.630966,155.368942",40000,618,128
1757711168,2025-09-12T21:06:08Z,CPA113,"-28.687866,155.449631",40000,616,128
1757711201,2025-09-12T21:06:41Z,CPA113,"-28.742144,155.535172",40000,622,123
1757711231,2025-09-12T21:07:11Z,CPA113,"-28.787567,155.62207",40000,625,119
1757711262,2025-09-12T21:07:42Z,CPA113,"-28.831192,155.709076",40000,624,119
1757711294,2025-09-12T21:08:14Z,CPA113,"-28.877144,155.799164",40000,625,119
1757711325,2025-09-12T21:08:45Z,CPA113,"-28.922195,155.888123",40000,624,119
1757711357,2025-09-12T21:09:17Z,CPA113,"-28.96862,155.980286",40000,625,119
1757711389,2025-09-12T21:09:49Z,CPA113,"-29.014614,156.071777",40000,625,119
1757711420,2025-09-12T21:10:20Z,CPA113,"-29.059113,156.160507",40000,623,119
1757711452,2025-09-12T21:10:52Z,CPA113,"-29.104294,156.250839",40000,621,119
1757711485,2025-09-12T21:11:25Z,CPA113,"-29.150894,156.344116",40000,622,119
1757711516,2025-09-12T21:11:56Z,CPA113,"-29.195663,156.43396",40000,622,119
1757711549,2025-09-12T21:12:29Z,CPA113,"-29.242355,156.527863",40000,623,119
1757711581,2025-09-12T21:13:01Z,CPA113,"-29.287783,156.619537",40000,624,119
1757711611,2025-09-12T21:13:31Z,CPA113,"-29.331308,156.707474",40000,625,119
1757711642,2025-09-12T21:14:02Z,CPA113,"-29.374649,156.795319",40000,625,119
1757711674,2025-09-12T21:14:34Z,CPA113,"-29.421021,156.88942",40000,625,119
1757711705,2025-09-12T21:15:05Z,CPA113,"-29.465149,156.979202",40000,625,119
1757711736,2025-09-12T21:15:36Z,CPA113,"-29.508392,157.067383",40000,624,119
1757711768,2025-09-12T21:16:08Z,CPA113,"-29.554047,157.16069",40000,624,119
1757711799,2025-09-12T21:16:39Z,CPA113,"-29.598038,157.250793",40000,624,119
1757711831,2025-09-12T21:17:11Z,CPA113,"-29.642029,157.341171",40000,624,119
1757711863,2025-09-12T21:17:43Z,CPA113,"-29.687805,157.435318",40000,623,119
1757711894,2025-09-12T21:18:14Z,CPA113,"-29.730913,157.524231",40000,624,119
1757711925,2025-09-12T21:18:45Z,CPA113,"-29.774689,157.614822",40000,623,119
1757711958,2025-09-12T21:19:18Z,CPA113,"-29.820572,157.709824",40000,623,119
1757711991,2025-09-12T21:19:51Z,CPA113,"-29.866472,157.805191",40000,623,118
1757712023,2025-09-12T21:20:23Z,CPA113,"-29.911835,157.899704",40000,623,118
1757712071,2025-09-12T21:21:11Z,CPA113,"-29.978085,158.038025",40000,623,119
1757712103,2025-09-12T21:21:43Z,CPA113,"-30.021631,158.129181",40000,623,118
1757712119,2025-09-12T21:21:59Z,CPA113,"-30.043697,158.175552",40000,624,118
1757712176,2025-09-12T21:22:56Z,CPA113,"-30.123653,158.343765",40000,625,119
1757712221,2025-09-12T21:23:41Z,CPA113,"-30.185881,158.475235",40000,624,119
1757712266,2025-09-12T21:24:26Z,CPA113,"-30.247829,158.606567",40000,623,118
1757712296,2025-09-12T21:24:56Z,CPA113,"-30.289093,158.694275",40000,624,118
1757712341,2025-09-12T21:25:41Z,CPA113,"-30.351019,158.826172",40000,624,118
1757712386,2025-09-12T21:26:26Z,CPA113,"-30.41256,158.95784",40000,624,118
1757712431,2025-09-12T21:27:11Z,CPA113,"-30.474014,159.089676",40000,623,118
1757712454,2025-09-12T21:27:34Z,CPA113,"-30.5056,159.1577",40000,530,118
1757712520,2025-09-12T21:28:40Z,CPA113,"-30.59643,159.353851",40000,623,118
1757712565,2025-09-12T21:29:25Z,CPA113,"-30.657284,159.485718",40000,622,118
1757712610,2025-09-12T21:30:10Z,CPA113,"-30.718075,159.617935",40000,621,118
1757712655,2025-09-12T21:30:55Z,CPA113,"-30.778521,159.750015",40000,620,118
1757712700,2025-09-12T21:31:40Z,CPA113,"-30.838644,159.881775",40000,618,118
1757712745,2025-09-12T21:32:25Z,CPA113,"-30.898512,160.013351",40000,616,118
1757712775,2025-09-12T21:32:55Z,CPA113,"-30.938251,160.101028",40000,616,118
1757712820,2025-09-12T21:33:40Z,CPA113,"-30.997946,160.232971",40000,616,118
1757712865,2025-09-12T21:34:25Z,CPA113,"-31.057556,160.36525",40000,617,118
1757712910,2025-09-12T21:35:10Z,CPA113,"-31.116756,160.497223",40000,615,117
1757712955,2025-09-12T21:35:55Z,CPA113,"-31.175808,160.629166",40000,614,117
1757713000,2025-09-12T21:36:40Z,CPA113,"-31.234604,160.761093",40000,611,117
1757713045,2025-09-12T21:37:25Z,CPA113,"-31.292881,160.892242",40000,610,117
1757713075,2025-09-12T21:37:55Z,CPA113,"-31.33172,160.97998",40000,609,117
1757713134,2025-09-12T21:38:54Z,CPA113,"-31.408752,161.154449",40000,606,117
1757713164,2025-09-12T21:39:24Z,CPA113,"-31.447056,161.241577",40000,606,117
1757713209,2025-09-12T21:40:09Z,CPA113,"-31.504433,161.372299",40000,606,117
1757713254,2025-09-12T21:40:54Z,CPA113,"-31.561726,161.503479",40000,606,117
1757714725,2025-09-12T22:05:25Z,CPA113,"-33.43586,165.754166",40000,605,116
1757716094,2025-09-12T22:28:14Z,CPA113,"-35.027302,169.66066",40000,20,115
1757716126,2025-09-12T22:28:46Z,CPA113,"-35.085072,169.811554",40000,574,114
1757716159,2025-09-12T22:29:19Z,CPA113,"-35.121288,169.906479",40000,573,114
1757716192,2025-09-12T22:29:52Z,CPA113,"-35.157974,170.002899",40000,571,114
1757716230,2025-09-12T22:30:30Z,CPA113,"-35.196716,170.105011",40000,570,114
1757716263,2025-09-12T22:31:03Z,CPA113,"-35.236042,170.209137",40000,570,114
1757716304,2025-09-12T22:31:44Z,CPA113,"-35.281311,170.329224",40000,571,114
1757716341,2025-09-12T22:32:21Z,CPA113,"-35.322372,170.438568",40000,573,114
1757716375,2025-09-12T22:32:55Z,CPA113,"-35.357307,170.532013",40000,573,114
1757716408,2025-09-12T22:33:28Z,CPA113,"-35.394699,170.632263",40000,572,114
1757716440,2025-09-12T22:34:00Z,CPA113,"-35.429489,170.72583",40000,571,114
1757716471,2025-09-12T22:34:31Z,CPA113,"-35.464565,170.82045",40000,570,114
1757716504,2025-09-12T22:35:04Z,CPA113,"-35.501221,170.91951",40000,572,114
1757716535,2025-09-12T22:35:35Z,CPA113,"-35.534904,171.011017",40000,566,114
1757716566,2025-09-12T22:36:06Z,CPA113,"-35.567093,171.099579",40000,553,112
1757716598,2025-09-12T22:36:38Z,CPA113,"-35.59639,171.191589",40000,548,112
1757716630,2025-09-12T22:37:10Z,CPA113,"-35.628616,171.285614",40000,548,112
1757716663,2025-09-12T22:37:43Z,CPA113,"-35.660645,171.380814",40000,550,112
1757716695,2025-09-12T22:38:15Z,CPA113,"-35.690231,171.470657",40000,548,111
1757716727,2025-09-12T22:38:47Z,CPA113,"-35.721813,171.566879",40000,546,111
1757716758,2025-09-12T22:39:18Z,CPA113,"-35.751003,171.655823",40000,548,111
1757716790,2025-09-12T22:39:50Z,CPA113,"-35.781399,171.748856",40000,545,111
1757716823,2025-09-12T22:40:23Z,CPA113,"-35.812359,171.841248",40000,550,113
1757716855,2025-09-12T22:40:55Z,CPA113,"-35.845131,171.932999",40000,557,113
1757716885,2025-09-12T22:41:25Z,CPA113,"-35.87709,172.023926",40000,563,113
1757716916,2025-09-12T22:41:56Z,CPA113,"-35.90807,172.113449",39525,568,113
1757716947,2025-09-12T22:42:27Z,CPA113,"-35.940422,172.206833",39000,570,112
1757716980,2025-09-12T22:43:00Z,CPA113,"-35.973988,172.304489",37675,566,112
1757717011,2025-09-12T22:43:31Z,CPA113,"-36.006226,172.398254",36150,564,113
1757717042,2025-09-12T22:44:02Z,CPA113,"-36.03717,172.488037",34750,562,112
1757717075,2025-09-12T22:44:35Z,CPA113,"-36.070084,172.584854",33425,554,113
1757717105,2025-09-12T22:45:05Z,CPA113,"-36.100113,172.672638",32525,541,112
1757717136,2025-09-12T22:45:36Z,CPA113,"-36.129425,172.759888",31625,525,112
1757717168,2025-09-12T22:46:08Z,CPA113,"-36.159302,172.847839",30700,509,113
1757717199,2025-09-12T22:46:39Z,CPA113,"-36.187008,172.928955",29725,496,112
1757717230,2025-09-12T22:47:10Z,CPA113,"-36.213593,173.008698",28775,480,112
1757717263,2025-09-12T22:47:43Z,CPA113,"-36.240543,173.089432",27825,461,112
1757717293,2025-09-12T22:48:13Z,CPA113,"-36.265182,173.162506",26900,447,112
1757717324,2025-09-12T22:48:44Z,CPA113,"-36.289284,173.234238",26025,435,112
1757717357,2025-09-12T22:49:17Z,CPA113,"-36.315029,173.31102",25075,441,112
1757717388,2025-09-12T22:49:48Z,CPA113,"-36.339294,173.384064",24150,439,112
1757717421,2025-09-12T22:50:21Z,CPA113,"-36.364326,173.459747",23225,438,112
1757717452,2025-09-12T22:50:52Z,CPA113,"-36.388275,173.531799",22300,431,112
1757717484,2025-09-12T22:51:24Z,CPA113,"-36.412354,173.604874",21325,425,112
1757717515,2025-09-12T22:51:55Z,CPA113,"-36.434784,173.673126",20425,418,112
1757717547,2025-09-12T22:52:27Z,CPA113,"-36.458736,173.745743",19400,414,112
1757717578,2025-09-12T22:52:58Z,CPA113,"-36.480522,173.812424",18450,413,112
1757717610,2025-09-12T22:53:30Z,CPA113,"-36.502991,173.881241",17450,406,112
1757717642,2025-09-12T22:54:02Z,CPA113,"-36.525833,173.95105",16450,397,111
1757717674,2025-09-12T22:54:34Z,CPA113,"-36.547745,174.018173",15475,397,111
1757717706,2025-09-12T22:55:06Z,CPA113,"-36.56953,174.085144",14500,392,111
1757717738,2025-09-12T22:55:38Z,CPA113,"-36.591084,174.152176",13600,386,111
1757717769,2025-09-12T22:56:09Z,CPA113,"-36.611332,174.214645",12675,385,111
1757717802,2025-09-12T22:56:42Z,CPA113,"-36.633167,174.282135",11650,379,111
1757717815,2025-09-12T22:56:55Z,CPA113,"-36.641361,174.307617",11250,376,111
1757717828,2025-09-12T22:57:08Z,CPA113,"-36.649784,174.333801",10925,370,111
1757717841,2025-09-12T22:57:21Z,CPA113,"-36.658073,174.359634",10750,359,111
1757717854,2025-09-12T22:57:34Z,CPA113,"-36.666,174.384552",10625,347,111
1757717867,2025-09-12T22:57:47Z,CPA113,"-36.673553,174.408295",10500,334,111
1757717882,2025-09-12T22:58:02Z,CPA113,"-36.681999,174.434601",10375,321,111
1757717895,2025-09-12T22:58:15Z,CPA113,"-36.688934,174.45636",10300,313,111
1757717910,2025-09-12T22:58:30Z,CPA113,"-36.696899,174.481201",10150,304,111
1757717923,2025-09-12T22:58:43Z,CPA113,"-36.70372,174.502487",9900,303,111
1757717936,2025-09-12T22:58:56Z,CPA113,"-36.710587,174.523712",9650,306,111
1757717949,2025-09-12T22:59:09Z,CPA113,"-36.71759,174.545456",9375,306,111
1757717962,2025-09-12T22:59:22Z,CPA113,"-36.724407,174.56662",9100,307,111
1757717975,2025-09-12T22:59:35Z,CPA113,"-36.731277,174.58815",8825,307,111
1757717988,2025-09-12T22:59:48Z,CPA113,"-36.737823,174.608521",8550,307,111
1757718003,2025-09-12T23:00:03Z,CPA113,"-36.745789,174.633804",8275,306,111
1757718016,2025-09-12T23:00:16Z,CPA113,"-36.752434,174.654388",8100,299,111
1757718031,2025-09-12T23:00:31Z,CPA113,"-36.75993,174.678116",7925,290,111
1757718046,2025-09-12T23:00:46Z,CPA113,"-36.767303,174.701675",7650,278,111
1757718061,2025-09-12T23:01:01Z,CPA113,"-36.773941,174.723648",7425,273,109
1757718073,2025-09-12T23:01:13Z,CPA113,"-36.779339,174.742462",7075,276,109
1757718086,2025-09-12T23:01:26Z,CPA113,"-36.784786,174.761215",6725,278,110
1757718100,2025-09-12T23:01:40Z,CPA113,"-36.790924,174.78212",6500,275,109
1757718113,2025-09-12T23:01:53Z,CPA113,"-36.796566,174.801544",6425,270,110
1757718128,2025-09-12T23:02:08Z,CPA113,"-36.802872,174.823151",6350,261,110
1757718141,2025-09-12T23:02:21Z,CPA113,"-36.808365,174.841751",6275,254,110
1757718155,2025-09-12T23:02:35Z,CPA113,"-36.813904,174.860626",6200,247,110
1757718170,2025-09-12T23:02:50Z,CPA113,"-36.819656,174.880142",6150,239,110
1757718183,2025-09-12T23:03:03Z,CPA113,"-36.824589,174.896622",6125,231,110
1757718198,2025-09-12T23:03:18Z,CPA113,"-36.830036,174.914902",6075,224,109
1757718210,2025-09-12T23:03:30Z,CPA113,"-36.834274,174.929749",6000,219,109
1757718223,2025-09-12T23:03:43Z,CPA113,"-36.838806,174.945541",5950,217,109
1757718238,2025-09-12T23:03:58Z,CPA113,"-36.843861,174.962769",5875,222,110
1757718253,2025-09-12T23:04:13Z,CPA113,"-36.84903,174.980179",5800,218,109
1757718266,2025-09-12T23:04:26Z,CPA113,"-36.853497,174.995728",5700,220,109
1757718278,2025-09-12T23:04:38Z,CPA113,"-36.857574,175.01004",5600,219,109
1757718291,2025-09-12T23:04:51Z,CPA113,"-36.862015,175.025879",5475,220,109
1757718304,2025-09-12T23:05:04Z,CPA113,"-36.866226,175.041245",5325,219,108
1757718317,2025-09-12T23:05:17Z,CPA113,"-36.870674,175.057526",5175,220,108
1757718330,2025-09-12T23:05:30Z,CPA113,"-36.874924,175.072983",5025,219,109
1757718339,2025-09-12T23:05:39Z,CPA113,"-36.878036,175.083145",4925,217,114
1757718341,2025-09-12T23:05:41Z,CPA113,"-36.878822,175.085236",4900,215,117
1757718343,2025-09-12T23:05:43Z,CPA113,"-36.879776,175.087296",4875,211,120
1757718345,2025-09-12T23:05:45Z,CPA113,"-36.880783,175.089279",4850,209,124
1757718347,2025-09-12T23:05:47Z,CPA113,"-36.882175,175.091553",4825,206,129
1757718349,2025-09-12T23:05:49Z,CPA113,"-36.883438,175.093323",4800,203,133
1757718351,2025-09-12T23:05:51Z,CPA113,"-36.884766,175.094955",4775,200,137
1757718353,2025-09-12T23:05:53Z,CPA113,"-36.886272,175.096634",4750,198,140
1757718355,2025-09-12T23:05:55Z,CPA113,"-36.887619,175.097885",4725,198,143
1757718357,2025-09-12T23:05:57Z,CPA113,"-36.889065,175.099258",4700,195,144
1757718359,2025-09-12T23:05:59Z,CPA113,"-36.890553,175.10051",4675,194,145
1757718361,2025-09-12T23:06:01Z,CPA113,"-36.892456,175.102142",4625,192,146
1757718363,2025-09-12T23:06:03Z,CPA113,"-36.893906,175.103256",4600,191,147
1757718366,2025-09-12T23:06:06Z,CPA113,"-36.895386,175.104477",4575,189,147
1757718368,2025-09-12T23:06:08Z,CPA113,"-36.897171,175.10582",4575,188,147
1757718370,2025-09-12T23:06:10Z,CPA113,"-36.898655,175.107025",4550,187,148
1757718372,2025-09-12T23:06:12Z,CPA113,"-36.900146,175.10817",4525,185,148
1757718374,2025-09-12T23:06:14Z,CPA113,"-36.901585,175.109238",4525,184,149
1757718376,2025-09-12T23:06:16Z,CPA113,"-36.90345,175.110611",4500,181,152
1757718378,2025-09-12T23:06:18Z,CPA113,"-36.904953,175.111435",4475,176,157
1757718380,2025-09-12T23:06:20Z,CPA113,"-36.906429,175.112106",4450,171,163
1757718383,2025-09-12T23:06:23Z,CPA113,"-36.908295,175.112656",4425,167,170
1757718385,2025-09-12T23:06:25Z,CPA113,"-36.909779,175.112808",4400,163,178
1757718387,2025-09-12T23:06:27Z,CPA113,"-36.911457,175.112762",4400,161,185
1757718389,2025-09-12T23:06:29Z,CPA113,"-36.912807,175.112518",4375,159,191
1757718391,2025-09-12T23:06:31Z,CPA113,"-36.914703,175.111847",4350,155,198
1757718393,2025-09-12T23:06:33Z,CPA113,"-36.916031,175.111206",4325,153,204
1757718396,2025-09-12T23:06:36Z,CPA113,"-36.917274,175.110367",4325,148,211
1757718398,2025-09-12T23:06:38Z,CPA113,"-36.91864,175.109207",4325,146,216
1757718400,2025-09-12T23:06:40Z,CPA113,"-36.919647,175.108154",4300,142,220
1757718402,2025-09-12T23:06:42Z,CPA113,"-36.920578,175.107086",4300,140,226
1757718404,2025-09-12T23:06:44Z,CPA113,"-36.921463,175.105835",4300,139,230
1757718406,2025-09-12T23:06:46Z,CPA113,"-36.922256,175.104477",4275,138,234
1757718408,2025-09-12T23:06:48Z,CPA113,"-36.923172,175.102844",4275,137,237
1757718411,2025-09-12T23:06:51Z,CPA113,"-36.92395,175.101212",4275,137,240
1757718413,2025-09-12T23:06:53Z,CPA113,"-36.924545,175.099869",4250,137,242
1757718415,2025-09-12T23:06:55Z,CPA113,"-36.925095,175.098465",4250,137,244
1757718417,2025-09-12T23:06:57Z,CPA113,"-36.925701,175.096939",4225,137,246
1757718419,2025-09-12T23:06:59Z,CPA113,"-36.926239,175.095245",4225,138,247
1757718421,2025-09-12T23:07:01Z,CPA113,"-36.926678,175.093887",4225,137,248
1757718423,2025-09-12T23:07:03Z,CPA113,"-36.927246,175.092026",4200,137,249
1757718426,2025-09-12T23:07:06Z,CPA113,"-36.927704,175.090515",4200,137,249
1757718428,2025-09-12T23:07:08Z,CPA113,"-36.928162,175.08905",4200,137,249
1757718430,2025-09-12T23:07:10Z,CPA113,"-36.928665,175.087234",4175,137,250
1757718432,2025-09-12T23:07:12Z,CPA113,"-36.929031,175.085953",4175,138,251
1757718434,2025-09-12T23:07:14Z,CPA113,"-36.929565,175.08403",4175,138,251
1757718436,2025-09-12T23:07:16Z,CPA113,"-36.929993,175.082504",4150,138,251
1757718438,2025-09-12T23:07:18Z,CPA113,"-36.930496,175.080643",4150,138,251
1757718441,2025-09-12T23:07:21Z,CPA113,"-36.930862,175.079178",4150,138,251
1757718443,2025-09-12T23:07:23Z,CPA113,"-36.931274,175.077652",4125,138,251
1757718445,2025-09-12T23:07:25Z,CPA113,"-36.931751,175.076035",4125,139,251
1757718453,2025-09-12T23:07:33Z,CPA113,"-36.933701,175.069183",4125,146,251
1757718462,2025-09-12T23:07:42Z,CPA113,"-36.935478,175.062424",4075,146,251
1757718471,2025-09-12T23:07:51Z,CPA113,"-36.937363,175.055389",4075,146,251
1757718477,2025-09-12T23:07:57Z,CPA113,"-36.93869,175.050476",4050,142,250
1757718486,2025-09-12T23:08:06Z,CPA113,"-36.940598,175.043732",4025,138,251
1757718492,2025-09-12T23:08:12Z,CPA113,"-36.941849,175.039261",4000,138,249
1757718501,2025-09-12T23:08:21Z,CPA113,"-36.943771,175.032608",3975,140,250
1757718509,2025-09-12T23:08:29Z,CPA113,"-36.945511,175.02623",3925,142,250
1757718517,2025-09-12T23:08:37Z,CPA113,"-36.947388,175.019455",3800,142,251
1757718526,2025-09-12T23:08:46Z,CPA113,"-36.949116,175.013275",3700,142,250
1757718532,2025-09-12T23:08:52Z,CPA113,"-36.950455,175.008408",3625,142,251
1757718540,2025-09-12T23:09:00Z,CPA113,"-36.952328,175.001694",3500,141,251
1757718549,2025-09-12T23:09:09Z,CPA113,"-36.954117,174.995209",3375,141,250
1757718558,2025-09-12T23:09:18Z,CPA113,"-36.955994,174.988708",3275,141,251
1757718564,2025-09-12T23:09:24Z,CPA113,"-36.957355,174.983673",3175,141,250
1757718573,2025-09-12T23:09:33Z,CPA113,"-36.959198,174.976974",3050,142,251
1757718579,2025-09-12T23:09:39Z,CPA113,"-36.960663,174.971909",2975,145,250
1757718588,2025-09-12T23:09:48Z,CPA113,"-36.962524,174.965164",2875,145,251
1757718594,2025-09-12T23:09:54Z,CPA113,"-36.963867,174.960144",2775,143,250
1757718603,2025-09-12T23:10:03Z,CPA113,"-36.96579,174.953247",2675,142,250
1757718609,2025-09-12T23:10:09Z,CPA113,"-36.967224,174.948257",2600,144,249
1757718617,2025-09-12T23:10:17Z,CPA113,"-36.969086,174.941574",2475,145,251
1757718626,2025-09-12T23:10:26Z,CPA113,"-36.970871,174.935074",2375,143,251
1757718634,2025-09-12T23:10:34Z,CPA113,"-36.972763,174.928131",2250,141,251
1757718643,2025-09-12T23:10:43Z,CPA113,"-36.974533,174.921692",2125,134,251
1757718649,2025-09-12T23:10:49Z,CPA113,"-36.975769,174.91713",2050,129,250
1757718658,2025-09-12T23:10:58Z,CPA113,"-36.977417,174.911407",1950,121,250
1757718664,2025-09-12T23:11:04Z,CPA113,"-36.97847,174.907608",1875,116,250
1757718672,2025-09-12T23:11:12Z,CPA113,"-36.980072,174.901932",1800,117,251
1757718681,2025-09-12T23:11:21Z,CPA113,"-36.981472,174.89679",1725,117,250
1757718689,2025-09-12T23:11:29Z,CPA113,"-36.98296,174.891418",1625,118,251
1757718695,2025-09-12T23:11:35Z,CPA113,"-36.984169,174.887115",1575,117,251
1757718704,2025-09-12T23:11:44Z,CPA113,"-36.985615,174.881866",1475,117,251
1757718712,2025-09-12T23:11:52Z,CPA113,"-36.98703,174.876694",1400,117,250
1757718721,2025-09-12T23:12:01Z,CPA113,"-36.988632,174.870911",1300,121,250
1757718729,2025-09-12T23:12:09Z,CPA113,"-36.990128,174.865616",1225,121,250
1757718735,2025-09-12T23:12:15Z,CPA113,"-36.991291,174.861389",1150,120,251
1757718744,2025-09-12T23:12:24Z,CPA113,"-36.992828,174.855896",1050,119,250
1757718752,2025-09-12T23:12:32Z,CPA113,"-36.994308,174.85051",950,118,251
1757718758,2025-09-12T23:12:38Z,CPA113,"-36.995483,174.846161",875,116,250
1757718767,2025-09-12T23:12:47Z,CPA113,"-36.996971,174.840851",800,116,250
1757718775,2025-09-12T23:12:55Z,CPA113,"-36.998428,174.835495",725,117,251
1757718782,2025-09-12T23:13:02Z,CPA113,"-36.999573,174.831406",650,118,250
1757718790,2025-09-12T23:13:10Z,CPA113,"-37.001129,174.825851",575,117,251
1757718799,2025-09-12T23:13:19Z,CPA113,"-37.00256,174.820541",475,115,251
1757718805,2025-09-12T23:13:25Z,CPA113,"-37.003677,174.816483",400,111,251
1757718814,2025-09-12T23:13:34Z,CPA113,"-37.005066,174.811417",325,116,250
1757718822,2025-09-12T23:13:42Z,CPA113,"-37.006577,174.805923",250,116,250
1757718830,2025-09-12T23:13:50Z,CPA113,"-37.008087,174.800552",150,112,250
1757718838,2025-09-12T23:13:58Z,CPA113,"-37.009216,174.796478",0,97,250
1757718846,2025-09-12T23:14:06Z,CPA113,"-37.010368,174.792343",0,76,250
1757718854,2025-09-12T23:14:14Z,CPA113,"-37.011189,174.789352",0,61,250
1757718860,2025-09-12T23:14:20Z,CPA113,"-37.011772,174.787247",0,53,250
1757718868,2025-09-12T23:14:28Z,CPA113,"-37.012276,174.785355",0,43,253
1757718869,2025-09-12T23:14:29Z,CPA113,"-37.012344,174.785034",0,41,255
1757718870,2025-09-12T23:14:30Z,CPA113,"-37.012402,174.78476",0,40,255
1757718871,2025-09-12T23:14:31Z,CPA113,"-37.012451,174.784454",0,38,258
1757718873,2025-09-12T23:14:33Z,CPA113,"-37.01247,174.784241",0,37,261
1757718875,2025-09-12T23:14:35Z,CPA113,"-37.012505,174.783813",0,34,264
1757718877,2025-09-12T23:14:37Z,CPA113,"-37.012497,174.783401",0,31,270
1757718879,2025-09-12T23:14:39Z,CPA113,"-37.012486,174.783127",0,29,272
1757718880,2025-09-12T23:14:40Z,CPA113,"-37.012474,174.782867",0,27,272
1757718883,2025-09-12T23:14:43Z,CPA113,"-37.012428,174.782516",0,24,278
1757718885,2025-09-12T23:14:45Z,CPA113,"-37.012379,174.782211",0,22,278
1757718887,2025-09-12T23:14:47Z,CPA113,"-37.012333,174.781937",0,21,281
1757718889,2025-09-12T23:14:49Z,CPA113,"-37.012299,174.781708",0,19,281
1757718892,2025-09-12T23:14:52Z,CPA113,"-37.012253,174.781403",0,16,281
1757718895,2025-09-12T23:14:55Z,CPA113,"-37.012196,174.781158",0,13,284
1757718899,2025-09-12T23:14:59Z,CPA113,"-37.012089,174.78093",0,12,292
1757718904,2025-09-12T23:15:04Z,CPA113,"-37.011845,174.780792",0,11,323
1757718909,2025-09-12T23:15:09Z,CPA113,"-37.011623,174.780899",0,11,357
1757718913,2025-09-12T23:15:13Z,CPA113,"-37.011509,174.781113",0,10,28
1757718918,2025-09-12T23:15:18Z,CPA113,"-37.011452,174.781326",0,9,50
1757718922,2025-09-12T23:15:22Z,CPA113,"-37.011417,174.78154",0,9,64
1757718926,2025-09-12T23:15:26Z,CPA113,"-37.011368,174.781769",0,9,70
1757718931,2025-09-12T23:15:31Z,CPA113,"-37.011303,174.781982",0,10,70
1757718935,2025-09-12T23:15:35Z,CPA113,"-37.011234,174.782227",0,11,70
1757718938,2025-09-12T23:15:38Z,CPA113,"-37.011169,174.782455",0,11,70
1757718943,2025-09-12T23:15:43Z,CPA113,"-37.011051,174.782684",0,11,61
1757718948,2025-09-12T23:15:48Z,CPA113,"-37.010845,174.782852",0,11,45
1757718952,2025-09-12T23:15:52Z,CPA113,"-37.010612,174.782928",0,11,25
1757718958,2025-09-12T23:15:58Z,CPA113,"-37.010376,174.782883",0,10,2
1757718962,2025-09-12T23:16:02Z,CPA113,"-37.01017,174.782745",0,10,345
1757718968,2025-09-12T23:16:08Z,CPA113,"-37.009953,174.782608",0,11,337
1757718973,2025-09-12T23:16:13Z,CPA113,"-37.009739,174.782394",0,12,326
1757718978,2025-09-12T23:16:18Z,CPA113,"-37.009575,174.78215",0,12,315
1757718982,2025-09-12T23:16:22Z,CPA113,"-37.009438,174.78186",0,13,306
1757718985,2025-09-12T23:16:25Z,CPA113,"-37.009335,174.781631",0,13,300
1757718990,2025-09-12T23:16:30Z,CPA113,"-37.00922,174.781357",0,13,298
1757718993,2025-09-12T23:16:33Z,CPA113,"-37.009106,174.781082",0,13,298
1757718998,2025-09-12T23:16:38Z,CPA113,"-37.008995,174.780838",0,11,298
1757719005,2025-09-12T23:16:45Z,CPA113,"-37.008831,174.780518",0,8,303
1757719011,2025-09-12T23:16:51Z,CPA113,"-37.00861,174.78038",0,9,320
1757719016,2025-09-12T23:16:56Z,CPA113,"-37.008373,174.780289",0,9,334
1757719022,2025-09-12T23:17:02Z,CPA113,"-37.008167,174.780197",0,9,337
1757719027,2025-09-12T23:17:07Z,CPA113,"-37.007927,174.780106",0,11,340
1757719031,2025-09-12T23:17:11Z,CPA113,"-37.007698,174.780045",0,10,345
1757719037,2025-09-12T23:17:17Z,CPA113,"-37.007446,174.78009",0,9,354
1757719044,2025-09-12T23:17:24Z,CPA113,"-37.007217,174.780228",0,9,14
1757719051,2025-09-12T23:17:31Z,CPA113,"-37.006966,174.780365",0,10,22
1757719056,2025-09-12T23:17:36Z,CPA113,"-37.006748,174.780457",0,9,19
1757719062,2025-09-12T23:17:42Z,CPA113,"-37.006538,174.780518",0,8,16
1757719068,2025-09-12T23:17:48Z,CPA113,"-37.006317,174.780563",0,8,11
1757719074,2025-09-12T23:17:54Z,CPA113,"-37.006084,174.780502",0,9,354
1757719079,2025-09-12T23:17:59Z,CPA113,"-37.005867,174.78035",0,9,343
1757719085,2025-09-12T23:18:05Z,CPA113,"-37.005627,174.780258",0,10,340
1757719091,2025-09-12T23:18:11Z,CPA113,"-37.005409,174.780167",0,8,340
1757719097,2025-09-12T23:18:17Z,CPA113,"-37.005203,174.780075",0,6,340
1757719107,2025-09-12T23:18:27Z,CPA113,"-37.004944,174.779968",0,5,340
1757719117,2025-09-12T23:18:37Z,CPA113,"-37.004734,174.779861",0,5,340
