Timestamp,UTC,Callsign,Position,Altitude,Speed,Direction
1757693046,2025-09-12T16:04:06Z,CPA261,"22.309416,113.926224",0,0,295
1757693171,2025-09-12T16:06:11Z,CPA261,"22.309275,113.926521",0,3,295
1757693187,2025-09-12T16:06:27Z,CPA261,"22.309193,113.926727",0,2,295
1757693211,2025-09-12T16:06:51Z,CPA261,"22.308987,113.927002",0,3,264
1757693227,2025-09-12T16:07:07Z,CPA261,"22.308929,113.927208",0,3,241
1757693243,2025-09-12T16:07:23Z,CPA261,"22.308937,113.927422",0,3,216
1757693268,2025-09-12T16:07:48Z,CPA261,"22.309147,113.927628",0,3,205
1757693283,2025-09-12T16:08:03Z,CPA261,"22.309357,113.927711",0,3,205
1757693557,2025-09-12T16:12:37Z,CPA261,"22.309147,113.927597",0,4,205
1757693569,2025-09-12T16:12:49Z,CPA261,"22.308929,113.927498",0,5,205
1757693583,2025-09-12T16:13:03Z,CPA261,"22.308636,113.92733",0,5,205
1757693592,2025-09-12T16:13:12Z,CPA261,"22.308426,113.927208",0,6,208
1757693600,2025-09-12T16:13:20Z,CPA261,"22.308298,113.927002",0,6,227
1757693607,2025-09-12T16:13:27Z,CPA261,"22.30825,113.926788",0,6,241
1757693615,2025-09-12T16:13:35Z,CPA261,"22.308197,113.926559",0,6,250
1757693622,2025-09-12T16:13:42Z,CPA261,"22.308128,113.926353",0,7,250
1757693628,2025-09-12T16:13:48Z,CPA261,"22.308065,113.926147",0,7,250
1757693636,2025-09-12T16:13:56Z,CPA261,"22.307983,113.925911",0,7,250
1757693642,2025-09-12T16:14:02Z,CPA261,"22.307915,113.925667",0,7,250
1757693649,2025-09-12T16:14:09Z,CPA261,"22.307833,113.925423",0,8,250
1757693657,2025-09-12T16:14:17Z,CPA261,"22.307751,113.925179",0,8,250
1757693665,2025-09-12T16:14:25Z,CPA261,"22.307636,113.924812",0,9,250
1757693672,2025-09-12T16:14:32Z,CPA261,"22.307556,113.924568",0,9,250
1757693679,2025-09-12T16:14:39Z,CPA261,"22.307442,113.924217",0,9,250
1757693689,2025-09-12T16:14:49Z,CPA261,"22.307316,113.923813",0,9,250
1757693696,2025-09-12T16:14:56Z,CPA261,"22.307224,113.923531",0,9,250
1757693704,2025-09-12T16:15:04Z,CPA261,"22.307098,113.923126",0,10,250
1757693711,2025-09-12T16:15:11Z,CPA261,"22.306995,113.922806",0,11,250
1757693718,2025-09-12T16:15:18Z,CPA261,"22.30687,113.922432",0,11,250
1757693725,2025-09-12T16:15:25Z,CPA261,"22.306755,113.922043",0,11,250
1757693733,2025-09-12T16:15:33Z,CPA261,"22.30661,113.921608",0,12,250
1757693745,2025-09-12T16:15:45Z,CPA261,"22.3064,113.920952",0,13,250
1757693752,2025-09-12T16:15:52Z,CPA261,"22.30624,113.920471",0,13,250
1757693759,2025-09-12T16:15:59Z,CPA261,"22.306122,113.920097",0,13,250
1757693766,2025-09-12T16:16:06Z,CPA261,"22.305965,113.919594",0,14,250
1757693773,2025-09-12T16:16:13Z,CPA261,"22.305819,113.919159",0,14,250
1757693780,2025-09-12T16:16:20Z,CPA261,"22.305668,113.918709",0,14,250
1757693787,2025-09-12T16:16:27Z,CPA261,"22.305508,113.918198",0,14,250
1757693794,2025-09-12T16:16:34Z,CPA261,"22.305359,113.917725",0,15,250
1757693802,2025-09-12T16:16:42Z,CPA261,"22.305168,113.917137",0,15,250
1757693809,2025-09-12T16:16:49Z,CPA261,"22.305004,113.916641",0,15,250
1757693816,2025-09-12T16:16:56Z,CPA261,"22.304832,113.916115",0,15,250
1757693823,2025-09-12T16:17:03Z,CPA261,"22.304661,113.915588",0,16,250
1757693831,2025-09-12T16:17:11Z,CPA261,"22.304466,113.914963",0,16,250
1757693838,2025-09-12T16:17:18Z,CPA261,"22.304295,113.914429",0,17,250
1757693846,2025-09-12T16:17:26Z,CPA261,"22.304089,113.913803",0,17,250
1757693853,2025-09-12T16:17:33Z,CPA261,"22.303875,113.913139",0,17,250
1757693861,2025-09-12T16:17:41Z,CPA261,"22.303699,113.912582",0,17,250
1757693868,2025-09-12T16:17:48Z,CPA261,"22.303492,113.911934",0,18,250
1757693876,2025-09-12T16:17:56Z,CPA261,"22.30327,113.911232",0,18,250
1757693883,2025-09-12T16:18:03Z,CPA261,"22.303049,113.910561",0,19,250
1757693891,2025-09-12T16:18:11Z,CPA261,"22.302805,113.909836",0,19,250
1757693898,2025-09-12T16:18:18Z,CPA261,"22.302578,113.909119",0,20,250
1757693906,2025-09-12T16:18:26Z,CPA261,"22.302362,113.908463",0,20,250
1757693913,2025-09-12T16:18:33Z,CPA261,"22.30212,113.907707",0,19,250
1757693920,2025-09-12T16:18:40Z,CPA261,"22.301926,113.907097",0,17,250
1757693928,2025-09-12T16:18:48Z,CPA261,"22.301754,113.90654",0,17,250
1757693939,2025-09-12T16:18:59Z,CPA261,"22.301434,113.905548",0,17,250
1757693947,2025-09-12T16:19:07Z,CPA261,"22.301228,113.90493",0,17,250
1757693954,2025-09-12T16:19:14Z,CPA261,"22.301001,113.904228",0,18,250
1757693962,2025-09-12T16:19:22Z,CPA261,"22.300791,113.903564",0,18,250
1757693969,2025-09-12T16:19:29Z,CPA261,"22.300621,113.90303",0,18,250
1757693977,2025-09-12T16:19:37Z,CPA261,"22.300381,113.902306",0,19,250
1757693984,2025-09-12T16:19:44Z,CPA261,"22.300163,113.901596",0,19,250
1757693991,2025-09-12T16:19:51Z,CPA261,"22.299969,113.900993",0,19,250
1757693998,2025-09-12T16:19:58Z,CPA261,"22.299755,113.900322",0,19,250
1757694006,2025-09-12T16:20:06Z,CPA261,"22.299522,113.899597",0,20,250
1757694013,2025-09-12T16:20:13Z,CPA261,"22.299267,113.898834",0,19,250
1757694020,2025-09-12T16:20:20Z,CPA261,"22.299088,113.89827",0,16,250
1757694027,2025-09-12T16:20:27Z,CPA261,"22.298941,113.89782",0,11,250
1757694034,2025-09-12T16:20:34Z,CPA261,"22.298847,113.897552",0,7,250
1757694041,2025-09-12T16:20:41Z,CPA261,"22.298697,113.897346",0,7,236
1757694050,2025-09-12T16:20:50Z,CPA261,"22.298389,113.897285",0,7,202
1757694060,2025-09-12T16:21:00Z,CPA261,"22.298126,113.897423",0,5,171
1757694072,2025-09-12T16:21:12Z,CPA261,"22.297905,113.897514",0,4,163
1757694091,2025-09-12T16:21:31Z,CPA261,"22.297485,113.897682",0,6,160
1757694128,2025-09-12T16:22:08Z,CPA261,"22.297279,113.897751",0,3,160
1757694139,2025-09-12T16:22:19Z,CPA261,"22.297068,113.89782",0,6,160
1757694146,2025-09-12T16:22:26Z,CPA261,"22.296846,113.897911",0,8,160
1757694155,2025-09-12T16:22:35Z,CPA261,"22.29652,113.898048",0,8,157
1757694164,2025-09-12T16:22:44Z,CPA261,"22.29631,113.898277",0,8,137
1757694170,2025-09-12T16:22:50Z,CPA261,"22.296318,113.898499",0,7,109
1757694179,2025-09-12T16:22:59Z,CPA261,"22.296444,113.898758",0,7,78
1757694187,2025-09-12T16:23:07Z,CPA261,"22.296543,113.898979",0,8,73
1757694193,2025-09-12T16:23:13Z,CPA261,"22.296614,113.899216",0,14,73
1757694197,2025-09-12T16:23:17Z,CPA261,"22.296867,113.899986",0,41,70
1757694198,2025-09-12T16:23:18Z,CPA261,"22.296936,113.900223",0,46,70
1757694201,2025-09-12T16:23:21Z,CPA261,"22.297199,113.901016",0,60,70
1757694203,2025-09-12T16:23:23Z,CPA261,"22.297359,113.901505",0,67,70
1757694205,2025-09-12T16:23:25Z,CPA261,"22.297554,113.90213",0,76,70
1757694206,2025-09-12T16:23:26Z,CPA261,"22.297695,113.90255",0,80,70
1757694207,2025-09-12T16:23:27Z,CPA261,"22.29776,113.902756",0,82,70
1757694208,2025-09-12T16:23:28Z,CPA261,"22.297976,113.903412",0,90,70
1757694210,2025-09-12T16:23:30Z,CPA261,"22.298277,113.904381",0,98,70
1757694217,2025-09-12T16:23:37Z,CPA261,"22.2995,113.908134",75,128,70
1757694224,2025-09-12T16:23:44Z,CPA261,"22.300827,113.912292",75,150,70
1757694232,2025-09-12T16:23:52Z,CPA261,"22.302979,113.918938",25,179,70
1757694239,2025-09-12T16:23:59Z,CPA261,"22.304806,113.924561",150,188,70
1757694247,2025-09-12T16:24:07Z,CPA261,"22.307373,113.93232",525,185,70
1757694256,2025-09-12T16:24:16Z,CPA261,"22.309694,113.939308",875,184,70
1757694262,2025-09-12T16:24:22Z,CPA261,"22.31151,113.944954",1175,184,70
1757694270,2025-09-12T16:24:30Z,CPA261,"22.313791,113.952278",1550,183,71
1757694277,2025-09-12T16:24:37Z,CPA261,"22.315475,113.957787",1825,183,72
1757694285,2025-09-12T16:24:45Z,CPA261,"22.317656,113.965302",2025,188,72
1757694293,2025-09-12T16:24:53Z,CPA261,"22.31987,113.972771",2100,198,72
1757694302,2025-09-12T16:25:02Z,CPA261,"22.322357,113.981018",2175,208,71
1757694310,2025-09-12T16:25:10Z,CPA261,"22.324917,113.989311",2300,214,71
1757694318,2025-09-12T16:25:18Z,CPA261,"22.32756,113.997833",2550,216,71
1757694325,2025-09-12T16:25:25Z,CPA261,"22.329666,114.004417",2775,213,70
1757694334,2025-09-12T16:25:34Z,CPA261,"22.332552,114.013268",3075,214,70
1757694342,2025-09-12T16:25:42Z,CPA261,"22.335205,114.021408",3275,218,71
1757694348,2025-09-12T16:25:48Z,CPA261,"22.337114,114.028625",3450,218,77
1757694351,2025-09-12T16:25:51Z,CPA261,"22.33758,114.030914",3500,218,79
1757694353,2025-09-12T16:25:53Z,CPA261,"22.337858,114.032898",3550,218,82
1757694355,2025-09-12T16:25:55Z,CPA261,"22.338089,114.035492",3625,218,86
1757694357,2025-09-12T16:25:57Z,CPA261,"22.338135,114.037086",3675,218,89
1757694359,2025-09-12T16:25:59Z,CPA261,"22.338135,114.039436",3750,218,91
1757694361,2025-09-12T16:26:01Z,CPA261,"22.338045,114.041595",3825,216,94
1757694363,2025-09-12T16:26:03Z,CPA261,"22.337812,114.043983",3875,216,97
1757694365,2025-09-12T16:26:05Z,CPA261,"22.337402,114.046478",3950,215,100
1757694367,2025-09-12T16:26:07Z,CPA261,"22.33699,114.048676",4025,216,103
1757694369,2025-09-12T16:26:09Z,CPA261,"22.336487,114.050667",4075,215,106
1757694371,2025-09-12T16:26:11Z,CPA261,"22.335846,114.052719",4150,215,109
1757694373,2025-09-12T16:26:13Z,CPA261,"22.335159,114.054718",4200,215,111
1757694376,2025-09-12T16:26:16Z,CPA261,"22.334335,114.056763",4250,215,115
1757694378,2025-09-12T16:26:18Z,CPA261,"22.333282,114.059059",4325,216,117
1757694380,2025-09-12T16:26:20Z,CPA261,"22.332458,114.060669",4375,216,120
1757694382,2025-09-12T16:26:22Z,CPA261,"22.331202,114.062859",4450,216,123
1757694384,2025-09-12T16:26:24Z,CPA261,"22.329851,114.064941",4525,216,126
1757694386,2025-09-12T16:26:26Z,CPA261,"22.328705,114.066551",4575,216,129
1757694388,2025-09-12T16:26:28Z,CPA261,"22.327332,114.068298",4650,216,131
1757694391,2025-09-12T16:26:31Z,CPA261,"22.325708,114.070183",4700,217,134
1757694393,2025-09-12T16:26:33Z,CPA261,"22.324173,114.071754",4775,217,137
1757694395,2025-09-12T16:26:35Z,CPA261,"22.322617,114.073242",4825,219,139
1757694397,2025-09-12T16:26:37Z,CPA261,"22.320969,114.074692",4875,220,141
1757694399,2025-09-12T16:26:39Z,CPA261,"22.319046,114.076241",4900,221,143
1757694401,2025-09-12T16:26:41Z,CPA261,"22.317352,114.077484",4925,224,146
1757694403,2025-09-12T16:26:43Z,CPA261,"22.315933,114.078484",4950,226,147
1757694405,2025-09-12T16:26:45Z,CPA261,"22.313698,114.079895",4975,229,150
1757694407,2025-09-12T16:26:47Z,CPA261,"22.31218,114.08078",5000,232,152
1757694409,2025-09-12T16:26:49Z,CPA261,"22.309649,114.082184",5000,234,154
1757694411,2025-09-12T16:26:51Z,CPA261,"22.307693,114.083099",5025,236,156
1757694413,2025-09-12T16:26:53Z,CPA261,"22.305313,114.084076",5050,240,159
1757694416,2025-09-12T16:26:56Z,CPA261,"22.303207,114.084877",5075,242,162
1757694418,2025-09-12T16:26:58Z,CPA261,"22.301128,114.085541",5100,244,164
1757694420,2025-09-12T16:27:00Z,CPA261,"22.298126,114.086372",5125,247,167
1757694422,2025-09-12T16:27:02Z,CPA261,"22.296112,114.086777",5150,250,169
1757694424,2025-09-12T16:27:04Z,CPA261,"22.293915,114.087173",5175,253,172
1757694426,2025-09-12T16:27:06Z,CPA261,"22.291168,114.087524",5200,256,174
1757694428,2025-09-12T16:27:08Z,CPA261,"22.288971,114.087677",5225,257,176
1757694430,2025-09-12T16:27:10Z,CPA261,"22.286179,114.087776",5250,261,179
1757694433,2025-09-12T16:27:13Z,CPA261,"22.283579,114.087776",5300,262,180
1757694435,2025-09-12T16:27:15Z,CPA261,"22.281111,114.08773",5325,264,181
1757694437,2025-09-12T16:27:17Z,CPA261,"22.278671,114.087624",5375,266,182
1757694439,2025-09-12T16:27:19Z,CPA261,"22.275604,114.087471",5400,267,182
1757694441,2025-09-12T16:27:21Z,CPA261,"22.273336,114.087372",5450,269,182
1757694443,2025-09-12T16:27:23Z,CPA261,"22.270823,114.087273",5475,270,182
1757694445,2025-09-12T16:27:25Z,CPA261,"22.267611,114.08712",5525,272,182
1757694448,2025-09-12T16:27:28Z,CPA261,"22.265167,114.087029",5575,273,181
1757694450,2025-09-12T16:27:30Z,CPA261,"22.262211,114.086914",5625,273,181
1757694452,2025-09-12T16:27:32Z,CPA261,"22.259464,114.086815",5700,274,181
1757694467,2025-09-12T16:27:47Z,CPA261,"22.240843,114.086555",6125,277,180
1757694479,2025-09-12T16:27:59Z,CPA261,"22.224564,114.086479",6550,280,180
1757694493,2025-09-12T16:28:13Z,CPA261,"22.207352,114.086578",6700,292,178
1757694501,2025-09-12T16:28:21Z,CPA261,"22.195688,114.088036",6775,297,167
1757694504,2025-09-12T16:28:24Z,CPA261,"22.191824,114.089149",6800,297,167
1757694507,2025-09-12T16:28:27Z,CPA261,"22.18889,114.090271",6825,302,160
1757694510,2025-09-12T16:28:30Z,CPA261,"22.185213,114.092003",6850,302,153
1757694515,2025-09-12T16:28:35Z,CPA261,"22.180418,114.094948",6900,304,148
1757694534,2025-09-12T16:28:54Z,CPA261,"22.161163,114.12088",7400,308,111
1757694540,2025-09-12T16:29:00Z,CPA261,"22.158726,114.129486",7575,309,103
1757694544,2025-09-12T16:29:04Z,CPA261,"22.157959,114.133965",7700,308,99
1757694548,2025-09-12T16:29:08Z,CPA261,"22.157227,114.141205",7825,309,93
1757694550,2025-09-12T16:29:10Z,CPA261,"22.157089,114.143654",7875,309,93
1757694552,2025-09-12T16:29:12Z,CPA261,"22.15686,114.148346",7975,310,92
1757694555,2025-09-12T16:29:15Z,CPA261,"22.156771,114.151711",8050,310,92
1757694557,2025-09-12T16:29:17Z,CPA261,"22.156631,114.15464",8100,310,92
1757694560,2025-09-12T16:29:20Z,CPA261,"22.156448,114.159737",8225,310,92
1757694562,2025-09-12T16:29:22Z,CPA261,"22.156265,114.16333",8275,311,92
1757694564,2025-09-12T16:29:24Z,CPA261,"22.156128,114.166428",8350,311,93
1757694566,2025-09-12T16:29:26Z,CPA261,"22.155931,114.169868",8400,311,93
1757694569,2025-09-12T16:29:29Z,CPA261,"22.155762,114.173119",8475,312,93
1757694584,2025-09-12T16:29:44Z,CPA261,"22.154257,114.196167",8825,317,94
1757694598,2025-09-12T16:29:58Z,CPA261,"22.152487,114.219917",9250,321,94
1757694611,2025-09-12T16:30:11Z,CPA261,"22.151093,114.240532",9550,326,93
1757694625,2025-09-12T16:30:25Z,CPA261,"22.151789,114.260254",9925,328,82
1757694628,2025-09-12T16:30:28Z,CPA261,"22.153093,114.267525",10075,328,78
1757694630,2025-09-12T16:30:30Z,CPA261,"22.153931,114.270836",10150,328,74
1757694632,2025-09-12T16:30:32Z,CPA261,"22.154617,114.273346",10200,327,72
1757694635,2025-09-12T16:30:35Z,CPA261,"22.155931,114.27729",10275,327,69
1757694637,2025-09-12T16:30:37Z,CPA261,"22.157608,114.281769",10375,327,65
1757694641,2025-09-12T16:30:41Z,CPA261,"22.159004,114.284821",10450,328,62
1757694644,2025-09-12T16:30:44Z,CPA261,"22.16217,114.290924",10575,330,59
1757694646,2025-09-12T16:30:46Z,CPA261,"22.163452,114.292969",10625,329,55
1757694648,2025-09-12T16:30:48Z,CPA261,"22.166035,114.296822",10725,330,51
1757694650,2025-09-12T16:30:50Z,CPA261,"22.168501,114.299927",10800,330,48
1757694652,2025-09-12T16:30:52Z,CPA261,"22.170782,114.302521",10875,330,45
1757694655,2025-09-12T16:30:55Z,CPA261,"22.173529,114.305367",10950,332,41
1757694657,2025-09-12T16:30:57Z,CPA261,"22.175438,114.307045",11000,332,38
1757694659,2025-09-12T16:30:59Z,CPA261,"22.178371,114.309486",11050,333,36
1757694661,2025-09-12T16:31:01Z,CPA261,"22.181118,114.311523",11100,334,32
1757694663,2025-09-12T16:31:03Z,CPA261,"22.183817,114.313255",11150,336,29
1757694665,2025-09-12T16:31:05Z,CPA261,"22.186657,114.31488",11200,338,26
1757694667,2025-09-12T16:31:07Z,CPA261,"22.190102,114.316559",11250,338,23
1757694669,2025-09-12T16:31:09Z,CPA261,"22.192429,114.317528",11275,339,19
1757694672,2025-09-12T16:31:12Z,CPA261,"22.196182,114.31884",11350,340,16
1757694674,2025-09-12T16:31:14Z,CPA261,"22.199341,114.319733",11400,342,13
1757694676,2025-09-12T16:31:16Z,CPA261,"22.202858,114.320526",11450,342,11
1757694678,2025-09-12T16:31:18Z,CPA261,"22.205976,114.321136",11500,342,9
1757694680,2025-09-12T16:31:20Z,CPA261,"22.209137,114.321686",11550,343,8
1757694682,2025-09-12T16:31:22Z,CPA261,"22.212307,114.322151",11600,345,7
1757694684,2025-09-12T16:31:24Z,CPA261,"22.216095,114.322731",11650,345,7
1757694686,2025-09-12T16:31:26Z,CPA261,"22.218887,114.323128",11700,346,7
1757694688,2025-09-12T16:31:28Z,CPA261,"22.222092,114.323578",11750,346,7
1757694690,2025-09-12T16:31:30Z,CPA261,"22.226179,114.324188",11825,346,7
1757694693,2025-09-12T16:31:33Z,CPA261,"22.229206,114.324646",11875,346,8
1757694695,2025-09-12T16:31:35Z,CPA261,"22.232279,114.325104",11925,346,8
1757694697,2025-09-12T16:31:37Z,CPA261,"22.236235,114.325714",12000,347,7
1757694699,2025-09-12T16:31:39Z,CPA261,"22.238935,114.326073",12025,348,6
1757694702,2025-09-12T16:31:42Z,CPA261,"22.243561,114.326576",12100,350,5
1757694704,2025-09-12T16:31:44Z,CPA261,"22.246523,114.326836",12150,350,2
1757694706,2025-09-12T16:31:46Z,CPA261,"22.250294,114.326935",12200,351,359
1757694708,2025-09-12T16:31:48Z,CPA261,"22.254227,114.326775",12250,351,356
1757694710,2025-09-12T16:31:50Z,CPA261,"22.257339,114.32653",12300,352,353
1757694712,2025-09-12T16:31:52Z,CPA261,"22.261505,114.325874",12375,353,350
1757694715,2025-09-12T16:31:55Z,CPA261,"22.264481,114.325226",12400,354,346
1757694717,2025-09-12T16:31:57Z,CPA261,"22.268051,114.32428",12450,355,343
1757694719,2025-09-12T16:31:59Z,CPA261,"22.27194,114.322914",12500,355,340
1757694721,2025-09-12T16:32:01Z,CPA261,"22.275009,114.321587",12550,356,337
1757694723,2025-09-12T16:32:03Z,CPA261,"22.27803,114.320137",12600,358,334
1757694725,2025-09-12T16:32:05Z,CPA261,"22.281326,114.318291",12650,357,331
1757694727,2025-09-12T16:32:07Z,CPA261,"22.284323,114.31646",12725,358,329
1757694729,2025-09-12T16:32:09Z,CPA261,"22.287048,114.314644",12775,358,327
1757694732,2025-09-12T16:32:12Z,CPA261,"22.290665,114.312141",12825,358,326
1757694734,2025-09-12T16:32:14Z,CPA261,"22.29364,114.309998",12875,358,326
1757694736,2025-09-12T16:32:16Z,CPA261,"22.295868,114.308418",12925,359,325
1757694738,2025-09-12T16:32:18Z,CPA261,"22.299408,114.305801",13000,359,325
1757694740,2025-09-12T16:32:20Z,CPA261,"22.301788,114.304008",13050,360,325
1757694742,2025-09-12T16:32:22Z,CPA261,"22.304535,114.301956",13100,360,325
1757694744,2025-09-12T16:32:24Z,CPA261,"22.307972,114.299416",13175,359,325
1757694746,2025-09-12T16:32:26Z,CPA261,"22.310253,114.297691",13225,360,325
1757694749,2025-09-12T16:32:29Z,CPA261,"22.313559,114.295197",13275,360,325
1757694751,2025-09-12T16:32:31Z,CPA261,"22.316299,114.293167",13350,359,325
1757694782,2025-09-12T16:33:02Z,CPA261,"22.36025,114.261269",14100,366,326
1757694814,2025-09-12T16:33:34Z,CPA261,"22.405731,114.229378",14850,370,326
1757694845,2025-09-12T16:34:05Z,CPA261,"22.45134,114.197487",15600,374,326
1757694877,2025-09-12T16:34:37Z,CPA261,"22.497299,114.165291",16200,383,326
1757694909,2025-09-12T16:35:09Z,CPA261,"22.546463,114.13147",16475,400,330
1757694940,2025-09-12T16:35:40Z,CPA261,"22.600786,114.103546",16775,416,334
1757694972,2025-09-12T16:36:12Z,CPA261,"22.655685,114.075439",17350,420,334
1757695004,2025-09-12T16:36:44Z,CPA261,"22.711945,114.046425",17975,425,334
1757695035,2025-09-12T16:37:15Z,CPA261,"22.767883,114.017662",18775,424,334
1757695067,2025-09-12T16:37:47Z,CPA261,"22.824463,113.988594",19275,428,334
1757695098,2025-09-12T16:38:18Z,CPA261,"22.882566,113.95874",19800,434,334
1757695131,2025-09-12T16:38:51Z,CPA261,"22.941147,113.928421",20300,438,334
1757695163,2025-09-12T16:39:23Z,CPA261,"23.000015,113.897758",20900,440,334
1757695194,2025-09-12T16:39:54Z,CPA261,"23.057007,113.865654",21500,440,329
1757695226,2025-09-12T16:40:26Z,CPA261,"23.111389,113.82505",21875,448,322
1757695258,2025-09-12T16:40:58Z,CPA261,"23.160416,113.778206",22200,454,315
1757695289,2025-09-12T16:41:29Z,CPA261,"23.208389,113.72757",22625,458,315
1757695318,2025-09-12T16:41:58Z,CPA261,"23.249771,113.679985",23025,461,305
1757695320,2025-09-12T16:42:00Z,CPA261,"23.252747,113.67524",23075,460,303
1757695322,2025-09-12T16:42:02Z,CPA261,"23.254944,113.671494",23100,460,301
1757695324,2025-09-12T16:42:04Z,CPA261,"23.257416,113.667",23150,460,299
1757695327,2025-09-12T16:42:07Z,CPA261,"23.258926,113.664101",23175,460,298
1757695329,2025-09-12T16:42:09Z,CPA261,"23.261921,113.658089",23225,460,297
1757695331,2025-09-12T16:42:11Z,CPA261,"23.264236,113.653313",23275,461,297
1757695333,2025-09-12T16:42:13Z,CPA261,"23.266617,113.648224",23300,461,296
1757695335,2025-09-12T16:42:15Z,CPA261,"23.267647,113.646034",23325,462,296
1757695338,2025-09-12T16:42:18Z,CPA261,"23.270487,113.639931",23350,462,296
1757695340,2025-09-12T16:42:20Z,CPA261,"23.272888,113.634789",23400,461,296
1757695343,2025-09-12T16:42:23Z,CPA261,"23.274443,113.631493",23400,462,297
1757695376,2025-09-12T16:42:56Z,CPA261,"23.308891,113.561249",23750,468,298
1757695407,2025-09-12T16:43:27Z,CPA261,"23.341944,113.49543",24075,474,298
1757695438,2025-09-12T16:43:58Z,CPA261,"23.373924,113.431396",24525,474,298
1757695470,2025-09-12T16:44:30Z,CPA261,"23.407837,113.363876",25025,474,298
1757695502,2025-09-12T16:45:02Z,CPA261,"23.441803,113.296211",25375,478,298
1757695532,2025-09-12T16:45:32Z,CPA261,"23.473709,113.232338",25800,479,298
1757695564,2025-09-12T16:46:04Z,CPA261,"23.507902,113.16391",26175,482,298
1757695596,2025-09-12T16:46:36Z,CPA261,"23.547272,113.100433",26325,487,306
1757695621,2025-09-12T16:47:01Z,CPA261,"23.56636,113.072411",26400,490,307
1757695658,2025-09-12T16:47:38Z,CPA261,"23.630859,112.974953",26900,495,305
1757695686,2025-09-12T16:48:06Z,CPA261,"23.65152,112.943649",27075,495,306
1757695721,2025-09-12T16:48:41Z,CPA261,"23.69858,112.872345",27500,496,306
1757695759,2025-09-12T16:49:19Z,CPA261,"23.749371,112.795212",27600,497,306
1757695797,2025-09-12T16:49:57Z,CPA261,"23.816032,112.69371",27600,500,305
1757695833,2025-09-12T16:50:33Z,CPA261,"23.864725,112.619453",27600,500,305
1757695864,2025-09-12T16:51:04Z,CPA261,"23.906902,112.555038",27600,502,305
1757695897,2025-09-12T16:51:37Z,CPA261,"23.951569,112.486725",27600,500,305
1757695930,2025-09-12T16:52:10Z,CPA261,"23.995352,112.419624",27600,500,305
1757695962,2025-09-12T16:52:42Z,CPA261,"24.038832,112.352982",27600,501,305
1757696000,2025-09-12T16:53:20Z,CPA261,"24.09083,112.273125",27800,502,305
1757696035,2025-09-12T16:53:55Z,CPA261,"24.136917,112.202179",28200,501,305
1757696056,2025-09-12T16:54:16Z,CPA261,"24.151442,112.17984",28325,502,305
1757696097,2025-09-12T16:54:57Z,CPA261,"24.219498,112.074944",28750,504,305
1757696124,2025-09-12T16:55:24Z,CPA261,"24.242031,112.040184",28825,508,305
1757696178,2025-09-12T16:56:18Z,CPA261,"24.316236,111.925339",29125,512,305
1757696212,2025-09-12T16:56:52Z,CPA261,"24.36264,111.853485",29425,512,305
1757696240,2025-09-12T16:57:20Z,CPA261,"24.400955,111.793976",29575,515,305
1757696275,2025-09-12T16:57:55Z,CPA261,"24.448584,111.720024",29900,513,305
1757696319,2025-09-12T16:58:39Z,CPA261,"24.50873,111.626434",30200,514,305
1757696354,2025-09-12T16:59:14Z,CPA261,"24.556778,111.551514",30350,516,305
1757696393,2025-09-12T16:59:53Z,CPA261,"24.610493,111.467651",30600,518,305
1757696423,2025-09-12T17:00:23Z,CPA261,"24.653227,111.40313",30725,518,311
1757696432,2025-09-12T17:00:32Z,CPA261,"24.66774,111.386719",30750,515,317
1757696437,2025-09-12T17:00:37Z,CPA261,"24.674921,111.379807",30775,515,320
1757696441,2025-09-12T17:00:41Z,CPA261,"24.684183,111.37178",30775,514,323
1757696446,2025-09-12T17:00:46Z,CPA261,"24.69396,111.364159",30775,514,326
1757696451,2025-09-12T17:00:51Z,CPA261,"24.70422,111.356911",30800,513,328
1757696456,2025-09-12T17:00:56Z,CPA261,"24.714066,111.350197",30800,514,328
1757696461,2025-09-12T17:01:01Z,CPA261,"24.722776,111.344261",30825,514,328
1757696490,2025-09-12T17:01:30Z,CPA261,"24.782455,111.302742",30925,516,325
1757696529,2025-09-12T17:02:09Z,CPA261,"24.853729,111.236267",31075,522,314
1757696544,2025-09-12T17:02:24Z,CPA261,"24.877808,111.206261",31125,524,309
1757696579,2025-09-12T17:02:59Z,CPA261,"24.927658,111.129097",31250,527,304
1757696613,2025-09-12T17:03:33Z,CPA261,"24.975311,111.054436",31450,527,305
1757696648,2025-09-12T17:04:08Z,CPA261,"25.024384,110.977425",31575,530,305
1757696683,2025-09-12T17:04:43Z,CPA261,"25.072815,110.901031",31825,528,305
1757696713,2025-09-12T17:05:13Z,CPA261,"25.11512,110.834015",32100,527,305
1757696747,2025-09-12T17:05:47Z,CPA261,"25.160568,110.762024",32100,527,305
1757696776,2025-09-12T17:06:16Z,CPA261,"25.202591,110.695244",32100,524,305
1757696810,2025-09-12T17:06:50Z,CPA261,"25.249048,110.621391",32100,521,305
1757696840,2025-09-12T17:07:20Z,CPA261,"25.290388,110.555573",32100,520,305
1757696875,2025-09-12T17:07:55Z,CPA261,"25.338057,110.479607",32100,516,305
1757696899,2025-09-12T17:08:19Z,CPA261,"25.370689,110.427521",32100,514,304
1757696953,2025-09-12T17:09:13Z,CPA261,"25.443544,110.310974",32100,513,305
1757696982,2025-09-12T17:09:42Z,CPA261,"25.48237,110.24868",32100,512,305
1757697017,2025-09-12T17:10:17Z,CPA261,"25.529432,110.173126",32100,511,304
1757697046,2025-09-12T17:10:46Z,CPA261,"25.568527,110.110222",32100,512,304
1757697081,2025-09-12T17:11:21Z,CPA261,"25.615089,110.035332",32100,511,305
1757697115,2025-09-12T17:11:55Z,CPA261,"25.66066,109.961693",32100,511,305
1757697125,2025-09-12T17:12:05Z,CPA261,"25.672583,109.942467",32100,512,304
1757697184,2025-09-12T17:13:04Z,CPA261,"25.753052,109.812469",32100,515,304
1757697219,2025-09-12T17:13:39Z,CPA261,"25.800131,109.735847",32100,516,303
1757697257,2025-09-12T17:14:17Z,CPA261,"25.84343,109.650162",32100,517,296
1757697286,2025-09-12T17:14:46Z,CPA261,"25.870291,109.579269",32100,518,291
1757697328,2025-09-12T17:15:28Z,CPA261,"25.89999,109.472542",32100,519,287
1757697357,2025-09-12T17:15:57Z,CPA261,"25.920565,109.395729",32100,518,287
1757697386,2025-09-12T17:16:26Z,CPA261,"25.940304,109.322098",32100,517,286
1757697421,2025-09-12T17:17:01Z,CPA261,"25.963905,109.232994",32100,516,286
1757697456,2025-09-12T17:17:36Z,CPA261,"25.98695,109.145309",32100,514,286
1757697495,2025-09-12T17:18:15Z,CPA261,"26.01297,109.046173",32100,516,286
1757697530,2025-09-12T17:18:50Z,CPA261,"26.036528,108.956223",32100,514,286
1757697554,2025-09-12T17:19:14Z,CPA261,"26.052259,108.896057",32100,513,287
1757697613,2025-09-12T17:20:13Z,CPA261,"26.091431,108.745468",32100,515,286
1757697647,2025-09-12T17:20:47Z,CPA261,"26.114,108.660118",32100,517,287
1757697682,2025-09-12T17:21:22Z,CPA261,"26.138012,108.570328",32100,516,287
1757697717,2025-09-12T17:21:57Z,CPA261,"26.161659,108.48143",32100,516,287
1757697750,2025-09-12T17:22:30Z,CPA261,"26.188934,108.398941",32100,517,294
1757697785,2025-09-12T17:23:05Z,CPA261,"26.225281,108.315613",32100,518,296
1757697822,2025-09-12T17:23:42Z,CPA261,"26.263729,108.226013",32100,518,295
1757697850,2025-09-12T17:24:10Z,CPA261,"26.292297,108.159416",32100,516,295
1757697893,2025-09-12T17:24:53Z,CPA261,"26.33646,108.056877",32100,514,296
1757697921,2025-09-12T17:25:21Z,CPA261,"26.364401,107.991928",32100,514,295
1757697935,2025-09-12T17:25:35Z,CPA261,"26.37878,107.958366",32100,513,296
1757698019,2025-09-12T17:26:59Z,CPA261,"26.465744,107.755257",32100,515,296
1757698053,2025-09-12T17:27:33Z,CPA261,"26.50053,107.67379",32100,514,296
1757698087,2025-09-12T17:28:07Z,CPA261,"26.535055,107.592705",32100,512,295
1757698116,2025-09-12T17:28:36Z,CPA261,"26.564392,107.523659",32100,513,296
1757698151,2025-09-12T17:29:11Z,CPA261,"26.59874,107.442543",32100,514,296
1757698185,2025-09-12T17:29:45Z,CPA261,"26.634352,107.358452",32100,514,295
1757698209,2025-09-12T17:30:09Z,CPA261,"26.658783,107.300613",32100,515,295
1757698264,2025-09-12T17:31:04Z,CPA261,"26.714813,107.168053",32100,510,295
1757698284,2025-09-12T17:31:24Z,CPA261,"26.734671,107.120979",32100,505,295
1757698369,2025-09-12T17:32:49Z,CPA261,"26.821491,106.922432",32100,498,301
1757698408,2025-09-12T17:33:28Z,CPA261,"26.871964,106.83976",32100,499,308
1757698443,2025-09-12T17:34:03Z,CPA261,"26.925583,106.77121",32100,501,315
1757698477,2025-09-12T17:34:37Z,CPA261,"26.97917,106.706207",32100,501,306
1757698482,2025-09-12T17:34:42Z,CPA261,"26.98407,106.698647",32125,501,305
1757698486,2025-09-12T17:34:46Z,CPA261,"26.990755,106.687653",32075,502,303
1757698516,2025-09-12T17:35:16Z,CPA261,"27.027996,106.622421",32100,500,303
1757698556,2025-09-12T17:35:56Z,CPA261,"27.078415,106.534164",32100,500,303
1757698591,2025-09-12T17:36:31Z,CPA261,"27.122086,106.458038",32100,502,304
1757698626,2025-09-12T17:37:06Z,CPA261,"27.172682,106.386688",32100,506,310
1757698660,2025-09-12T17:37:40Z,CPA261,"27.223431,106.317703",32100,508,309
1757698690,2025-09-12T17:38:10Z,CPA261,"27.26816,106.255432",32100,508,309
1757698705,2025-09-12T17:38:25Z,CPA261,"27.288223,106.22744",32100,507,309
1757698750,2025-09-12T17:39:10Z,CPA261,"27.35647,106.132469",32100,508,309
1757698797,2025-09-12T17:39:57Z,CPA261,"27.42551,106.036392",32100,512,309
1757698832,2025-09-12T17:40:32Z,CPA261,"27.476669,105.964951",32100,510,309
1757698872,2025-09-12T17:41:12Z,CPA261,"27.53705,105.880531",32100,510,309
1757698906,2025-09-12T17:41:46Z,CPA261,"27.58717,105.810257",32100,509,309
1757698949,2025-09-12T17:42:29Z,CPA261,"27.666973,105.69809",32100,513,308
1757698983,2025-09-12T17:43:03Z,CPA261,"27.716085,105.628899",32100,514,308
1757699011,2025-09-12T17:43:31Z,CPA261,"27.742901,105.59124",32100,514,309
1757699026,2025-09-12T17:43:46Z,CPA261,"27.761765,105.564621",32100,511,308
1757699080,2025-09-12T17:44:40Z,CPA261,"27.845539,105.446259",32100,511,309
1757699115,2025-09-12T17:45:15Z,CPA261,"27.892361,105.369919",32100,511,301
1757699150,2025-09-12T17:45:50Z,CPA261,"27.931459,105.287682",32100,513,299
1757699185,2025-09-12T17:46:25Z,CPA261,"27.978081,105.210411",32100,513,310
1757699284,2025-09-12T17:48:04Z,CPA261,"28.16597,105.055153",32100,514,344
1757699311,2025-09-12T17:48:31Z,CPA261,"28.229509,105.04007",32100,516,349
1757699345,2025-09-12T17:49:05Z,CPA261,"28.308649,105.020844",32125,516,348
1757699365,2025-09-12T17:49:25Z,CPA261,"28.353153,105.009857",32100,516,348
1757699422,2025-09-12T17:50:22Z,CPA261,"28.488712,104.977325",32100,518,348
1757699451,2025-09-12T17:50:51Z,CPA261,"28.55752,104.960739",32100,518,348
1757699480,2025-09-12T17:51:20Z,CPA261,"28.624786,104.944527",32100,518,348
1757699505,2025-09-12T17:51:45Z,CPA261,"28.681499,104.930901",32100,517,348
1757699618,2025-09-12T17:53:38Z,CPA261,"28.94883,104.866173",32100,514,348
1757699653,2025-09-12T17:54:13Z,CPA261,"29.026951,104.847214",32100,510,348
1757699681,2025-09-12T17:54:41Z,CPA261,"29.093611,104.831001",32100,509,348
1757699715,2025-09-12T17:55:15Z,CPA261,"29.169865,104.812424",32100,508,348
1757699812,2025-09-12T17:56:52Z,CPA261,"29.396435,104.757011",32100,509,347
1757699841,2025-09-12T17:57:21Z,CPA261,"29.462585,104.740852",32100,508,348
1757699875,2025-09-12T17:57:55Z,CPA261,"29.541183,104.721573",32100,508,348
1757699933,2025-09-12T17:58:53Z,CPA261,"29.674255,104.688774",32100,511,348
1757699961,2025-09-12T17:59:21Z,CPA261,"29.739149,104.672783",32100,513,348
1757699995,2025-09-12T17:59:55Z,CPA261,"29.818384,104.653229",32100,511,347
1757700030,2025-09-12T18:00:30Z,CPA261,"29.90004,104.633087",32100,513,348
1757700073,2025-09-12T18:01:13Z,CPA261,"30.024673,104.602173",32100,512,347
1757700104,2025-09-12T18:01:44Z,CPA261,"30.09819,104.583923",32100,512,347
1757700135,2025-09-12T18:02:15Z,CPA261,"30.169785,104.566093",32100,511,347
1757700168,2025-09-12T18:02:48Z,CPA261,"30.243896,104.547623",32100,512,347
1757700200,2025-09-12T18:03:20Z,CPA261,"30.318146,104.529099",32100,513,347
1757700232,2025-09-12T18:03:52Z,CPA261,"30.395004,104.509872",32100,515,347
1757700263,2025-09-12T18:04:23Z,CPA261,"30.466299,104.492065",32100,516,347
1757700296,2025-09-12T18:04:56Z,CPA261,"30.54483,104.472389",32100,517,347
1757700328,2025-09-12T18:05:28Z,CPA261,"30.615126,104.454765",32100,360,347
1757700358,2025-09-12T18:05:58Z,CPA261,"30.66275,104.442818",32100,518,348
1757700393,2025-09-12T18:06:33Z,CPA261,"30.7451,104.422028",32100,518,348
1757700421,2025-09-12T18:07:01Z,CPA261,"30.811529,104.40538",32100,518,348
1757700463,2025-09-12T18:07:43Z,CPA261,"30.934616,104.388214",32100,521,358
1757700465,2025-09-12T18:07:45Z,CPA261,"30.941208,104.388",32100,521,358
1757700496,2025-09-12T18:08:16Z,CPA261,"31.016785,104.38665",32100,522,358
1757700528,2025-09-12T18:08:48Z,CPA261,"31.094288,104.384346",32100,524,358
1757700560,2025-09-12T18:09:20Z,CPA261,"31.174078,104.382034",32100,524,358
1757700591,2025-09-12T18:09:51Z,CPA261,"31.248142,104.380058",32100,522,358
1757700622,2025-09-12T18:10:22Z,CPA261,"31.323074,104.377014",32750,510,356
1757700653,2025-09-12T18:10:53Z,CPA261,"31.394531,104.372055",33075,508,356
1757700685,2025-09-12T18:11:25Z,CPA261,"31.469872,104.367203",33575,502,357
1757700720,2025-09-12T18:12:00Z,CPA261,"31.552368,104.362366",33825,502,357
1757700752,2025-09-12T18:12:32Z,CPA261,"31.625519,104.358055",33900,506,357
1757700782,2025-09-12T18:13:02Z,CPA261,"31.696518,104.353905",33975,508,357
1757700813,2025-09-12T18:13:33Z,CPA261,"31.769016,104.349625",34075,511,357
1757700846,2025-09-12T18:14:06Z,CPA261,"31.84584,104.345451",34100,510,357
1757700879,2025-09-12T18:14:39Z,CPA261,"31.922745,104.341721",34100,510,357
1757700910,2025-09-12T18:15:10Z,CPA261,"31.997868,104.337891",34100,509,357
1757700942,2025-09-12T18:15:42Z,CPA261,"32.073349,104.33403",34100,507,357
1757700972,2025-09-12T18:16:12Z,CPA261,"32.144691,104.330376",34100,506,357
1757701004,2025-09-12T18:16:44Z,CPA261,"32.219559,104.3265",34100,508,357
1757701037,2025-09-12T18:17:17Z,CPA261,"32.295288,104.322586",34100,508,357
1757701069,2025-09-12T18:17:49Z,CPA261,"32.36898,104.318718",34100,507,357
1757701099,2025-09-12T18:18:19Z,CPA261,"32.442768,104.314903",34100,506,357
1757701130,2025-09-12T18:18:50Z,CPA261,"32.51564,104.311447",34100,505,357
1757701162,2025-09-12T18:19:22Z,CPA261,"32.588055,104.308014",34100,505,357
1757701206,2025-09-12T18:20:06Z,CPA261,"32.666336,104.304253",34100,506,358
1757701213,2025-09-12T18:20:13Z,CPA261,"32.654903,104.304817",34100,290,357
1757701235,2025-09-12T18:20:35Z,CPA261,"32.731979,104.301071",34100,506,358
1757701291,2025-09-12T18:21:31Z,CPA261,"32.865326,104.29464",34100,503,357
1757701325,2025-09-12T18:22:05Z,CPA261,"32.942085,104.290916",34100,503,357
1757701368,2025-09-12T18:22:48Z,CPA261,"33.045547,104.285904",34100,503,358
1757701403,2025-09-12T18:23:23Z,CPA261,"33.128433,104.281891",34100,506,358
1757701438,2025-09-12T18:23:58Z,CPA261,"33.210205,104.277504",34100,507,356
1757701465,2025-09-12T18:24:25Z,CPA261,"33.271675,104.268661",34100,502,350
1757701493,2025-09-12T18:24:53Z,CPA261,"33.33522,104.252068",34100,498,345
1757701538,2025-09-12T18:25:38Z,CPA261,"33.425125,104.216141",34100,490,337
1757701590,2025-09-12T18:26:30Z,CPA261,"33.536743,104.149551",34100,486,334
1757701713,2025-09-12T18:28:33Z,CPA261,"33.817825,104.112167",34100,506,354
1757701741,2025-09-12T18:29:01Z,CPA261,"33.88591,104.111885",34100,507,359
1757701776,2025-09-12T18:29:36Z,CPA261,"33.968353,104.111824",34100,509,359
1757701847,2025-09-12T18:30:47Z,CPA261,"34.134384,104.111824",34100,511,359
1757702313,2025-09-12T18:38:33Z,CPA261,"35.236496,104.112106",34100,511,44
1757702575,2025-09-12T18:42:55Z,CPA261,"35.859051,104.110825",34100,503,355
1757702610,2025-09-12T18:43:30Z,CPA261,"35.940189,104.101189",34100,502,354
1757702647,2025-09-12T18:44:07Z,CPA261,"36.02573,104.092033",34100,499,356
1757702683,2025-09-12T18:44:43Z,CPA261,"36.105076,104.08342",34100,498,354
1757702711,2025-09-12T18:45:11Z,CPA261,"36.173355,104.075943",34100,494,354
1757702753,2025-09-12T18:45:53Z,CPA261,"36.268845,104.065475",34100,492,354
1757702787,2025-09-12T18:46:27Z,CPA261,"36.343937,104.057243",34100,488,354
1757702821,2025-09-12T18:47:01Z,CPA261,"36.420456,104.040413",34100,478,345
1757702854,2025-09-12T18:47:34Z,CPA261,"36.488251,104.011894",34100,472,337
1757702963,2025-09-12T18:49:23Z,CPA261,"36.678135,103.845932",34100,451,312
1757702998,2025-09-12T18:49:58Z,CPA261,"36.722591,103.775513",34100,445,304
1757703033,2025-09-12T18:50:33Z,CPA261,"36.759338,103.697548",34100,441,297
1757703067,2025-09-12T18:51:07Z,CPA261,"36.791721,103.621819",34100,441,298
1757703102,2025-09-12T18:51:42Z,CPA261,"36.825851,103.543404",34100,442,299
1757703137,2025-09-12T18:52:17Z,CPA261,"36.860153,103.463684",34100,441,298
1757703167,2025-09-12T18:52:47Z,CPA261,"36.888786,103.396751",34100,439,298
1757703202,2025-09-12T18:53:22Z,CPA261,"36.921249,103.320862",34100,439,299
1757703235,2025-09-12T18:53:55Z,CPA261,"36.956284,103.244911",34100,441,302
1757703270,2025-09-12T18:54:30Z,CPA261,"36.994675,103.169975",34100,441,302
1757703305,2025-09-12T18:55:05Z,CPA261,"37.032028,103.095642",34100,441,302
1757703335,2025-09-12T18:55:35Z,CPA261,"37.065029,103.029732",34100,441,303
1757703350,2025-09-12T18:55:50Z,CPA261,"37.079544,103.000862",34100,439,302
1757703408,2025-09-12T18:56:48Z,CPA261,"37.144272,102.871597",34100,439,302
1757703443,2025-09-12T18:57:23Z,CPA261,"37.1819,102.79615",34100,439,301
1757703478,2025-09-12T18:57:58Z,CPA261,"37.219299,102.72094",34100,439,302
1757703508,2025-09-12T18:58:28Z,CPA261,"37.251984,102.655235",34100,437,301
1757703543,2025-09-12T18:59:03Z,CPA261,"37.289135,102.580124",34100,439,302
1757703572,2025-09-12T18:59:32Z,CPA261,"37.319595,102.51857",34100,437,301
1757703612,2025-09-12T19:00:12Z,CPA261,"37.355984,102.427269",34100,432,291
1757703647,2025-09-12T19:00:47Z,CPA261,"37.377071,102.345291",34100,430,284
1757703681,2025-09-12T19:01:21Z,CPA261,"37.393085,102.261101",34100,432,283
1757703715,2025-09-12T19:01:55Z,CPA261,"37.409775,102.177528",34100,434,284
1757703750,2025-09-12T19:02:30Z,CPA261,"37.426437,102.093025",34100,432,283
1757703765,2025-09-12T19:02:45Z,CPA261,"37.433624,102.055687",34100,433,283
1757703825,2025-09-12T19:03:45Z,CPA261,"37.461472,101.911751",34100,430,283
1757703918,2025-09-12T19:05:18Z,CPA261,"37.508068,101.689095",34100,435,290
1757703952,2025-09-12T19:05:52Z,CPA261,"37.538887,101.605682",34100,439,298
1757703987,2025-09-12T19:06:27Z,CPA261,"37.572784,101.527466",34100,437,298
1757704022,2025-09-12T19:07:02Z,CPA261,"37.605595,101.449661",34100,433,298
1757704057,2025-09-12T19:07:37Z,CPA261,"37.638474,101.371902",34100,432,298
1757704091,2025-09-12T19:08:11Z,CPA261,"37.670723,101.295853",34100,428,298
1757704121,2025-09-12T19:08:41Z,CPA261,"37.698166,101.230888",34100,428,298
1757704156,2025-09-12T19:09:16Z,CPA261,"37.729656,101.156258",34100,430,297
1757704190,2025-09-12T19:09:50Z,CPA261,"37.763123,101.076675",34100,430,297
1757704225,2025-09-12T19:10:25Z,CPA261,"37.795761,100.99881",34100,430,297
1757704260,2025-09-12T19:11:00Z,CPA261,"37.826721,100.924828",34100,429,298
1757704303,2025-09-12T19:11:43Z,CPA261,"37.869644,100.82679",34100,428,300
1757704338,2025-09-12T19:12:18Z,CPA261,"37.90395,100.751434",34100,428,299
1757704372,2025-09-12T19:12:52Z,CPA261,"37.937141,100.676979",34100,426,299
1757704407,2025-09-12T19:13:27Z,CPA261,"37.970673,100.601341",34100,428,299
1757704436,2025-09-12T19:13:56Z,CPA261,"37.999149,100.537086",34100,428,299
1757704471,2025-09-12T19:14:31Z,CPA261,"38.032558,100.461502",34100,430,300
1757704511,2025-09-12T19:15:11Z,CPA261,"38.071259,100.373665",34100,430,299
1757704541,2025-09-12T19:15:41Z,CPA261,"38.100449,100.307281",34100,430,299
1757704576,2025-09-12T19:16:16Z,CPA261,"38.134506,100.229729",34100,428,299
1757704610,2025-09-12T19:16:50Z,CPA261,"38.166782,100.155968",34100,426,299
1757704645,2025-09-12T19:17:25Z,CPA261,"38.200439,100.07888",34100,426,298
1757704675,2025-09-12T19:17:55Z,CPA261,"38.227432,100.01696",34100,424,298
1757704713,2025-09-12T19:18:33Z,CPA261,"38.265007,99.930504",34100,424,298
1757704756,2025-09-12T19:19:16Z,CPA261,"38.305508,99.837006",34100,424,298
1757704795,2025-09-12T19:19:55Z,CPA261,"38.34288,99.750603",34100,423,299
1757704838,2025-09-12T19:20:38Z,CPA261,"38.383072,99.657394",34100,424,298
1757704873,2025-09-12T19:21:13Z,CPA261,"38.416168,99.580315",34100,424,298
1757704913,2025-09-12T19:21:53Z,CPA261,"38.45343,99.493439",34100,422,298
1757704941,2025-09-12T19:22:21Z,CPA261,"38.47966,99.432068",34100,420,298
1757704976,2025-09-12T19:22:56Z,CPA261,"38.511967,99.356384",34100,420,298
1757705011,2025-09-12T19:23:31Z,CPA261,"38.544388,99.280281",34100,418,298
1757705051,2025-09-12T19:24:11Z,CPA261,"38.581425,99.192993",34100,418,298
1757705081,2025-09-12T19:24:41Z,CPA261,"38.609116,99.127609",34100,420,298
1757705116,2025-09-12T19:25:16Z,CPA261,"38.641388,99.051239",34100,420,298
1757705146,2025-09-12T19:25:46Z,CPA261,"38.669037,98.985657",34100,420,298
1757705181,2025-09-12T19:26:21Z,CPA261,"38.701344,98.908875",34100,418,298
1757705211,2025-09-12T19:26:51Z,CPA261,"38.728668,98.84375",34100,416,298
1757705246,2025-09-12T19:27:26Z,CPA261,"38.760605,98.767456",34100,416,298
1757705286,2025-09-12T19:28:06Z,CPA261,"38.797028,98.680336",34100,418,298
1757705316,2025-09-12T19:28:36Z,CPA261,"38.8241,98.615356",34100,418,298
1757705351,2025-09-12T19:29:11Z,CPA261,"38.855522,98.539795",34100,416,297
1757705381,2025-09-12T19:29:41Z,CPA261,"38.88327,98.472847",34100,414,297
1757705415,2025-09-12T19:30:15Z,CPA261,"38.913483,98.399841",34100,412,297
1757705435,2025-09-12T19:30:35Z,CPA261,"38.931335,98.356651",34100,412,297
1757705491,2025-09-12T19:31:31Z,CPA261,"38.981411,98.235092",34100,410,298
1757705521,2025-09-12T19:32:01Z,CPA261,"39.007462,98.171677",34100,411,298
1757705561,2025-09-12T19:32:41Z,CPA261,"39.04253,98.086121",34100,410,298
1757705596,2025-09-12T19:33:16Z,CPA261,"39.073715,98.009705",34100,411,298
1757705626,2025-09-12T19:33:46Z,CPA261,"39.100109,97.944946",34100,411,298
1757705666,2025-09-12T19:34:26Z,CPA261,"39.135162,97.858765",34100,410,298
1757705696,2025-09-12T19:34:56Z,CPA261,"39.16021,97.79718",34100,408,297
1757705730,2025-09-12T19:35:30Z,CPA261,"39.191391,97.720047",34100,404,297
1757705765,2025-09-12T19:36:05Z,CPA261,"39.221657,97.645264",34100,404,297
1757705795,2025-09-12T19:36:35Z,CPA261,"39.24733,97.581459",34100,406,297
1757705833,2025-09-12T19:37:13Z,CPA261,"39.279942,97.500671",34100,404,297
1757705891,2025-09-12T19:38:11Z,CPA261,"39.32991,97.376541",34100,400,297
1757705928,2025-09-12T19:38:48Z,CPA261,"39.358929,97.304359",34100,399,298
1757705963,2025-09-12T19:39:23Z,CPA261,"39.39106,97.223824",34100,403,298
1757705998,2025-09-12T19:39:58Z,CPA261,"39.42057,97.149963",34100,402,298
1757706027,2025-09-12T19:40:27Z,CPA261,"39.442379,97.095261",34100,402,298
1757706061,2025-09-12T19:41:01Z,CPA261,"39.472549,97.01931",34100,404,298
1757706095,2025-09-12T19:41:35Z,CPA261,"39.502602,96.944397",34100,405,298
1757706120,2025-09-12T19:42:00Z,CPA261,"39.525471,96.887589",34100,406,298
1757706159,2025-09-12T19:42:39Z,CPA261,"39.559299,96.802872",34100,408,298
1757706270,2025-09-12T19:44:30Z,CPA261,"39.65382,96.56517",34100,407,298
1757706318,2025-09-12T19:45:18Z,CPA261,"39.695332,96.459534",34100,407,298
1757706353,2025-09-12T19:45:53Z,CPA261,"39.72591,96.381653",34100,405,297
1757706388,2025-09-12T19:46:28Z,CPA261,"39.754669,96.307938",34100,407,297
1757706422,2025-09-12T19:47:02Z,CPA261,"39.784611,96.23114",34100,410,297
1757706457,2025-09-12T19:47:37Z,CPA261,"39.81459,96.154297",34100,408,297
1757706487,2025-09-12T19:48:07Z,CPA261,"39.840199,96.088318",34100,408,297
1757706522,2025-09-12T19:48:42Z,CPA261,"39.869621,96.012268",34100,411,297
1757706557,2025-09-12T19:49:17Z,CPA261,"39.899551,95.934937",34100,409,297
1757706587,2025-09-12T19:49:47Z,CPA261,"39.925251,95.868317",34100,406,297
1757706622,2025-09-12T19:50:22Z,CPA261,"39.954391,95.792351",34100,407,297
1757706656,2025-09-12T19:50:56Z,CPA261,"39.983139,95.717529",34100,407,297
1757706691,2025-09-12T19:51:31Z,CPA261,"40.012581,95.640541",34100,406,297
1757706726,2025-09-12T19:52:06Z,CPA261,"40.04158,95.564583",34100,405,297
1757706756,2025-09-12T19:52:36Z,CPA261,"40.066502,95.499023",34100,406,297
1757706791,2025-09-12T19:53:11Z,CPA261,"40.096531,95.419922",34100,408,297
1757706826,2025-09-12T19:53:46Z,CPA261,"40.125099,95.344543",34100,410,297
1757706861,2025-09-12T19:54:21Z,CPA261,"40.154751,95.265991",34100,410,297
1757706895,2025-09-12T19:54:55Z,CPA261,"40.183231,95.19043",34100,410,297
1757706930,2025-09-12T19:55:30Z,CPA261,"40.212849,95.111763",34100,410,297
1757706945,2025-09-12T19:55:45Z,CPA261,"40.22393,95.082489",34100,408,297
1757707038,2025-09-12T19:57:18Z,CPA261,"40.304352,94.875793",34100,408,302
1757707072,2025-09-12T19:57:52Z,CPA261,"40.3423,94.806702",34100,411,310
1757707102,2025-09-12T19:58:22Z,CPA261,"40.377918,94.749031",34100,411,309
1757707137,2025-09-12T19:58:57Z,CPA261,"40.419071,94.680359",34100,410,309
1757707167,2025-09-12T19:59:27Z,CPA261,"40.454689,94.621117",34100,410,309
1757707202,2025-09-12T20:00:02Z,CPA261,"40.49551,94.553337",34100,407,309
1757707237,2025-09-12T20:00:37Z,CPA261,"40.536072,94.48584",34100,407,309
1757707267,2025-09-12T20:01:07Z,CPA261,"40.570679,94.428162",34100,408,308
1757707301,2025-09-12T20:01:41Z,CPA261,"40.61087,94.361008",34100,410,309
1757707341,2025-09-12T20:02:21Z,CPA261,"40.657471,94.282959",34100,411,309
1757707371,2025-09-12T20:02:51Z,CPA261,"40.692902,94.223572",34100,410,309
1757707406,2025-09-12T20:03:26Z,CPA261,"40.733318,94.15564",34100,410,308
1757707426,2025-09-12T20:03:46Z,CPA261,"40.756905,94.115936",34100,408,308
1757707476,2025-09-12T20:04:36Z,CPA261,"40.814671,94.018372",34100,409,308
1757707511,2025-09-12T20:05:11Z,CPA261,"40.85495,93.950195",34100,410,308
1757707551,2025-09-12T20:05:51Z,CPA261,"40.901821,93.870682",34100,409,308
1757707586,2025-09-12T20:06:26Z,CPA261,"40.94334,93.801758",34100,410,311
1757707616,2025-09-12T20:06:56Z,CPA261,"40.980541,93.745651",34100,410,312
1757707651,2025-09-12T20:07:31Z,CPA261,"41.024441,93.678864",34100,409,311
1757707681,2025-09-12T20:08:01Z,CPA261,"41.061035,93.622131",34300,410,310
1757707711,2025-09-12T20:08:31Z,CPA261,"41.097702,93.56488",34650,409,310
1757707751,2025-09-12T20:09:11Z,CPA261,"41.146034,93.489471",35150,405,311
1757707786,2025-09-12T20:09:46Z,CPA261,"41.189442,93.422791",35550,407,314
1757707796,2025-09-12T20:09:56Z,CPA261,"41.203758,93.406075",35625,413,323
1757707801,2025-09-12T20:10:01Z,CPA261,"41.211411,93.398933",35650,415,326
1757707811,2025-09-12T20:10:11Z,CPA261,"41.228302,93.386414",35775,422,334
1757707816,2025-09-12T20:10:16Z,CPA261,"41.236809,93.381538",35875,425,338
1757707821,2025-09-12T20:10:21Z,CPA261,"41.246399,93.376862",36000,425,341
1757707826,2025-09-12T20:10:26Z,CPA261,"41.255859,93.372437",36075,422,340
1757707831,2025-09-12T20:10:31Z,CPA261,"41.264835,93.367935",36075,414,338
1757707841,2025-09-12T20:10:41Z,CPA261,"41.282009,93.35701",36100,405,331
1757707846,2025-09-12T20:10:46Z,CPA261,"41.289322,93.351257",36100,402,327
1757707851,2025-09-12T20:10:51Z,CPA261,"41.296909,93.344398",36100,398,325
1757707856,2025-09-12T20:10:56Z,CPA261,"41.305115,93.336121",36100,397,321
1757707861,2025-09-12T20:11:01Z,CPA261,"41.311478,93.328979",36100,396,319
1757707866,2025-09-12T20:11:06Z,CPA261,"41.318481,93.320374",36100,395,316
1757707871,2025-09-12T20:11:11Z,CPA261,"41.324841,93.311882",36100,394,314
1757707876,2025-09-12T20:11:16Z,CPA261,"41.330929,93.30304",36100,393,312
1757707881,2025-09-12T20:11:21Z,CPA261,"41.33699,93.293587",36100,392,310
1757707916,2025-09-12T20:11:56Z,CPA261,"41.37735,93.227669",36100,395,311
1757707956,2025-09-12T20:12:36Z,CPA261,"41.424271,93.154823",36100,392,311
1757707991,2025-09-12T20:13:11Z,CPA261,"41.465611,93.089661",36100,394,310
1757708026,2025-09-12T20:13:46Z,CPA261,"41.50621,93.025299",36100,395,310
1757708066,2025-09-12T20:14:26Z,CPA261,"41.554279,92.94883",36100,397,310
1757708096,2025-09-12T20:14:56Z,CPA261,"41.589306,92.892914",36100,398,310
1757708136,2025-09-12T20:15:36Z,CPA261,"41.636311,92.817871",36100,401,310
1757708166,2025-09-12T20:16:06Z,CPA261,"41.6717,92.761208",36100,399,310
1757708206,2025-09-12T20:16:46Z,CPA261,"41.718906,92.685516",36100,401,310
1757708236,2025-09-12T20:17:16Z,CPA261,"41.754662,92.627968",36100,402,310
1757708276,2025-09-12T20:17:56Z,CPA261,"41.80275,92.550552",36100,403,310
1757708316,2025-09-12T20:18:36Z,CPA261,"41.850368,92.473709",36100,405,310
1757708346,2025-09-12T20:19:06Z,CPA261,"41.885422,92.416931",36100,403,310
1757708381,2025-09-12T20:19:41Z,CPA261,"41.927273,92.348969",36100,402,310
1757708421,2025-09-12T20:20:21Z,CPA261,"41.974274,92.272484",36100,401,310
1757708451,2025-09-12T20:20:51Z,CPA261,"42.01009,92.214256",36100,402,309
1757708491,2025-09-12T20:21:31Z,CPA261,"42.056946,92.137589",36100,404,310
1757708521,2025-09-12T20:22:01Z,CPA261,"42.092628,92.079163",36100,405,310
1757708555,2025-09-12T20:22:35Z,CPA261,"42.133392,92.012306",36100,406,310
1757708595,2025-09-12T20:23:15Z,CPA261,"42.180843,91.934166",36100,407,309
1757708620,2025-09-12T20:23:40Z,CPA261,"42.21064,91.885109",36100,407,309
1757708670,2025-09-12T20:24:30Z,CPA261,"42.269897,91.789146",36100,406,313
1757708705,2025-09-12T20:25:05Z,CPA261,"42.315491,91.730286",36100,409,318
1757708740,2025-09-12T20:25:40Z,CPA261,"42.366257,91.665489",36100,409,317
1757708775,2025-09-12T20:26:15Z,CPA261,"42.41423,91.603943",36100,409,317
1757708817,2025-09-12T20:26:57Z,CPA261,"42.470669,91.53141",36100,410,317
1757708852,2025-09-12T20:27:32Z,CPA261,"42.518719,91.469612",36100,410,317
1757708886,2025-09-12T20:28:06Z,CPA261,"42.56741,91.406822",36100,408,317
1757708916,2025-09-12T20:28:36Z,CPA261,"42.607399,91.355148",36100,408,317
1757708951,2025-09-12T20:29:11Z,CPA261,"42.655239,91.293198",36100,407,317
1757708981,2025-09-12T20:29:41Z,CPA261,"42.696316,91.239792",36100,407,317
1757709016,2025-09-12T20:30:16Z,CPA261,"42.743382,91.178596",36100,407,317
1757709056,2025-09-12T20:30:56Z,CPA261,"42.79871,91.106438",36100,408,317
1757709085,2025-09-12T20:31:25Z,CPA261,"42.838211,91.054878",36100,407,317
1757709120,2025-09-12T20:32:00Z,CPA261,"42.884949,90.993736",36100,406,317
1757709150,2025-09-12T20:32:30Z,CPA261,"42.92358,90.938019",36100,402,310
1757709184,2025-09-12T20:33:04Z,CPA261,"42.960339,90.866829",36100,402,302
1757709253,2025-09-12T20:34:13Z,CPA261,"43.027401,90.719017",36100,405,303
1757709288,2025-09-12T20:34:48Z,CPA261,"43.061871,90.643082",36100,404,302
1757709318,2025-09-12T20:35:18Z,CPA261,"43.091259,90.578056",36100,403,302
1757709353,2025-09-12T20:35:53Z,CPA261,"43.125641,90.501862",36100,402,302
1757709388,2025-09-12T20:36:28Z,CPA261,"43.160118,90.425262",36100,403,302
1757709423,2025-09-12T20:37:03Z,CPA261,"43.19371,90.350349",36100,404,302
1757709453,2025-09-12T20:37:33Z,CPA261,"43.223141,90.284622",36100,405,302
1757709488,2025-09-12T20:38:08Z,CPA261,"43.257221,90.208221",36100,404,302
1757709523,2025-09-12T20:38:43Z,CPA261,"43.291489,90.131447",36100,401,302
1757709558,2025-09-12T20:39:18Z,CPA261,"43.324821,90.056503",36100,398,302
1757709593,2025-09-12T20:39:53Z,CPA261,"43.358231,89.981163",36100,396,302
1757709628,2025-09-12T20:40:28Z,CPA261,"43.391899,89.904846",36100,396,302
1757709663,2025-09-12T20:41:03Z,CPA261,"43.425228,89.829582",36100,397,302
1757709698,2025-09-12T20:41:38Z,CPA261,"43.45834,89.754211",36100,397,302
1757709728,2025-09-12T20:42:08Z,CPA261,"43.486542,89.689827",36100,397,302
1757709763,2025-09-12T20:42:43Z,CPA261,"43.51968,89.614143",36100,395,302
1757709798,2025-09-12T20:43:18Z,CPA261,"43.552368,89.539467",36100,395,302
1757709833,2025-09-12T20:43:53Z,CPA261,"43.58532,89.46376",36100,396,301
1757709868,2025-09-12T20:44:28Z,CPA261,"43.61842,89.387642",36100,398,302
1757709903,2025-09-12T20:45:03Z,CPA261,"43.652409,89.311981",36100,396,302
1757709938,2025-09-12T20:45:38Z,CPA261,"43.68597,89.237099",36100,396,302
1757709973,2025-09-12T20:46:13Z,CPA261,"43.719311,89.161911",36100,395,302
1757710008,2025-09-12T20:46:48Z,CPA261,"43.752819,89.086151",36100,394,302
1757710043,2025-09-12T20:47:23Z,CPA261,"43.785961,89.011101",36100,395,302
1757710078,2025-09-12T20:47:58Z,CPA261,"43.819149,88.935799",36100,396,302
1757710113,2025-09-12T20:48:33Z,CPA261,"43.85244,88.860039",36100,396,302
1757710148,2025-09-12T20:49:08Z,CPA261,"43.88567,88.784218",36100,396,302
1757710188,2025-09-12T20:49:48Z,CPA261,"43.923519,88.697548",36100,395,302
1757710223,2025-09-12T20:50:23Z,CPA261,"43.95639,88.622047",36100,395,302
1757710258,2025-09-12T20:50:58Z,CPA261,"43.989769,88.545288",36100,396,301
1757710288,2025-09-12T20:51:28Z,CPA261,"44.01812,88.479828",36100,396,301
1757710323,2025-09-12T20:52:03Z,CPA261,"44.05117,88.40332",36100,395,301
1757710358,2025-09-12T20:52:38Z,CPA261,"44.08371,88.32785",36100,393,301
1757710393,2025-09-12T20:53:13Z,CPA261,"44.116329,88.251961",36100,393,301
1757710428,2025-09-12T20:53:48Z,CPA261,"44.14875,88.176399",36100,393,301
1757710463,2025-09-12T20:54:23Z,CPA261,"44.18119,88.10054",36100,393,301
1757710498,2025-09-12T20:54:58Z,CPA261,"44.214069,88.02462",36100,396,303
1757710533,2025-09-12T20:55:33Z,CPA261,"44.252522,87.952293",36100,398,308
1757710568,2025-09-12T20:56:08Z,CPA261,"44.29129,87.880676",36100,398,307
1757710603,2025-09-12T20:56:43Z,CPA261,"44.329651,87.809082",36100,398,307
1757710638,2025-09-12T20:57:18Z,CPA261,"44.368061,87.737602",36100,396,307
1757710678,2025-09-12T20:57:58Z,CPA261,"44.412182,87.656433",36100,395,308
1757710708,2025-09-12T20:58:28Z,CPA261,"44.446201,87.595108",36100,395,308
1757710743,2025-09-12T20:59:03Z,CPA261,"44.484852,87.524857",36100,395,308
1757710778,2025-09-12T20:59:38Z,CPA261,"44.524151,87.453003",36100,396,308
1757710808,2025-09-12T21:00:08Z,CPA261,"44.557011,87.392761",36100,396,308
1757710843,2025-09-12T21:00:43Z,CPA261,"44.595829,87.32148",36100,396,308
1757710878,2025-09-12T21:01:18Z,CPA261,"44.63599,87.251328",36100,397,310
1757710913,2025-09-12T21:01:53Z,CPA261,"44.677631,87.181",36100,398,310
1757710943,2025-09-12T21:02:23Z,CPA261,"44.712021,87.121841",36100,398,309
1757710983,2025-09-12T21:03:03Z,CPA261,"44.759029,87.040428",36100,401,309
1757711018,2025-09-12T21:03:38Z,CPA261,"44.799831,86.96978",36100,400,310
1757711048,2025-09-12T21:04:08Z,CPA261,"44.834648,86.909492",36100,399,310
1757711083,2025-09-12T21:04:43Z,CPA261,"44.875309,86.838882",36100,398,309
1757711118,2025-09-12T21:05:18Z,CPA261,"44.915131,86.768448",36100,398,309
1757711153,2025-09-12T21:05:53Z,CPA261,"44.955051,86.696838",36100,399,309
1757711183,2025-09-12T21:06:23Z,CPA261,"44.989792,86.634781",36100,398,309
1757711223,2025-09-12T21:07:03Z,CPA261,"45.03479,86.554222",36100,397,309
1757711258,2025-09-12T21:07:38Z,CPA261,"45.07457,86.482811",36100,393,309
1757711298,2025-09-12T21:08:18Z,CPA261,"45.119411,86.402184",36100,390,309
1757711333,2025-09-12T21:08:53Z,CPA261,"45.15781,86.33271",36100,388,308
1757711368,2025-09-12T21:09:28Z,CPA261,"45.196499,86.262711",36100,388,308
1757711403,2025-09-12T21:10:03Z,CPA261,"45.235512,86.191963",36100,388,308
1757711438,2025-09-12T21:10:38Z,CPA261,"45.27425,86.121498",36100,389,308
1757711473,2025-09-12T21:11:13Z,CPA261,"45.31242,86.051849",36100,389,308
1757711503,2025-09-12T21:11:43Z,CPA261,"45.345791,85.990913",36100,389,308
1757711533,2025-09-12T21:12:13Z,CPA261,"45.378799,85.930443",36100,389,308
1757711568,2025-09-12T21:12:48Z,CPA261,"45.417149,85.860031",36100,389,308
1757711603,2025-09-12T21:13:23Z,CPA261,"45.456032,85.788551",36100,388,308
1757711638,2025-09-12T21:13:58Z,CPA261,"45.494751,85.717163",36100,388,308
1757711673,2025-09-12T21:14:33Z,CPA261,"45.533119,85.646133",36100,388,308
1757711708,2025-09-12T21:15:08Z,CPA261,"45.57143,85.575188",36100,389,308
1757711743,2025-09-12T21:15:43Z,CPA261,"45.609329,85.504646",36100,390,308
1757711778,2025-09-12T21:16:18Z,CPA261,"45.647228,85.433968",36100,388,308
1757711813,2025-09-12T21:16:53Z,CPA261,"45.685848,85.361923",36100,388,308
1757711848,2025-09-12T21:17:28Z,CPA261,"45.723789,85.290779",36100,389,308
1757711883,2025-09-12T21:18:03Z,CPA261,"45.761902,85.219269",36100,389,308
1757711918,2025-09-12T21:18:38Z,CPA261,"45.799911,85.148514",36100,389,308
1757711953,2025-09-12T21:19:13Z,CPA261,"45.83831,85.076752",36100,387,308
1757711983,2025-09-12T21:19:43Z,CPA261,"45.87085,85.015709",36100,388,308
1757712018,2025-09-12T21:20:18Z,CPA261,"45.908939,84.944008",36100,390,308
1757712053,2025-09-12T21:20:53Z,CPA261,"45.947201,84.871933",36100,391,308
1757712088,2025-09-12T21:21:28Z,CPA261,"45.98547,84.799507",36100,390,308
1757712123,2025-09-12T21:22:03Z,CPA261,"46.023739,84.727097",36100,390,308
1757712158,2025-09-12T21:22:38Z,CPA261,"46.062061,84.654282",36100,391,308
1757712193,2025-09-12T21:23:13Z,CPA261,"46.09964,84.582603",36100,391,308
1757712227,2025-09-12T21:23:47Z,CPA261,"46.136951,84.511368",36100,391,307
1757712262,2025-09-12T21:24:22Z,CPA261,"46.174702,84.439133",36100,391,307
1757712297,2025-09-12T21:24:57Z,CPA261,"46.21312,84.365349",36100,392,307
1757712332,2025-09-12T21:25:32Z,CPA261,"46.251068,84.292397",36100,390,307
1757712367,2025-09-12T21:26:07Z,CPA261,"46.288738,84.219719",36100,390,307
1757712397,2025-09-12T21:26:37Z,CPA261,"46.321201,84.156952",36100,389,307
1757712431,2025-09-12T21:27:11Z,CPA261,"46.35722,84.086609",36100,388,307
1757712466,2025-09-12T21:27:46Z,CPA261,"46.394531,84.013588",36100,387,307
1757712501,2025-09-12T21:28:21Z,CPA261,"46.431808,83.940559",36100,387,307
1757712536,2025-09-12T21:28:56Z,CPA261,"46.469101,83.867279",36100,386,307
1757712571,2025-09-12T21:29:31Z,CPA261,"46.505829,83.794922",36100,387,307
1757712601,2025-09-12T21:30:01Z,CPA261,"46.537811,83.731613",36100,389,307
1757712636,2025-09-12T21:30:36Z,CPA261,"46.574959,83.658073",36100,392,307
1757712671,2025-09-12T21:31:11Z,CPA261,"46.612942,83.58268",36100,392,307
1757712706,2025-09-12T21:31:46Z,CPA261,"46.650089,83.508873",36100,390,307
1757712741,2025-09-12T21:32:21Z,CPA261,"46.687328,83.434433",36100,389,307
1757712776,2025-09-12T21:32:56Z,CPA261,"46.72234,83.358162",36100,385,302
1757712810,2025-09-12T21:33:30Z,CPA261,"46.753651,83.285011",36100,385,303
1757712845,2025-09-12T21:34:05Z,CPA261,"46.787281,83.207573",36100,384,303
1757712918,2025-09-12T21:35:18Z,CPA261,"46.85585,83.048187",36100,382,303
1757712943,2025-09-12T21:35:43Z,CPA261,"46.876991,82.992912",36100,376,291
1757712948,2025-09-12T21:35:48Z,CPA261,"46.879581,82.981796",36100,376,288
1757712953,2025-09-12T21:35:53Z,CPA261,"46.88187,82.968681",36100,374,282
1757712958,2025-09-12T21:35:58Z,CPA261,"46.883469,82.955978",36100,374,280
1757712963,2025-09-12T21:36:03Z,CPA261,"46.884708,82.943611",36100,374,279
1757712968,2025-09-12T21:36:08Z,CPA261,"46.88588,82.931351",36100,374,278
1757712973,2025-09-12T21:36:13Z,CPA261,"46.88718,82.917969",36100,374,279
1757713008,2025-09-12T21:36:48Z,CPA261,"46.897289,82.830177",36100,376,281
1757713043,2025-09-12T21:37:23Z,CPA261,"46.908741,82.74408",36100,377,281
1757713078,2025-09-12T21:37:58Z,CPA261,"46.91991,82.655922",36100,377,281
1757713108,2025-09-12T21:38:28Z,CPA261,"46.92915,82.58107",36100,377,281
1757713143,2025-09-12T21:39:03Z,CPA261,"46.93988,82.49324",36025,376,281
1757713178,2025-09-12T21:39:38Z,CPA261,"46.950722,82.404793",36000,376,281
1757713208,2025-09-12T21:40:08Z,CPA261,"46.959801,82.329849",36000,376,280
1757713248,2025-09-12T21:40:48Z,CPA261,"46.971859,82.229713",36000,377,280
1757713282,2025-09-12T21:41:22Z,CPA261,"46.982151,82.143723",36000,378,280
1757713321,2025-09-12T21:42:01Z,CPA261,"46.993832,82.045258",36000,378,280
1757713350,2025-09-12T21:42:30Z,CPA261,"47.0023,81.973587",36000,377,280
1757713380,2025-09-12T21:43:00Z,CPA261,"47.010681,81.902252",36000,377,280
1757713406,2025-09-12T21:43:26Z,CPA261,"47.018742,81.833",36000,377,280
1757713456,2025-09-12T21:44:16Z,CPA261,"47.033428,81.706146",36000,377,280
1757713490,2025-09-12T21:44:50Z,CPA261,"47.042992,81.62278",36000,378,280
1757713533,2025-09-12T21:45:33Z,CPA261,"47.05518,81.515671",36000,378,280
1757713563,2025-09-12T21:46:03Z,CPA261,"47.063919,81.437866",36000,379,280
1757713598,2025-09-12T21:46:38Z,CPA261,"47.073391,81.353477",36000,378,280
1757713627,2025-09-12T21:47:07Z,CPA261,"47.08205,81.27552",36000,378,280
1757713667,2025-09-12T21:47:47Z,CPA261,"47.093269,81.173752",36000,379,280
1757713697,2025-09-12T21:48:17Z,CPA261,"47.101551,81.09819",36000,380,280
1757713737,2025-09-12T21:48:57Z,CPA261,"47.112591,80.996986",36000,380,280
1757713771,2025-09-12T21:49:31Z,CPA261,"47.121689,80.91259",36000,381,279
1757713808,2025-09-12T21:50:08Z,CPA261,"47.132332,80.81311",36000,382,279
1757713848,2025-09-12T21:50:48Z,CPA261,"47.146057,80.683807",36000,384,278
1757713880,2025-09-12T21:51:20Z,CPA261,"47.154877,80.599754",36000,385,278
1757713911,2025-09-12T21:51:51Z,CPA261,"47.163143,80.520912",36000,385,278
1757713944,2025-09-12T21:52:24Z,CPA261,"47.171814,80.437225",36000,386,278
1757713975,2025-09-12T21:52:55Z,CPA261,"47.180191,80.355927",36000,386,278
1757714008,2025-09-12T21:53:28Z,CPA261,"47.18898,80.269562",36000,386,278
1757714040,2025-09-12T21:54:00Z,CPA261,"47.197449,80.186531",36000,389,278
1757714067,2025-09-12T21:54:27Z,CPA261,"47.201271,80.148933",36000,390,279
1757714102,2025-09-12T21:55:02Z,CPA261,"47.21072,80.054283",36000,389,279
1757714141,2025-09-12T21:55:41Z,CPA261,"47.220959,79.951241",36000,390,279
1757714168,2025-09-12T21:56:08Z,CPA261,"47.226921,79.89138",36000,391,279
1757714297,2025-09-12T21:58:17Z,CPA261,"47.25993,79.549873",36000,391,279
1757714330,2025-09-12T21:58:50Z,CPA261,"47.268909,79.455803",36000,393,278
1757714366,2025-09-12T21:59:26Z,CPA261,"47.27742,79.364754",36000,395,278
1757714410,2025-09-12T22:00:10Z,CPA261,"47.291672,79.211922",36000,394,277
1757714442,2025-09-12T22:00:42Z,CPA261,"47.299263,79.129379",36000,395,277
1757714474,2025-09-12T22:01:14Z,CPA261,"47.306664,79.047684",36000,397,277
1757714497,2025-09-12T22:01:37Z,CPA261,"47.312668,78.981415",36000,399,277
1757715175,2025-09-12T22:12:55Z,CPA261,"47.467781,77.086418",36000,424,276
1757715205,2025-09-12T22:13:25Z,CPA261,"47.474205,76.998459",36000,424,276
1757715236,2025-09-12T22:13:56Z,CPA261,"47.480667,76.908623",36000,425,276
1757715267,2025-09-12T22:14:27Z,CPA261,"47.48703,76.819702",36000,424,275
1757715298,2025-09-12T22:14:58Z,CPA261,"47.493244,76.730347",36000,424,275
1757715329,2025-09-12T22:15:29Z,CPA261,"47.499577,76.640129",36025,424,275
1757715360,2025-09-12T22:16:00Z,CPA261,"47.505581,76.552803",36000,418,275
1757715392,2025-09-12T22:16:32Z,CPA261,"47.511749,76.462784",36000,411,275
1757715423,2025-09-12T22:17:03Z,CPA261,"47.517639,76.376106",36000,408,275
1757715454,2025-09-12T22:17:34Z,CPA261,"47.52327,76.290825",36000,411,275
1757715486,2025-09-12T22:18:06Z,CPA261,"47.529053,76.201996",36000,410,275
1757715516,2025-09-12T22:18:36Z,CPA261,"47.53463,76.116875",36000,408,275
1757715547,2025-09-12T22:19:07Z,CPA261,"47.540131,76.031639",36000,412,275
1757715581,2025-09-12T22:19:41Z,CPA261,"47.546219,75.935097",36000,411,275
1757715613,2025-09-12T22:20:13Z,CPA261,"47.551762,75.846794",36000,416,275
1757715644,2025-09-12T22:20:44Z,CPA261,"47.557297,75.756912",36000,418,275
1757715676,2025-09-12T22:21:16Z,CPA261,"47.562885,75.665939",36000,420,275
1757715707,2025-09-12T22:21:47Z,CPA261,"47.568195,75.577415",36000,417,275
1757715739,2025-09-12T22:22:19Z,CPA261,"47.573639,75.487061",36000,418,274
1757715771,2025-09-12T22:22:51Z,CPA261,"47.578995,75.395187",36000,420,274
1757715802,2025-09-12T22:23:22Z,CPA261,"47.584167,75.305992",36000,422,274
1757715834,2025-09-12T22:23:54Z,CPA261,"47.58942,75.213951",36000,422,274
1757715865,2025-09-12T22:24:25Z,CPA261,"47.59433,75.12664",36000,421,274
1757715897,2025-09-12T22:24:57Z,CPA261,"47.599548,75.033394",36000,422,274
1757715929,2025-09-12T22:25:29Z,CPA261,"47.604446,74.943512",36000,423,274
1757715961,2025-09-12T22:26:01Z,CPA261,"47.609436,74.850197",36000,424,274
1757715992,2025-09-12T22:26:32Z,CPA261,"47.614235,74.759712",36000,425,274
1757716024,2025-09-12T22:27:04Z,CPA261,"47.619095,74.667343",36000,426,274
1757716056,2025-09-12T22:27:36Z,CPA261,"47.623825,74.574699",36000,427,274
1757716088,2025-09-12T22:28:08Z,CPA261,"47.628666,74.47998",36000,428,274
1757716121,2025-09-12T22:28:41Z,CPA261,"47.633366,74.38533",36000,428,274
1757716154,2025-09-12T22:29:14Z,CPA261,"47.638138,74.287971",36000,428,274
1757716184,2025-09-12T22:29:44Z,CPA261,"47.642353,74.201523",36000,429,274
1757716216,2025-09-12T22:30:16Z,CPA261,"47.646774,74.107224",36000,428,273
1757716246,2025-09-12T22:30:46Z,CPA261,"47.650826,74.019402",36000,428,273
1757716278,2025-09-12T22:31:18Z,CPA261,"47.655247,73.924118",36000,428,273
1757716309,2025-09-12T22:31:49Z,CPA261,"47.659332,73.833824",36000,427,273
1757716340,2025-09-12T22:32:20Z,CPA261,"47.663254,73.744392",36000,427,273
1757716371,2025-09-12T22:32:51Z,CPA261,"47.66716,73.65406",36000,427,273
1757716404,2025-09-12T22:33:24Z,CPA261,"47.671307,73.557549",36000,427,273
1757716435,2025-09-12T22:33:55Z,CPA261,"47.675125,73.467125",36000,429,273
1757716468,2025-09-12T22:34:28Z,CPA261,"47.679062,73.369789",36000,430,273
1757716501,2025-09-12T22:35:01Z,CPA261,"47.682991,73.2724",36000,431,273
1757716531,2025-09-12T22:35:31Z,CPA261,"47.686523,73.184395",36225,430,273
1757716564,2025-09-12T22:36:04Z,CPA261,"47.690208,73.088242",36725,426,273
1757716595,2025-09-12T22:36:35Z,CPA261,"47.693619,72.997421",37275,420,273
1757716627,2025-09-12T22:37:07Z,CPA261,"47.69696,72.906235",37550,419,273
1757716658,2025-09-12T22:37:38Z,CPA261,"47.700264,72.815269",37775,419,272
1757716691,2025-09-12T22:38:11Z,CPA261,"47.703568,72.722099",38000,417,272
1757716722,2025-09-12T22:38:42Z,CPA261,"47.706547,72.63533",38000,417,272
1757716755,2025-09-12T22:39:15Z,CPA261,"47.709759,72.540047",38000,418,272
1757716787,2025-09-12T22:39:47Z,CPA261,"47.712753,72.450096",38000,418,272
1757716817,2025-09-12T22:40:17Z,CPA261,"47.71553,72.362648",38000,419,272
1757716850,2025-09-12T22:40:50Z,CPA261,"47.718567,72.267105",38000,420,272
1757716883,2025-09-12T22:41:23Z,CPA261,"47.721397,72.173271",38000,422,272
1757716913,2025-09-12T22:41:53Z,CPA261,"47.724003,72.085175",38000,423,272
1757716945,2025-09-12T22:42:25Z,CPA261,"47.726566,71.994537",38000,423,272
1757716977,2025-09-12T22:42:57Z,CPA261,"47.729172,71.90242",38000,423,272
1757717007,2025-09-12T22:43:27Z,CPA261,"47.731659,71.81385",38000,424,272
1757717041,2025-09-12T22:44:01Z,CPA261,"47.735092,71.721428",38000,422,273
1757717075,2025-09-12T22:44:35Z,CPA261,"47.740036,71.615479",38000,423,273
1757717111,2025-09-12T22:45:11Z,CPA261,"47.744339,71.514885",38000,422,273
1757717131,2025-09-12T22:45:31Z,CPA261,"47.746628,71.456657",38000,422,273
1757717315,2025-09-12T22:48:35Z,CPA261,"47.766693,70.920624",38000,425,272
1757717360,2025-09-12T22:49:20Z,CPA261,"47.771255,70.788994",38000,425,272
1757717392,2025-09-12T22:49:52Z,CPA261,"47.774323,70.696678",38000,425,272
1757717423,2025-09-12T22:50:23Z,CPA261,"47.777252,70.607208",38000,423,272
1757717455,2025-09-12T22:50:55Z,CPA261,"47.780239,70.512863",38000,423,272
1757717488,2025-09-12T22:51:28Z,CPA261,"47.783157,70.420235",38000,423,272
1757717532,2025-09-12T22:52:12Z,CPA261,"47.786896,70.294968",38000,425,272
1757718338,2025-09-12T23:05:38Z,CPA261,"47.740631,67.955864",38000,432,261
1757718344,2025-09-12T23:05:44Z,CPA261,"47.739132,67.940369",38000,432,261
1757718384,2025-09-12T23:06:24Z,CPA261,"47.727997,67.826637",38000,433,261
1757718422,2025-09-12T23:07:02Z,CPA261,"47.71431,67.710388",38000,434,257
1757718466,2025-09-12T23:07:46Z,CPA261,"47.694675,67.581131",38000,434,257
1757718510,2025-09-12T23:08:30Z,CPA261,"47.676178,67.456741",38000,434,257
1757718572,2025-09-12T23:09:32Z,CPA261,"47.648483,67.274368",38000,432,257
1757718595,2025-09-12T23:09:55Z,CPA261,"47.639233,67.213509",38000,432,257
1757718763,2025-09-12T23:12:43Z,CPA261,"47.562927,66.721825",38000,432,256
1757718802,2025-09-12T23:13:22Z,CPA261,"47.545212,66.612236",38000,430,256
1757719015,2025-09-12T23:16:55Z,CPA261,"47.442627,66.001602",38000,433,255
1757719055,2025-09-12T23:17:35Z,CPA261,"47.423042,65.887192",38000,432,255
1757719094,2025-09-12T23:18:14Z,CPA261,"47.404423,65.777756",38000,432,256
1757719100,2025-09-12T23:18:20Z,CPA261,"47.402573,65.766357",38000,432,256
1757719136,2025-09-12T23:18:56Z,CPA261,"47.385571,65.662117",38000,433,256
1757720462,2025-09-12T23:41:02Z,CPA261,"46.681095,61.84108",38000,449,253
1757720493,2025-09-12T23:41:33Z,CPA261,"46.662643,61.750801",38000,449,253
1757720524,2025-09-12T23:42:04Z,CPA261,"46.643898,61.659462",38000,451,253
1757720555,2025-09-12T23:42:35Z,CPA261,"46.625565,61.569996",38000,452,253
1757720589,2025-09-12T23:43:09Z,CPA261,"46.605541,61.4729",38000,452,253
1757720620,2025-09-12T23:43:40Z,CPA261,"46.586929,61.383228",38000,452,253
1757720656,2025-09-12T23:44:16Z,CPA261,"46.564728,61.276917",38000,452,253
1757720663,2025-09-12T23:44:23Z,CPA261,"46.56189,61.263248",38000,452,253
1757720722,2025-09-12T23:45:22Z,CPA261,"46.524628,61.08606",38000,453,252
1757720753,2025-09-12T23:45:53Z,CPA261,"46.50563,60.996227",38000,454,252
1757720784,2025-09-12T23:46:24Z,CPA261,"46.486179,60.904427",38000,456,252
1757720816,2025-09-12T23:46:56Z,CPA261,"46.466351,60.811661",38000,456,252
1757720848,2025-09-12T23:47:28Z,CPA261,"46.446442,60.718758",38000,457,252
1757720880,2025-09-12T23:48:00Z,CPA261,"46.425941,60.623383",38000,458,252
1757720912,2025-09-12T23:48:32Z,CPA261,"46.407211,60.537014",38000,459,252
1757720944,2025-09-12T23:49:04Z,CPA261,"46.38652,60.441818",38000,459,252
1757721012,2025-09-12T23:50:12Z,CPA261,"46.342987,60.242706",38000,458,252
1757721043,2025-09-12T23:50:43Z,CPA261,"46.32225,60.148808",38000,459,252
1757721076,2025-09-12T23:51:16Z,CPA261,"46.300873,60.052074",38000,459,252
1757721108,2025-09-12T23:51:48Z,CPA261,"46.280094,59.958572",38000,461,252
1757721140,2025-09-12T23:52:20Z,CPA261,"46.259079,59.864635",38000,460,252
1757721171,2025-09-12T23:52:51Z,CPA261,"46.239265,59.776199",38000,460,252
1757721203,2025-09-12T23:53:23Z,CPA261,"46.218979,59.686108",38000,460,252
1757721241,2025-09-12T23:54:01Z,CPA261,"46.193508,59.574326",38000,462,251
1757721273,2025-09-12T23:54:33Z,CPA261,"46.171829,59.47958",38000,462,251
1757721304,2025-09-12T23:55:04Z,CPA261,"46.151096,59.389481",38000,462,251
1757721334,2025-09-12T23:55:34Z,CPA261,"46.130447,59.29998",38000,462,251
1757721367,2025-09-12T23:56:07Z,CPA261,"46.108521,59.205456",38000,463,251
1757721398,2025-09-12T23:56:38Z,CPA261,"46.087181,59.113655",38000,463,251
1757721428,2025-09-12T23:57:08Z,CPA261,"46.066452,59.024651",38000,465,251
1757721460,2025-09-12T23:57:40Z,CPA261,"46.04454,58.931419",38000,468,251
1757721491,2025-09-12T23:58:11Z,CPA261,"46.022873,58.83976",38000,470,251
1757721522,2025-09-12T23:58:42Z,CPA261,"46.001541,58.749256",38000,467,251
1757721554,2025-09-12T23:59:14Z,CPA261,"45.979412,58.656075",38000,467,251
1757721585,2025-09-12T23:59:45Z,CPA261,"45.957596,58.564835",38000,466,251
1757721616,2025-09-13T00:00:16Z,CPA261,"45.936211,58.475555",38000,465,250
1757721646,2025-09-13T00:00:46Z,CPA261,"45.914333,58.384575",38000,463,250
1757721678,2025-09-13T00:01:18Z,CPA261,"45.891907,58.29158",38000,463,250
1757721709,2025-09-13T00:01:49Z,CPA261,"45.870483,58.203491",38000,462,250
1757721741,2025-09-13T00:02:21Z,CPA261,"45.848465,58.113052",38000,460,250
1757721772,2025-09-13T00:02:52Z,CPA261,"45.826397,58.022713",38000,459,250
1757721804,2025-09-13T00:03:24Z,CPA261,"45.803909,57.931046",38000,458,250
1757721837,2025-09-13T00:03:57Z,CPA261,"45.780899,57.837658",38000,457,250
1757721869,2025-09-13T00:04:29Z,CPA261,"45.758198,57.745995",38000,456,250
1757721900,2025-09-13T00:05:00Z,CPA261,"45.736176,57.657455",38000,456,250
1757721931,2025-09-13T00:05:31Z,CPA261,"45.714066,57.56876",38000,456,250
1757721962,2025-09-13T00:06:02Z,CPA261,"45.69223,57.481499",38000,456,250
1757721995,2025-09-13T00:06:35Z,CPA261,"45.668976,57.389095",38000,458,250
1757722025,2025-09-13T00:07:05Z,CPA261,"45.647404,57.303726",38000,458,250
1757722058,2025-09-13T00:07:38Z,CPA261,"45.623661,57.209862",38000,456,250
1757722091,2025-09-13T00:08:11Z,CPA261,"45.599827,57.116341",38000,454,250
1757722123,2025-09-13T00:08:43Z,CPA261,"45.576782,57.025875",38000,453,250
1757722154,2025-09-13T00:09:14Z,CPA261,"45.554352,56.938454",38000,451,249
1757722185,2025-09-13T00:09:45Z,CPA261,"45.532425,56.853333",38000,450,249
1757722217,2025-09-13T00:10:17Z,CPA261,"45.509327,56.763878",38000,450,249
1757722250,2025-09-13T00:10:50Z,CPA261,"45.486004,56.673912",38000,449,249
1757722282,2025-09-13T00:11:22Z,CPA261,"45.462708,56.58456",38000,449,249
1757722313,2025-09-13T00:11:53Z,CPA261,"45.440151,56.498264",38000,449,249
1757722344,2025-09-13T00:12:24Z,CPA261,"45.417984,56.413944",38000,448,249
1757722377,2025-09-13T00:12:57Z,CPA261,"45.393814,56.322132",38000,448,249
1757722410,2025-09-13T00:13:30Z,CPA261,"45.370182,56.232582",38000,448,249
1757722443,2025-09-13T00:14:03Z,CPA261,"45.345566,56.139744",38000,450,249
1757722474,2025-09-13T00:14:34Z,CPA261,"45.322979,56.054993",38000,449,249
1757722505,2025-09-13T00:15:05Z,CPA261,"45.300076,55.969315",38000,446,249
1757722537,2025-09-13T00:15:37Z,CPA261,"45.277222,55.884117",38000,443,249
1757722568,2025-09-13T00:16:08Z,CPA261,"45.254608,55.800213",38000,444,249
1757722600,2025-09-13T00:16:40Z,CPA261,"45.230255,55.710102",38000,446,249
1757722631,2025-09-13T00:17:11Z,CPA261,"45.207901,55.627666",38000,446,249
1757722662,2025-09-13T00:17:42Z,CPA261,"45.184845,55.543018",38000,445,248
1757722695,2025-09-13T00:18:15Z,CPA261,"45.160675,55.454342",38000,443,248
1757722726,2025-09-13T00:18:46Z,CPA261,"45.137749,55.370693",38000,444,248
1757722758,2025-09-13T00:19:18Z,CPA261,"45.111649,55.284054",38000,442,243
1757722790,2025-09-13T00:19:50Z,CPA261,"45.079422,55.205383",38000,443,236
1757722821,2025-09-13T00:20:21Z,CPA261,"45.041382,55.133121",38000,445,230
1757722851,2025-09-13T00:20:51Z,CPA261,"44.99913,55.069298",38000,447,223
1757722882,2025-09-13T00:21:22Z,CPA261,"44.951168,55.007874",38000,448,222
1757722915,2025-09-13T00:21:55Z,CPA261,"44.90173,54.943497",38000,449,222
1757722947,2025-09-13T00:22:27Z,CPA261,"44.851318,54.878082",38000,449,222
1757722979,2025-09-13T00:22:59Z,CPA261,"44.803802,54.817005",38000,448,222
1757723012,2025-09-13T00:23:32Z,CPA261,"44.753174,54.752132",38000,450,222
1757723042,2025-09-13T00:24:02Z,CPA261,"44.707123,54.693211",38000,450,222
1757723074,2025-09-13T00:24:34Z,CPA261,"44.660355,54.626167",38000,442,229
1757723107,2025-09-13T00:25:07Z,CPA261,"44.620605,54.552155",38000,437,235
1757723138,2025-09-13T00:25:38Z,CPA261,"44.584614,54.47879",38000,439,235
1757723169,2025-09-13T00:26:09Z,CPA261,"44.54805,54.406128",38000,440,234
1757723202,2025-09-13T00:26:42Z,CPA261,"44.509827,54.330204",38000,441,235
1757723233,2025-09-13T00:27:13Z,CPA261,"44.473213,54.257053",38000,443,234
1757723266,2025-09-13T00:27:46Z,CPA261,"44.434437,54.179947",38000,443,234
1757723299,2025-09-13T00:28:19Z,CPA261,"44.396637,54.105053",38000,441,234
1757723329,2025-09-13T00:28:49Z,CPA261,"44.360229,54.032986",38000,441,234
1757723362,2025-09-13T00:29:22Z,CPA261,"44.322201,53.958012",38000,441,234
1757723392,2025-09-13T00:29:52Z,CPA261,"44.286667,53.888134",38000,440,234
1757723425,2025-09-13T00:30:25Z,CPA261,"44.247528,53.811371",38000,441,234
1757723458,2025-09-13T00:30:58Z,CPA261,"44.208801,53.735569",38000,441,234
1757723488,2025-09-13T00:31:28Z,CPA261,"44.172535,53.664814",38000,439,234
1757723519,2025-09-13T00:31:59Z,CPA261,"44.136154,53.59399",38000,437,234
1757723550,2025-09-13T00:32:30Z,CPA261,"44.099808,53.523346",38000,436,234
1757723581,2025-09-13T00:33:01Z,CPA261,"44.063602,53.453194",38000,435,234
1757723614,2025-09-13T00:33:34Z,CPA261,"44.025009,53.378513",38000,436,234
1757723644,2025-09-13T00:34:04Z,CPA261,"43.989491,53.310047",38000,437,234
1757723675,2025-09-13T00:34:35Z,CPA261,"43.952774,53.239491",38000,436,234
1757723706,2025-09-13T00:35:06Z,CPA261,"43.916199,53.169228",38000,434,234
1757723738,2025-09-13T00:35:38Z,CPA261,"43.87851,53.097054",38000,432,234
1757723769,2025-09-13T00:36:09Z,CPA261,"43.843323,53.029858",38000,431,234
1757723801,2025-09-13T00:36:41Z,CPA261,"43.80547,52.957764",38000,428,234
1757723832,2025-09-13T00:37:12Z,CPA261,"43.768707,52.887863",38000,427,234
1757723863,2025-09-13T00:37:43Z,CPA261,"43.733643,52.821373",38000,429,233
1757723895,2025-09-13T00:38:15Z,CPA261,"43.69556,52.749352",38000,429,233
1757723926,2025-09-13T00:38:46Z,CPA261,"43.659714,52.681679",38000,429,233
1757723958,2025-09-13T00:39:18Z,CPA261,"43.622406,52.611736",38000,427,233
1757723990,2025-09-13T00:39:50Z,CPA261,"43.585136,52.542049",38000,426,233
1757724022,2025-09-13T00:40:22Z,CPA261,"43.547104,52.471031",38000,428,233
1757724055,2025-09-13T00:40:55Z,CPA261,"43.508881,52.399929",38000,427,233
1757724086,2025-09-13T00:41:26Z,CPA261,"43.472122,52.331715",38000,428,233
1757724118,2025-09-13T00:41:58Z,CPA261,"43.434727,52.262421",38000,427,233
1757724151,2025-09-13T00:42:31Z,CPA261,"43.395447,52.189785",38000,429,233
1757724182,2025-09-13T00:43:02Z,CPA261,"43.358551,52.121696",38000,430,233
1757724214,2025-09-13T00:43:34Z,CPA261,"43.321335,52.053223",38000,429,233
1757724246,2025-09-13T00:44:06Z,CPA261,"43.282837,51.982578",38000,428,233
1757724278,2025-09-13T00:44:38Z,CPA261,"43.24461,51.912624",38000,425,233
1757724311,2025-09-13T00:45:11Z,CPA261,"43.207088,51.84409",38000,425,233
1757724342,2025-09-13T00:45:42Z,CPA261,"43.169987,51.77647",38000,422,233
1757724374,2025-09-13T00:46:14Z,CPA261,"43.131866,51.707088",38000,420,233
1757724405,2025-09-13T00:46:45Z,CPA261,"43.096897,51.643654",38000,420,233
1757724438,2025-09-13T00:47:18Z,CPA261,"43.058121,51.573528",38000,419,232
1757724468,2025-09-13T00:47:48Z,CPA261,"43.022041,51.508221",38000,418,232
1757724499,2025-09-13T00:48:19Z,CPA261,"42.986477,51.444332",38000,415,232
1757724530,2025-09-13T00:48:50Z,CPA261,"42.950771,51.380047",38000,414,232
1757724562,2025-09-13T00:49:22Z,CPA261,"42.913696,51.31337",38000,415,232
1757724594,2025-09-13T00:49:54Z,CPA261,"42.876518,51.246838",38000,414,232
1757724627,2025-09-13T00:50:27Z,CPA261,"42.839138,51.180202",38000,412,232
1757724659,2025-09-13T00:50:59Z,CPA261,"42.801849,51.113827",38000,408,232
1757724691,2025-09-13T00:51:31Z,CPA261,"42.765244,51.048599",38000,407,232
1757724721,2025-09-13T00:52:01Z,CPA261,"42.730774,50.987362",38000,408,232
1757724752,2025-09-13T00:52:32Z,CPA261,"42.694733,50.923485",38000,408,232
1757724784,2025-09-13T00:53:04Z,CPA261,"42.658997,50.860458",38000,407,232
1757724816,2025-09-13T00:53:36Z,CPA261,"42.622299,50.795734",38000,406,232
1757724849,2025-09-13T00:54:09Z,CPA261,"42.584702,50.729557",38000,405,232
1757724880,2025-09-13T00:54:40Z,CPA261,"42.548977,50.666775",38000,406,232
1757724913,2025-09-13T00:55:13Z,CPA261,"42.511364,50.600727",38000,408,232
1757724944,2025-09-13T00:55:44Z,CPA261,"42.474884,50.537048",38000,409,232
1757724975,2025-09-13T00:56:15Z,CPA261,"42.439861,50.475983",38000,408,232
1757725008,2025-09-13T00:56:48Z,CPA261,"42.402466,50.40852",38000,402,234
1757725039,2025-09-13T00:57:19Z,CPA261,"42.369614,50.343956",38000,399,235
1757725071,2025-09-13T00:57:51Z,CPA261,"42.33577,50.277397",38000,397,235
1757725103,2025-09-13T00:58:23Z,CPA261,"42.302765,50.213139",38000,395,235
1757725135,2025-09-13T00:58:55Z,CPA261,"42.268982,50.14772",38000,394,235
1757725167,2025-09-13T00:59:27Z,CPA261,"42.235821,50.083477",38000,396,235
1757725199,2025-09-13T00:59:59Z,CPA261,"42.202538,50.019154",38000,398,235
1757725231,2025-09-13T01:00:31Z,CPA261,"42.168274,49.955769",38000,399,234
1757725263,2025-09-13T01:01:03Z,CPA261,"42.135406,49.892685",38000,400,234
1757725295,2025-09-13T01:01:35Z,CPA261,"42.101051,49.826893",38000,401,234
1757725326,2025-09-13T01:02:06Z,CPA261,"42.067348,49.762573",38000,401,234
1757725358,2025-09-13T01:02:38Z,CPA261,"42.033226,49.697487",38000,402,234
1757725390,2025-09-13T01:03:10Z,CPA261,"41.998993,49.632484",38000,403,234
1757725420,2025-09-13T01:03:40Z,CPA261,"41.966675,49.571186",38000,404,234
1757725452,2025-09-13T01:04:12Z,CPA261,"41.932709,49.506828",38000,405,234
1757725483,2025-09-13T01:04:43Z,CPA261,"41.899403,49.440186",38000,405,234
1757725516,2025-09-13T01:05:16Z,CPA261,"41.864647,49.37418",38000,406,234
1757725546,2025-09-13T01:05:46Z,CPA261,"41.831505,49.311417",38000,406,234
1757725577,2025-09-13T01:06:17Z,CPA261,"41.797401,49.247467",38000,407,234
1757725609,2025-09-13T01:06:49Z,CPA261,"41.763081,49.183064",38000,408,234
1757725639,2025-09-13T01:07:19Z,CPA261,"41.730103,49.121162",38000,409,234
1757725671,2025-09-13T01:07:51Z,CPA261,"41.694832,49.055069",38000,410,234
1757725703,2025-09-13T01:08:23Z,CPA261,"41.659348,48.989056",38000,410,234
1757725735,2025-09-13T01:08:55Z,CPA261,"41.623749,48.922871",38000,410,234
1757725767,2025-09-13T01:09:27Z,CPA261,"41.588932,48.858036",38000,409,234
1757725799,2025-09-13T01:09:59Z,CPA261,"41.553921,48.793133",38000,408,234
1757725831,2025-09-13T01:10:31Z,CPA261,"41.518738,48.727974",38000,409,234
1757725863,2025-09-13T01:11:03Z,CPA261,"41.483082,48.66214",38000,411,234
1757725895,2025-09-13T01:11:35Z,CPA261,"41.447464,48.59623",38000,412,234
1757725926,2025-09-13T01:12:06Z,CPA261,"41.412663,48.532486",38000,412,234
1757725958,2025-09-13T01:12:38Z,CPA261,"41.377171,48.467476",38000,411,234
1757725990,2025-09-13T01:13:10Z,CPA261,"41.341331,48.401737",38000,410,234
1757726022,2025-09-13T01:13:42Z,CPA261,"41.305862,48.3368",38000,410,234
1757726053,2025-09-13T01:14:13Z,CPA261,"41.271057,48.273201",38000,412,233
1757726084,2025-09-13T01:14:44Z,CPA261,"41.236172,48.209698",38000,410,233
1757726116,2025-09-13T01:15:16Z,CPA261,"41.20327,48.144405",38000,406,240
1757726147,2025-09-13T01:15:47Z,CPA261,"41.177612,48.074654",38000,404,247
1757726178,2025-09-13T01:16:18Z,CPA261,"41.158596,48.001137",38000,405,254
1757726210,2025-09-13T01:16:50Z,CPA261,"41.146332,47.923973",38000,407,261
1757726242,2025-09-13T01:17:22Z,CPA261,"41.141518,47.845531",38000,408,269
1757726273,2025-09-13T01:17:53Z,CPA261,"41.144142,47.767647",38000,409,276
1757726305,2025-09-13T01:18:25Z,CPA261,"41.154339,47.689419",38000,409,282
1757726336,2025-09-13T01:18:56Z,CPA261,"41.166332,47.612274",38000,410,281
1757726368,2025-09-13T01:19:28Z,CPA261,"41.178249,47.534576",38000,410,281
1757726399,2025-09-13T01:19:59Z,CPA261,"41.189949,47.458153",38000,412,281
1757726430,2025-09-13T01:20:30Z,CPA261,"41.201965,47.380829",38000,414,281
1757726461,2025-09-13T01:21:01Z,CPA261,"41.214134,47.303211",38000,414,281
1757726493,2025-09-13T01:21:33Z,CPA261,"41.226013,47.224453",38000,413,281
1757726524,2025-09-13T01:22:04Z,CPA261,"41.237671,47.147327",38000,414,281
1757726555,2025-09-13T01:22:35Z,CPA261,"41.249481,47.068886",38000,412,281
1757726587,2025-09-13T01:23:07Z,CPA261,"41.261089,46.990608",38000,410,281
1757726618,2025-09-13T01:23:38Z,CPA261,"41.272526,46.914547",38000,407,281
1757726650,2025-09-13T01:24:10Z,CPA261,"41.283783,46.83733",38000,405,280
1757726681,2025-09-13T01:24:41Z,CPA261,"41.294647,46.76107",38000,407,280
1757726712,2025-09-13T01:25:12Z,CPA261,"41.305553,46.684128",38000,407,280
1757726743,2025-09-13T01:25:43Z,CPA261,"41.315987,46.607296",38000,408,280
1757726774,2025-09-13T01:26:14Z,CPA261,"41.326611,46.531223",38000,408,280
1757726806,2025-09-13T01:26:46Z,CPA261,"41.337101,46.453651",38000,409,280
1757726837,2025-09-13T01:27:17Z,CPA261,"41.348389,46.377846",38000,407,280
1757726868,2025-09-13T01:27:48Z,CPA261,"41.358418,46.299561",38000,406,280
1757726900,2025-09-13T01:28:20Z,CPA261,"41.369061,46.222347",38000,407,280
1757726931,2025-09-13T01:28:51Z,CPA261,"41.379898,46.146065",38000,408,280
1757726962,2025-09-13T01:29:22Z,CPA261,"41.39024,46.068977",38000,408,280
1757726993,2025-09-13T01:29:53Z,CPA261,"41.40118,45.991898",38000,407,280
1757727025,2025-09-13T01:30:25Z,CPA261,"41.411686,45.913544",38000,406,280
1757727058,2025-09-13T01:30:58Z,CPA261,"41.422691,45.83379",38000,404,280
1757727089,2025-09-13T01:31:29Z,CPA261,"41.432846,45.757427",38000,404,280
1757727120,2025-09-13T01:32:00Z,CPA261,"41.44183,45.679157",38000,405,280
1757727152,2025-09-13T01:32:32Z,CPA261,"41.451668,45.601818",38000,406,280
1757727183,2025-09-13T01:33:03Z,CPA261,"41.46209,45.525963",38000,405,279
1757727214,2025-09-13T01:33:34Z,CPA261,"41.471893,45.448902",38000,406,279
1757727246,2025-09-13T01:34:06Z,CPA261,"41.482601,45.371891",38000,407,279
1757727277,2025-09-13T01:34:37Z,CPA261,"41.489292,45.294437",38000,405,275
1757727310,2025-09-13T01:35:10Z,CPA261,"41.495338,45.212509",38000,404,276
1757727341,2025-09-13T01:35:41Z,CPA261,"41.502068,45.136047",38000,404,276
1757727372,2025-09-13T01:36:12Z,CPA261,"41.507362,45.058056",38000,404,276
1757727404,2025-09-13T01:36:44Z,CPA261,"41.514511,44.981346",38000,406,276
1757727434,2025-09-13T01:37:14Z,CPA261,"41.520206,44.904079",38000,406,276
1757727466,2025-09-13T01:37:46Z,CPA261,"41.52631,44.825897",38000,408,275
1757727498,2025-09-13T01:38:18Z,CPA261,"41.532742,44.744717",38000,408,275
1757727530,2025-09-13T01:38:50Z,CPA261,"41.538227,44.666615",38000,408,275
1757727561,2025-09-13T01:39:21Z,CPA261,"41.544384,44.589424",38000,407,275
1757727592,2025-09-13T01:39:52Z,CPA261,"41.550629,44.511944",38000,407,275
1757727623,2025-09-13T01:40:23Z,CPA261,"41.556595,44.433899",38000,407,275
1757727655,2025-09-13T01:40:55Z,CPA261,"41.562405,44.354935",38000,406,275
1757727688,2025-09-13T01:41:28Z,CPA261,"41.568623,44.272488",38000,407,275
1757727719,2025-09-13T01:41:59Z,CPA261,"41.574665,44.194553",38000,408,275
1757727751,2025-09-13T01:42:31Z,CPA261,"41.580532,44.115417",38000,409,276
1757727782,2025-09-13T01:43:02Z,CPA261,"41.586823,44.037807",38000,409,276
1757727813,2025-09-13T01:43:33Z,CPA261,"41.59306,43.960033",38000,410,275
1757727844,2025-09-13T01:44:04Z,CPA261,"41.598927,43.881931",38000,411,275
1757727875,2025-09-13T01:44:35Z,CPA261,"41.604889,43.803055",38000,410,275
1757727906,2025-09-13T01:45:06Z,CPA261,"41.610531,43.7258",38000,408,275
1757727938,2025-09-13T01:45:38Z,CPA261,"41.616871,43.645767",38000,408,275
1757727969,2025-09-13T01:46:09Z,CPA261,"41.622593,43.566818",38000,412,275
1757728000,2025-09-13T01:46:40Z,CPA261,"41.628239,43.488792",38000,414,275
1757728032,2025-09-13T01:47:12Z,CPA261,"41.633991,43.408005",38000,414,275
1757728063,2025-09-13T01:47:43Z,CPA261,"41.639664,43.328213",38000,414,275
1757728095,2025-09-13T01:48:15Z,CPA261,"41.645348,43.248341",38000,414,275
1757728126,2025-09-13T01:48:46Z,CPA261,"41.650963,43.168678",38000,414,275
1757728157,2025-09-13T01:49:17Z,CPA261,"41.656609,43.088497",38000,414,275
1757728189,2025-09-13T01:49:49Z,CPA261,"41.662186,43.008049",38000,414,275
1757728220,2025-09-13T01:50:20Z,CPA261,"41.667568,42.928898",38000,414,275
1757728251,2025-09-13T01:50:51Z,CPA261,"41.67033,42.849899",38000,415,268
1757728283,2025-09-13T01:51:23Z,CPA261,"41.66449,42.769047",38000,418,262
1757728314,2025-09-13T01:51:54Z,CPA261,"41.657936,42.689522",38000,420,263
1757728345,2025-09-13T01:52:25Z,CPA261,"41.651623,42.609074",38000,422,263
1757728376,2025-09-13T01:52:56Z,CPA261,"41.644779,42.526802",38000,422,263
1757728408,2025-09-13T01:53:28Z,CPA261,"41.637711,42.444355",38000,424,263
1757728440,2025-09-13T01:54:00Z,CPA261,"41.630806,42.363586",38000,424,263
1757728471,2025-09-13T01:54:31Z,CPA261,"41.623352,42.281254",38000,424,263
1757728503,2025-09-13T01:55:03Z,CPA261,"41.616245,42.199005",38000,423,263
1757728534,2025-09-13T01:55:34Z,CPA261,"41.60881,42.116879",38000,423,263
1757728566,2025-09-13T01:56:06Z,CPA261,"41.601292,42.035744",38000,423,263
1757728597,2025-09-13T01:56:37Z,CPA261,"41.594109,41.952892",38000,423,263
1757728630,2025-09-13T01:57:10Z,CPA261,"41.5867,41.869667",38000,423,263
1757728661,2025-09-13T01:57:41Z,CPA261,"41.579201,41.78743",38000,423,263
1757728692,2025-09-13T01:58:12Z,CPA261,"41.57291,41.707428",38000,422,263
1757728725,2025-09-13T01:58:45Z,CPA261,"41.564625,41.62318",38000,423,263
1757728757,2025-09-13T01:59:17Z,CPA261,"41.556744,41.538589",38000,423,263
1757728789,2025-09-13T01:59:49Z,CPA261,"41.5527,41.455238",38000,422,268
1757728820,2025-09-13T02:00:20Z,CPA261,"41.554642,41.374466",38000,423,275
1757728852,2025-09-13T02:00:52Z,CPA261,"41.559853,41.291168",38000,423,274
1757728884,2025-09-13T02:01:24Z,CPA261,"41.563885,41.208836",38000,422,274
1757728916,2025-09-13T02:01:56Z,CPA261,"41.568916,41.125019",38000,424,274
1757728948,2025-09-13T02:02:28Z,CPA261,"41.573086,41.042645",38000,426,274
1757728981,2025-09-13T02:03:01Z,CPA261,"41.578167,40.956139",38000,428,274
1757729013,2025-09-13T02:03:33Z,CPA261,"41.582153,40.871635",38000,428,274
1757729045,2025-09-13T02:04:05Z,CPA261,"41.5868,40.786926",38000,428,274
1757729078,2025-09-13T02:04:38Z,CPA261,"41.591946,40.701241",38000,428,274
1757729110,2025-09-13T02:05:10Z,CPA261,"41.595226,40.61784",38000,429,273
1757729140,2025-09-13T02:05:40Z,CPA261,"41.599297,40.537525",38000,431,273
1757729173,2025-09-13T02:06:13Z,CPA261,"41.603786,40.450245",38000,433,273
1757729203,2025-09-13T02:06:43Z,CPA261,"41.607204,40.368961",38000,435,273
1757729235,2025-09-13T02:07:15Z,CPA261,"41.611141,40.283318",38000,437,273
1757729267,2025-09-13T02:07:47Z,CPA261,"41.615105,40.19791",38000,437,273
1757729299,2025-09-13T02:08:19Z,CPA261,"41.619072,40.111843",38000,436,273
1757729331,2025-09-13T02:08:51Z,CPA261,"41.623116,40.025352",38000,435,273
1757729363,2025-09-13T02:09:23Z,CPA261,"41.627037,39.939777",38000,435,273
1757729395,2025-09-13T02:09:55Z,CPA261,"41.630856,39.854084",38000,434,273
1757729427,2025-09-13T02:10:27Z,CPA261,"41.634781,39.768681",38000,432,273
1757729459,2025-09-13T02:10:59Z,CPA261,"41.638538,39.683174",38000,431,273
1757729491,2025-09-13T02:11:31Z,CPA261,"41.642227,39.597614",38000,430,273
1757729523,2025-09-13T02:12:03Z,CPA261,"41.645847,39.513657",38000,431,273
1757729555,2025-09-13T02:12:35Z,CPA261,"41.649437,39.428093",38000,432,273
1757729588,2025-09-13T02:13:08Z,CPA261,"41.653095,39.342308",38000,433,273
1757729620,2025-09-13T02:13:40Z,CPA261,"41.65662,39.254993",38000,435,273
1757729652,2025-09-13T02:14:12Z,CPA261,"41.659985,39.171097",38000,436,273
1757729684,2025-09-13T02:14:44Z,CPA261,"41.663391,39.084389",38000,435,273
1757729716,2025-09-13T02:15:16Z,CPA261,"41.666626,38.998615",38000,435,272
1757729748,2025-09-13T02:15:48Z,CPA261,"41.66972,38.913624",38000,437,272
1757729780,2025-09-13T02:16:20Z,CPA261,"41.672783,38.827557",38000,438,272
1757729812,2025-09-13T02:16:52Z,CPA261,"41.675896,38.740135",38000,439,272
1757729844,2025-09-13T02:17:24Z,CPA261,"41.678555,38.651775",38000,441,272
1757729877,2025-09-13T02:17:57Z,CPA261,"41.681702,38.563633",38000,441,272
1757729909,2025-09-13T02:18:29Z,CPA261,"41.684723,38.476585",38000,442,272
1757729941,2025-09-13T02:19:01Z,CPA261,"41.687717,38.390015",38000,444,272
1757729972,2025-09-13T02:19:32Z,CPA261,"41.690434,38.30291",38000,444,272
1757730005,2025-09-13T02:20:05Z,CPA261,"41.693348,38.213432",38000,444,272
1757730037,2025-09-13T02:20:37Z,CPA261,"41.696175,38.124523",38000,445,272
1757730069,2025-09-13T02:21:09Z,CPA261,"41.698956,38.037266",38000,447,272
1757730101,2025-09-13T02:21:41Z,CPA261,"41.701668,37.949265",38000,449,272
1757730133,2025-09-13T02:22:13Z,CPA261,"41.704288,37.861229",38000,450,272
1757730165,2025-09-13T02:22:45Z,CPA261,"41.70723,37.770851",38000,453,274
1757730198,2025-09-13T02:23:18Z,CPA261,"41.71693,37.680164",38000,454,281
1757730230,2025-09-13T02:23:50Z,CPA261,"41.734501,37.593613",38000,456,288
1757730262,2025-09-13T02:24:22Z,CPA261,"41.759399,37.509293",38000,456,293
1757730293,2025-09-13T02:24:53Z,CPA261,"41.785076,37.42942",38000,455,292
1757730325,2025-09-13T02:25:25Z,CPA261,"41.81152,37.345303",38000,456,292
1757730358,2025-09-13T02:25:58Z,CPA261,"41.837814,37.261703",38000,458,292
1757730389,2025-09-13T02:26:29Z,CPA261,"41.86396,37.17828",38000,460,292
1757730422,2025-09-13T02:27:02Z,CPA261,"41.889164,37.091953",38000,458,287
1757730454,2025-09-13T02:27:34Z,CPA261,"41.905708,37.003975",38000,454,280
1757730486,2025-09-13T02:28:06Z,CPA261,"41.914734,36.914898",38000,452,274
1757730518,2025-09-13T02:28:38Z,CPA261,"41.920284,36.824516",38000,451,275
1757730551,2025-09-13T02:29:11Z,CPA261,"41.926456,36.735397",38000,450,275
1757730581,2025-09-13T02:29:41Z,CPA261,"41.931969,36.650188",38000,451,274
1757730618,2025-09-13T02:30:18Z,CPA261,"41.938683,36.545742",38000,452,274
1757730650,2025-09-13T02:30:50Z,CPA261,"41.944599,36.458725",38000,453,274
1757730681,2025-09-13T02:31:21Z,CPA261,"41.949757,36.371006",38000,454,274
1757730712,2025-09-13T02:31:52Z,CPA261,"41.956024,36.280113",38000,455,274
1757730744,2025-09-13T02:32:24Z,CPA261,"41.959686,36.193413",38000,457,274
1757731292,2025-09-13T02:41:32Z,CPA261,"42.004169,34.642761",38000,457,265
1757731323,2025-09-13T02:42:03Z,CPA261,"41.997967,34.553452",38000,459,265
1757731359,2025-09-13T02:42:39Z,CPA261,"41.988457,34.452507",38000,458,265
1757731391,2025-09-13T02:43:11Z,CPA261,"41.989323,34.361992",38000,458,265
1757731423,2025-09-13T02:43:43Z,CPA261,"41.984619,34.268753",38000,461,265
1757731454,2025-09-13T02:44:14Z,CPA261,"41.980301,34.181965",38000,463,265
1757731486,2025-09-13T02:44:46Z,CPA261,"41.974525,34.090473",38000,461,265
1757731518,2025-09-13T02:45:18Z,CPA261,"41.96941,33.997753",38000,462,265
1757731549,2025-09-13T02:45:49Z,CPA261,"41.965202,33.911491",38000,462,265
1757731581,2025-09-13T02:46:21Z,CPA261,"41.959087,33.819286",38000,462,265
1757731612,2025-09-13T02:46:52Z,CPA261,"41.958149,33.730373",38000,462,273
1757731644,2025-09-13T02:47:24Z,CPA261,"41.966442,33.637638",38000,463,279
1757731675,2025-09-13T02:47:55Z,CPA261,"41.980495,33.553513",38000,464,284
1757731709,2025-09-13T02:48:29Z,CPA261,"42.000237,33.458992",38000,467,284
1757731741,2025-09-13T02:49:01Z,CPA261,"42.015537,33.367802",38000,469,284
1757731772,2025-09-13T02:49:32Z,CPA261,"42.032974,33.279564",38000,470,284
1757731805,2025-09-13T02:50:05Z,CPA261,"42.052521,33.190689",38100,472,284
1757731836,2025-09-13T02:50:36Z,CPA261,"42.068855,33.101444",38700,465,284
1757731866,2025-09-13T02:51:06Z,CPA261,"42.085339,33.017529",39300,458,284
1757731898,2025-09-13T02:51:38Z,CPA261,"42.101482,32.929562",39500,460,285
1757731930,2025-09-13T02:52:10Z,CPA261,"42.119438,32.8414",39625,464,285
1757731960,2025-09-13T02:52:40Z,CPA261,"42.136703,32.755024",39775,466,285
1757731993,2025-09-13T02:53:13Z,CPA261,"42.156887,32.66515",39950,468,285
1757732024,2025-09-13T02:53:44Z,CPA261,"42.174721,32.578297",40000,470,285
1757732056,2025-09-13T02:54:16Z,CPA261,"42.190861,32.48592",40000,470,284
1757732086,2025-09-13T02:54:46Z,CPA261,"42.20771,32.400249",40000,469,284
1757732119,2025-09-13T02:55:19Z,CPA261,"42.225929,32.308399",40000,467,284
1757732151,2025-09-13T02:55:51Z,CPA261,"42.24353,32.217857",40000,465,284
1757732182,2025-09-13T02:56:22Z,CPA261,"42.262192,32.131805",40000,464,284
1757732214,2025-09-13T02:56:54Z,CPA261,"42.277828,32.042328",40000,464,284
1757732245,2025-09-13T02:57:25Z,CPA261,"42.295231,31.953348",40000,465,284
1757732277,2025-09-13T02:57:57Z,CPA261,"42.312397,31.864256",40000,466,284
1757732309,2025-09-13T02:58:29Z,CPA261,"42.329777,31.774736",40000,466,284
1757732341,2025-09-13T02:59:01Z,CPA261,"42.347279,31.683655",40000,467,284
1757732373,2025-09-13T02:59:33Z,CPA261,"42.364311,31.594536",40000,466,284
1757732405,2025-09-13T03:00:05Z,CPA261,"42.38142,31.504662",40000,466,284
1757732437,2025-09-13T03:00:37Z,CPA261,"42.398613,31.413916",40000,468,284
1757732469,2025-09-13T03:01:09Z,CPA261,"42.415916,31.322906",40000,470,284
1757732501,2025-09-13T03:01:41Z,CPA261,"42.432823,31.232246",40000,470,284
1757732531,2025-09-13T03:02:11Z,CPA261,"42.448917,31.145987",40000,470,284
1757732563,2025-09-13T03:02:43Z,CPA261,"42.46566,31.055023",40000,470,284
1757732595,2025-09-13T03:03:15Z,CPA261,"42.482494,30.964502",40000,467,284
1757732627,2025-09-13T03:03:47Z,CPA261,"42.499035,30.874584",40000,466,284
1757732658,2025-09-13T03:04:18Z,CPA261,"42.515537,30.784729",40000,465,283
1757732690,2025-09-13T03:04:50Z,CPA261,"42.531925,30.695114",40000,466,284
1757732722,2025-09-13T03:05:22Z,CPA261,"42.548775,30.603924",40000,467,284
1757732754,2025-09-13T03:05:54Z,CPA261,"42.565685,30.513166",40000,465,284
1757732786,2025-09-13T03:06:26Z,CPA261,"42.58234,30.422401",40000,461,284
1757732818,2025-09-13T03:06:58Z,CPA261,"42.602608,30.334644",40000,458,291
1757732851,2025-09-13T03:07:31Z,CPA261,"42.630985,30.250631",40000,455,297
1757732883,2025-09-13T03:08:03Z,CPA261,"42.6651,30.173365",40000,453,304
1757732914,2025-09-13T03:08:34Z,CPA261,"42.704918,30.1014",40000,451,308
1757732946,2025-09-13T03:09:06Z,CPA261,"42.745636,30.029968",40000,451,307
1757732978,2025-09-13T03:09:38Z,CPA261,"42.786102,29.95805",40000,451,307
1757733010,2025-09-13T03:10:10Z,CPA261,"42.826015,29.887218",40000,452,307
1757733042,2025-09-13T03:10:42Z,CPA261,"42.866894,29.814671",40000,452,307
1757733074,2025-09-13T03:11:14Z,CPA261,"42.90736,29.742411",40000,450,307
1757733105,2025-09-13T03:11:45Z,CPA261,"42.946918,29.671959",40000,449,307
1757733137,2025-09-13T03:12:17Z,CPA261,"42.98716,29.599869",40000,449,307
1757733169,2025-09-13T03:12:49Z,CPA261,"43.02618,29.529512",40000,445,307
1757733200,2025-09-13T03:13:20Z,CPA261,"43.065392,29.458572",40000,448,307
1757733231,2025-09-13T03:13:51Z,CPA261,"43.103703,29.389128",40000,448,307
1757733262,2025-09-13T03:14:22Z,CPA261,"43.142586,29.318291",40000,448,306
1757733293,2025-09-13T03:14:53Z,CPA261,"43.181194,29.247946",40000,448,306
1757733325,2025-09-13T03:15:25Z,CPA261,"43.220356,29.176107",40000,450,306
1757733356,2025-09-13T03:15:56Z,CPA261,"43.259407,29.104605",40000,450,306
1757733388,2025-09-13T03:16:28Z,CPA261,"43.299034,29.031769",40000,450,306
1757733419,2025-09-13T03:16:59Z,CPA261,"43.337685,28.96052",40000,449,306
1757733451,2025-09-13T03:17:31Z,CPA261,"43.37674,28.888542",40000,448,306
1757733483,2025-09-13T03:18:03Z,CPA261,"43.41584,28.816761",40000,445,306
1757733514,2025-09-13T03:18:34Z,CPA261,"43.454449,28.745152",40000,445,306
1757733546,2025-09-13T03:19:06Z,CPA261,"43.493267,28.673168",40000,444,306
1757733577,2025-09-13T03:19:37Z,CPA261,"43.531963,28.601425",40000,446,306
1757733609,2025-09-13T03:20:09Z,CPA261,"43.571194,28.528442",40000,446,306
1757733640,2025-09-13T03:20:40Z,CPA261,"43.609028,28.457773",40000,444,306
1757733672,2025-09-13T03:21:12Z,CPA261,"43.645214,28.383551",40000,444,301
1757733704,2025-09-13T03:21:44Z,CPA261,"43.677906,28.307331",40000,440,300
1757733735,2025-09-13T03:22:15Z,CPA261,"43.711315,28.231773",40000,438,301
1757733766,2025-09-13T03:22:46Z,CPA261,"43.744743,28.157913",40000,436,302
1757733798,2025-09-13T03:23:18Z,CPA261,"43.778805,28.082788",40000,436,302
1757733829,2025-09-13T03:23:49Z,CPA261,"43.811638,28.009655",40000,438,301
1757733860,2025-09-13T03:24:20Z,CPA261,"43.845093,27.935257",40000,440,301
1757733891,2025-09-13T03:24:51Z,CPA261,"43.8778,27.862059",40000,440,301
1757733922,2025-09-13T03:25:22Z,CPA261,"43.911091,27.787319",40000,440,301
1757733953,2025-09-13T03:25:53Z,CPA261,"43.94426,27.712101",40000,438,301
1757733985,2025-09-13T03:26:25Z,CPA261,"43.977322,27.636795",40000,438,301
1757734016,2025-09-13T03:26:56Z,CPA261,"44.009895,27.562496",40000,437,301
1757734047,2025-09-13T03:27:27Z,CPA261,"44.04248,27.487936",40000,435,301
1757734079,2025-09-13T03:27:59Z,CPA261,"44.075542,27.412256",40000,435,301
1757734111,2025-09-13T03:28:31Z,CPA261,"44.108383,27.337019",40000,437,301
1757734142,2025-09-13T03:29:02Z,CPA261,"44.141205,27.261427",40000,438,301
1757734174,2025-09-13T03:29:34Z,CPA261,"44.174286,27.18483",40000,439,301
1757734205,2025-09-13T03:30:05Z,CPA261,"44.207222,27.108837",40000,439,301
1757734236,2025-09-13T03:30:36Z,CPA261,"44.239738,27.03352",40000,438,301
1757734268,2025-09-13T03:31:08Z,CPA261,"44.272968,26.956362",40000,440,301
1757734300,2025-09-13T03:31:40Z,CPA261,"44.305943,26.879364",40000,441,300
1757734331,2025-09-13T03:32:11Z,CPA261,"44.338745,26.803032",40000,442,300
1757734363,2025-09-13T03:32:43Z,CPA261,"44.371441,26.726381",40000,441,300
1757734394,2025-09-13T03:33:14Z,CPA261,"44.40419,26.649422",40000,442,300
1757734425,2025-09-13T03:33:45Z,CPA261,"44.436478,26.573301",40000,441,300
1757734457,2025-09-13T03:34:17Z,CPA261,"44.469383,26.495844",40000,440,300
1757734488,2025-09-13T03:34:48Z,CPA261,"44.502163,26.418388",40000,440,300
1757734519,2025-09-13T03:35:19Z,CPA261,"44.533802,26.343384",40000,441,300
1757734550,2025-09-13T03:35:50Z,CPA261,"44.565228,26.268354",40000,440,300
1757734581,2025-09-13T03:36:21Z,CPA261,"44.597523,26.191881",40000,440,300
1757734612,2025-09-13T03:36:52Z,CPA261,"44.630028,26.116081",40000,438,300
1757734645,2025-09-13T03:37:25Z,CPA261,"44.662949,26.035299",40000,438,300
1757734677,2025-09-13T03:37:57Z,CPA261,"44.695766,25.956894",40000,438,300
1757734709,2025-09-13T03:38:29Z,CPA261,"44.728752,25.877455",40000,440,300
1757734740,2025-09-13T03:39:00Z,CPA261,"44.75996,25.801991",40000,439,300
1757734771,2025-09-13T03:39:31Z,CPA261,"44.792007,25.723974",40000,439,300
1757734803,2025-09-13T03:40:03Z,CPA261,"44.824165,25.645748",40000,437,300
1757734835,2025-09-13T03:40:35Z,CPA261,"44.855656,25.56871",40000,438,299
1757734866,2025-09-13T03:41:06Z,CPA261,"44.887478,25.490683",40000,439,300
1757734898,2025-09-13T03:41:38Z,CPA261,"44.919666,25.412434",40000,439,300
1757734928,2025-09-13T03:42:08Z,CPA261,"44.950401,25.33787",40000,440,300
1757734960,2025-09-13T03:42:40Z,CPA261,"44.982437,25.259481",40000,440,299
1757734990,2025-09-13T03:43:10Z,CPA261,"45.013912,25.182365",40000,441,299
1757735022,2025-09-13T03:43:42Z,CPA261,"45.046326,25.102741",40000,443,299
1757735054,2025-09-13T03:44:14Z,CPA261,"45.078621,25.023188",40000,443,299
1757735086,2025-09-13T03:44:46Z,CPA261,"45.11087,24.94322",40000,442,299
1757735118,2025-09-13T03:45:18Z,CPA261,"45.142822,24.86384",40000,442,299
1757735149,2025-09-13T03:45:49Z,CPA261,"45.174755,24.784306",40000,441,299
1757735181,2025-09-13T03:46:21Z,CPA261,"45.206223,24.705563",40000,441,299
1757735212,2025-09-13T03:46:52Z,CPA261,"45.23769,24.626644",40000,439,299
1757735244,2025-09-13T03:47:24Z,CPA261,"45.269218,24.547146",40000,437,299
1757735276,2025-09-13T03:47:56Z,CPA261,"45.300564,24.468018",40000,438,299
1757735307,2025-09-13T03:48:27Z,CPA261,"45.331406,24.389286",40000,438,299
1757735338,2025-09-13T03:48:58Z,CPA261,"45.361946,24.31146",40000,437,298
1757735370,2025-09-13T03:49:30Z,CPA261,"45.392887,24.232771",40000,438,299
1757735402,2025-09-13T03:50:02Z,CPA261,"45.424416,24.152002",40000,438,298
1757735433,2025-09-13T03:50:33Z,CPA261,"45.455158,24.07299",40000,439,298
1757735464,2025-09-13T03:51:04Z,CPA261,"45.485661,23.994202",40000,440,298
1757735496,2025-09-13T03:51:36Z,CPA261,"45.516911,23.912914",40000,441,298
1757735527,2025-09-13T03:52:07Z,CPA261,"45.547501,23.833447",40000,442,298
1757735559,2025-09-13T03:52:39Z,CPA261,"45.578087,23.754333",40000,441,298
1757735590,2025-09-13T03:53:10Z,CPA261,"45.608627,23.674494",40000,441,298
1757735621,2025-09-13T03:53:41Z,CPA261,"45.639175,23.594637",40000,441,298
1757735653,2025-09-13T03:54:13Z,CPA261,"45.670059,23.51358",40000,441,298
1757735686,2025-09-13T03:54:46Z,CPA261,"45.701981,23.429531",40000,440,298
1757735717,2025-09-13T03:55:17Z,CPA261,"45.731918,23.350187",40000,440,298
1757735750,2025-09-13T03:55:50Z,CPA261,"45.763721,23.266108",40000,440,298
1757735781,2025-09-13T03:56:21Z,CPA261,"45.793709,23.186089",40000,440,298
1757735812,2025-09-13T03:56:52Z,CPA261,"45.823833,23.105946",40000,441,298
1757735844,2025-09-13T03:57:24Z,CPA261,"45.854267,23.025034",40000,440,298
1757735875,2025-09-13T03:57:55Z,CPA261,"45.88488,22.944483",40000,439,298
1757735907,2025-09-13T03:58:27Z,CPA261,"45.915325,22.863533",40000,439,298
1757735938,2025-09-13T03:58:58Z,CPA261,"45.945625,22.782888",40000,439,298
1757735970,2025-09-13T03:59:30Z,CPA261,"45.976002,22.700928",40000,439,297
1757736002,2025-09-13T04:00:02Z,CPA261,"46.00563,22.620232",40000,439,297
1757736033,2025-09-13T04:00:33Z,CPA261,"46.034927,22.540115",40000,439,297
1757736064,2025-09-13T04:01:04Z,CPA261,"46.064907,22.458263",40000,438,297
1757736096,2025-09-13T04:01:36Z,CPA261,"46.094826,22.376415",40000,437,297
1757736128,2025-09-13T04:02:08Z,CPA261,"46.124397,22.295515",40000,438,297
1757736160,2025-09-13T04:02:40Z,CPA261,"46.154495,22.212742",40000,437,297
1757736191,2025-09-13T04:03:11Z,CPA261,"46.183685,22.132509",40000,437,297
1757736222,2025-09-13T04:03:42Z,CPA261,"46.212971,22.051811",40000,438,297
1757736253,2025-09-13T04:04:13Z,CPA261,"46.242149,21.971235",40000,438,297
1757736284,2025-09-13T04:04:44Z,CPA261,"46.271477,21.890066",40000,438,297
1757736316,2025-09-13T04:05:16Z,CPA261,"46.300632,21.809135",40000,437,297
1757736347,2025-09-13T04:05:47Z,CPA261,"46.329639,21.728384",40000,436,297
1757736378,2025-09-13T04:06:18Z,CPA261,"46.358765,21.646952",40000,436,297
1757736409,2025-09-13T04:06:49Z,CPA261,"46.387569,21.56646",40000,436,297
1757736441,2025-09-13T04:07:21Z,CPA261,"46.416519,21.485096",40000,435,297
1757736473,2025-09-13T04:07:53Z,CPA261,"46.445759,21.40243",40000,434,296
1757736504,2025-09-13T04:08:24Z,CPA261,"46.474056,21.321518",40000,435,296
1757736536,2025-09-13T04:08:56Z,CPA261,"46.503151,21.238295",40000,436,296
1757736568,2025-09-13T04:09:28Z,CPA261,"46.53191,21.156267",40000,436,296
1757736599,2025-09-13T04:09:59Z,CPA261,"46.560307,21.074999",40000,434,296
1757736630,2025-09-13T04:10:30Z,CPA261,"46.588547,20.993708",40000,433,296
1757736662,2025-09-13T04:11:02Z,CPA261,"46.616703,20.911913",40000,434,296
1757736693,2025-09-13T04:11:33Z,CPA261,"46.644291,20.830593",40000,434,296
1757736724,2025-09-13T04:12:04Z,CPA261,"46.672001,20.74864",40000,434,296
1757736755,2025-09-13T04:12:35Z,CPA261,"46.699844,20.666656",40000,433,296
1757736787,2025-09-13T04:13:07Z,CPA261,"46.727402,20.585045",40000,432,296
1757736818,2025-09-13T04:13:38Z,CPA261,"46.755142,20.503016",40000,431,296
1757736850,2025-09-13T04:14:10Z,CPA261,"46.783073,20.420343",40000,431,296
1757736882,2025-09-13T04:14:42Z,CPA261,"46.810883,20.337767",40000,432,296
1757736913,2025-09-13T04:15:13Z,CPA261,"46.83849,20.255705",40000,432,296
1757736944,2025-09-13T04:15:44Z,CPA261,"46.86628,20.172997",40000,435,296
1757736975,2025-09-13T04:16:15Z,CPA261,"46.893631,20.091568",40000,436,295
1757737007,2025-09-13T04:16:47Z,CPA261,"46.921276,20.008612",40000,434,295
1757737038,2025-09-13T04:17:18Z,CPA261,"46.94846,19.926809",40000,434,295
1757737071,2025-09-13T04:17:51Z,CPA261,"46.977421,19.839323",40000,436,295
1757737102,2025-09-13T04:18:22Z,CPA261,"47.005009,19.755817",40000,440,295
1757737133,2025-09-13T04:18:53Z,CPA261,"47.03244,19.672602",40000,442,295
1757737165,2025-09-13T04:19:25Z,CPA261,"47.060184,19.588104",40000,440,295
1757737196,2025-09-13T04:19:56Z,CPA261,"47.087608,19.504271",40000,438,295
1757737227,2025-09-13T04:20:27Z,CPA261,"47.114559,19.421408",40000,436,295
1757737258,2025-09-13T04:20:58Z,CPA261,"47.141682,19.337606",40000,435,295
1757737289,2025-09-13T04:21:29Z,CPA261,"47.168358,19.254812",40000,434,295
1757737320,2025-09-13T04:22:00Z,CPA261,"47.194954,19.172098",40000,436,295
1757737351,2025-09-13T04:22:31Z,CPA261,"47.221207,19.08996",40000,438,295
1757737382,2025-09-13T04:23:02Z,CPA261,"47.247753,19.00709",40000,439,295
1757737413,2025-09-13T04:23:33Z,CPA261,"47.274685,18.922668",40000,440,295
1757737444,2025-09-13T04:24:04Z,CPA261,"47.301643,18.838049",40000,438,295
1757737476,2025-09-13T04:24:36Z,CPA261,"47.328403,18.753796",40000,437,295
1757737507,2025-09-13T04:25:07Z,CPA261,"47.354946,18.669901",40000,440,294
1757737538,2025-09-13T04:25:38Z,CPA261,"47.38155,18.585472",40000,440,294
1757737569,2025-09-13T04:26:09Z,CPA261,"47.408546,18.49947",40000,441,294
1757737601,2025-09-13T04:26:41Z,CPA261,"47.435509,18.413618",40000,442,294
1757737632,2025-09-13T04:27:12Z,CPA261,"47.462254,18.328091",40000,442,294
1757737664,2025-09-13T04:27:44Z,CPA261,"47.489265,18.241219",40000,442,294
1757737695,2025-09-13T04:28:15Z,CPA261,"47.516068,18.154921",40000,442,294
1757737726,2025-09-13T04:28:46Z,CPA261,"47.5424,18.069921",40000,441,294
1757737757,2025-09-13T04:29:17Z,CPA261,"47.568455,17.985193",40000,440,294
1757737788,2025-09-13T04:29:48Z,CPA261,"47.594528,17.900438",40000,441,294
1757737819,2025-09-13T04:30:19Z,CPA261,"47.621037,17.814035",40000,442,294
1757737850,2025-09-13T04:30:50Z,CPA261,"47.647137,17.728933",40000,442,294
1757737882,2025-09-13T04:31:22Z,CPA261,"47.673244,17.642811",40000,440,294
1757737913,2025-09-13T04:31:53Z,CPA261,"47.699535,17.556425",40000,442,294
1757737944,2025-09-13T04:32:24Z,CPA261,"47.725262,17.471212",40000,443,294
1757737977,2025-09-13T04:32:57Z,CPA261,"47.752571,17.380135",40000,445,293
1757738008,2025-09-13T04:33:28Z,CPA261,"47.778816,17.292818",40000,444,293
1757738040,2025-09-13T04:34:00Z,CPA261,"47.804996,17.205534",40000,441,295
1757738071,2025-09-13T04:34:31Z,CPA261,"47.835304,17.122435",40000,446,302
1757738102,2025-09-13T04:35:02Z,CPA261,"47.872429,17.044395",40000,450,308
1757738133,2025-09-13T04:35:33Z,CPA261,"47.9123,16.968901",40000,450,307
1757738164,2025-09-13T04:36:04Z,CPA261,"47.951145,16.892292",40000,447,306
1757738195,2025-09-13T04:36:35Z,CPA261,"47.99025,16.815273",40000,450,307
1757738226,2025-09-13T04:37:06Z,CPA261,"48.029591,16.738083",40000,452,307
1757738257,2025-09-13T04:37:37Z,CPA261,"48.068905,16.660839",40000,454,307
1757738288,2025-09-13T04:38:08Z,CPA261,"48.108326,16.582991",40000,454,307
1757738320,2025-09-13T04:38:40Z,CPA261,"48.147991,16.504608",40000,456,307
1757738351,2025-09-13T04:39:11Z,CPA261,"48.187546,16.426565",40000,456,307
1757738382,2025-09-13T04:39:42Z,CPA261,"48.227566,16.346956",40000,457,306
1757738413,2025-09-13T04:40:13Z,CPA261,"48.266834,16.26819",40000,457,306
1757738444,2025-09-13T04:40:44Z,CPA261,"48.305969,16.188885",40000,455,306
1757738476,2025-09-13T04:41:16Z,CPA261,"48.34552,16.109459",40000,454,306
1757738507,2025-09-13T04:41:47Z,CPA261,"48.385067,16.02968",40000,454,306
1757738539,2025-09-13T04:42:19Z,CPA261,"48.424202,15.950405",40000,454,306
1757738570,2025-09-13T04:42:50Z,CPA261,"48.463158,15.871241",40000,454,306
1757738601,2025-09-13T04:43:21Z,CPA261,"48.502544,15.791132",40000,455,306
1757738633,2025-09-13T04:43:53Z,CPA261,"48.541965,15.71077",40000,456,306
1757738665,2025-09-13T04:44:25Z,CPA261,"48.581654,15.629694",40000,454,306
1757738696,2025-09-13T04:44:56Z,CPA261,"48.620735,15.549561",40000,454,306
1757738727,2025-09-13T04:45:27Z,CPA261,"48.65921,15.470416",40000,452,306
1757738758,2025-09-13T04:45:58Z,CPA261,"48.697891,15.390458",40000,453,306
1757738790,2025-09-13T04:46:30Z,CPA261,"48.73629,15.31074",40000,455,306
1757738821,2025-09-13T04:47:01Z,CPA261,"48.775146,15.230322",40000,458,306
1757738852,2025-09-13T04:47:32Z,CPA261,"48.814648,15.148447",40000,458,306
1757738884,2025-09-13T04:48:04Z,CPA261,"48.853596,15.067372",40000,457,306
1757738915,2025-09-13T04:48:35Z,CPA261,"48.89254,14.98573",40000,455,305
1757738947,2025-09-13T04:49:07Z,CPA261,"48.93148,14.903736",40000,456,305
1757738979,2025-09-13T04:49:39Z,CPA261,"48.970726,14.82075",40000,457,305
1757739010,2025-09-13T04:50:10Z,CPA261,"49.009583,14.738375",40000,460,305
1757739042,2025-09-13T04:50:42Z,CPA261,"49.048672,14.655704",40000,460,305
1757739073,2025-09-13T04:51:13Z,CPA261,"49.087646,14.573132",40000,462,305
1757739105,2025-09-13T04:51:45Z,CPA261,"49.127178,14.488897",40000,464,305
1757739137,2025-09-13T04:52:17Z,CPA261,"49.166874,14.403972",40000,466,305
1757739169,2025-09-13T04:52:49Z,CPA261,"49.206436,14.318697",40000,467,305
1757739200,2025-09-13T04:53:20Z,CPA261,"49.246048,14.233172",40000,468,305
1757739232,2025-09-13T04:53:52Z,CPA261,"49.286469,14.145894",40000,468,305
1757739263,2025-09-13T04:54:23Z,CPA261,"49.324795,14.062763",40000,466,305
1757739295,2025-09-13T04:54:55Z,CPA261,"49.363533,13.978429",40000,465,305
1757739326,2025-09-13T04:55:26Z,CPA261,"49.402386,13.89347",40000,465,305
1757739358,2025-09-13T04:55:58Z,CPA261,"49.441448,13.807991",40000,466,305
1757739389,2025-09-13T04:56:29Z,CPA261,"49.480152,13.72295",40000,467,304
1757739421,2025-09-13T04:57:01Z,CPA261,"49.519314,13.636639",40000,468,304
1757739453,2025-09-13T04:57:33Z,CPA261,"49.558777,13.549489",40000,466,304
1757739485,2025-09-13T04:58:05Z,CPA261,"49.597485,13.463729",40000,462,304
1757739516,2025-09-13T04:58:36Z,CPA261,"49.635689,13.378695",40000,459,304
1757739548,2025-09-13T04:59:08Z,CPA261,"49.673573,13.293958",40000,462,304
1757739580,2025-09-13T04:59:40Z,CPA261,"49.71225,13.207513",40000,466,304
1757739611,2025-09-13T05:00:11Z,CPA261,"49.750851,13.121173",40000,465,304
1757739643,2025-09-13T05:00:43Z,CPA261,"49.789173,13.035099",40000,464,304
1757739675,2025-09-13T05:01:15Z,CPA261,"49.827396,12.948986",40000,463,304
1757739706,2025-09-13T05:01:46Z,CPA261,"49.865227,12.863436",40000,464,304
1757739737,2025-09-13T05:02:17Z,CPA261,"49.902763,12.777925",40000,464,304
1757739768,2025-09-13T05:02:48Z,CPA261,"49.940899,12.691108",40000,466,304
1757739800,2025-09-13T05:03:20Z,CPA261,"49.979103,12.603069",40000,465,302
1757739832,2025-09-13T05:03:52Z,CPA261,"50.011421,12.512436",40000,458,295
1757739863,2025-09-13T05:04:23Z,CPA261,"50.036617,12.415983",40000,452,288
1757739895,2025-09-13T05:04:55Z,CPA261,"50.05423,12.319121",40000,447,282
1757739926,2025-09-13T05:05:26Z,CPA261,"50.064987,12.21979",40000,443,276
1757739958,2025-09-13T05:05:58Z,CPA261,"50.068798,12.119452",40000,441,270
1757739989,2025-09-13T05:06:29Z,CPA261,"50.06937,12.019883",40000,441,271
1757740021,2025-09-13T05:07:01Z,CPA261,"50.070553,11.918886",40000,440,271
1757740052,2025-09-13T05:07:32Z,CPA261,"50.071461,11.820652",40000,442,270
1757740084,2025-09-13T05:08:04Z,CPA261,"50.072159,11.720758",40000,441,270
1757740116,2025-09-13T05:08:36Z,CPA261,"50.072906,11.620552",40000,441,270
1757740147,2025-09-13T05:09:07Z,CPA261,"50.073471,11.521303",40000,443,270
1757740178,2025-09-13T05:09:38Z,CPA261,"50.074097,11.421761",40000,442,270
1757740209,2025-09-13T05:10:09Z,CPA261,"50.074604,11.323161",40000,439,270
1757740241,2025-09-13T05:10:41Z,CPA261,"50.074997,11.224426",40000,438,270
1757740272,2025-09-13T05:11:12Z,CPA261,"50.075256,11.125704",40000,437,270
1757740304,2025-09-13T05:11:44Z,CPA261,"50.075291,11.026676",40000,436,270
1757740335,2025-09-13T05:12:15Z,CPA261,"50.075207,10.929619",40000,435,270
1757740366,2025-09-13T05:12:46Z,CPA261,"50.075127,10.831213",40000,436,270
1757740398,2025-09-13T05:13:18Z,CPA261,"50.074997,10.731761",40000,437,269
1757740430,2025-09-13T05:13:50Z,CPA261,"50.074749,10.632725",40000,440,269
1757740461,2025-09-13T05:14:21Z,CPA261,"50.074532,10.534443",40000,440,269
1757740492,2025-09-13T05:14:52Z,CPA261,"50.074203,10.435715",40000,440,269
1757740523,2025-09-13T05:15:23Z,CPA261,"50.073818,10.33668",40000,441,269
1757740555,2025-09-13T05:15:55Z,CPA261,"50.070423,10.237095",40000,439,263
1757740586,2025-09-13T05:16:26Z,CPA261,"50.063316,10.140519",40000,438,263
1757740617,2025-09-13T05:16:57Z,CPA261,"50.057236,10.042927",40000,440,264
1757740648,2025-09-13T05:17:28Z,CPA261,"50.051632,9.944428",40000,441,265
1757740679,2025-09-13T05:17:59Z,CPA261,"50.045975,9.846348",40000,442,264
1757740711,2025-09-13T05:18:31Z,CPA261,"50.040096,9.74703",40000,443,264
1757740742,2025-09-13T05:19:02Z,CPA261,"50.034187,9.646399",40000,444,264
1757740774,2025-09-13T05:19:34Z,CPA261,"50.028069,9.546638",40000,442,264
1757740805,2025-09-13T05:20:05Z,CPA261,"50.022144,9.449143",40000,439,264
1757740835,2025-09-13T05:20:35Z,CPA261,"50.016235,9.353162",40000,438,264
1757740866,2025-09-13T05:21:06Z,CPA261,"50.010208,9.256866",40000,439,264
1757740897,2025-09-13T05:21:37Z,CPA261,"50.003887,9.159055",40000,439,264
1757740928,2025-09-13T05:22:08Z,CPA261,"49.997562,9.061985",40000,440,264
1757740960,2025-09-13T05:22:40Z,CPA261,"49.991161,8.964128",40000,438,264
1757740991,2025-09-13T05:23:11Z,CPA261,"49.984592,8.866903",40000,438,263
1757741022,2025-09-13T05:23:42Z,CPA261,"49.977924,8.768221",40000,438,263
1757741054,2025-09-13T05:24:14Z,CPA261,"49.971348,8.670619",40000,436,263
1757741085,2025-09-13T05:24:45Z,CPA261,"49.964542,8.572563",40000,436,263
1757741117,2025-09-13T05:25:17Z,CPA261,"49.957554,8.473116",40000,439,263
1757741149,2025-09-13T05:25:49Z,CPA261,"49.950542,8.375673",40000,441,263
1757741180,2025-09-13T05:26:20Z,CPA261,"49.943466,8.276742",40000,442,263
1757741211,2025-09-13T05:26:51Z,CPA261,"49.936306,8.17882",40000,441,263
1757741242,2025-09-13T05:27:22Z,CPA261,"49.928997,8.081487",40000,441,263
1757741273,2025-09-13T05:27:53Z,CPA261,"49.921581,7.984007",40000,440,263
1757741305,2025-09-13T05:28:25Z,CPA261,"49.914158,7.886543",40000,438,263
1757741336,2025-09-13T05:28:56Z,CPA261,"49.906609,7.788908",40000,440,263
1757741367,2025-09-13T05:29:27Z,CPA261,"49.899014,7.691461",40000,444,263
1757741398,2025-09-13T05:29:58Z,CPA261,"49.89127,7.593525",40000,446,263
1757741429,2025-09-13T05:30:29Z,CPA261,"49.883648,7.495991",40000,442,263
1757741460,2025-09-13T05:31:00Z,CPA261,"49.875824,7.398943",40000,438,262
1757741492,2025-09-13T05:31:32Z,CPA261,"49.86797,7.301822",40000,438,262
1757741523,2025-09-13T05:32:03Z,CPA261,"49.860031,7.205292",40000,438,262
1757741554,2025-09-13T05:32:34Z,CPA261,"49.851963,7.107951",40000,439,262
1757741585,2025-09-13T05:33:05Z,CPA261,"49.843838,7.010951",40000,439,262
1757741617,2025-09-13T05:33:37Z,CPA261,"49.835629,6.912587",40000,439,262
1757741649,2025-09-13T05:34:09Z,CPA261,"49.82658,6.813434",40000,438,259
1757741680,2025-09-13T05:34:40Z,CPA261,"49.812717,6.718621",40000,436,256
1757741711,2025-09-13T05:35:11Z,CPA261,"49.798531,6.624987",40000,434,257
1757741743,2025-09-13T05:35:43Z,CPA261,"49.784904,6.529214",39800,430,257
1757741774,2025-09-13T05:36:14Z,CPA261,"49.771923,6.436292",39275,426,257
1757741805,2025-09-13T05:36:45Z,CPA261,"49.758892,6.344433",38775,430,257
1757741836,2025-09-13T05:37:16Z,CPA261,"49.745564,6.250698",38250,427,257
1757741867,2025-09-13T05:37:47Z,CPA261,"49.732445,6.159914",37750,420,257
1757741898,2025-09-13T05:38:18Z,CPA261,"49.719299,6.069213",37150,420,257
1757741930,2025-09-13T05:38:50Z,CPA261,"49.705906,5.977745",36375,416,257
1757741963,2025-09-13T05:39:23Z,CPA261,"49.69241,5.884234",35550,398,257
1757741994,2025-09-13T05:39:54Z,CPA261,"49.68034,5.799997",34800,384,257
1757742025,2025-09-13T05:40:25Z,CPA261,"49.668388,5.719207",34275,362,256
1757742057,2025-09-13T05:40:57Z,CPA261,"49.656803,5.641665",33775,342,257
1757742088,2025-09-13T05:41:28Z,CPA261,"49.645576,5.567621",32275,351,256
1757742120,2025-09-13T05:42:00Z,CPA261,"49.633884,5.490179",31075,354,256
1757742151,2025-09-13T05:42:31Z,CPA261,"49.622658,5.415017",31000,329,256
1757742183,2025-09-13T05:43:03Z,CPA261,"49.611759,5.343612",31000,323,256
1757742214,2025-09-13T05:43:34Z,CPA261,"49.601109,5.27408",31000,321,256
1757742246,2025-09-13T05:44:06Z,CPA261,"49.593002,5.203698",31000,323,264
1757742254,2025-09-13T05:44:14Z,CPA261,"49.59219,5.184901",31000,324,267
1757742256,2025-09-13T05:44:16Z,CPA261,"49.592087,5.180367",31000,325,268
1757742260,2025-09-13T05:44:20Z,CPA261,"49.591965,5.170483",31000,325,269
1757742262,2025-09-13T05:44:22Z,CPA261,"49.591965,5.1656",31000,326,270
1757742267,2025-09-13T05:44:27Z,CPA261,"49.591988,5.155962",31000,326,271
1757742298,2025-09-13T05:44:58Z,CPA261,"49.593151,5.083711",31000,326,270
1757742321,2025-09-13T05:45:21Z,CPA261,"49.596424,5.029895",30750,328,280
1757742323,2025-09-13T05:45:23Z,CPA261,"49.597103,5.025091",30700,328,281
1757742325,2025-09-13T05:45:25Z,CPA261,"49.597786,5.020222",30650,329,281
1757742327,2025-09-13T05:45:27Z,CPA261,"49.598442,5.015441",30575,328,282
1757742330,2025-09-13T05:45:30Z,CPA261,"49.599167,5.010556",30525,328,282
1757742332,2025-09-13T05:45:32Z,CPA261,"49.599983,5.00527",30475,328,282
1757742334,2025-09-13T05:45:34Z,CPA261,"49.600735,5.000658",30425,327,283
1757742365,2025-09-13T05:46:05Z,CPA261,"49.611279,4.930207",29575,321,282
1757742397,2025-09-13T05:46:37Z,CPA261,"49.621399,4.859437",28575,320,282
1757742428,2025-09-13T05:47:08Z,CPA261,"49.630955,4.790051",27725,315,281
1757742460,2025-09-13T05:47:40Z,CPA261,"49.640163,4.721606",26800,314,281
1757742491,2025-09-13T05:48:11Z,CPA261,"49.649338,4.652808",26050,317,281
1757742523,2025-09-13T05:48:43Z,CPA261,"49.658119,4.582197",25975,317,275
1757742527,2025-09-13T05:48:47Z,CPA261,"49.658401,4.573107",25900,315,270
1757742529,2025-09-13T05:48:49Z,CPA261,"49.658405,4.568656",25875,313,266
1757742531,2025-09-13T05:48:51Z,CPA261,"49.658184,4.564054",25825,312,263
1757742533,2025-09-13T05:48:53Z,CPA261,"49.657829,4.559168",25750,311,260
1757742535,2025-09-13T05:48:55Z,CPA261,"49.657291,4.554788",25700,310,256
1757742537,2025-09-13T05:48:57Z,CPA261,"49.656605,4.550115",25625,310,254
1757742539,2025-09-13T05:48:59Z,CPA261,"49.655785,4.545833",25575,310,251
1757742541,2025-09-13T05:49:01Z,CPA261,"49.654789,4.541264",25500,310,250
1757742543,2025-09-13T05:49:03Z,CPA261,"49.653782,4.537021",25450,310,249
1757742546,2025-09-13T05:49:06Z,CPA261,"49.652729,4.532716",25400,311,248
1757742548,2025-09-13T05:49:08Z,CPA261,"49.651665,4.52859",25325,309,247
1757742550,2025-09-13T05:49:10Z,CPA261,"49.650482,4.524371",25275,310,247
1757742552,2025-09-13T05:49:12Z,CPA261,"49.649487,4.520257",25250,309,247
1757742554,2025-09-13T05:49:14Z,CPA261,"49.648281,4.51578",25200,310,247
1757742556,2025-09-13T05:49:16Z,CPA261,"49.647133,4.511395",25175,308,247
1757742558,2025-09-13T05:49:18Z,CPA261,"49.646168,4.507752",25125,308,248
1757742560,2025-09-13T05:49:20Z,CPA261,"49.64505,4.503614",25100,306,248
1757742562,2025-09-13T05:49:22Z,CPA261,"49.643887,4.499272",25075,306,248
1757742593,2025-09-13T05:49:53Z,CPA261,"49.628822,4.435725",24350,302,251
1757742625,2025-09-13T05:50:25Z,CPA261,"49.615051,4.371922",23425,303,251
1757742656,2025-09-13T05:50:56Z,CPA261,"49.601021,4.307442",22650,301,251
1757742688,2025-09-13T05:51:28Z,CPA261,"49.58704,4.244516",21775,299,250
1757742719,2025-09-13T05:51:59Z,CPA261,"49.572998,4.181533",20975,297,250
1757742751,2025-09-13T05:52:31Z,CPA261,"49.558918,4.118823",20275,292,250
1757742782,2025-09-13T05:53:02Z,CPA261,"49.545177,4.057321",19525,287,251
1757742814,2025-09-13T05:53:34Z,CPA261,"49.531757,3.996394",18675,285,251
1757742846,2025-09-13T05:54:06Z,CPA261,"49.518459,3.936247",17750,280,250
1757742878,2025-09-13T05:54:38Z,CPA261,"49.505058,3.876333",16475,275,250
1757742909,2025-09-13T05:55:09Z,CPA261,"49.491871,3.817691",15075,276,250
1757742941,2025-09-13T05:55:41Z,CPA261,"49.478813,3.761059",14275,266,250
1757742972,2025-09-13T05:56:12Z,CPA261,"49.466122,3.705045",13650,258,250
1757743004,2025-09-13T05:56:44Z,CPA261,"49.45459,3.654081",13300,222,250
1757743036,2025-09-13T05:57:16Z,CPA261,"49.445045,3.605439",12575,223,255
1757743068,2025-09-13T05:57:48Z,CPA261,"49.437202,3.557706",12050,224,255
1757743099,2025-09-13T05:58:19Z,CPA261,"49.428715,3.508432",11525,225,255
1757743112,2025-09-13T05:58:32Z,CPA261,"49.425449,3.489148",11325,226,255
1757743125,2025-09-13T05:58:45Z,CPA261,"49.422005,3.469311",11100,225,252
1757743131,2025-09-13T05:58:51Z,CPA261,"49.419781,3.459673",11000,224,245
1757743134,2025-09-13T05:58:54Z,CPA261,"49.418892,3.456711",10975,224,240
1757743136,2025-09-13T05:58:56Z,CPA261,"49.417622,3.453229",10925,224,235
1757743138,2025-09-13T05:58:58Z,CPA261,"49.416519,3.450683",10875,224,231
1757743140,2025-09-13T05:59:00Z,CPA261,"49.415108,3.448144",10850,226,227
1757743142,2025-09-13T05:59:02Z,CPA261,"49.413532,3.445774",10800,225,221
1757743144,2025-09-13T05:59:04Z,CPA261,"49.411716,3.443272",10750,226,218
1757743146,2025-09-13T05:59:06Z,CPA261,"49.409943,3.441238",10725,228,212
1757743149,2025-09-13T05:59:09Z,CPA261,"49.407898,3.43974",10675,229,207
1757743151,2025-09-13T05:59:11Z,CPA261,"49.406059,3.438146",10650,230,203
1757743153,2025-09-13T05:59:13Z,CPA261,"49.403679,3.436484",10600,232,198
1757743155,2025-09-13T05:59:15Z,CPA261,"49.401287,3.435324",10575,233,193
1757743157,2025-09-13T05:59:17Z,CPA261,"49.399273,3.434669",10525,235,189
1757743159,2025-09-13T05:59:19Z,CPA261,"49.396824,3.434149",10500,237,185
1757743162,2025-09-13T05:59:22Z,CPA261,"49.394718,3.433834",10475,238,182
1757743164,2025-09-13T05:59:24Z,CPA261,"49.392429,3.433778",10425,239,179
1757743166,2025-09-13T05:59:26Z,CPA261,"49.390034,3.434077",10375,240,178
1757743168,2025-09-13T05:59:28Z,CPA261,"49.387859,3.434137",10350,240,176
1757743171,2025-09-13T05:59:31Z,CPA261,"49.384045,3.43449",10275,241,175
1757743173,2025-09-13T05:59:33Z,CPA261,"49.381886,3.434912",10250,242,174
1757743175,2025-09-13T05:59:35Z,CPA261,"49.379425,3.435173",10175,242,174
1757743177,2025-09-13T05:59:37Z,CPA261,"49.376629,3.435662",10125,243,173
1757743179,2025-09-13T05:59:39Z,CPA261,"49.374851,3.436011",10075,244,173
1757743181,2025-09-13T05:59:41Z,CPA261,"49.37233,3.436421",10025,244,173
1757743183,2025-09-13T05:59:43Z,CPA261,"49.369637,3.436264",9975,244,173
1757743186,2025-09-13T05:59:46Z,CPA261,"49.368042,3.437154",9900,245,173
1757743188,2025-09-13T05:59:48Z,CPA261,"49.365627,3.437517",9875,245,173
1757743190,2025-09-13T05:59:50Z,CPA261,"49.363373,3.43797",9825,245,173
1757743202,2025-09-13T06:00:02Z,CPA261,"49.349083,3.440366",9575,245,173
1757743218,2025-09-13T06:00:18Z,CPA261,"49.330933,3.443479",9350,240,173
1757743231,2025-09-13T06:00:31Z,CPA261,"49.317051,3.445717",9125,239,173
1757743246,2025-09-13T06:00:46Z,CPA261,"49.301289,3.448484",9025,241,173
1757743260,2025-09-13T06:01:00Z,CPA261,"49.285557,3.451068",9000,241,173
1757743272,2025-09-13T06:01:12Z,CPA261,"49.27145,3.453478",9000,240,173
1757743287,2025-09-13T06:01:27Z,CPA261,"49.25552,3.456089",9000,240,173
1757743299,2025-09-13T06:01:39Z,CPA261,"49.241829,3.458346",9000,237,173
1757743312,2025-09-13T06:01:52Z,CPA261,"49.227604,3.460665",9000,237,173
1757743328,2025-09-13T06:02:08Z,CPA261,"49.209961,3.46383",9000,238,173
1757743343,2025-09-13T06:02:23Z,CPA261,"49.194283,3.466324",9000,237,173
1757743355,2025-09-13T06:02:35Z,CPA261,"49.180866,3.468541",9000,236,173
1757743368,2025-09-13T06:02:48Z,CPA261,"49.167313,3.470731",9000,235,173
1757743383,2025-09-13T06:03:03Z,CPA261,"49.151375,3.473268",9000,236,174
1757743395,2025-09-13T06:03:15Z,CPA261,"49.137772,3.475179",9000,234,176
1757743402,2025-09-13T06:03:22Z,CPA261,"49.129482,3.474955",9000,229,186
1757743405,2025-09-13T06:03:25Z,CPA261,"49.127834,3.474644",9000,227,190
1757743407,2025-09-13T06:03:27Z,CPA261,"49.125751,3.473873",9000,226,194
1757743409,2025-09-13T06:03:29Z,CPA261,"49.123161,3.472952",9000,225,197
1757743411,2025-09-13T06:03:31Z,CPA261,"49.121513,3.472075",9000,224,199
1757743413,2025-09-13T06:03:33Z,CPA261,"49.119408,3.470974",9000,223,202
1757743415,2025-09-13T06:03:35Z,CPA261,"49.117493,3.46979",9000,222,203
1757743417,2025-09-13T06:03:37Z,CPA261,"49.115425,3.468282",9000,222,205
1757743419,2025-09-13T06:03:39Z,CPA261,"49.113411,3.466784",9000,223,206
1757743421,2025-09-13T06:03:41Z,CPA261,"49.111687,3.465421",9000,221,206
1757743423,2025-09-13T06:03:43Z,CPA261,"49.10968,3.463933",8975,221,207
1757743425,2025-09-13T06:03:45Z,CPA261,"49.107834,3.462423",8950,222,207
1757743428,2025-09-13T06:03:48Z,CPA261,"49.105694,3.460697",8925,220,207
1757743430,2025-09-13T06:03:50Z,CPA261,"49.103458,3.458733",8900,220,207
1757743432,2025-09-13T06:03:52Z,CPA261,"49.102249,3.457856",8875,220,207
1757743434,2025-09-13T06:03:54Z,CPA261,"49.100182,3.456234",8825,221,208
1757743436,2025-09-13T06:03:56Z,CPA261,"49.098083,3.454573",8775,220,209
1757743438,2025-09-13T06:03:58Z,CPA261,"49.096825,3.453083",8725,220,210
1757743441,2025-09-13T06:04:01Z,CPA261,"49.093918,3.450414",8650,220,214
1757743444,2025-09-13T06:04:04Z,CPA261,"49.091175,3.447325",8600,219,220
1757743446,2025-09-13T06:04:06Z,CPA261,"49.089756,3.445477",8550,219,224
1757743448,2025-09-13T06:04:08Z,CPA261,"49.087933,3.44297",8500,218,228
1757743452,2025-09-13T06:04:12Z,CPA261,"49.08606,3.439176",8425,219,232
1757743454,2025-09-13T06:04:14Z,CPA261,"49.084976,3.437251",8375,218,234
1757743456,2025-09-13T06:04:16Z,CPA261,"49.083576,3.433801",8325,219,236
1757743458,2025-09-13T06:04:18Z,CPA261,"49.082558,3.431553",8275,219,238
1757743460,2025-09-13T06:04:20Z,CPA261,"49.081306,3.428383",8250,220,239
1757743462,2025-09-13T06:04:22Z,CPA261,"49.08036,3.426122",8200,219,240
1757743464,2025-09-13T06:04:24Z,CPA261,"49.079494,3.423388",8150,220,240
1757743466,2025-09-13T06:04:26Z,CPA261,"49.078445,3.420427",8100,220,241
1757743468,2025-09-13T06:04:28Z,CPA261,"49.077385,3.417559",8075,220,241
1757743470,2025-09-13T06:04:30Z,CPA261,"49.076302,3.414355",8050,219,241
1757743472,2025-09-13T06:04:32Z,CPA261,"49.075325,3.41182",8025,221,241
1757743474,2025-09-13T06:04:34Z,CPA261,"49.074337,3.408853",8025,220,242
1757743477,2025-09-13T06:04:37Z,CPA261,"49.072262,3.405419",8025,220,244
1757743479,2025-09-13T06:04:39Z,CPA261,"49.072105,3.4024",8000,220,246
1757743481,2025-09-13T06:04:41Z,CPA261,"49.071312,3.399101",8000,220,247
1757743483,2025-09-13T06:04:43Z,CPA261,"49.070919,3.397161",8000,219,250
1757743485,2025-09-13T06:04:45Z,CPA261,"49.0704,3.393641",8000,220,251
1757743487,2025-09-13T06:04:47Z,CPA261,"49.069672,3.390794",8000,220,254
1757743489,2025-09-13T06:04:49Z,CPA261,"49.068893,3.387672",8000,220,256
1757743491,2025-09-13T06:04:51Z,CPA261,"49.068604,3.384663",8000,220,258
1757743493,2025-09-13T06:04:53Z,CPA261,"49.068069,3.381509",8000,220,260
1757743495,2025-09-13T06:04:55Z,CPA261,"49.067703,3.378089",8000,220,261
1757743497,2025-09-13T06:04:57Z,CPA261,"49.067417,3.375275",8000,222,263
1757743500,2025-09-13T06:05:00Z,CPA261,"49.066875,3.369508",8000,222,264
1757743503,2025-09-13T06:05:03Z,CPA261,"49.066776,3.367115",8000,221,265
1757743505,2025-09-13T06:05:05Z,CPA261,"49.066586,3.363855",8000,221,265
1757743507,2025-09-13T06:05:07Z,CPA261,"49.06662,3.360354",8000,221,265
1757743509,2025-09-13T06:05:09Z,CPA261,"49.066463,3.356807",8000,221,265
1757743511,2025-09-13T06:05:11Z,CPA261,"49.066143,3.353788",8000,221,265
1757743513,2025-09-13T06:05:13Z,CPA261,"49.065876,3.350525",8000,222,265
1757743515,2025-09-13T06:05:15Z,CPA261,"49.06572,3.346296",8000,221,265
1757743517,2025-09-13T06:05:17Z,CPA261,"49.065666,3.344047",8000,220,265
1757743532,2025-09-13T06:05:32Z,CPA261,"49.064426,3.321899",8000,219,265
1757743549,2025-09-13T06:05:49Z,CPA261,"49.063622,3.295187",8000,220,265
1757743562,2025-09-13T06:06:02Z,CPA261,"49.062397,3.274873",7900,218,266
1757743577,2025-09-13T06:06:17Z,CPA261,"49.061325,3.252526",7600,219,266
1757743589,2025-09-13T06:06:29Z,CPA261,"49.060383,3.232335",7400,218,266
1757743602,2025-09-13T06:06:42Z,CPA261,"49.059563,3.213286",7200,217,266
1757743616,2025-09-13T06:06:56Z,CPA261,"49.058784,3.191945",7025,216,266
1757743629,2025-09-13T06:07:09Z,CPA261,"49.057838,3.17012",7000,217,266
1757743643,2025-09-13T06:07:23Z,CPA261,"49.055679,3.15299",7000,217,266
1757743658,2025-09-13T06:07:38Z,CPA261,"49.054955,3.130363",6750,217,266
1757743672,2025-09-13T06:07:52Z,CPA261,"49.055164,3.106226",6475,218,266
1757743695,2025-09-13T06:08:15Z,CPA261,"49.05357,3.070149",6075,218,265
1757743710,2025-09-13T06:08:30Z,CPA261,"49.05048,3.050848",5925,218,265
1757743727,2025-09-13T06:08:47Z,CPA261,"49.049988,3.022393",5750,217,265
1757743748,2025-09-13T06:09:08Z,CPA261,"49.049702,2.989271",5350,222,265
1757743761,2025-09-13T06:09:21Z,CPA261,"49.046612,2.971925",5050,222,265
1757743776,2025-09-13T06:09:36Z,CPA261,"49.046825,2.944635",4925,213,265
1757743783,2025-09-13T06:09:43Z,CPA261,"49.04607,2.934642",4925,207,265
1757743792,2025-09-13T06:09:52Z,CPA261,"49.044224,2.927061",4925,199,265
1757743799,2025-09-13T06:09:59Z,CPA261,"49.045033,2.912095",4875,194,265
1757743811,2025-09-13T06:10:11Z,CPA261,"49.042877,2.900602",4675,191,265
1757743822,2025-09-13T06:10:22Z,CPA261,"49.042099,2.885601",4475,186,265
1757743831,2025-09-13T06:10:31Z,CPA261,"49.041573,2.874732",4350,179,265
1757743839,2025-09-13T06:10:39Z,CPA261,"49.041092,2.864403",4200,174,265
1757743847,2025-09-13T06:10:47Z,CPA261,"49.041351,2.844004",4050,169,265
1757743860,2025-09-13T06:11:00Z,CPA261,"49.039848,2.839532",3850,168,265
1757743867,2025-09-13T06:11:07Z,CPA261,"49.039444,2.831163",3750,168,265
1757743882,2025-09-13T06:11:22Z,CPA261,"49.038593,2.813946",3525,168,265
1757743889,2025-09-13T06:11:29Z,CPA261,"49.038807,2.810369",3400,168,265
1757743898,2025-09-13T06:11:38Z,CPA261,"49.038479,2.791904",3275,167,265
1757743905,2025-09-13T06:11:45Z,CPA261,"49.038017,2.783755",3175,167,265
1757743911,2025-09-13T06:11:51Z,CPA261,"49.037487,2.776297",3075,166,265
1757743921,2025-09-13T06:12:01Z,CPA261,"49.036839,2.766203",2950,166,265
1757743927,2025-09-13T06:12:07Z,CPA261,"49.036736,2.760085",2850,165,265
1757743935,2025-09-13T06:12:15Z,CPA261,"49.036289,2.748357",2750,164,265
1757743943,2025-09-13T06:12:23Z,CPA261,"49.036083,2.735785",2625,164,265
1757743952,2025-09-13T06:12:32Z,CPA261,"49.035286,2.728759",2475,163,265
1757743960,2025-09-13T06:12:40Z,CPA261,"49.034939,2.716279",2350,162,265
1757743968,2025-09-13T06:12:48Z,CPA261,"49.034344,2.70705",2225,161,265
1757743974,2025-09-13T06:12:54Z,CPA261,"49.033878,2.699795",2150,158,265
1757743981,2025-09-13T06:13:01Z,CPA261,"49.035095,2.699159",2050,152,265
1757743989,2025-09-13T06:13:09Z,CPA261,"49.03299,2.683727",1950,147,265
1757743995,2025-09-13T06:13:15Z,CPA261,"49.033005,2.678755",1875,140,265
1757744002,2025-09-13T06:13:22Z,CPA261,"49.031891,2.67827",1775,133,265
1757744013,2025-09-13T06:13:33Z,CPA261,"49.031387,2.66834",1650,124,265
1757744021,2025-09-13T06:13:41Z,CPA261,"49.034328,2.663575",1550,122,265
1757744028,2025-09-13T06:13:48Z,CPA261,"49.030727,2.655222",1475,122,265
1757744041,2025-09-13T06:14:01Z,CPA261,"49.030212,2.644308",1350,123,265
1757744048,2025-09-13T06:14:08Z,CPA261,"49.033813,2.643132",1275,124,265
1757744056,2025-09-13T06:14:16Z,CPA261,"49.033543,2.635188",1175,125,265
1757744063,2025-09-13T06:14:23Z,CPA261,"49.029236,2.624721",1100,126,265
1757744073,2025-09-13T06:14:33Z,CPA261,"49.028824,2.616155",975,127,265
1757744081,2025-09-13T06:14:41Z,CPA261,"49.028549,2.609816",900,128,265
1757744087,2025-09-13T06:14:47Z,CPA261,"49.028229,2.603478",825,128,265
1757744095,2025-09-13T06:14:55Z,CPA261,"49.027908,2.596929",750,129,265
1757744105,2025-09-13T06:15:05Z,CPA261,"49.02742,2.587064",600,130,265
1757744117,2025-09-13T06:15:17Z,CPA261,"49.026814,2.575716",475,135,265
1757744125,2025-09-13T06:15:25Z,CPA261,"49.026443,2.567913",350,135,265
1757744134,2025-09-13T06:15:34Z,CPA261,"49.026077,2.560589",300,132,265
