Timestamp,UTC,Callsign,Position,Altitude,Speed,Direction
1757668922,2025-09-12T09:22:02Z,CPA647,"22.314812,113.926552",0,0,210
1757668940,2025-09-12T09:22:20Z,CPA647,"22.315037,113.926567",0,2,241
1757668960,2025-09-12T09:22:40Z,CPA647,"22.315247,113.926697",0,3,281
1757668984,2025-09-12T09:23:04Z,CPA647,"22.315235,113.92691",0,2,295
1757669286,2025-09-12T09:28:06Z,CPA647,"22.315407,113.926491",0,4,295
1757669298,2025-09-12T09:28:18Z,CPA647,"22.31551,113.926247",0,4,295
1757669315,2025-09-12T09:28:35Z,CPA647,"22.315687,113.925896",0,5,295
1757669323,2025-09-12T09:28:43Z,CPA647,"22.315781,113.92569",0,6,295
1757669337,2025-09-12T09:28:57Z,CPA647,"22.315956,113.925301",0,0,295
1757669346,2025-09-12T09:29:06Z,CPA647,"22.316071,113.925041",0,7,295
1757669355,2025-09-12T09:29:15Z,CPA647,"22.3162,113.924751",0,7,295
1757669362,2025-09-12T09:29:22Z,CPA647,"22.316299,113.92453",0,7,295
1757669369,2025-09-12T09:29:29Z,CPA647,"22.316391,113.924316",0,7,295
1757669376,2025-09-12T09:29:36Z,CPA647,"22.316467,113.924049",0,8,289
1757669381,2025-09-12T09:29:41Z,CPA647,"22.316448,113.923828",0,9,275
1757669387,2025-09-12T09:29:47Z,CPA647,"22.316387,113.923584",0,9,261
1757669392,2025-09-12T09:29:52Z,CPA647,"22.316311,113.923363",0,10,255
1757669396,2025-09-12T09:29:56Z,CPA647,"22.316231,113.923157",0,10,250
1757669401,2025-09-12T09:30:01Z,CPA647,"22.316154,113.922943",0,10,250
1757669405,2025-09-12T09:30:05Z,CPA647,"22.316082,113.922714",0,11,250
1757669411,2025-09-12T09:30:11Z,CPA647,"22.316002,113.922447",0,11,250
1757669420,2025-09-12T09:30:20Z,CPA647,"22.315853,113.921989",0,11,250
1757669428,2025-09-12T09:30:28Z,CPA647,"22.315704,113.921532",0,12,250
1757669434,2025-09-12T09:30:34Z,CPA647,"22.31559,113.921165",0,11,250
1757669441,2025-09-12T09:30:41Z,CPA647,"22.315491,113.92086",0,9,250
1757669448,2025-09-12T09:30:48Z,CPA647,"22.315315,113.920654",0,10,233
1757669452,2025-09-12T09:30:52Z,CPA647,"22.315086,113.920631",0,11,205
1757669457,2025-09-12T09:30:57Z,CPA647,"22.31488,113.920708",0,10,180
1757669465,2025-09-12T09:31:05Z,CPA647,"22.314583,113.92086",0,9,163
1757669471,2025-09-12T09:31:11Z,CPA647,"22.31435,113.920952",0,8,160
1757669480,2025-09-12T09:31:20Z,CPA647,"22.31407,113.921051",0,7,160
1757669488,2025-09-12T09:31:28Z,CPA647,"22.31385,113.921143",0,6,160
1757669495,2025-09-12T09:31:35Z,CPA647,"22.313644,113.921219",0,6,160
1757669504,2025-09-12T09:31:44Z,CPA647,"22.313438,113.921295",0,5,160
1757669514,2025-09-12T09:31:54Z,CPA647,"22.31321,113.921379",0,5,160
1757669523,2025-09-12T09:32:03Z,CPA647,"22.312988,113.921455",0,6,160
1757669530,2025-09-12T09:32:10Z,CPA647,"22.312767,113.921547",0,7,160
1757669538,2025-09-12T09:32:18Z,CPA647,"22.312523,113.921638",0,8,160
1757669545,2025-09-12T09:32:25Z,CPA647,"22.312248,113.92173",0,10,160
1757669552,2025-09-12T09:32:32Z,CPA647,"22.311941,113.921852",0,11,160
1757669560,2025-09-12T09:32:40Z,CPA647,"22.311573,113.921982",0,12,160
1757669566,2025-09-12T09:32:46Z,CPA647,"22.311255,113.922104",0,12,160
1757669573,2025-09-12T09:32:53Z,CPA647,"22.310823,113.922256",0,12,160
1757669580,2025-09-12T09:33:00Z,CPA647,"22.310463,113.922401",0,13,160
1757669588,2025-09-12T09:33:08Z,CPA647,"22.310032,113.922554",0,13,160
1757669595,2025-09-12T09:33:15Z,CPA647,"22.309649,113.922707",0,13,160
1757669602,2025-09-12T09:33:22Z,CPA647,"22.309227,113.922852",0,13,160
1757669610,2025-09-12T09:33:30Z,CPA647,"22.308792,113.923019",0,14,160
1757669616,2025-09-12T09:33:36Z,CPA647,"22.308392,113.923172",0,14,160
1757669623,2025-09-12T09:33:43Z,CPA647,"22.30798,113.923332",0,13,160
1757669631,2025-09-12T09:33:51Z,CPA647,"22.307611,113.92347",0,9,160
1757669637,2025-09-12T09:33:57Z,CPA647,"22.307367,113.923515",0,9,165
1757669643,2025-09-12T09:34:03Z,CPA647,"22.30711,113.923363",0,10,196
1757669649,2025-09-12T09:34:09Z,CPA647,"22.307007,113.923126",0,9,227
1757669654,2025-09-12T09:34:14Z,CPA647,"22.306973,113.92292",0,9,244
1757669659,2025-09-12T09:34:19Z,CPA647,"22.306913,113.922668",0,10,250
1757669664,2025-09-12T09:34:24Z,CPA647,"22.306831,113.922401",0,11,253
1757669668,2025-09-12T09:34:28Z,CPA647,"22.306767,113.922157",0,12,253
1757669672,2025-09-12T09:34:32Z,CPA647,"22.306692,113.921951",0,13,250
1757669678,2025-09-12T09:34:38Z,CPA647,"22.306599,113.921623",0,15,250
1757669691,2025-09-12T09:34:51Z,CPA647,"22.306227,113.920494",0,18,250
1757669698,2025-09-12T09:34:58Z,CPA647,"22.306057,113.91993",0,15,250
1757669704,2025-09-12T09:35:04Z,CPA647,"22.305912,113.919502",0,14,250
1757669712,2025-09-12T09:35:12Z,CPA647,"22.30575,113.918976",0,15,250
1757669719,2025-09-12T09:35:19Z,CPA647,"22.305588,113.918488",0,15,250
1757669726,2025-09-12T09:35:26Z,CPA647,"22.305405,113.917923",0,15,250
1757669733,2025-09-12T09:35:33Z,CPA647,"22.305237,113.917389",0,16,250
1757669740,2025-09-12T09:35:40Z,CPA647,"22.305061,113.916847",0,16,250
1757669747,2025-09-12T09:35:47Z,CPA647,"22.304876,113.916298",0,17,250
1757669754,2025-09-12T09:35:54Z,CPA647,"22.304695,113.915741",0,17,250
1757669761,2025-09-12T09:36:01Z,CPA647,"22.304539,113.915237",0,18,250
1757669769,2025-09-12T09:36:09Z,CPA647,"22.304306,113.91449",0,18,250
1757669776,2025-09-12T09:36:16Z,CPA647,"22.3041,113.913879",0,17,250
1757669782,2025-09-12T09:36:22Z,CPA647,"22.303957,113.913399",0,17,250
1757669790,2025-09-12T09:36:30Z,CPA647,"22.303757,113.912781",0,15,250
1757669796,2025-09-12T09:36:36Z,CPA647,"22.303596,113.9123",0,15,250
1757669804,2025-09-12T09:36:44Z,CPA647,"22.303421,113.911743",0,15,250
1757669811,2025-09-12T09:36:51Z,CPA647,"22.303276,113.911278",0,14,250
1757669819,2025-09-12T09:36:59Z,CPA647,"22.303095,113.910736",0,15,250
1757669825,2025-09-12T09:37:05Z,CPA647,"22.302944,113.910271",0,15,250
1757669832,2025-09-12T09:37:12Z,CPA647,"22.302771,113.909744",0,16,250
1757669839,2025-09-12T09:37:19Z,CPA647,"22.302572,113.909126",0,17,250
1757669846,2025-09-12T09:37:26Z,CPA647,"22.302397,113.908562",0,18,250
1757669854,2025-09-12T09:37:34Z,CPA647,"22.302155,113.907822",0,19,250
1757669863,2025-09-12T09:37:43Z,CPA647,"22.301926,113.907127",0,19,250
1757669871,2025-09-12T09:37:51Z,CPA647,"22.301662,113.906288",0,20,250
1757669878,2025-09-12T09:37:58Z,CPA647,"22.301443,113.905602",0,21,250
1757669887,2025-09-12T09:38:07Z,CPA647,"22.301159,113.904716",0,21,250
1757669894,2025-09-12T09:38:14Z,CPA647,"22.300884,113.903877",0,22,250
1757669902,2025-09-12T09:38:22Z,CPA647,"22.30061,113.903038",0,23,250
1757669909,2025-09-12T09:38:29Z,CPA647,"22.300369,113.902283",0,23,250
1757669916,2025-09-12T09:38:36Z,CPA647,"22.300116,113.901482",0,23,250
1757669923,2025-09-12T09:38:43Z,CPA647,"22.299871,113.900734",0,24,250
1757669931,2025-09-12T09:38:51Z,CPA647,"22.299603,113.899872",0,23,250
1757669937,2025-09-12T09:38:57Z,CPA647,"22.299383,113.899231",0,23,250
1757669945,2025-09-12T09:39:05Z,CPA647,"22.299091,113.898315",0,18,250
1757669952,2025-09-12T09:39:12Z,CPA647,"22.298929,113.897804",0,14,250
1757669960,2025-09-12T09:39:20Z,CPA647,"22.298742,113.897423",0,10,241
1757669969,2025-09-12T09:39:29Z,CPA647,"22.298405,113.897308",0,9,205
1757669976,2025-09-12T09:39:36Z,CPA647,"22.298195,113.897362",0,8,182
1757669985,2025-09-12T09:39:45Z,CPA647,"22.297897,113.897499",0,7,163
1757669993,2025-09-12T09:39:53Z,CPA647,"22.297638,113.897606",0,6,160
1757670005,2025-09-12T09:40:05Z,CPA647,"22.297405,113.897697",0,4,160
1757670052,2025-09-12T09:40:52Z,CPA647,"22.297173,113.897781",0,5,160
1757670061,2025-09-12T09:41:01Z,CPA647,"22.296902,113.897896",0,9,160
1757670071,2025-09-12T09:41:11Z,CPA647,"22.296524,113.898094",0,12,151
1757670076,2025-09-12T09:41:16Z,CPA647,"22.296322,113.898415",0,10,129
1757670082,2025-09-12T09:41:22Z,CPA647,"22.296345,113.898659",0,9,104
1757670088,2025-09-12T09:41:28Z,CPA647,"22.296478,113.898888",0,7,75
1757670138,2025-09-12T09:42:18Z,CPA647,"22.296614,113.899216",0,14,70
1757670144,2025-09-12T09:42:24Z,CPA647,"22.296835,113.899902",0,39,70
1757670153,2025-09-12T09:42:33Z,CPA647,"22.297817,113.902939",0,84,70
1757670160,2025-09-12T09:42:40Z,CPA647,"22.298847,113.906097",125,114,71
1757670169,2025-09-12T09:42:49Z,CPA647,"22.300478,113.911186",125,143,70
1757670175,2025-09-12T09:42:55Z,CPA647,"22.301968,113.915863",100,162,71
1757670183,2025-09-12T09:43:03Z,CPA647,"22.304108,113.922272",175,180,69
1757670191,2025-09-12T09:43:11Z,CPA647,"22.306622,113.929497",475,179,69
1757670200,2025-09-12T09:43:20Z,CPA647,"22.308838,113.93631",850,176,70
1757670206,2025-09-12T09:43:26Z,CPA647,"22.310577,113.941605",1125,175,70
1757670214,2025-09-12T09:43:34Z,CPA647,"22.312729,113.948196",1450,174,71
1757670223,2025-09-12T09:43:43Z,CPA647,"22.315001,113.955177",1800,174,70
1757670231,2025-09-12T09:43:51Z,CPA647,"22.317261,113.96228",2025,180,71
1757670239,2025-09-12T09:43:59Z,CPA647,"22.319458,113.96917",2125,192,71
1757670247,2025-09-12T09:44:07Z,CPA647,"22.321976,113.977264",2200,202,71
1757670255,2025-09-12T09:44:15Z,CPA647,"22.324539,113.985405",2300,213,71
1757670264,2025-09-12T09:44:24Z,CPA647,"22.327103,113.993744",2500,218,71
1757670272,2025-09-12T09:44:32Z,CPA647,"22.329805,114.00248",2775,219,71
1757670281,2025-09-12T09:44:41Z,CPA647,"22.332645,114.011436",3125,218,71
1757670287,2025-09-12T09:44:47Z,CPA647,"22.334646,114.017639",3350,219,70
1757670295,2025-09-12T09:44:55Z,CPA647,"22.337299,114.026741",3675,219,76
1757670297,2025-09-12T09:44:57Z,CPA647,"22.337723,114.028801",3750,220,78
1757670299,2025-09-12T09:44:59Z,CPA647,"22.338045,114.031067",3825,219,81
1757670301,2025-09-12T09:45:01Z,CPA647,"22.338318,114.033043",3900,220,84
1757670304,2025-09-12T09:45:04Z,CPA647,"22.338463,114.035439",3975,220,87
1757670306,2025-09-12T09:45:06Z,CPA647,"22.338501,114.037537",4050,220,89
1757670308,2025-09-12T09:45:08Z,CPA647,"22.338455,114.040184",4150,220,92
1757670310,2025-09-12T09:45:10Z,CPA647,"22.338318,114.042282",4200,220,95
1757670312,2025-09-12T09:45:12Z,CPA647,"22.337952,114.045074",4300,221,98
1757670314,2025-09-12T09:45:14Z,CPA647,"22.337585,114.047272",4375,221,101
1757670316,2025-09-12T09:45:16Z,CPA647,"22.337173,114.049225",4425,222,104
1757670318,2025-09-12T09:45:18Z,CPA647,"22.336441,114.051872",4525,222,107
1757670320,2025-09-12T09:45:20Z,CPA647,"22.3358,114.053917",4575,222,110
1757670323,2025-09-12T09:45:23Z,CPA647,"22.335068,114.055817",4650,223,113
1757670325,2025-09-12T09:45:25Z,CPA647,"22.334274,114.05777",4700,224,116
1757670327,2025-09-12T09:45:27Z,CPA647,"22.333099,114.060158",4800,224,118
1757670329,2025-09-12T09:45:29Z,CPA647,"22.332092,114.062004",4850,226,121
1757670331,2025-09-12T09:45:31Z,CPA647,"22.33069,114.064331",4950,226,124
1757670333,2025-09-12T09:45:33Z,CPA647,"22.329433,114.066162",5000,228,127
1757670335,2025-09-12T09:45:35Z,CPA647,"22.328247,114.067802",5050,228,129
1757670337,2025-09-12T09:45:37Z,CPA647,"22.326872,114.069466",5125,230,132
1757670339,2025-09-12T09:45:39Z,CPA647,"22.325243,114.071297",5175,229,135
1757670341,2025-09-12T09:45:41Z,CPA647,"22.323799,114.072777",5250,232,138
1757670343,2025-09-12T09:45:43Z,CPA647,"22.321747,114.074638",5325,233,140
1757670345,2025-09-12T09:45:45Z,CPA647,"22.319962,114.076141",5350,235,143
1757670347,2025-09-12T09:45:47Z,CPA647,"22.31826,114.077454",5400,238,145
1757670350,2025-09-12T09:45:50Z,CPA647,"22.316025,114.079033",5425,241,147
1757670352,2025-09-12T09:45:52Z,CPA647,"22.31407,114.080254",5450,244,150
1757670354,2025-09-12T09:45:54Z,CPA647,"22.312302,114.081322",5475,248,152
1757670356,2025-09-12T09:45:56Z,CPA647,"22.309937,114.082581",5500,249,154
1757670358,2025-09-12T09:45:58Z,CPA647,"22.307785,114.083626",5525,253,157
1757670360,2025-09-12T09:46:00Z,CPA647,"22.305645,114.084473",5550,255,160
1757670362,2025-09-12T09:46:02Z,CPA647,"22.303038,114.085442",5600,258,163
1757670365,2025-09-12T09:46:05Z,CPA647,"22.30043,114.08625",5650,260,166
1757670367,2025-09-12T09:46:07Z,CPA647,"22.297989,114.086823",5700,262,168
1757670369,2025-09-12T09:46:09Z,CPA647,"22.295013,114.087372",5750,264,171
1757670371,2025-09-12T09:46:11Z,CPA647,"22.292679,114.087723",5800,266,173
1757670373,2025-09-12T09:46:13Z,CPA647,"22.29007,114.087921",5825,270,176
1757670375,2025-09-12T09:46:15Z,CPA647,"22.28735,114.088036",5875,272,178
1757670377,2025-09-12T09:46:17Z,CPA647,"22.285446,114.088074",5900,274,180
1757670379,2025-09-12T09:46:19Z,CPA647,"22.282042,114.088036",5925,277,181
1757670381,2025-09-12T09:46:21Z,CPA647,"22.279358,114.087921",5950,280,182
1757670383,2025-09-12T09:46:23Z,CPA647,"22.276749,114.087822",5975,281,182
1757670386,2025-09-12T09:46:26Z,CPA647,"22.273617,114.087624",6025,284,182
1757670388,2025-09-12T09:46:28Z,CPA647,"22.270981,114.087524",6075,285,182
1757670390,2025-09-12T09:46:30Z,CPA647,"22.268541,114.087372",6125,287,182
1757670392,2025-09-12T09:46:32Z,CPA647,"22.265305,114.087227",6200,288,182
1757670394,2025-09-12T09:46:34Z,CPA647,"22.26277,114.08712",6250,288,182
1757670396,2025-09-12T09:46:36Z,CPA647,"22.260069,114.086967",6325,288,182
1757670398,2025-09-12T09:46:38Z,CPA647,"22.257277,114.086861",6425,288,182
1757670413,2025-09-12T09:46:53Z,CPA647,"22.238159,114.086372",7050,287,180
1757670425,2025-09-12T09:47:05Z,CPA647,"22.221012,114.086304",7575,286,180
1757670440,2025-09-12T09:47:20Z,CPA647,"22.201401,114.086327",8025,293,180
1757670452,2025-09-12T09:47:32Z,CPA647,"22.184563,114.086609",8475,294,176
1757670456,2025-09-12T09:47:36Z,CPA647,"22.179703,114.087227",8625,294,169
1757670459,2025-09-12T09:47:39Z,CPA647,"22.175446,114.088173",8750,294,166
1757670461,2025-09-12T09:47:41Z,CPA647,"22.172928,114.088974",8825,294,161
1757670463,2025-09-12T09:47:43Z,CPA647,"22.170959,114.089722",8875,292,157
1757670465,2025-09-12T09:47:45Z,CPA647,"22.16785,114.091133",8975,292,153
1757670467,2025-09-12T09:47:47Z,CPA647,"22.165428,114.092461",9050,292,149
1757670469,2025-09-12T09:47:49Z,CPA647,"22.162491,114.094414",9150,291,146
1757670471,2025-09-12T09:47:51Z,CPA647,"22.160385,114.096062",9225,291,142
1757670473,2025-09-12T09:47:53Z,CPA647,"22.157888,114.098305",9325,290,138
1757670475,2025-09-12T09:47:55Z,CPA647,"22.155899,114.10041",9400,290,134
1757670478,2025-09-12T09:47:58Z,CPA647,"22.154209,114.102379",9450,290,130
1757670480,2025-09-12T09:48:00Z,CPA647,"22.152237,114.10495",9550,291,127
1757670483,2025-09-12T09:48:03Z,CPA647,"22.150177,114.108101",9625,291,122
1757670485,2025-09-12T09:48:05Z,CPA647,"22.148438,114.111229",9725,292,120
1757670487,2025-09-12T09:48:07Z,CPA647,"22.147135,114.113869",9775,292,117
1757670489,2025-09-12T09:48:09Z,CPA647,"22.145924,114.116463",9850,292,115
1757670491,2025-09-12T09:48:11Z,CPA647,"22.14448,114.119621",9925,293,115
1757670493,2025-09-12T09:48:13Z,CPA647,"22.14341,114.122162",10000,293,114
1757670495,2025-09-12T09:48:15Z,CPA647,"22.142349,114.124626",10075,294,114
1757670498,2025-09-12T09:48:18Z,CPA647,"22.140989,114.127808",10175,294,114
1757670500,2025-09-12T09:48:20Z,CPA647,"22.139923,114.130272",10225,294,114
1757670502,2025-09-12T09:48:22Z,CPA647,"22.138662,114.133247",10300,294,115
1757670504,2025-09-12T09:48:24Z,CPA647,"22.137451,114.135895",10375,294,115
1757670506,2025-09-12T09:48:26Z,CPA647,"22.136333,114.138435",10425,296,115
1757670508,2025-09-12T09:48:28Z,CPA647,"22.135077,114.141182",10500,295,115
1757670520,2025-09-12T09:48:40Z,CPA647,"22.127163,114.158173",10975,295,117
1757670534,2025-09-12T09:48:54Z,CPA647,"22.118729,114.175568",11300,304,117
1757670547,2025-09-12T09:49:07Z,CPA647,"22.110123,114.193146",11450,315,117
1757670560,2025-09-12T09:49:20Z,CPA647,"22.101379,114.211121",11600,327,117
1757670573,2025-09-12T09:49:33Z,CPA647,"22.091812,114.231094",11875,334,117
1757670586,2025-09-12T09:49:46Z,CPA647,"22.082474,114.250336",12300,336,119
1757670595,2025-09-12T09:49:55Z,CPA647,"22.074463,114.262703",12675,334,130
1757670598,2025-09-12T09:49:58Z,CPA647,"22.07135,114.26635",12775,334,134
1757670600,2025-09-12T09:50:00Z,CPA647,"22.068466,114.269249",12875,334,137
1757670602,2025-09-12T09:50:02Z,CPA647,"22.065994,114.271492",12950,334,139
1757670604,2025-09-12T09:50:04Z,CPA647,"22.063665,114.27343",13025,334,142
1757670606,2025-09-12T09:50:06Z,CPA647,"22.061058,114.275513",13100,334,143
1757670609,2025-09-12T09:50:09Z,CPA647,"22.058359,114.277649",13175,334,144
1757670611,2025-09-12T09:50:11Z,CPA647,"22.055286,114.279991",13250,335,144
1757670613,2025-09-12T09:50:13Z,CPA647,"22.052633,114.281975",13300,335,144
1757670615,2025-09-12T09:50:15Z,CPA647,"22.0497,114.28421",13350,337,144
1757670617,2025-09-12T09:50:17Z,CPA647,"22.047089,114.286125",13400,340,144
1757670620,2025-09-12T09:50:20Z,CPA647,"22.044754,114.287926",13400,340,144
1757670622,2025-09-12T09:50:22Z,CPA647,"22.041412,114.290421",13450,342,144
1757670624,2025-09-12T09:50:24Z,CPA647,"22.038574,114.292603",13450,346,144
1757670626,2025-09-12T09:50:26Z,CPA647,"22.035873,114.29467",13475,347,144
1757670628,2025-09-12T09:50:28Z,CPA647,"22.03322,114.296669",13500,349,144
1757670655,2025-09-12T09:50:55Z,CPA647,"21.996351,114.322716",13775,370,155
1757670659,2025-09-12T09:50:59Z,CPA647,"21.98839,114.326019",13900,371,161
1757670663,2025-09-12T09:51:03Z,CPA647,"21.983177,114.327644",13975,373,166
1757670667,2025-09-12T09:51:07Z,CPA647,"21.975037,114.329422",14100,373,170
1757670672,2025-09-12T09:51:12Z,CPA647,"21.966293,114.330322",14250,376,176
1757670674,2025-09-12T09:51:14Z,CPA647,"21.962814,114.330421",14300,376,176
1757670678,2025-09-12T09:51:18Z,CPA647,"21.957479,114.330292",14400,378,182
1757670682,2025-09-12T09:51:22Z,CPA647,"21.949287,114.32943",14550,378,185
1757670702,2025-09-12T09:51:42Z,CPA647,"21.916672,114.317635",15125,384,209
1757670707,2025-09-12T09:51:47Z,CPA647,"21.909531,114.312897",15250,384,213
1757670713,2025-09-12T09:51:53Z,CPA647,"21.90078,114.305878",15375,387,218
1757670718,2025-09-12T09:51:58Z,CPA647,"21.893738,114.299713",15500,390,219
1757670722,2025-09-12T09:52:02Z,CPA647,"21.887146,114.293869",15625,390,219
1757670728,2025-09-12T09:52:08Z,CPA647,"21.879089,114.286774",15775,392,219
1757670755,2025-09-12T09:52:35Z,CPA647,"21.839218,114.25666",16325,398,205
1757670760,2025-09-12T09:52:40Z,CPA647,"21.830299,114.252876",16375,400,199
1757670766,2025-09-12T09:52:46Z,CPA647,"21.820587,114.24987",16450,402,194
1757670771,2025-09-12T09:52:51Z,CPA647,"21.811295,114.247528",16525,402,192
1757670776,2025-09-12T09:52:56Z,CPA647,"21.801361,114.245079",16675,402,192
1757670781,2025-09-12T09:53:01Z,CPA647,"21.791931,114.242729",16850,402,193
1757670784,2025-09-12T09:53:04Z,CPA647,"21.788868,114.241943",16900,402,193
1757670814,2025-09-12T09:53:34Z,CPA647,"21.731644,114.225952",17550,411,195
1757670843,2025-09-12T09:54:03Z,CPA647,"21.69986,114.216766",17900,414,195
1757670878,2025-09-12T09:54:38Z,CPA647,"21.633591,114.197884",18750,418,195
1757670913,2025-09-12T09:55:13Z,CPA647,"21.567839,114.179329",19525,422,195
1757670943,2025-09-12T09:55:43Z,CPA647,"21.510498,114.163078",20125,427,195
1757670977,2025-09-12T09:56:17Z,CPA647,"21.444901,114.144501",20800,431,195
1757671012,2025-09-12T09:56:52Z,CPA647,"21.35528,114.11911",21750,436,194
1757671045,2025-09-12T09:57:25Z,CPA647,"21.293564,114.101654",22650,429,194
1757671071,2025-09-12T09:57:51Z,CPA647,"21.26198,114.092667",23300,424,195
1757671111,2025-09-12T09:58:31Z,CPA647,"21.164017,114.065102",23975,436,194
1757671143,2025-09-12T09:59:03Z,CPA647,"21.100361,114.047188",24275,448,194
1757671174,2025-09-12T09:59:34Z,CPA647,"21.037142,114.029289",24750,452,195
1757671209,2025-09-12T10:00:09Z,CPA647,"20.966812,114.002869",25275,461,203
1757671248,2025-09-12T10:00:48Z,CPA647,"20.91313,113.974762",25700,466,209
1757671283,2025-09-12T10:01:23Z,CPA647,"20.848471,113.93087",26200,473,217
1757671318,2025-09-12T10:01:58Z,CPA647,"20.78764,113.882462",26775,475,216
1757671351,2025-09-12T10:02:31Z,CPA647,"20.72999,113.83744",27300,476,217
1757671381,2025-09-12T10:03:01Z,CPA647,"20.675541,113.794769",27650,481,217
1757671410,2025-09-12T10:03:30Z,CPA647,"20.6234,113.753769",28100,482,217
1757671445,2025-09-12T10:04:05Z,CPA647,"20.559704,113.703751",28650,482,217
1757671481,2025-09-12T10:04:41Z,CPA647,"20.49719,113.654694",29075,487,217
1757671516,2025-09-12T10:05:16Z,CPA647,"20.431,113.602898",29450,491,216
1757671650,2025-09-12T10:07:30Z,CPA647,"20.18257,113.408821",31000,502,217
1757671764,2025-09-12T10:09:24Z,CPA647,"19.973099,113.245796",32750,495,217
1757671833,2025-09-12T10:10:33Z,CPA647,"19.842379,113.144348",33500,496,217
1757671862,2025-09-12T10:11:02Z,CPA647,"19.78759,113.101852",33975,493,217
1757671896,2025-09-12T10:11:36Z,CPA647,"19.724001,113.052612",34000,502,216
1757671931,2025-09-12T10:12:11Z,CPA647,"19.659479,113.002769",34000,511,216
1757671961,2025-09-12T10:12:41Z,CPA647,"19.599791,112.956619",34000,514,217
1757671990,2025-09-12T10:13:10Z,CPA647,"19.54826,112.916832",34000,516,216
1757672026,2025-09-12T10:13:46Z,CPA647,"19.476391,112.861397",34000,515,217
1757672055,2025-09-12T10:14:15Z,CPA647,"19.426161,112.82267",34000,516,217
1757672092,2025-09-12T10:14:52Z,CPA647,"19.3465,112.761368",34000,517,217
1757672127,2025-09-12T10:15:27Z,CPA647,"19.2791,112.709587",34000,517,217
1757672173,2025-09-12T10:16:13Z,CPA647,"19.188311,112.641548",34000,514,216
1757672207,2025-09-12T10:16:47Z,CPA647,"19.125179,112.59417",34000,516,216
1757672242,2025-09-12T10:17:22Z,CPA647,"19.059271,112.544579",34000,518,216
1757672271,2025-09-12T10:17:51Z,CPA647,"18.996639,112.497498",34000,518,216
1757672308,2025-09-12T10:18:28Z,CPA647,"18.92519,112.443703",34000,516,216
1757672342,2025-09-12T10:19:02Z,CPA647,"18.858498,112.394531",34000,518,213
1757672377,2025-09-12T10:19:37Z,CPA647,"18.790251,112.353081",34000,518,209
1757672407,2025-09-12T10:20:07Z,CPA647,"18.722168,112.313377",34000,521,209
1757672435,2025-09-12T10:20:35Z,CPA647,"18.664261,112.279488",34000,521,210
1757672498,2025-09-12T10:21:38Z,CPA647,"18.53286,112.198967",34000,519,213
1757672527,2025-09-12T10:22:07Z,CPA647,"18.475204,112.156532",34000,518,217
1757672555,2025-09-12T10:22:35Z,CPA647,"18.422159,112.113777",34000,516,219
1757672608,2025-09-12T10:23:28Z,CPA647,"18.340349,112.012093",34000,518,239
1757672638,2025-09-12T10:23:58Z,CPA647,"18.30208,111.948181",34000,519,238
1757672671,2025-09-12T10:24:31Z,CPA647,"18.259979,111.878067",34000,520,238
1757672700,2025-09-12T10:25:00Z,CPA647,"18.224121,111.817818",34000,520,239
1757672743,2025-09-12T10:25:43Z,CPA647,"18.167862,111.723732",34000,518,238
1757672773,2025-09-12T10:26:13Z,CPA647,"18.12888,111.658417",34000,517,239
1757672808,2025-09-12T10:26:48Z,CPA647,"18.085779,111.585678",34000,517,239
1757672838,2025-09-12T10:27:18Z,CPA647,"18.047331,111.521378",34000,514,238
1757672872,2025-09-12T10:27:52Z,CPA647,"18.00403,111.450081",34000,507,238
1757672900,2025-09-12T10:28:20Z,CPA647,"17.97002,111.395248",34000,504,237
1757672959,2025-09-12T10:29:19Z,CPA647,"17.89892,111.267906",34000,502,244
1757672992,2025-09-12T10:29:52Z,CPA647,"17.863911,111.196991",34000,501,243
1757673027,2025-09-12T10:30:27Z,CPA647,"17.826059,111.121117",34000,503,243
1757673056,2025-09-12T10:30:56Z,CPA647,"17.795151,111.058907",34000,505,243
1757673091,2025-09-12T10:31:31Z,CPA647,"17.757444,110.982956",34000,506,243
1757673129,2025-09-12T10:32:09Z,CPA647,"17.704056,110.875809",34000,504,242
1757673165,2025-09-12T10:32:45Z,CPA647,"17.664825,110.797165",34000,502,242
1757673191,2025-09-12T10:33:11Z,CPA647,"17.64926,110.765968",34000,501,243
1757673226,2025-09-12T10:33:46Z,CPA647,"17.61327,110.693932",34000,500,243
1757673263,2025-09-12T10:34:23Z,CPA647,"17.573561,110.614418",34000,501,242
1757673297,2025-09-12T10:34:57Z,CPA647,"17.523331,110.514175",34000,497,242
1757673329,2025-09-12T10:35:29Z,CPA647,"17.489117,110.445946",34000,496,242
1757673361,2025-09-12T10:36:01Z,CPA647,"17.455925,110.379883",34000,497,242
1757673392,2025-09-12T10:36:32Z,CPA647,"17.423664,110.31073",34000,500,248
1757673424,2025-09-12T10:37:04Z,CPA647,"17.399876,110.240791",34000,499,251
1757673456,2025-09-12T10:37:36Z,CPA647,"17.376205,110.163719",34000,498,252
1757673489,2025-09-12T10:38:09Z,CPA647,"17.353045,110.089973",34000,493,251
1757673521,2025-09-12T10:38:41Z,CPA647,"17.32988,110.018776",34000,492,251
1757673554,2025-09-12T10:39:14Z,CPA647,"17.301819,109.946548",34000,491,244
1757673587,2025-09-12T10:39:47Z,CPA647,"17.265564,109.878075",34000,490,238
1757673619,2025-09-12T10:40:19Z,CPA647,"17.224979,109.815018",34000,488,235
1757673650,2025-09-12T10:40:50Z,CPA647,"17.18676,109.755333",34000,489,236
1757673683,2025-09-12T10:41:23Z,CPA647,"17.144026,109.688675",34000,490,236
1757673713,2025-09-12T10:41:53Z,CPA647,"17.1059,109.629524",34000,490,236
1757673745,2025-09-12T10:42:25Z,CPA647,"17.066004,109.56768",34000,490,236
1757673775,2025-09-12T10:42:55Z,CPA647,"17.026899,109.50721",34000,490,236
1757673808,2025-09-12T10:43:28Z,CPA647,"16.98555,109.443245",34000,488,236
1757673828,2025-09-12T10:43:48Z,CPA647,"16.963715,109.402672",34000,489,246
1757673830,2025-09-12T10:43:50Z,CPA647,"16.962067,109.398483",34000,489,248
1757673832,2025-09-12T10:43:52Z,CPA647,"16.960051,109.393028",34000,488,249
1757673834,2025-09-12T10:43:54Z,CPA647,"16.958359,109.388023",34000,488,250
1757673837,2025-09-12T10:43:57Z,CPA647,"16.956848,109.3834",34000,490,251
1757673839,2025-09-12T10:43:59Z,CPA647,"16.955116,109.377823",34000,488,252
1757673841,2025-09-12T10:44:01Z,CPA647,"16.953859,109.373657",34000,488,252
1757673843,2025-09-12T10:44:03Z,CPA647,"16.952362,109.368607",34000,489,253
1757673845,2025-09-12T10:44:05Z,CPA647,"16.950897,109.363548",34000,489,253
1757673847,2025-09-12T10:44:07Z,CPA647,"16.949524,109.358871",34000,489,253
1757673850,2025-09-12T10:44:10Z,CPA647,"16.947947,109.353249",34000,490,253
1757673852,2025-09-12T10:44:12Z,CPA647,"16.946598,109.348541",34000,489,253
1757673883,2025-09-12T10:44:43Z,CPA647,"16.924896,109.278549",34000,490,250
1757673915,2025-09-12T10:45:15Z,CPA647,"16.900604,109.206161",34000,490,250
1757673946,2025-09-12T10:45:46Z,CPA647,"16.877701,109.136833",34000,490,251
1757673978,2025-09-12T10:46:18Z,CPA647,"16.854378,109.065445",34000,490,251
1757674011,2025-09-12T10:46:51Z,CPA647,"16.830868,108.993744",34000,490,251
1757674041,2025-09-12T10:47:21Z,CPA647,"16.808151,108.924438",34000,491,251
1757674074,2025-09-12T10:47:54Z,CPA647,"16.784409,108.852203",34000,492,251
1757674105,2025-09-12T10:48:25Z,CPA647,"16.761429,108.782234",34000,493,251
1757674136,2025-09-12T10:48:56Z,CPA647,"16.737997,108.711189",34000,494,251
1757674168,2025-09-12T10:49:28Z,CPA647,"16.714142,108.638741",34000,493,251
1757674199,2025-09-12T10:49:59Z,CPA647,"16.691864,108.571259",34000,493,251
1757674231,2025-09-12T10:50:31Z,CPA647,"16.667313,108.49707",34000,492,251
1757674262,2025-09-12T10:51:02Z,CPA647,"16.644608,108.428505",34000,490,250
1757674295,2025-09-12T10:51:35Z,CPA647,"16.620529,108.355888",34000,489,251
1757674325,2025-09-12T10:52:05Z,CPA647,"16.597961,108.287758",34000,489,250
1757674358,2025-09-12T10:52:38Z,CPA647,"16.574039,108.215919",34000,489,250
1757674391,2025-09-12T10:53:11Z,CPA647,"16.549301,108.141609",34000,489,250
1757674423,2025-09-12T10:53:43Z,CPA647,"16.525253,108.069374",34000,490,250
1757674456,2025-09-12T10:54:16Z,CPA647,"16.501007,107.996666",34000,492,250
1757674488,2025-09-12T10:54:48Z,CPA647,"16.477112,107.92511",34000,492,250
1757674521,2025-09-12T10:55:21Z,CPA647,"16.452164,107.850563",34000,493,250
1757674547,2025-09-12T10:55:47Z,CPA647,"16.435593,107.792847",34000,492,260
1757674549,2025-09-12T10:55:49Z,CPA647,"16.434755,107.787064",34000,493,262
1757674551,2025-09-12T10:55:51Z,CPA647,"16.434336,107.783478",34000,494,264
1757674553,2025-09-12T10:55:53Z,CPA647,"16.43367,107.776459",34000,493,265
1757674556,2025-09-12T10:55:56Z,CPA647,"16.433311,107.770432",34000,493,267
1757674558,2025-09-12T10:55:58Z,CPA647,"16.433212,107.765854",34000,494,268
1757674560,2025-09-12T10:56:00Z,CPA647,"16.433212,107.76075",34000,494,270
1757674562,2025-09-12T10:56:02Z,CPA647,"16.433311,107.755966",34000,494,272
1757674565,2025-09-12T10:56:05Z,CPA647,"16.433638,107.750275",34000,494,274
1757674567,2025-09-12T10:56:07Z,CPA647,"16.434057,107.74498",34000,494,275
1757674569,2025-09-12T10:56:09Z,CPA647,"16.434631,107.740074",34000,495,277
1757674571,2025-09-12T10:56:11Z,CPA647,"16.43536,107.734779",34000,495,279
1757674573,2025-09-12T10:56:13Z,CPA647,"16.436058,107.730461",34000,494,280
1757674575,2025-09-12T10:56:15Z,CPA647,"16.437082,107.725067",34000,496,281
1757674577,2025-09-12T10:56:17Z,CPA647,"16.43811,107.720421",34000,495,283
1757674580,2025-09-12T10:56:20Z,CPA647,"16.439621,107.714493",34000,495,285
1757674582,2025-09-12T10:56:22Z,CPA647,"16.440765,107.710297",34000,496,286
1757674584,2025-09-12T10:56:24Z,CPA647,"16.442276,107.705383",34000,496,288
1757674586,2025-09-12T10:56:26Z,CPA647,"16.444016,107.699936",34000,496,289
1757674588,2025-09-12T10:56:28Z,CPA647,"16.445415,107.695786",34000,496,290
1757674590,2025-09-12T10:56:30Z,CPA647,"16.446854,107.691841",34000,496,290
1757674592,2025-09-12T10:56:32Z,CPA647,"16.448547,107.687218",34000,497,291
1757674594,2025-09-12T10:56:34Z,CPA647,"16.450583,107.682106",34025,497,292
1757674597,2025-09-12T10:56:37Z,CPA647,"16.452911,107.67646",34050,498,293
1757674599,2025-09-12T10:56:39Z,CPA647,"16.454773,107.672241",34050,498,294
1757674601,2025-09-12T10:56:41Z,CPA647,"16.457199,107.666885",34075,498,295
1757674603,2025-09-12T10:56:43Z,CPA647,"16.45903,107.663124",34100,499,296
1757674605,2025-09-12T10:56:45Z,CPA647,"16.461617,107.657974",34125,499,298
1757674607,2025-09-12T10:56:47Z,CPA647,"16.463572,107.654297",34125,499,299
1757674610,2025-09-12T10:56:50Z,CPA647,"16.466675,107.648621",34150,499,300
1757674612,2025-09-12T10:56:52Z,CPA647,"16.468599,107.645317",34175,500,301
1757674614,2025-09-12T10:56:54Z,CPA647,"16.471764,107.640121",34200,500,302
1757674616,2025-09-12T10:56:56Z,CPA647,"16.474325,107.636101",34225,500,304
1757674618,2025-09-12T10:56:58Z,CPA647,"16.476105,107.633392",34250,501,305
1757674620,2025-09-12T10:57:00Z,CPA647,"16.480362,107.627319",34275,500,306
1757674622,2025-09-12T10:57:02Z,CPA647,"16.483124,107.623642",34300,501,308
1757674624,2025-09-12T10:57:04Z,CPA647,"16.48601,107.619865",34325,501,309
1757674626,2025-09-12T10:57:06Z,CPA647,"16.488989,107.616188",34350,501,310
1757674629,2025-09-12T10:57:09Z,CPA647,"16.492722,107.611855",34375,501,312
1757674631,2025-09-12T10:57:11Z,CPA647,"16.496017,107.608192",34400,501,313
1757674633,2025-09-12T10:57:13Z,CPA647,"16.499416,107.604607",34425,502,314
1757674635,2025-09-12T10:57:15Z,CPA647,"16.502609,107.601349",34450,502,316
1757674637,2025-09-12T10:57:17Z,CPA647,"16.506134,107.597931",34475,502,317
1757674639,2025-09-12T10:57:19Z,CPA647,"16.509798,107.594559",34475,502,319
1757674641,2025-09-12T10:57:21Z,CPA647,"16.514053,107.590843",34525,502,320
1757674644,2025-09-12T10:57:24Z,CPA647,"16.517395,107.588005",34525,503,321
1757674646,2025-09-12T10:57:26Z,CPA647,"16.522087,107.58416",34575,503,322
1757674648,2025-09-12T10:57:28Z,CPA647,"16.525497,107.581451",34575,504,322
1757674650,2025-09-12T10:57:30Z,CPA647,"16.530048,107.577782",34600,504,322
1757674652,2025-09-12T10:57:32Z,CPA647,"16.533493,107.575081",34625,503,322
1757674655,2025-09-12T10:57:35Z,CPA647,"16.538681,107.570946",34675,503,322
1757674657,2025-09-12T10:57:37Z,CPA647,"16.542389,107.568008",34700,503,322
1757674659,2025-09-12T10:57:39Z,CPA647,"16.546097,107.565018",34700,504,322
1757674691,2025-09-12T10:58:11Z,CPA647,"16.604828,107.51606",35000,502,320
1757674722,2025-09-12T10:58:42Z,CPA647,"16.661652,107.468063",35000,504,320
1757674754,2025-09-12T10:59:14Z,CPA647,"16.71904,107.420364",35000,503,321
1757674784,2025-09-12T10:59:44Z,CPA647,"16.774261,107.37458",35000,503,321
1757674817,2025-09-12T11:00:17Z,CPA647,"16.834167,107.324814",35000,503,321
1757674849,2025-09-12T11:00:49Z,CPA647,"16.893677,107.275375",35000,505,321
1757674880,2025-09-12T11:01:20Z,CPA647,"16.949295,107.229118",35000,503,321
1757674912,2025-09-12T11:01:52Z,CPA647,"17.008232,107.180069",35000,500,321
1757674945,2025-09-12T11:02:25Z,CPA647,"17.065958,107.13063",35000,499,319
1757674976,2025-09-12T11:02:56Z,CPA647,"17.122332,107.081291",35000,501,319
1757675009,2025-09-12T11:03:29Z,CPA647,"17.180054,107.031075",35000,502,320
1757675041,2025-09-12T11:04:01Z,CPA647,"17.23764,106.981201",35000,504,320
1757675071,2025-09-12T11:04:31Z,CPA647,"17.292297,106.933739",35000,505,320
1757675104,2025-09-12T11:05:04Z,CPA647,"17.3508,106.882996",35000,506,320
1757675137,2025-09-12T11:05:37Z,CPA647,"17.410862,106.830811",35000,508,320
1757675170,2025-09-12T11:06:10Z,CPA647,"17.470636,106.778824",35000,510,320
1757675200,2025-09-12T11:06:40Z,CPA647,"17.525208,106.731407",35000,511,320
1757675232,2025-09-12T11:07:12Z,CPA647,"17.583385,106.680725",35000,512,320
1757675265,2025-09-12T11:07:45Z,CPA647,"17.644043,106.627808",35000,513,320
1757675295,2025-09-12T11:08:15Z,CPA647,"17.699478,106.57943",35000,513,320
1757675327,2025-09-12T11:08:47Z,CPA647,"17.757816,106.528442",35000,511,320
1757675360,2025-09-12T11:09:20Z,CPA647,"17.817589,106.476105",35000,511,320
1757675393,2025-09-12T11:09:53Z,CPA647,"17.877594,106.423599",35000,513,320
1757675425,2025-09-12T11:10:25Z,CPA647,"17.935959,106.37252",35000,515,319
1757675455,2025-09-12T11:10:55Z,CPA647,"17.990158,106.324913",35000,515,319
1757675486,2025-09-12T11:11:26Z,CPA647,"18.048443,106.273796",35025,516,319
1757675517,2025-09-12T11:11:57Z,CPA647,"18.105835,106.223389",35300,518,319
1757675548,2025-09-12T11:12:28Z,CPA647,"18.161146,106.174622",35775,514,319
1757675580,2025-09-12T11:13:00Z,CPA647,"18.219847,106.122986",36150,513,319
1757675612,2025-09-12T11:13:32Z,CPA647,"18.277851,106.071899",36625,509,319
1757675644,2025-09-12T11:14:04Z,CPA647,"18.334717,106.021698",37175,504,319
1757675676,2025-09-12T11:14:36Z,CPA647,"18.392557,105.970726",37425,505,319
1757675709,2025-09-12T11:15:09Z,CPA647,"18.451767,105.918457",37600,507,319
1757675739,2025-09-12T11:15:39Z,CPA647,"18.506376,105.870148",37875,505,319
1757675772,2025-09-12T11:16:12Z,CPA647,"18.5648,105.818466",38000,502,319
1757675802,2025-09-12T11:16:42Z,CPA647,"18.618073,105.769745",38000,505,316
1757675834,2025-09-12T11:17:14Z,CPA647,"18.669868,105.711845",38000,506,310
1757675867,2025-09-12T11:17:47Z,CPA647,"18.715988,105.648163",38000,506,304
1757675897,2025-09-12T11:18:17Z,CPA647,"18.752731,105.585602",38000,509,298
1757675930,2025-09-12T11:18:50Z,CPA647,"18.786854,105.511848",38000,514,292
1757675960,2025-09-12T11:19:20Z,CPA647,"18.812164,105.440498",38000,514,289
1757675992,2025-09-12T11:19:52Z,CPA647,"18.838573,105.36348",38000,514,289
1757676025,2025-09-12T11:20:25Z,CPA647,"18.864487,105.288551",38000,513,289
1757676057,2025-09-12T11:20:57Z,CPA647,"18.890432,105.212715",38000,513,289
1757676089,2025-09-12T11:21:29Z,CPA647,"18.916351,105.136711",38000,511,289
1757676122,2025-09-12T11:22:02Z,CPA647,"18.942856,105.058968",38000,509,289
1757676154,2025-09-12T11:22:34Z,CPA647,"18.968082,104.984703",38000,508,289
1757676186,2025-09-12T11:23:06Z,CPA647,"18.98941,104.907463",38000,513,282
1757676217,2025-09-12T11:23:37Z,CPA647,"19.003235,104.831642",38000,514,280
1757676248,2025-09-12T11:24:08Z,CPA647,"19.016602,104.75415",38000,514,280
1757676281,2025-09-12T11:24:41Z,CPA647,"19.030197,104.674942",38000,515,280
1757676314,2025-09-12T11:25:14Z,CPA647,"19.042969,104.592789",38000,520,276
1757676346,2025-09-12T11:25:46Z,CPA647,"19.05006,104.509842",38000,525,274
1757676377,2025-09-12T11:26:17Z,CPA647,"19.056473,104.429901",38025,526,275
1757676410,2025-09-12T11:26:50Z,CPA647,"19.065189,104.347595",38000,525,278
1757676442,2025-09-12T11:27:22Z,CPA647,"19.07872,104.266335",38000,523,281
1757676472,2025-09-12T11:27:52Z,CPA647,"19.093414,104.189384",38000,520,281
1757676503,2025-09-12T11:28:23Z,CPA647,"19.10825,104.114433",38000,515,282
1757676536,2025-09-12T11:28:56Z,CPA647,"19.124544,104.034035",38000,509,281
1757676566,2025-09-12T11:29:26Z,CPA647,"19.13768,103.960144",38000,507,278
1757676597,2025-09-12T11:29:57Z,CPA647,"19.145306,103.885124",38000,511,275
1757676629,2025-09-12T11:30:29Z,CPA647,"19.149216,103.802475",38025,514,273
1757676656,2025-09-12T11:30:56Z,CPA647,"19.15699,103.736755",38000,514,281
1757676658,2025-09-12T11:30:58Z,CPA647,"19.157822,103.732613",38000,513,282
1757676664,2025-09-12T11:31:04Z,CPA647,"19.161413,103.716431",38000,512,284
1757676667,2025-09-12T11:31:07Z,CPA647,"19.162764,103.711037",38000,511,285
1757676671,2025-09-12T11:31:11Z,CPA647,"19.165836,103.699455",38000,511,286
1757676704,2025-09-12T11:31:44Z,CPA647,"19.19046,103.622559",38000,509,289
1757676736,2025-09-12T11:32:16Z,CPA647,"19.219463,103.548737",38000,500,295
1757676767,2025-09-12T11:32:47Z,CPA647,"19.251492,103.481171",38025,499,299
1757676780,2025-09-12T11:33:00Z,CPA647,"19.267227,103.455254",37975,497,306
1757676782,2025-09-12T11:33:02Z,CPA647,"19.270752,103.45031",37950,496,307
1757676784,2025-09-12T11:33:04Z,CPA647,"19.273407,103.446823",38000,495,309
1757676786,2025-09-12T11:33:06Z,CPA647,"19.276957,103.442375",38000,493,310
1757676789,2025-09-12T11:33:09Z,CPA647,"19.279999,103.438728",38000,493,312
1757676791,2025-09-12T11:33:11Z,CPA647,"19.283566,103.434631",38025,493,313
1757676793,2025-09-12T11:33:13Z,CPA647,"19.287756,103.430084",38000,492,314
1757676796,2025-09-12T11:33:16Z,CPA647,"19.291031,103.426712",38000,492,315
1757676798,2025-09-12T11:33:18Z,CPA647,"19.295242,103.422501",38000,492,316
1757676800,2025-09-12T11:33:20Z,CPA647,"19.299021,103.418854",38025,490,318
1757676803,2025-09-12T11:33:23Z,CPA647,"19.303848,103.414452",37975,490,319
1757676805,2025-09-12T11:33:25Z,CPA647,"19.306915,103.411758",38000,488,320
1757676807,2025-09-12T11:33:27Z,CPA647,"19.311172,103.408226",38000,487,322
1757676810,2025-09-12T11:33:30Z,CPA647,"19.315338,103.404839",38000,486,323
1757676812,2025-09-12T11:33:32Z,CPA647,"19.318954,103.402046",38025,486,323
1757676814,2025-09-12T11:33:34Z,CPA647,"19.323349,103.398712",38000,484,324
1757676816,2025-09-12T11:33:36Z,CPA647,"19.326906,103.396126",38025,485,325
1757676818,2025-09-12T11:33:38Z,CPA647,"19.331039,103.39312",38025,485,325
1757676820,2025-09-12T11:33:40Z,CPA647,"19.335659,103.389839",38025,485,326
1757676823,2025-09-12T11:33:43Z,CPA647,"19.339569,103.387093",38025,485,326
1757676825,2025-09-12T11:33:45Z,CPA647,"19.343618,103.384247",38000,485,326
1757676827,2025-09-12T11:33:47Z,CPA647,"19.347063,103.381798",38000,486,326
1757676857,2025-09-12T11:34:17Z,CPA647,"19.400785,103.3368",38000,494,316
1757676889,2025-09-12T11:34:49Z,CPA647,"19.45418,103.281174",38000,499,314
1757676920,2025-09-12T11:35:20Z,CPA647,"19.501524,103.227486",37975,498,306
1757676922,2025-09-12T11:35:22Z,CPA647,"19.504944,103.222389",38000,500,304
1757676924,2025-09-12T11:35:24Z,CPA647,"19.506878,103.219299",38000,500,303
1757676926,2025-09-12T11:35:26Z,CPA647,"19.51009,103.214058",38000,501,301
1757676929,2025-09-12T11:35:29Z,CPA647,"19.512863,103.209145",38000,501,299
1757676931,2025-09-12T11:35:31Z,CPA647,"19.515152,103.20488",38000,502,298
1757676933,2025-09-12T11:35:33Z,CPA647,"19.517578,103.199974",38000,504,296
1757676935,2025-09-12T11:35:35Z,CPA647,"19.519638,103.195564",38000,504,295
1757676937,2025-09-12T11:35:37Z,CPA647,"19.521973,103.190163",38000,505,293
1757676939,2025-09-12T11:35:39Z,CPA647,"19.523987,103.185265",38025,506,292
1757676942,2025-09-12T11:35:42Z,CPA647,"19.526138,103.179771",38000,507,291
1757676944,2025-09-12T11:35:44Z,CPA647,"19.527695,103.175499",38000,507,291
1757676946,2025-09-12T11:35:46Z,CPA647,"19.529966,103.169212",37975,506,290
1757676948,2025-09-12T11:35:48Z,CPA647,"19.531643,103.164566",37975,508,290
1757676950,2025-09-12T11:35:50Z,CPA647,"19.533371,103.159706",38000,507,290
1757676953,2025-09-12T11:35:53Z,CPA647,"19.535135,103.154678",38000,507,290
1757676955,2025-09-12T11:35:55Z,CPA647,"19.53723,103.148735",38000,508,290
1757676986,2025-09-12T11:36:26Z,CPA647,"19.563997,103.077576",38000,510,292
1757677018,2025-09-12T11:36:58Z,CPA647,"19.59668,103.004234",38000,505,298
1757677049,2025-09-12T11:37:29Z,CPA647,"19.631882,102.937187",38000,509,298
1757677080,2025-09-12T11:38:00Z,CPA647,"19.665993,102.869286",38000,510,297
1757677113,2025-09-12T11:38:33Z,CPA647,"19.70142,102.796928",38025,511,297
1757677146,2025-09-12T11:39:06Z,CPA647,"19.737497,102.72287",38000,514,297
1757677179,2025-09-12T11:39:39Z,CPA647,"19.773901,102.648064",38000,514,297
1757677212,2025-09-12T11:40:12Z,CPA647,"19.8097,102.574699",38000,518,297
1757677243,2025-09-12T11:40:43Z,CPA647,"19.843918,102.504456",38000,522,297
1757677273,2025-09-12T11:41:13Z,CPA647,"19.87734,102.435677",38000,528,297
1757677305,2025-09-12T11:41:45Z,CPA647,"19.913727,102.360748",38000,532,297
1757677336,2025-09-12T11:42:16Z,CPA647,"19.948563,102.28894",38000,534,297
1757677368,2025-09-12T11:42:48Z,CPA647,"19.98469,102.214302",38000,534,297
1757677401,2025-09-12T11:43:21Z,CPA647,"20.021465,102.138046",38000,534,296
1757677433,2025-09-12T11:43:53Z,CPA647,"20.057693,102.062889",38000,534,297
1757677465,2025-09-12T11:44:25Z,CPA647,"20.094269,101.987259",38000,536,296
1757677496,2025-09-12T11:44:56Z,CPA647,"20.1297,101.913574",38000,536,296
1757677528,2025-09-12T11:45:28Z,CPA647,"20.165033,101.839966",38000,538,297
1757677560,2025-09-12T11:46:00Z,CPA647,"20.202026,101.763023",38000,537,296
1757677593,2025-09-12T11:46:33Z,CPA647,"20.23851,101.686852",37975,536,296
1757677623,2025-09-12T11:47:03Z,CPA647,"20.273081,101.614594",38000,536,296
1757677656,2025-09-12T11:47:36Z,CPA647,"20.309345,101.538788",38000,535,296
1757677686,2025-09-12T11:48:06Z,CPA647,"20.342789,101.468697",38000,535,296
1757677717,2025-09-12T11:48:37Z,CPA647,"20.377638,101.395866",38000,534,296
1757677749,2025-09-12T11:49:09Z,CPA647,"20.413809,101.31971",38000,536,296
1757677781,2025-09-12T11:49:41Z,CPA647,"20.449905,101.243774",38000,536,296
1757677812,2025-09-12T11:50:12Z,CPA647,"20.484055,101.171844",38000,535,296
1757677845,2025-09-12T11:50:45Z,CPA647,"20.521065,101.094048",38000,536,296
1757677877,2025-09-12T11:51:17Z,CPA647,"20.557434,101.017227",38000,538,296
1757677908,2025-09-12T11:51:48Z,CPA647,"20.591675,100.944786",38000,540,296
1757677940,2025-09-12T11:52:20Z,CPA647,"20.628275,100.86718",38000,538,296
1757677973,2025-09-12T11:52:53Z,CPA647,"20.664139,100.791176",38000,537,296
1757678005,2025-09-12T11:53:25Z,CPA647,"20.699778,100.715668",38000,536,296
1757678035,2025-09-12T11:53:55Z,CPA647,"20.734314,100.64222",38000,536,296
1757678066,2025-09-12T11:54:26Z,CPA647,"20.767914,100.570465",37975,535,296
1757678097,2025-09-12T11:54:57Z,CPA647,"20.801542,100.494743",38000,538,291
1757678109,2025-09-12T11:55:09Z,CPA647,"20.810165,100.467712",38000,541,286
1757678111,2025-09-12T11:55:11Z,CPA647,"20.811831,100.461731",38000,542,285
1757678113,2025-09-12T11:55:13Z,CPA647,"20.813227,100.45639",38000,541,285
1757678115,2025-09-12T11:55:15Z,CPA647,"20.814949,100.449799",38000,541,285
1757678147,2025-09-12T11:55:47Z,CPA647,"20.836624,100.366585",38000,542,286
1757678179,2025-09-12T11:56:19Z,CPA647,"20.859009,100.285805",38000,544,286
1757678211,2025-09-12T11:56:51Z,CPA647,"20.881659,100.203156",38000,545,286
1757678243,2025-09-12T11:57:23Z,CPA647,"20.904327,100.119736",38000,545,286
1757678276,2025-09-12T11:57:56Z,CPA647,"20.927,100.036308",38000,545,286
1757678308,2025-09-12T11:58:28Z,CPA647,"20.950136,99.951019",38000,543,286
1757678341,2025-09-12T11:59:01Z,CPA647,"20.972763,99.867294",38000,544,286
1757678374,2025-09-12T11:59:34Z,CPA647,"20.995338,99.783424",37975,540,285
1757678404,2025-09-12T12:00:04Z,CPA647,"21.014378,99.704674",37975,543,278
1757678410,2025-09-12T12:00:10Z,CPA647,"21.016205,99.687538",38000,545,274
1757678412,2025-09-12T12:00:12Z,CPA647,"21.01652,99.682152",38000,545,273
1757678414,2025-09-12T12:00:14Z,CPA647,"21.016754,99.677238",38000,546,271
1757678417,2025-09-12T12:00:17Z,CPA647,"21.016891,99.671165",38000,547,270
1757678419,2025-09-12T12:00:19Z,CPA647,"21.016891,99.665565",38025,548,269
1757678421,2025-09-12T12:00:21Z,CPA647,"21.016754,99.659042",38000,548,268
1757678423,2025-09-12T12:00:23Z,CPA647,"21.016474,99.651939",38000,547,266
1757678426,2025-09-12T12:00:26Z,CPA647,"21.016193,99.647148",38000,548,266
1757678428,2025-09-12T12:00:28Z,CPA647,"21.015839,99.641533",38025,548,265
1757678430,2025-09-12T12:00:30Z,CPA647,"21.015402,99.635712",38025,548,265
1757678432,2025-09-12T12:00:32Z,CPA647,"21.014936,99.629021",38000,548,265
1757678434,2025-09-12T12:00:34Z,CPA647,"21.014471,99.622726",38000,548,265
1757678436,2025-09-12T12:00:36Z,CPA647,"21.014099,99.617729",38000,548,265
1757678438,2025-09-12T12:00:38Z,CPA647,"21.013779,99.612991",37975,548,266
1757678470,2025-09-12T12:01:10Z,CPA647,"21.010071,99.526619",37975,548,267
1757678502,2025-09-12T12:01:42Z,CPA647,"21.010117,99.440987",37975,545,273
1757678535,2025-09-12T12:02:15Z,CPA647,"21.019501,99.351471",38000,543,279
1757678566,2025-09-12T12:02:46Z,CPA647,"21.035374,99.269966",38000,542,282
1757678598,2025-09-12T12:03:18Z,CPA647,"21.054552,99.188637",38000,540,286
1757678629,2025-09-12T12:03:49Z,CPA647,"21.078003,99.109665",38000,539,288
1757678660,2025-09-12T12:04:20Z,CPA647,"21.101715,99.030113",38000,540,285
1757678693,2025-09-12T12:04:53Z,CPA647,"21.118378,98.944122",38000,541,281
1757678726,2025-09-12T12:05:26Z,CPA647,"21.134674,98.858475",38000,537,281
1757678756,2025-09-12T12:05:56Z,CPA647,"21.150126,98.778893",38000,534,281
1757678787,2025-09-12T12:06:27Z,CPA647,"21.165436,98.698975",38000,533,281
1757678818,2025-09-12T12:06:58Z,CPA647,"21.180477,98.619843",38000,532,281
1757678850,2025-09-12T12:07:30Z,CPA647,"21.196491,98.535713",38000,530,281
1757678882,2025-09-12T12:08:02Z,CPA647,"21.211533,98.456375",38000,530,281
1757678913,2025-09-12T12:08:33Z,CPA647,"21.226776,98.375923",38000,529,281
1757678934,2025-09-12T12:08:54Z,CPA647,"21.241058,98.323792",38000,524,293
1757678937,2025-09-12T12:08:57Z,CPA647,"21.243942,98.31675",38000,522,294
1757678939,2025-09-12T12:08:59Z,CPA647,"21.246643,98.310555",38000,522,296
1757678942,2025-09-12T12:09:02Z,CPA647,"21.249327,98.304848",38000,521,296
1757678944,2025-09-12T12:09:04Z,CPA647,"21.251999,98.299324",38000,521,297
1757678946,2025-09-12T12:09:06Z,CPA647,"21.254333,98.294579",38000,520,297
1757678948,2025-09-12T12:09:08Z,CPA647,"21.256348,98.290581",38000,520,298
1757678950,2025-09-12T12:09:10Z,CPA647,"21.259056,98.285164",38000,520,298
1757678952,2025-09-12T12:09:12Z,CPA647,"21.261246,98.280792",38025,520,298
1757678955,2025-09-12T12:09:15Z,CPA647,"21.26413,98.275002",38000,520,298
1757678987,2025-09-12T12:09:47Z,CPA647,"21.298487,98.202515",38000,520,296
1757679019,2025-09-12T12:10:19Z,CPA647,"21.33205,98.128761",38000,520,295
1757679051,2025-09-12T12:10:51Z,CPA647,"21.364014,98.050179",38000,523,290
1757679082,2025-09-12T12:11:22Z,CPA647,"21.386032,97.974724",38000,526,284
1757679114,2025-09-12T12:11:54Z,CPA647,"21.402252,97.893578",38000,525,280
1757679166,2025-09-12T12:12:46Z,CPA647,"21.426971,97.759956",38000,516,281
1757679199,2025-09-12T12:13:19Z,CPA647,"21.44224,97.677917",38000,518,281
1757679230,2025-09-12T12:13:50Z,CPA647,"21.456764,97.599236",38000,520,281
1757679261,2025-09-12T12:14:21Z,CPA647,"21.471102,97.520905",38000,520,281
1757679292,2025-09-12T12:14:52Z,CPA647,"21.485367,97.442688",38000,523,281
1757679325,2025-09-12T12:15:25Z,CPA647,"21.500885,97.357841",38000,525,280
1757679356,2025-09-12T12:15:56Z,CPA647,"21.515095,97.279663",38025,523,280
1757679389,2025-09-12T12:16:29Z,CPA647,"21.530228,97.196144",38000,523,281
1757679420,2025-09-12T12:17:00Z,CPA647,"21.544422,97.118073",38000,521,280
1757679450,2025-09-12T12:17:30Z,CPA647,"21.55838,97.040588",37975,522,280
1757679482,2025-09-12T12:18:02Z,CPA647,"21.572353,96.96228",38000,525,280
1757679515,2025-09-12T12:18:35Z,CPA647,"21.588135,96.875252",38000,530,280
1757679546,2025-09-12T12:19:06Z,CPA647,"21.602829,96.793144",38000,531,280
1757679579,2025-09-12T12:19:39Z,CPA647,"21.617615,96.709999",38000,532,280
1757679611,2025-09-12T12:20:11Z,CPA647,"21.632826,96.624352",38000,530,280
1757679644,2025-09-12T12:20:44Z,CPA647,"21.647535,96.541542",38000,529,280
1757679675,2025-09-12T12:21:15Z,CPA647,"21.661743,96.461113",38000,528,280
1757679707,2025-09-12T12:21:47Z,CPA647,"21.676258,96.378632",38000,529,280
1757679739,2025-09-12T12:22:19Z,CPA647,"21.690969,96.294708",38000,531,280
1757679771,2025-09-12T12:22:51Z,CPA647,"21.705492,96.212006",38000,531,280
1757679802,2025-09-12T12:23:22Z,CPA647,"21.719376,96.130569",38000,533,278
1757679826,2025-09-12T12:23:46Z,CPA647,"21.723974,96.071472",38000,535,270
1757679830,2025-09-12T12:23:50Z,CPA647,"21.72402,96.05896",38000,535,269
1757679836,2025-09-12T12:23:56Z,CPA647,"21.723648,96.043037",38000,535,267
1757679870,2025-09-12T12:24:30Z,CPA647,"21.714661,95.954742",38000,534,262
1757679901,2025-09-12T12:25:01Z,CPA647,"21.704269,95.87104",38000,534,262
1757679932,2025-09-12T12:25:32Z,CPA647,"21.696508,95.790154",38000,532,270
1757679938,2025-09-12T12:25:38Z,CPA647,"21.697067,95.77433",38000,531,273
1757679940,2025-09-12T12:25:40Z,CPA647,"21.697487,95.769295",38000,530,275
1757679942,2025-09-12T12:25:42Z,CPA647,"21.69837,95.761162",38000,530,277
1757679945,2025-09-12T12:25:45Z,CPA647,"21.699068,95.755974",38000,529,279
1757679947,2025-09-12T12:25:47Z,CPA647,"21.699875,95.75074",38000,529,280
1757679949,2025-09-12T12:25:49Z,CPA647,"21.700745,95.745796",38000,528,280
1757679952,2025-09-12T12:25:52Z,CPA647,"21.702072,95.738609",38025,528,281
1757679955,2025-09-12T12:25:55Z,CPA647,"21.703304,95.732216",38000,528,281
1757679957,2025-09-12T12:25:57Z,CPA647,"21.704794,95.72464",38000,528,282
1757679987,2025-09-12T12:26:27Z,CPA647,"21.71946,95.644836",38000,529,280
1757680019,2025-09-12T12:26:59Z,CPA647,"21.732788,95.563324",38000,529,280
1757680050,2025-09-12T12:27:30Z,CPA647,"21.746246,95.483025",38000,527,280
1757680081,2025-09-12T12:28:01Z,CPA647,"21.760052,95.401764",38000,528,280
1757680113,2025-09-12T12:28:33Z,CPA647,"21.773739,95.32135",38000,529,280
1757680145,2025-09-12T12:29:05Z,CPA647,"21.787766,95.238632",38000,531,280
1757680176,2025-09-12T12:29:36Z,CPA647,"21.801437,95.157219",38000,531,280
1757680208,2025-09-12T12:30:08Z,CPA647,"21.815231,95.074837",38000,530,280
1757680239,2025-09-12T12:30:39Z,CPA647,"21.828484,94.995674",38000,529,280
1757680270,2025-09-12T12:31:10Z,CPA647,"21.84231,94.912971",38000,528,280
1757680301,2025-09-12T12:31:41Z,CPA647,"21.855532,94.833778",38000,526,280
1757680332,2025-09-12T12:32:12Z,CPA647,"21.868698,94.754181",38000,526,280
1757680364,2025-09-12T12:32:44Z,CPA647,"21.883539,94.671852",38000,526,280
1757680396,2025-09-12T12:33:16Z,CPA647,"21.897144,94.588844",38000,528,280
1757680426,2025-09-12T12:33:46Z,CPA647,"21.909756,94.511658",38000,530,280
1757680457,2025-09-12T12:34:17Z,CPA647,"21.923155,94.43119",38000,530,279
1757680488,2025-09-12T12:34:48Z,CPA647,"21.936136,94.350693",38000,530,279
1757680519,2025-09-12T12:35:19Z,CPA647,"21.949142,94.271477",38000,529,279
1757680551,2025-09-12T12:35:51Z,CPA647,"21.962507,94.188332",38000,530,279
1757680583,2025-09-12T12:36:23Z,CPA647,"21.976208,94.104324",38000,531,279
1757680614,2025-09-12T12:36:54Z,CPA647,"21.989174,94.0243",38000,533,279
1757680645,2025-09-12T12:37:25Z,CPA647,"22.002497,93.940331",38000,534,279
1757680677,2025-09-12T12:37:57Z,CPA647,"22.01552,93.859497",38000,533,279
1757680709,2025-09-12T12:38:29Z,CPA647,"22.029701,93.772614",38000,534,279
1757680740,2025-09-12T12:39:00Z,CPA647,"22.041948,93.694435",38000,535,279
1757680771,2025-09-12T12:39:31Z,CPA647,"22.055031,93.611694",38000,535,279
1757680803,2025-09-12T12:40:03Z,CPA647,"22.068195,93.528458",38000,535,279
1757680835,2025-09-12T12:40:35Z,CPA647,"22.081469,93.443657",38000,536,279
1757680866,2025-09-12T12:41:06Z,CPA647,"22.093967,93.363556",38000,537,279
1757680899,2025-09-12T12:41:39Z,CPA647,"22.107622,93.276207",38000,537,279
1757680932,2025-09-12T12:42:12Z,CPA647,"22.121002,93.19014",38000,536,279
1757680964,2025-09-12T12:42:44Z,CPA647,"22.134527,93.104599",38000,536,279
1757680996,2025-09-12T12:43:16Z,CPA647,"22.147379,93.020103",38000,536,279
1757681028,2025-09-12T12:43:48Z,CPA647,"22.160727,92.934647",38000,534,279
1757681059,2025-09-12T12:44:19Z,CPA647,"22.172739,92.855583",38000,534,279
1757681090,2025-09-12T12:44:50Z,CPA647,"22.185163,92.774361",38000,534,279
1757681123,2025-09-12T12:45:23Z,CPA647,"22.198406,92.688324",38000,534,279
1757681153,2025-09-12T12:45:53Z,CPA647,"22.20717,92.607559",38000,534,273
1757681184,2025-09-12T12:46:24Z,CPA647,"22.211275,92.525948",38000,532,273
1757681215,2025-09-12T12:46:55Z,CPA647,"22.216349,92.445122",38000,532,273
1757681247,2025-09-12T12:47:27Z,CPA647,"22.221649,92.361168",38000,531,273
1757681277,2025-09-12T12:47:57Z,CPA647,"22.226707,92.280464",38000,533,273
1757681310,2025-09-12T12:48:30Z,CPA647,"22.232325,92.194252",38000,533,274
1757681340,2025-09-12T12:49:00Z,CPA647,"22.238184,92.112755",38000,535,274
1757681373,2025-09-12T12:49:33Z,CPA647,"22.24474,92.025459",38000,537,274
1757681403,2025-09-12T12:50:03Z,CPA647,"22.25054,91.943108",38000,537,274
1757681434,2025-09-12T12:50:34Z,CPA647,"22.252859,91.860046",38000,536,274
1757681466,2025-09-12T12:51:06Z,CPA647,"22.260551,91.773285",38000,533,276
1757681497,2025-09-12T12:51:37Z,CPA647,"22.271275,91.695129",38000,530,277
1757681529,2025-09-12T12:52:09Z,CPA647,"22.282228,91.610069",38000,531,277
1757681561,2025-09-12T12:52:41Z,CPA647,"22.291988,91.526314",38000,533,277
1757681593,2025-09-12T12:53:13Z,CPA647,"22.301912,91.442062",38000,535,276
1757681625,2025-09-12T12:53:45Z,CPA647,"22.311506,91.35656",38000,535,277
1757681656,2025-09-12T12:54:16Z,CPA647,"22.321547,91.275444",38000,534,277
1757681687,2025-09-12T12:54:47Z,CPA647,"22.332073,91.194016",38000,533,277
1757681720,2025-09-12T12:55:20Z,CPA647,"22.342789,91.108025",38000,532,277
1757681752,2025-09-12T12:55:52Z,CPA647,"22.353178,91.023117",38000,532,277
1757681783,2025-09-12T12:56:23Z,CPA647,"22.362883,90.943375",38000,530,277
1757681815,2025-09-12T12:56:55Z,CPA647,"22.373337,90.858109",38000,528,277
1757681846,2025-09-12T12:57:26Z,CPA647,"22.383114,90.777443",38000,527,277
1757681879,2025-09-12T12:57:59Z,CPA647,"22.393324,90.692711",38000,528,277
1757681911,2025-09-12T12:58:31Z,CPA647,"22.403521,90.608192",38000,528,277
1757681943,2025-09-12T12:59:03Z,CPA647,"22.413544,90.523605",38000,527,277
1757681976,2025-09-12T12:59:36Z,CPA647,"22.423628,90.43911",38000,527,277
1757682006,2025-09-12T13:00:06Z,CPA647,"22.432945,90.360954",38000,528,277
1757682032,2025-09-12T13:00:32Z,CPA647,"22.440926,90.29248",38000,528,277
1757682075,2025-09-12T13:01:15Z,CPA647,"22.454092,90.180504",38000,530,277
1757682105,2025-09-12T13:01:45Z,CPA647,"22.463287,90.101837",38000,531,277
1757682138,2025-09-12T13:02:18Z,CPA647,"22.47328,90.015884",38000,531,277
1757682168,2025-09-12T13:02:48Z,CPA647,"22.482111,89.936241",38000,530,277
1757682200,2025-09-12T13:03:20Z,CPA647,"22.492052,89.851219",38000,529,277
1757682232,2025-09-12T13:03:52Z,CPA647,"22.50124,89.768135",38000,527,276
1757682264,2025-09-12T13:04:24Z,CPA647,"22.510853,89.683617",38000,526,276
1757682295,2025-09-12T13:04:55Z,CPA647,"22.516035,89.605148",38000,525,276
1757682328,2025-09-12T13:05:28Z,CPA647,"22.529663,89.515564",38000,525,276
1757682360,2025-09-12T13:06:00Z,CPA647,"22.53957,89.433746",38000,526,276
1757682390,2025-09-12T13:06:30Z,CPA647,"22.548569,89.353554",38000,526,276
1757682422,2025-09-12T13:07:02Z,CPA647,"22.557911,89.269814",38000,526,276
1757682455,2025-09-12T13:07:35Z,CPA647,"22.567221,89.185791",38000,527,276
1757682485,2025-09-12T13:08:05Z,CPA647,"22.576113,89.105171",38000,528,276
1757682517,2025-09-12T13:08:37Z,CPA647,"22.585464,89.019821",38000,529,276
1757682549,2025-09-12T13:09:09Z,CPA647,"22.595032,88.935822",38000,529,278
1757682581,2025-09-12T13:09:41Z,CPA647,"22.608606,88.854469",38000,530,280
1757682612,2025-09-12T13:10:12Z,CPA647,"22.622478,88.77182",38000,532,280
1757682643,2025-09-12T13:10:43Z,CPA647,"22.635885,88.690338",38000,532,280
1757682675,2025-09-12T13:11:15Z,CPA647,"22.64946,88.608131",38000,531,280
1757682707,2025-09-12T13:11:47Z,CPA647,"22.663212,88.525032",38000,531,280
1757682739,2025-09-12T13:12:19Z,CPA647,"22.675827,88.441673",38000,531,277
1757682772,2025-09-12T13:12:52Z,CPA647,"22.682066,88.354034",38000,533,273
1757682803,2025-09-12T13:13:23Z,CPA647,"22.68742,88.27301",38000,531,274
1757682835,2025-09-12T13:13:55Z,CPA647,"22.693222,88.187752",38000,532,274
1757682867,2025-09-12T13:14:27Z,CPA647,"22.698872,88.102623",38000,532,273
1757682897,2025-09-12T13:14:57Z,CPA647,"22.704132,88.02124",38000,532,273
1757682929,2025-09-12T13:15:29Z,CPA647,"22.709702,87.935371",38000,532,273
1757682960,2025-09-12T13:16:00Z,CPA647,"22.714886,87.85421",38000,533,273
1757682991,2025-09-12T13:16:31Z,CPA647,"22.720053,87.772522",38000,533,273
1757683023,2025-09-12T13:17:03Z,CPA647,"22.725498,87.686462",38000,532,273
1757683063,2025-09-12T13:17:43Z,CPA647,"22.729036,87.629547",38000,10,273
1757683094,2025-09-12T13:18:14Z,CPA647,"22.737213,87.498062",38000,532,273
1757683127,2025-09-12T13:18:47Z,CPA647,"22.742432,87.413017",38000,534,273
1757683157,2025-09-12T13:19:17Z,CPA647,"22.747379,87.331795",38000,534,273
1757683189,2025-09-12T13:19:49Z,CPA647,"22.752546,87.246147",38000,532,273
1757683222,2025-09-12T13:20:22Z,CPA647,"22.757668,87.159523",38000,532,273
1757683253,2025-09-12T13:20:53Z,CPA647,"22.762693,87.075043",38000,532,273
1757683284,2025-09-12T13:21:24Z,CPA647,"22.767349,86.995293",38000,529,273
1757683317,2025-09-12T13:21:57Z,CPA647,"22.772369,86.909294",38000,527,273
1757683347,2025-09-12T13:22:27Z,CPA647,"22.776985,86.828514",38000,526,273
1757683380,2025-09-12T13:23:00Z,CPA647,"22.781891,86.742851",38000,527,273
1757683413,2025-09-12T13:23:33Z,CPA647,"22.786762,86.657051",38000,527,273
1757683444,2025-09-12T13:24:04Z,CPA647,"22.791504,86.571869",38000,527,273
1757683475,2025-09-12T13:24:35Z,CPA647,"22.795979,86.49073",38000,529,273
1757683506,2025-09-12T13:25:06Z,CPA647,"22.800447,86.409813",38000,530,273
1757683539,2025-09-12T13:25:39Z,CPA647,"22.805145,86.323174",38000,531,273
1757683570,2025-09-12T13:26:10Z,CPA647,"22.809723,86.239029",38000,531,273
1757683602,2025-09-12T13:26:42Z,CPA647,"22.814301,86.153587",38000,528,273
1757683635,2025-09-12T13:27:15Z,CPA647,"22.820978,86.068169",38000,526,275
1757683668,2025-09-12T13:27:48Z,CPA647,"22.828938,85.982155",38000,527,275
1757683698,2025-09-12T13:28:18Z,CPA647,"22.835735,85.900932",38000,528,274
1757683729,2025-09-12T13:28:49Z,CPA647,"22.842224,85.820648",38000,525,274
1757683762,2025-09-12T13:29:22Z,CPA647,"22.849182,85.734505",38000,524,275
1757683794,2025-09-12T13:29:54Z,CPA647,"22.855892,85.65023",38000,521,274
1757683827,2025-09-12T13:30:27Z,CPA647,"22.862595,85.566071",38000,520,274
1757683860,2025-09-12T13:31:00Z,CPA647,"22.869415,85.480423",38000,520,274
1757683892,2025-09-12T13:31:32Z,CPA647,"22.876003,85.396324",38000,521,274
1757683923,2025-09-12T13:32:03Z,CPA647,"22.882286,85.31601",38000,522,274
1757683955,2025-09-12T13:32:35Z,CPA647,"22.888824,85.232033",38000,520,274
1757683986,2025-09-12T13:33:06Z,CPA647,"22.894997,85.152184",38000,521,274
1757684019,2025-09-12T13:33:39Z,CPA647,"22.90155,85.067085",38000,523,274
1757684050,2025-09-12T13:34:10Z,CPA647,"22.907797,84.985756",38000,526,274
1757684083,2025-09-12T13:34:43Z,CPA647,"22.91222,84.899391",38000,527,267
1757684090,2025-09-12T13:34:50Z,CPA647,"22.911118,84.881317",37975,526,264
1757684092,2025-09-12T13:34:52Z,CPA647,"22.910498,84.875031",38000,526,263
1757684094,2025-09-12T13:34:54Z,CPA647,"22.909939,84.869789",38000,525,262
1757684096,2025-09-12T13:34:56Z,CPA647,"22.909058,84.863091",38000,526,261
1757684098,2025-09-12T13:34:58Z,CPA647,"22.908356,84.858345",38000,525,260
1757684100,2025-09-12T13:35:00Z,CPA647,"22.907331,84.852142",38000,524,259
1757684103,2025-09-12T13:35:03Z,CPA647,"22.906311,84.846565",38000,524,258
1757684105,2025-09-12T13:35:05Z,CPA647,"22.905237,84.841209",38000,524,257
1757684107,2025-09-12T13:35:07Z,CPA647,"22.904167,84.836121",38000,523,256
1757684109,2025-09-12T13:35:09Z,CPA647,"22.902769,84.829964",38000,523,255
1757684112,2025-09-12T13:35:12Z,CPA647,"22.901234,84.823509",38000,522,255
1757684114,2025-09-12T13:35:14Z,CPA647,"22.899994,84.818451",38000,522,254
1757684116,2025-09-12T13:35:16Z,CPA647,"22.898487,84.81237",38000,522,254
1757684118,2025-09-12T13:35:18Z,CPA647,"22.897385,84.808159",38000,522,254
1757684149,2025-09-12T13:35:49Z,CPA647,"22.877584,84.732056",38000,518,254
1757684182,2025-09-12T13:36:22Z,CPA647,"22.855892,84.648537",38000,519,254
1757684212,2025-09-12T13:36:52Z,CPA647,"22.836227,84.572502",38000,519,254
1757684244,2025-09-12T13:37:24Z,CPA647,"22.815624,84.491982",38000,521,254
1757684277,2025-09-12T13:37:57Z,CPA647,"22.795349,84.410706",38000,522,255
1757684307,2025-09-12T13:38:27Z,CPA647,"22.776489,84.333054",38000,525,255
1757684339,2025-09-12T13:38:59Z,CPA647,"22.759689,84.249657",38000,527,262
1757684355,2025-09-12T13:39:15Z,CPA647,"22.756165,84.208954",38000,528,267
1757684357,2025-09-12T13:39:17Z,CPA647,"22.755991,84.204102",38000,527,268
1757684360,2025-09-12T13:39:20Z,CPA647,"22.755852,84.197594",38000,527,269
1757684362,2025-09-12T13:39:22Z,CPA647,"22.755844,84.191032",38000,527,270
1757684364,2025-09-12T13:39:24Z,CPA647,"22.755981,84.185982",38000,527,272
1757684366,2025-09-12T13:39:26Z,CPA647,"22.756224,84.180298",38000,526,273
1757684368,2025-09-12T13:39:28Z,CPA647,"22.75655,84.175262",38000,526,274
1757684370,2025-09-12T13:39:30Z,CPA647,"22.7572,84.168549",38000,527,276
1757684373,2025-09-12T13:39:33Z,CPA647,"22.757759,84.163513",38000,526,277
1757684375,2025-09-12T13:39:35Z,CPA647,"22.758591,84.157471",38000,528,279
1757684377,2025-09-12T13:39:37Z,CPA647,"22.759689,84.151031",38000,527,280
1757684379,2025-09-12T13:39:39Z,CPA647,"22.760651,84.145882",38000,526,282
1757684382,2025-09-12T13:39:42Z,CPA647,"22.762115,84.139091",38000,526,283
1757684384,2025-09-12T13:39:44Z,CPA647,"22.763214,84.134651",38000,526,285
1757684386,2025-09-12T13:39:46Z,CPA647,"22.764771,84.128555",38000,525,286
1757684388,2025-09-12T13:39:48Z,CPA647,"22.766098,84.123711",38000,525,287
1757684391,2025-09-12T13:39:51Z,CPA647,"22.767975,84.117271",38025,524,287
1757684393,2025-09-12T13:39:53Z,CPA647,"22.76963,84.111687",38000,525,288
1757684395,2025-09-12T13:39:55Z,CPA647,"22.77154,84.10553",38025,525,288
1757684398,2025-09-12T13:39:58Z,CPA647,"22.773401,84.099525",38025,524,288
1757684400,2025-09-12T13:40:00Z,CPA647,"22.77507,84.094147",38025,524,288
1757684402,2025-09-12T13:40:02Z,CPA647,"22.77681,84.088409",38025,524,287
1757684433,2025-09-12T13:40:33Z,CPA647,"22.797684,84.010353",38000,521,285
1757684465,2025-09-12T13:41:05Z,CPA647,"22.816322,83.929848",38000,519,283
1757684498,2025-09-12T13:41:38Z,CPA647,"22.834763,83.848907",38000,516,283
1757684528,2025-09-12T13:42:08Z,CPA647,"22.852354,83.771362",38000,519,283
1757684561,2025-09-12T13:42:41Z,CPA647,"22.871254,83.686928",38000,523,283
1757684592,2025-09-12T13:43:12Z,CPA647,"22.888596,83.608604",38000,524,283
1757684623,2025-09-12T13:43:43Z,CPA647,"22.905796,83.530731",38000,524,283
1757684655,2025-09-12T13:44:15Z,CPA647,"22.924393,83.446854",38000,522,283
1757684686,2025-09-12T13:44:46Z,CPA647,"22.941454,83.370056",38000,524,283
1757684719,2025-09-12T13:45:19Z,CPA647,"22.960281,83.28521",38000,527,283
1757684751,2025-09-12T13:45:51Z,CPA647,"22.978464,83.203529",38000,529,283
1757684781,2025-09-12T13:46:21Z,CPA647,"22.995829,83.124847",38000,531,283
1757684814,2025-09-12T13:46:54Z,CPA647,"23.01535,83.039513",38000,532,284
1757684847,2025-09-12T13:47:27Z,CPA647,"23.031738,82.955215",38000,529,276
1757684851,2025-09-12T13:47:31Z,CPA647,"23.0327,82.943977",38000,530,274
1757684853,2025-09-12T13:47:33Z,CPA647,"23.03302,82.938484",38000,529,273
1757684855,2025-09-12T13:47:35Z,CPA647,"23.03334,82.931694",38000,529,272
1757684857,2025-09-12T13:47:37Z,CPA647,"23.033569,82.925751",38000,530,272
1757684860,2025-09-12T13:47:40Z,CPA647,"23.033752,82.919159",38000,530,271
1757684862,2025-09-12T13:47:42Z,CPA647,"23.03389,82.914917",38000,529,271
1757684864,2025-09-12T13:47:44Z,CPA647,"23.034073,82.908577",38000,529,271
1757684895,2025-09-12T13:48:15Z,CPA647,"23.037584,82.827454",38000,526,274
1757684927,2025-09-12T13:48:47Z,CPA647,"23.043545,82.742615",38000,525,274
1757684959,2025-09-12T13:49:19Z,CPA647,"23.049084,82.657318",38000,528,273
1757684990,2025-09-12T13:49:50Z,CPA647,"23.054018,82.576393",38000,528,273
1757685021,2025-09-12T13:50:21Z,CPA647,"23.058907,82.494713",38000,527,273
1757685054,2025-09-12T13:50:54Z,CPA647,"23.064102,82.4076",38000,526,273
1757685087,2025-09-12T13:51:27Z,CPA647,"23.069101,82.322746",38000,524,273
1757685119,2025-09-12T13:51:59Z,CPA647,"23.074036,82.238518",38000,524,273
1757685149,2025-09-12T13:52:29Z,CPA647,"23.078737,82.15815",38000,523,273
1757685181,2025-09-12T13:53:01Z,CPA647,"23.083578,82.074226",38000,525,273
1757685212,2025-09-12T13:53:32Z,CPA647,"23.088234,81.992798",38000,523,273
1757685243,2025-09-12T13:54:03Z,CPA647,"23.092703,81.912689",38000,524,273
1757685275,2025-09-12T13:54:35Z,CPA647,"23.097452,81.828156",38000,525,273
1757685306,2025-09-12T13:55:06Z,CPA647,"23.101921,81.747032",38000,525,273
1757685338,2025-09-12T13:55:38Z,CPA647,"23.106668,81.661171",38000,525,273
1757685369,2025-09-12T13:56:09Z,CPA647,"23.111044,81.579689",38000,526,273
1757685400,2025-09-12T13:56:40Z,CPA647,"23.115421,81.498924",38000,524,273
1757685431,2025-09-12T13:57:11Z,CPA647,"23.119658,81.419273",38000,521,273
1757685463,2025-09-12T13:57:43Z,CPA647,"23.124115,81.334183",38000,519,273
1757685496,2025-09-12T13:58:16Z,CPA647,"23.128502,81.249695",38000,522,273
1757685526,2025-09-12T13:58:46Z,CPA647,"23.132645,81.170097",38000,523,273
1757685559,2025-09-12T13:59:19Z,CPA647,"23.13702,81.085258",38000,519,273
1757685591,2025-09-12T13:59:51Z,CPA647,"23.141256,81.002144",38000,517,273
1757685623,2025-09-12T14:00:23Z,CPA647,"23.145493,80.916191",38000,519,273
1757685656,2025-09-12T14:00:56Z,CPA647,"23.14975,80.831909",38000,522,273
1757685687,2025-09-12T14:01:27Z,CPA647,"23.153732,80.749458",38075,527,272
1757685720,2025-09-12T14:02:00Z,CPA647,"23.157944,80.663269",38275,529,272
1757685750,2025-09-12T14:02:30Z,CPA647,"23.161697,80.58477",39225,514,272
1757685783,2025-09-12T14:03:03Z,CPA647,"23.16568,80.500725",39700,508,272
1757685815,2025-09-12T14:03:35Z,CPA647,"23.169561,80.417786",39800,511,272
1757685848,2025-09-12T14:04:08Z,CPA647,"23.173508,80.332977",39850,515,272
1757685880,2025-09-12T14:04:40Z,CPA647,"23.177261,80.250885",39950,518,272
1757685913,2025-09-12T14:05:13Z,CPA647,"23.181198,80.164085",40000,518,272
1757685944,2025-09-12T14:05:44Z,CPA647,"23.184784,80.084282",40000,518,272
1757685975,2025-09-12T14:06:15Z,CPA647,"23.188274,80.004425",40000,518,272
1757686006,2025-09-12T14:06:46Z,CPA647,"23.191906,79.922028",40000,520,272
1757686038,2025-09-12T14:07:18Z,CPA647,"23.195526,79.839592",40000,521,272
1757686070,2025-09-12T14:07:50Z,CPA647,"23.199005,79.756348",40000,521,272
1757686102,2025-09-12T14:08:22Z,CPA647,"23.202566,79.671783",40000,522,272
1757686135,2025-09-12T14:08:55Z,CPA647,"23.206198,79.586281",40000,523,272
1757686165,2025-09-12T14:09:25Z,CPA647,"23.208939,79.507858",40000,523,271
1757686197,2025-09-12T14:09:57Z,CPA647,"23.210014,79.423012",40000,524,270
1757686228,2025-09-12T14:10:28Z,CPA647,"23.211044,79.34201",40000,521,270
1757686260,2025-09-12T14:11:00Z,CPA647,"23.212555,79.257271",40000,517,271
1757686291,2025-09-12T14:11:31Z,CPA647,"23.213879,79.177498",40000,516,270
1757686323,2025-09-12T14:12:03Z,CPA647,"23.215229,79.09536",40000,514,271
1757686356,2025-09-12T14:12:36Z,CPA647,"23.216579,79.011841",40000,515,271
1757686388,2025-09-12T14:13:08Z,CPA647,"23.217865,78.927078",40000,519,270
1757686421,2025-09-12T14:13:41Z,CPA647,"23.219093,78.842163",40000,521,270
1757686453,2025-09-12T14:14:13Z,CPA647,"23.220291,78.758041",40000,521,270
1757686485,2025-09-12T14:14:45Z,CPA647,"23.222305,78.673195",40000,520,272
1757686518,2025-09-12T14:15:18Z,CPA647,"23.227386,78.588699",40000,521,273
1757686549,2025-09-12T14:15:49Z,CPA647,"23.231754,78.508606",40000,522,273
1757686581,2025-09-12T14:16:21Z,CPA647,"23.235897,78.421577",40000,523,272
1757686614,2025-09-12T14:16:54Z,CPA647,"23.239746,78.338066",40000,520,272
1757686646,2025-09-12T14:17:26Z,CPA647,"23.243683,78.254066",40000,519,272
1757686678,2025-09-12T14:17:58Z,CPA647,"23.247442,78.170982",40000,518,272
1757686711,2025-09-12T14:18:31Z,CPA647,"23.251307,78.086296",40000,517,272
1757686741,2025-09-12T14:19:01Z,CPA647,"23.254898,78.006126",40000,516,272
1757686773,2025-09-12T14:19:33Z,CPA647,"23.258568,77.922768",40000,515,272
1757686804,2025-09-12T14:20:04Z,CPA647,"23.262014,77.843117",40000,516,272
1757686837,2025-09-12T14:20:37Z,CPA647,"23.265701,77.758934",40000,517,272
1757686869,2025-09-12T14:21:09Z,CPA647,"23.269182,77.676949",40000,519,272
1757686899,2025-09-12T14:21:39Z,CPA647,"23.272522,77.597382",40000,521,272
1757686931,2025-09-12T14:22:11Z,CPA647,"23.276026,77.51429",40000,522,272
1757686963,2025-09-12T14:22:43Z,CPA647,"23.279518,77.429604",40000,522,272
1757686995,2025-09-12T14:23:15Z,CPA647,"23.282272,77.346199",40000,522,270
1757687027,2025-09-12T14:23:47Z,CPA647,"23.278074,77.261909",40000,520,264
1757687060,2025-09-12T14:24:20Z,CPA647,"23.271561,77.176109",40000,518,265
1757687092,2025-09-12T14:24:52Z,CPA647,"23.265884,77.092216",40000,520,265
1757687124,2025-09-12T14:25:24Z,CPA647,"23.260057,77.009483",40000,521,265
1757687156,2025-09-12T14:25:56Z,CPA647,"23.25396,76.925659",40000,522,265
1757687187,2025-09-12T14:26:27Z,CPA647,"23.248095,76.845245",40000,523,265
1757687219,2025-09-12T14:26:59Z,CPA647,"23.241997,76.762291",40000,523,265
1757687250,2025-09-12T14:27:30Z,CPA647,"23.235947,76.680122",40000,523,265
1757687281,2025-09-12T14:28:01Z,CPA647,"23.229904,76.599274",40000,523,265
1757687313,2025-09-12T14:28:33Z,CPA647,"23.223679,76.515678",40000,523,265
1757687345,2025-09-12T14:29:05Z,CPA647,"23.217278,76.43148",40000,523,265
1757687377,2025-09-12T14:29:37Z,CPA647,"23.210861,76.347038",40000,524,265
1757687408,2025-09-12T14:30:08Z,CPA647,"23.204819,76.267441",40000,522,265
1757687440,2025-09-12T14:30:40Z,CPA647,"23.198227,76.182846",40000,521,265
1757687471,2025-09-12T14:31:11Z,CPA647,"23.192047,76.103142",40000,519,265
1757687503,2025-09-12T14:31:43Z,CPA647,"23.18541,76.017647",40000,520,265
1757687536,2025-09-12T14:32:16Z,CPA647,"23.182983,75.933708",40000,522,269
1757687569,2025-09-12T14:32:49Z,CPA647,"23.181519,75.84726",40000,521,266
1757687601,2025-09-12T14:33:21Z,CPA647,"23.175613,75.763618",40000,523,265
1757687633,2025-09-12T14:33:53Z,CPA647,"23.169846,75.680473",40000,524,266
1757687664,2025-09-12T14:34:24Z,CPA647,"23.164948,75.598625",40000,525,266
1757687694,2025-09-12T14:34:54Z,CPA647,"23.160297,75.520119",40000,524,266
1757687727,2025-09-12T14:35:27Z,CPA647,"23.154968,75.432182",40000,525,266
1757687759,2025-09-12T14:35:59Z,CPA647,"23.149979,75.350082",40000,527,266
1757687789,2025-09-12T14:36:29Z,CPA647,"23.144888,75.267845",40000,529,266
1757687822,2025-09-12T14:37:02Z,CPA647,"23.139633,75.182343",40000,530,266
1757687854,2025-09-12T14:37:34Z,CPA647,"23.134182,75.095116",40000,531,266
1757687886,2025-09-12T14:38:06Z,CPA647,"23.12883,75.011101",40000,532,266
1757687917,2025-09-12T14:38:37Z,CPA647,"23.123753,74.930473",40000,531,266
1757687950,2025-09-12T14:39:10Z,CPA647,"23.118074,74.842735",40000,530,266
1757687982,2025-09-12T14:39:42Z,CPA647,"23.112442,74.755554",40000,530,265
1757688013,2025-09-12T14:40:13Z,CPA647,"23.107182,74.674583",40000,530,265
1757688045,2025-09-12T14:40:45Z,CPA647,"23.101593,74.589874",40000,529,265
1757688077,2025-09-12T14:41:17Z,CPA647,"23.095917,74.504181",40000,531,265
1757688110,2025-09-12T14:41:50Z,CPA647,"23.090057,74.417343",40000,532,265
1757688141,2025-09-12T14:42:21Z,CPA647,"23.084518,74.334694",40000,532,265
1757688172,2025-09-12T14:42:52Z,CPA647,"23.079018,74.253944",40000,533,265
1757688204,2025-09-12T14:43:24Z,CPA647,"23.073029,74.166008",40000,534,265
1757688236,2025-09-12T14:43:56Z,CPA647,"23.067007,74.079689",40000,533,265
1757688267,2025-09-12T14:44:27Z,CPA647,"23.06142,73.999123",40000,532,265
1757688298,2025-09-12T14:44:58Z,CPA647,"23.055542,73.915367",40000,531,265
1757688330,2025-09-12T14:45:30Z,CPA647,"23.049637,73.831474",40000,529,265
1757688361,2025-09-12T14:46:01Z,CPA647,"23.043777,73.74897",40000,528,265
1757688392,2025-09-12T14:46:32Z,CPA647,"23.03801,73.66877",40000,528,265
1757688424,2025-09-12T14:47:04Z,CPA647,"23.031921,73.584175",40000,528,265
1757688454,2025-09-12T14:47:34Z,CPA647,"23.026041,73.503723",40000,526,265
1757688487,2025-09-12T14:48:07Z,CPA647,"23.019802,73.418068",40000,526,265
1757688518,2025-09-12T14:48:38Z,CPA647,"23.013844,73.337349",40000,526,265
1757688550,2025-09-12T14:49:10Z,CPA647,"23.007477,73.252243",40000,525,265
1757688582,2025-09-12T14:49:42Z,CPA647,"23.001114,73.167",40000,525,265
1757688613,2025-09-12T14:50:13Z,CPA647,"22.995131,73.087364",40000,524,265
1757688644,2025-09-12T14:50:44Z,CPA647,"22.989031,73.007713",40000,525,265
1757688676,2025-09-12T14:51:16Z,CPA647,"22.982513,72.921852",40000,525,265
1757688709,2025-09-12T14:51:49Z,CPA647,"22.975891,72.835808",40000,524,265
1757688739,2025-09-12T14:52:19Z,CPA647,"22.969759,72.756958",40000,522,265
1757688771,2025-09-12T14:52:51Z,CPA647,"22.963257,72.673714",40000,520,265
1757688801,2025-09-12T14:53:21Z,CPA647,"22.957144,72.596077",40000,519,265
1757688834,2025-09-12T14:53:54Z,CPA647,"22.950439,72.511238",40000,519,265
1757688865,2025-09-12T14:54:25Z,CPA647,"22.944031,72.430611",40000,519,265
1757688896,2025-09-12T14:54:56Z,CPA647,"22.937405,72.348076",40000,518,265
1757688928,2025-09-12T14:55:28Z,CPA647,"22.930935,72.267609",40000,517,265
1757688958,2025-09-12T14:55:58Z,CPA647,"22.924463,72.187904",40000,516,265
1757688989,2025-09-12T14:56:29Z,CPA647,"22.918039,72.109428",40000,516,264
1757689021,2025-09-12T14:57:01Z,CPA647,"22.911383,72.028297",40000,516,264
1757689051,2025-09-12T14:57:31Z,CPA647,"22.904865,71.949257",40000,516,264
1757689082,2025-09-12T14:58:02Z,CPA647,"22.898254,71.869911",40000,517,264
1757689113,2025-09-12T14:58:33Z,CPA647,"22.891691,71.791481",40000,518,264
1757689146,2025-09-12T14:59:06Z,CPA647,"22.884521,71.706238",40000,519,264
1757689176,2025-09-12T14:59:36Z,CPA647,"22.877726,71.626282",40000,520,264
1757689209,2025-09-12T15:00:09Z,CPA647,"22.870556,71.541954",40000,522,264
1757689242,2025-09-12T15:00:42Z,CPA647,"22.863144,71.456024",40000,521,264
1757689272,2025-09-12T15:01:12Z,CPA647,"22.856264,71.376343",40000,520,264
1757689303,2025-09-12T15:01:43Z,CPA647,"22.849411,71.297478",40000,519,264
1757689336,2025-09-12T15:02:16Z,CPA647,"22.842112,71.213326",40000,519,264
1757689366,2025-09-12T15:02:46Z,CPA647,"22.835083,71.133476",40000,519,264
1757689399,2025-09-12T15:03:19Z,CPA647,"22.82753,71.048431",40000,519,264
1757689432,2025-09-12T15:03:52Z,CPA647,"22.820114,70.964935",40000,518,264
1757689462,2025-09-12T15:04:22Z,CPA647,"22.813156,70.886635",40000,518,265
1757689493,2025-09-12T15:04:53Z,CPA647,"22.810638,70.806786",40000,521,271
1757689525,2025-09-12T15:05:25Z,CPA647,"22.815624,70.722351",40000,520,274
1757689556,2025-09-12T15:05:56Z,CPA647,"22.820745,70.64341",40000,520,273
1757689589,2025-09-12T15:06:29Z,CPA647,"22.825912,70.556999",40000,520,273
1757689619,2025-09-12T15:06:59Z,CPA647,"22.830847,70.477142",40000,521,273
1757689652,2025-09-12T15:07:32Z,CPA647,"22.83609,70.392754",40000,522,273
1757689685,2025-09-12T15:08:05Z,CPA647,"22.8414,70.306854",40000,522,273
1757689718,2025-09-12T15:08:38Z,CPA647,"22.846619,70.22126",40000,522,273
1757689748,2025-09-12T15:09:08Z,CPA647,"22.851376,70.142265",40000,522,273
1757689779,2025-09-12T15:09:39Z,CPA647,"22.856125,70.062355",40000,523,273
1757689812,2025-09-12T15:10:12Z,CPA647,"22.861313,69.975418",40000,522,273
1757689844,2025-09-12T15:10:44Z,CPA647,"22.866226,69.892021",40000,522,273
1757689876,2025-09-12T15:11:16Z,CPA647,"22.871017,69.809578",40000,523,273
1757689909,2025-09-12T15:11:49Z,CPA647,"22.875956,69.724022",40000,523,273
1757689941,2025-09-12T15:12:21Z,CPA647,"22.880983,69.639336",40000,526,273
1757689972,2025-09-12T15:12:52Z,CPA647,"22.886444,69.557442",40000,528,274
1757690005,2025-09-12T15:13:25Z,CPA647,"22.892109,69.470619",40000,530,273
1757690036,2025-09-12T15:13:56Z,CPA647,"22.897293,69.388603",40000,531,273
1757690067,2025-09-12T15:14:27Z,CPA647,"22.902466,69.306702",39975,529,273
1757690098,2025-09-12T15:14:58Z,CPA647,"22.907547,69.224503",40000,526,273
1757690129,2025-09-12T15:15:29Z,CPA647,"22.912685,69.142509",40000,524,273
1757690161,2025-09-12T15:16:01Z,CPA647,"22.917807,69.058479",40000,523,273
1757690194,2025-09-12T15:16:34Z,CPA647,"22.922882,68.975014",40000,522,273
1757690224,2025-09-12T15:17:04Z,CPA647,"22.927643,68.89566",40000,523,273
1757690256,2025-09-12T15:17:36Z,CPA647,"22.93261,68.811646",40000,523,273
1757690286,2025-09-12T15:18:06Z,CPA647,"22.937359,68.731636",40000,522,273
1757690319,2025-09-12T15:18:39Z,CPA647,"22.942387,68.64563",40000,522,273
1757690352,2025-09-12T15:19:12Z,CPA647,"22.947281,68.561729",40000,521,273
1757690384,2025-09-12T15:19:44Z,CPA647,"22.952116,68.477173",40000,522,273
1757690417,2025-09-12T15:20:17Z,CPA647,"22.95694,68.392288",40000,521,273
1757690449,2025-09-12T15:20:49Z,CPA647,"22.957842,68.308357",40000,521,269
1757690480,2025-09-12T15:21:20Z,CPA647,"22.957718,68.228195",40000,521,270
1757690510,2025-09-12T15:21:50Z,CPA647,"22.957947,68.147491",40000,520,270
1757690541,2025-09-12T15:22:21Z,CPA647,"22.957947,68.068642",40000,521,270
1757690573,2025-09-12T15:22:53Z,CPA647,"22.957933,67.983704",40000,521,269
1757690605,2025-09-12T15:23:25Z,CPA647,"22.957809,67.9021",40025,521,269
1757690636,2025-09-12T15:23:56Z,CPA647,"22.957718,67.821449",40000,522,270
1757690668,2025-09-12T15:24:28Z,CPA647,"22.958027,67.735291",40000,521,270
1757690700,2025-09-12T15:25:00Z,CPA647,"22.95826,67.653755",40000,520,270
1757690733,2025-09-12T15:25:33Z,CPA647,"22.958401,67.567345",40000,519,270
1757690766,2025-09-12T15:26:06Z,CPA647,"22.958405,67.482025",40000,518,270
1757690797,2025-09-12T15:26:37Z,CPA647,"22.958447,67.401482",40000,517,270
1757690829,2025-09-12T15:27:09Z,CPA647,"22.958401,67.316589",40000,517,269
1757690863,2025-09-12T15:27:43Z,CPA647,"22.958313,67.232285",40000,517,269
1757690893,2025-09-12T15:28:13Z,CPA647,"22.958176,67.150887",40000,518,269
1757690925,2025-09-12T15:28:45Z,CPA647,"22.958027,67.070313",40000,517,269
1757690957,2025-09-12T15:29:17Z,CPA647,"22.957901,66.987885",40000,517,269
1757690989,2025-09-12T15:29:49Z,CPA647,"22.957794,66.904961",40000,518,270
1757691021,2025-09-12T15:30:21Z,CPA647,"22.95854,66.819916",40000,518,270
1757691052,2025-09-12T15:30:52Z,CPA647,"22.959145,66.739708",40000,517,270
1757691084,2025-09-12T15:31:24Z,CPA647,"22.959564,66.656242",40000,517,270
1757691115,2025-09-12T15:31:55Z,CPA647,"22.959915,66.576599",40000,516,270
1757691146,2025-09-12T15:32:26Z,CPA647,"22.960236,66.497551",40000,518,270
1757691177,2025-09-12T15:32:57Z,CPA647,"22.960495,66.418358",40000,518,270
1757691209,2025-09-12T15:33:29Z,CPA647,"22.960739,66.332603",40000,520,270
1757691242,2025-09-12T15:34:02Z,CPA647,"22.960968,66.24826",40000,520,270
1757691274,2025-09-12T15:34:34Z,CPA647,"22.961147,66.163177",40000,522,270
1757691306,2025-09-12T15:35:06Z,CPA647,"22.961243,66.081512",40000,521,270
1757691337,2025-09-12T15:35:37Z,CPA647,"22.961332,66.001892",40000,519,270
1757691368,2025-09-12T15:36:08Z,CPA647,"22.96138,65.919365",40000,519,270
1757691401,2025-09-12T15:36:41Z,CPA647,"22.961334,65.835022",40000,519,269
1757691433,2025-09-12T15:37:13Z,CPA647,"22.961287,65.751396",40000,520,269
1757691466,2025-09-12T15:37:46Z,CPA647,"22.961197,65.665581",40000,520,269
1757691497,2025-09-12T15:38:17Z,CPA647,"22.961054,65.582787",40000,521,269
1757691528,2025-09-12T15:38:48Z,CPA647,"22.960867,65.503792",40000,521,269
1757691560,2025-09-12T15:39:20Z,CPA647,"22.960634,65.419769",40000,520,269
1757691591,2025-09-12T15:39:51Z,CPA647,"22.960402,65.339561",40000,519,269
1757691622,2025-09-12T15:40:22Z,CPA647,"22.960098,65.259789",40000,518,269
1757691653,2025-09-12T15:40:53Z,CPA647,"22.959749,65.179497",40000,518,269
1757691683,2025-09-12T15:41:23Z,CPA647,"22.959332,65.099083",40000,518,269
1757691715,2025-09-12T15:41:55Z,CPA647,"22.958908,65.01609",40000,519,269
1757691746,2025-09-12T15:42:26Z,CPA647,"22.95845,64.938835",40000,518,269
1757691778,2025-09-12T15:42:58Z,CPA647,"22.958176,64.853294",40000,517,270
1757691810,2025-09-12T15:43:30Z,CPA647,"22.963943,64.772995",40000,518,277
1757691841,2025-09-12T15:44:01Z,CPA647,"22.973282,64.692047",40000,519,276
1757691872,2025-09-12T15:44:32Z,CPA647,"22.981293,64.613739",40000,519,276
1757691909,2025-09-12T15:45:09Z,CPA647,"22.991545,64.514824",40000,518,276
1757691955,2025-09-12T15:45:55Z,CPA647,"23.003677,64.399261",40000,500,276
1757691975,2025-09-12T15:46:15Z,CPA647,"23.008863,64.349518",40025,516,276
1757692316,2025-09-12T15:51:56Z,CPA647,"23.062683,63.474159",40000,514,270
1757692427,2025-09-12T15:53:47Z,CPA647,"23.065155,63.188114",40000,517,270
1757692459,2025-09-12T15:54:19Z,CPA647,"23.065796,63.104519",40000,519,270
1757692491,2025-09-12T15:54:51Z,CPA647,"23.066401,63.022053",40000,520,270
1757692522,2025-09-12T15:55:22Z,CPA647,"23.06694,62.940025",40000,521,270
1757692554,2025-09-12T15:55:54Z,CPA647,"23.067425,62.858326",40000,523,270
1757692585,2025-09-12T15:56:25Z,CPA647,"23.067902,62.775082",40000,525,270
1757692617,2025-09-12T15:56:57Z,CPA647,"23.06831,62.69165",40000,526,270
1757692647,2025-09-12T15:57:27Z,CPA647,"23.06868,62.611084",40000,524,270
1757692680,2025-09-12T15:58:00Z,CPA647,"23.069046,62.525143",40000,522,270
1757692715,2025-09-12T15:58:35Z,CPA647,"23.069321,62.434952",40000,520,270
1757692747,2025-09-12T15:59:07Z,CPA647,"23.069613,62.35133",40000,518,270
1757692778,2025-09-12T15:59:38Z,CPA647,"23.069799,62.271473",40000,517,270
1757692811,2025-09-12T16:00:11Z,CPA647,"23.069916,62.184315",40000,516,270
1757692843,2025-09-12T16:00:43Z,CPA647,"23.070078,62.106476",40000,515,270
1757692875,2025-09-12T16:01:15Z,CPA647,"23.070126,62.02179",40000,516,270
1757692906,2025-09-12T16:01:46Z,CPA647,"23.070099,61.939571",40000,516,270
1757692937,2025-09-12T16:02:17Z,CPA647,"23.070145,61.858871",40000,516,270
1757692969,2025-09-12T16:02:49Z,CPA647,"23.070053,61.776573",40000,516,269
1757693001,2025-09-12T16:03:21Z,CPA647,"23.069986,61.694641",40000,514,269
1757693034,2025-09-12T16:03:54Z,CPA647,"23.069778,61.609131",40000,513,269
1757693067,2025-09-12T16:04:27Z,CPA647,"23.069521,61.524761",40000,511,269
1757693100,2025-09-12T16:05:00Z,CPA647,"23.06398,61.439922",40000,509,262
1757693132,2025-09-12T16:05:32Z,CPA647,"23.052668,61.359608",40000,510,261
1757693171,2025-09-12T16:06:11Z,CPA647,"23.039841,61.260513",40000,510,261
1757693203,2025-09-12T16:06:43Z,CPA647,"23.029299,61.179707",40000,509,261
1757693231,2025-09-12T16:07:11Z,CPA647,"23.023712,61.137592",40000,508,261
1757693303,2025-09-12T16:08:23Z,CPA647,"23.000483,60.964405",40000,70,261
1757693347,2025-09-12T16:09:07Z,CPA647,"22.986565,60.861004",40000,20,261
1757693377,2025-09-12T16:09:37Z,CPA647,"22.970503,60.74173",40000,513,261
1757693410,2025-09-12T16:10:10Z,CPA647,"22.959238,60.658569",40000,513,261
1757693442,2025-09-12T16:10:42Z,CPA647,"22.947601,60.573021",40000,513,261
1757693477,2025-09-12T16:11:17Z,CPA647,"22.935883,60.487377",40000,514,261
1757693512,2025-09-12T16:11:52Z,CPA647,"22.9233,60.395557",40000,512,261
1757693546,2025-09-12T16:12:26Z,CPA647,"22.911758,60.312046",40000,512,261
1757693578,2025-09-12T16:12:58Z,CPA647,"22.900255,60.229084",40000,512,261
1757693601,2025-09-12T16:13:21Z,CPA647,"22.892668,60.174763",40000,512,261
1757693667,2025-09-12T16:14:27Z,CPA647,"22.86874,60.004883",40000,509,261
1757693704,2025-09-12T16:15:04Z,CPA647,"22.855473,59.911194",40000,508,261
1757693737,2025-09-12T16:15:37Z,CPA647,"22.843975,59.829967",40000,509,261
1757693768,2025-09-12T16:16:08Z,CPA647,"22.833174,59.752148",40000,509,261
1757693802,2025-09-12T16:16:42Z,CPA647,"22.821072,59.664814",40000,507,261
1757693834,2025-09-12T16:17:14Z,CPA647,"22.809906,59.584949",40000,506,261
1757693879,2025-09-12T16:17:59Z,CPA647,"22.793839,59.471241",40000,506,261
1757693915,2025-09-12T16:18:35Z,CPA647,"22.780975,59.380005",40000,507,261
1757693947,2025-09-12T16:19:07Z,CPA647,"22.769623,59.300503",40000,508,261
1757693979,2025-09-12T16:19:39Z,CPA647,"22.758318,59.2216",40000,508,261
1757694010,2025-09-12T16:20:10Z,CPA647,"22.747009,59.142799",40000,507,261
1757694041,2025-09-12T16:20:41Z,CPA647,"22.735977,59.066296",40000,507,261
1757694073,2025-09-12T16:21:13Z,CPA647,"22.724195,58.984783",40000,507,261
1757694104,2025-09-12T16:21:44Z,CPA647,"22.712931,58.90752",40000,506,261
1757694136,2025-09-12T16:22:16Z,CPA647,"22.701187,58.826595",40000,505,261
1757694167,2025-09-12T16:22:47Z,CPA647,"22.69026,58.750355",40000,504,262
1757694199,2025-09-12T16:23:19Z,CPA647,"22.684525,58.670238",40000,504,269
1757694232,2025-09-12T16:23:52Z,CPA647,"22.687187,58.587646",40000,502,275
1757694264,2025-09-12T16:24:24Z,CPA647,"22.697428,58.508606",40000,504,280
1757694294,2025-09-12T16:24:54Z,CPA647,"22.714508,58.433285",40000,504,286
1757694325,2025-09-12T16:25:25Z,CPA647,"22.733786,58.360546",40000,505,285
1757694357,2025-09-12T16:25:57Z,CPA647,"22.754362,58.280487",40000,506,285
1757694389,2025-09-12T16:26:29Z,CPA647,"22.774338,58.203419",40000,505,285
1757694421,2025-09-12T16:27:01Z,CPA647,"22.794754,58.124966",40000,504,285
1757694453,2025-09-12T16:27:33Z,CPA647,"22.814787,58.047638",40000,500,285
1757694485,2025-09-12T16:28:05Z,CPA647,"22.83485,57.970173",40000,499,285
1757694518,2025-09-12T16:28:38Z,CPA647,"22.854904,57.892307",40000,498,285
1757694548,2025-09-12T16:29:08Z,CPA647,"22.873861,57.818806",40000,497,285
1757694581,2025-09-12T16:29:41Z,CPA647,"22.893814,57.741245",40000,499,285
1757694611,2025-09-12T16:30:11Z,CPA647,"22.911942,57.668736",40000,499,284
1757694644,2025-09-12T16:30:44Z,CPA647,"22.93154,57.589466",40000,502,284
1757694676,2025-09-12T16:31:16Z,CPA647,"22.947506,57.510529",40000,502,278
1757694708,2025-09-12T16:31:48Z,CPA647,"22.954815,57.430622",40000,500,272
1757694738,2025-09-12T16:32:18Z,CPA647,"22.954559,57.354874",40000,498,267
1757694771,2025-09-12T16:32:51Z,CPA647,"22.946669,57.273914",40000,500,260
1757694803,2025-09-12T16:33:23Z,CPA647,"22.930748,57.194672",40000,502,254
1757694835,2025-09-12T16:33:55Z,CPA647,"22.907364,57.118919",40000,502,248
1757694867,2025-09-12T16:34:27Z,CPA647,"22.875641,57.044163",40000,500,242
1757694898,2025-09-12T16:34:58Z,CPA647,"22.842531,56.975964",40000,502,242
1757694930,2025-09-12T16:35:30Z,CPA647,"22.809311,56.905983",40000,503,242
1757694962,2025-09-12T16:36:02Z,CPA647,"22.774796,56.833725",40000,503,242
1757694993,2025-09-12T16:36:33Z,CPA647,"22.74115,56.76371",40000,504,242
1757695024,2025-09-12T16:37:04Z,CPA647,"22.708191,56.695297",40000,503,242
1757695055,2025-09-12T16:37:35Z,CPA647,"22.674618,56.625568",40000,504,242
1757695087,2025-09-12T16:38:07Z,CPA647,"22.640076,56.55402",40000,502,242
1757695119,2025-09-12T16:38:39Z,CPA647,"22.605423,56.482262",40000,502,242
1757695151,2025-09-12T16:39:11Z,CPA647,"22.570713,56.410625",40000,503,242
1757695183,2025-09-12T16:39:43Z,CPA647,"22.536713,56.340439",40000,504,242
1757695215,2025-09-12T16:40:15Z,CPA647,"22.502106,56.269028",40000,503,242
1757695247,2025-09-12T16:40:47Z,CPA647,"22.467972,56.198681",40000,503,242
1757695279,2025-09-12T16:41:19Z,CPA647,"22.433245,56.127216",40000,502,242
1757695311,2025-09-12T16:41:51Z,CPA647,"22.398283,56.055401",40000,504,242
1757695343,2025-09-12T16:42:23Z,CPA647,"22.364365,55.985779",40000,502,242
1757695377,2025-09-12T16:42:57Z,CPA647,"22.328064,55.911922",40000,502,242
1757695409,2025-09-12T16:43:29Z,CPA647,"22.292221,55.839062",40000,504,242
1757695441,2025-09-12T16:44:01Z,CPA647,"22.256857,55.767262",40000,503,242
1757695473,2025-09-12T16:44:33Z,CPA647,"22.224655,55.694241",40000,503,248
1757695505,2025-09-12T16:45:05Z,CPA647,"22.200989,55.619083",40000,506,254
1757695536,2025-09-12T16:45:36Z,CPA647,"22.184515,55.542706",40000,507,259
1757695568,2025-09-12T16:46:08Z,CPA647,"22.174988,55.462429",40000,508,265
1757695600,2025-09-12T16:46:40Z,CPA647,"22.173248,55.38308",40000,508,271
1757695632,2025-09-12T16:47:12Z,CPA647,"22.178789,55.301971",40000,508,275
1757695664,2025-09-12T16:47:44Z,CPA647,"22.185425,55.221081",40000,510,274
1757695695,2025-09-12T16:48:15Z,CPA647,"22.191559,55.141727",40000,510,274
1757695728,2025-09-12T16:48:48Z,CPA647,"22.198105,55.058884",40000,510,274
1757695759,2025-09-12T16:49:19Z,CPA647,"22.204468,54.98003",40000,510,274
1757695791,2025-09-12T16:49:51Z,CPA647,"22.210876,54.89978",40000,511,274
1757695822,2025-09-12T16:50:22Z,CPA647,"22.217056,54.82053",40000,511,274
1757695854,2025-09-12T16:50:54Z,CPA647,"22.223387,54.739735",40000,510,274
1757695885,2025-09-12T16:51:25Z,CPA647,"22.229645,54.659081",40000,509,274
1757695917,2025-09-12T16:51:57Z,CPA647,"22.235909,54.578297",40000,509,274
1757695948,2025-09-12T16:52:28Z,CPA647,"22.241913,54.499977",40000,509,274
1757695980,2025-09-12T16:53:00Z,CPA647,"22.248013,54.420116",40000,509,274
1757696010,2025-09-12T16:53:30Z,CPA647,"22.253906,54.342472",40000,510,274
1757696042,2025-09-12T16:54:02Z,CPA647,"22.260069,54.260761",40000,510,274
1757696075,2025-09-12T16:54:35Z,CPA647,"22.266174,54.178928",40000,509,274
1757696106,2025-09-12T16:55:06Z,CPA647,"22.272034,54.100086",40000,508,274
1757696138,2025-09-12T16:55:38Z,CPA647,"22.278038,54.018909",40000,508,274
1757696169,2025-09-12T16:56:09Z,CPA647,"22.283718,53.94165",40000,506,274
1757696200,2025-09-12T16:56:40Z,CPA647,"22.289211,53.86607",40000,503,274
1757696231,2025-09-12T16:57:11Z,CPA647,"22.294891,53.787994",40000,504,274
1757696262,2025-09-12T16:57:42Z,CPA647,"22.300524,53.709412",40000,504,274
1757696294,2025-09-12T16:58:14Z,CPA647,"22.306229,53.629311",40000,506,274
1757696327,2025-09-12T16:58:47Z,CPA647,"22.312115,53.546551",40000,504,274
1757696359,2025-09-12T16:59:19Z,CPA647,"22.317902,53.464169",40000,503,274
1757696392,2025-09-12T16:59:52Z,CPA647,"22.323521,53.383789",40000,502,274
1757696425,2025-09-12T17:00:25Z,CPA647,"22.329391,53.29932",40000,502,274
1757696457,2025-09-12T17:00:57Z,CPA647,"22.334747,53.221767",40000,503,274
1757696501,2025-09-12T17:01:41Z,CPA647,"22.341909,53.116455",40000,504,274
1757696533,2025-09-12T17:02:13Z,CPA647,"22.347656,53.031456",40000,504,274
1757696563,2025-09-12T17:02:43Z,CPA647,"22.352737,52.955399",40000,504,274
1757696596,2025-09-12T17:03:16Z,CPA647,"22.358295,52.872723",40000,504,274
1757696628,2025-09-12T17:03:48Z,CPA647,"22.363678,52.791603",40000,505,274
1757696661,2025-09-12T17:04:21Z,CPA647,"22.368942,52.711254",40000,505,273
1757696692,2025-09-12T17:04:52Z,CPA647,"22.374115,52.631603",40000,506,273
1757696724,2025-09-12T17:05:24Z,CPA647,"22.37929,52.552288",40000,506,273
1757696756,2025-09-12T17:05:56Z,CPA647,"22.38455,52.469685",40000,506,273
1757696790,2025-09-12T17:06:30Z,CPA647,"22.390045,52.383411",40000,506,273
1757696841,2025-09-12T17:07:21Z,CPA647,"22.398056,52.256321",40000,507,273
1757696888,2025-09-12T17:08:08Z,CPA647,"22.405499,52.13689",40000,506,273
1757697207,2025-09-12T17:13:27Z,CPA647,"22.469513,51.337063",40000,510,274
1757697263,2025-09-12T17:14:23Z,CPA647,"22.480133,51.199833",40000,510,274
1757697326,2025-09-12T17:15:26Z,CPA647,"22.492739,51.034698",40000,530,274
1757697364,2025-09-12T17:16:04Z,CPA647,"22.500046,50.937603",40000,510,274
1757697410,2025-09-12T17:16:50Z,CPA647,"22.508698,50.822155",40000,510,274
1757697466,2025-09-12T17:17:46Z,CPA647,"22.519365,50.678406",40000,511,274
1757697504,2025-09-12T17:18:24Z,CPA647,"22.526184,50.585598",40000,511,274
1757697536,2025-09-12T17:18:56Z,CPA647,"22.532318,50.500755",40000,512,274
1757697567,2025-09-12T17:19:27Z,CPA647,"22.538126,50.420788",40000,512,274
1757697598,2025-09-12T17:19:58Z,CPA647,"22.543808,50.340954",40000,512,274
1757697629,2025-09-12T17:20:29Z,CPA647,"22.549255,50.2644",40000,513,274
1757697661,2025-09-12T17:21:01Z,CPA647,"22.55521,50.180462",40000,512,274
1757697695,2025-09-12T17:21:35Z,CPA647,"22.561157,50.09576",40000,512,274
1757697725,2025-09-12T17:22:05Z,CPA647,"22.566429,50.019886",40000,509,274
1757697758,2025-09-12T17:22:38Z,CPA647,"22.572248,49.936268",40000,507,274
1757697788,2025-09-12T17:23:08Z,CPA647,"22.577463,49.860126",40000,506,274
1757697819,2025-09-12T17:23:39Z,CPA647,"22.582909,49.780476",40000,505,274
1757697852,2025-09-12T17:24:12Z,CPA647,"22.588394,49.699551",40000,505,274
1757697882,2025-09-12T17:24:42Z,CPA647,"22.593338,49.625294",40000,505,274
1757697914,2025-09-12T17:25:14Z,CPA647,"22.598877,49.542297",40000,506,274
1757697945,2025-09-12T17:25:45Z,CPA647,"22.604092,49.463604",40000,506,274
1757697978,2025-09-12T17:26:18Z,CPA647,"22.609406,49.382847",40000,507,273
1757698008,2025-09-12T17:26:48Z,CPA647,"22.614349,49.30724",40000,507,274
1757698040,2025-09-12T17:27:20Z,CPA647,"22.619732,49.223736",40000,507,273
1757698072,2025-09-12T17:27:52Z,CPA647,"22.624878,49.143593",40000,508,273
1757698105,2025-09-12T17:28:25Z,CPA647,"22.630114,49.061329",40000,506,273
1757698137,2025-09-12T17:28:57Z,CPA647,"22.635361,48.977951",40000,506,273
1757698169,2025-09-12T17:29:29Z,CPA647,"22.640305,48.899448",40000,506,273
1757698201,2025-09-12T17:30:01Z,CPA647,"22.645475,48.815918",40000,508,273
1757698232,2025-09-12T17:30:32Z,CPA647,"22.650238,48.738747",40000,508,273
1757698263,2025-09-12T17:31:03Z,CPA647,"22.655045,48.660397",40000,507,273
1757698295,2025-09-12T17:31:35Z,CPA647,"22.659861,48.58083",40000,506,273
1757698328,2025-09-12T17:32:08Z,CPA647,"22.664841,48.498146",40000,506,273
1757698360,2025-09-12T17:32:40Z,CPA647,"22.669729,48.415424",40000,506,273
1757698393,2025-09-12T17:33:13Z,CPA647,"22.675362,48.333588",40000,507,276
1757698425,2025-09-12T17:33:45Z,CPA647,"22.689606,48.252254",40000,495,284
1757698457,2025-09-12T17:34:17Z,CPA647,"22.711161,48.179981",39550,499,291
1757698489,2025-09-12T17:34:49Z,CPA647,"22.742615,48.105885",38325,506,298
1757698520,2025-09-12T17:35:20Z,CPA647,"22.779919,48.040466",36425,493,305
1757698552,2025-09-12T17:35:52Z,CPA647,"22.825058,47.979542",34675,484,312
1757698583,2025-09-12T17:36:23Z,CPA647,"22.874588,47.926357",32700,481,318
1757698614,2025-09-12T17:36:54Z,CPA647,"22.929352,47.880096",31575,473,325
1757698646,2025-09-12T17:37:26Z,CPA647,"22.988659,47.839558",30675,467,328
1757698677,2025-09-12T17:37:57Z,CPA647,"23.045563,47.800964",30025,453,327
1757698708,2025-09-12T17:38:28Z,CPA647,"23.098801,47.764759",30000,444,327
1757698740,2025-09-12T17:39:00Z,CPA647,"23.154144,47.727306",30000,447,327
1757698770,2025-09-12T17:39:30Z,CPA647,"23.209442,47.690002",30000,468,327
1757698801,2025-09-12T17:40:01Z,CPA647,"23.266983,47.6511",30000,484,327
1757698833,2025-09-12T17:40:33Z,CPA647,"23.327225,47.610302",30000,495,327
1757698864,2025-09-12T17:41:04Z,CPA647,"23.390265,47.567547",30000,500,327
1757698895,2025-09-12T17:41:35Z,CPA647,"23.450363,47.525757",30000,499,323
1757698902,2025-09-12T17:41:42Z,CPA647,"23.462952,47.514523",30000,499,317
1757698904,2025-09-12T17:41:44Z,CPA647,"23.466471,47.510986",30000,498,316
1757698907,2025-09-12T17:41:47Z,CPA647,"23.470428,47.506763",30000,498,314
1757698909,2025-09-12T17:41:49Z,CPA647,"23.47364,47.503155",30000,498,313
1757698911,2025-09-12T17:41:51Z,CPA647,"23.47662,47.499592",30000,498,311
1757698913,2025-09-12T17:41:53Z,CPA647,"23.479752,47.495644",30000,498,309
1757698915,2025-09-12T17:41:55Z,CPA647,"23.483276,47.490948",30000,497,308
1757698918,2025-09-12T17:41:58Z,CPA647,"23.486162,47.486828",30000,498,306
1757698920,2025-09-12T17:42:00Z,CPA647,"23.489685,47.481663",30000,498,306
1757698922,2025-09-12T17:42:02Z,CPA647,"23.492157,47.477917",30000,498,305
1757698924,2025-09-12T17:42:04Z,CPA647,"23.495544,47.472622",30000,498,304
1757698926,2025-09-12T17:42:06Z,CPA647,"23.498079,47.46867",30000,498,304
1757698928,2025-09-12T17:42:08Z,CPA647,"23.500687,47.46455",30000,498,304
1757698931,2025-09-12T17:42:11Z,CPA647,"23.504131,47.459057",30000,498,304
1757698933,2025-09-12T17:42:13Z,CPA647,"23.506319,47.455597",30000,498,304
1757698935,2025-09-12T17:42:15Z,CPA647,"23.509598,47.4505",30000,498,304
1757698965,2025-09-12T17:42:45Z,CPA647,"23.550406,47.38932",30000,500,306
1757698997,2025-09-12T17:43:17Z,CPA647,"23.594397,47.325214",30000,499,306
1757699030,2025-09-12T17:43:50Z,CPA647,"23.639553,47.258625",30000,499,306
1757699060,2025-09-12T17:44:20Z,CPA647,"23.681259,47.196758",30000,499,306
1757699091,2025-09-12T17:44:51Z,CPA647,"23.723007,47.134754",30000,498,306
1757699124,2025-09-12T17:45:24Z,CPA647,"23.768549,47.067036",30000,500,306
1757699154,2025-09-12T17:45:54Z,CPA647,"23.810026,47.005318",29875,497,306
1757699185,2025-09-12T17:46:25Z,CPA647,"23.850992,46.944321",28650,474,306
1757699214,2025-09-12T17:46:54Z,CPA647,"23.889313,46.892292",27050,458,316
1757699216,2025-09-12T17:46:56Z,CPA647,"23.892288,46.889294",26925,457,318
1757699218,2025-09-12T17:46:58Z,CPA647,"23.896179,46.885681",26800,455,320
1757699220,2025-09-12T17:47:00Z,CPA647,"23.899965,46.882343",26650,455,321
1757699222,2025-09-12T17:47:02Z,CPA647,"23.904007,46.879017",26525,454,323
1757699224,2025-09-12T17:47:04Z,CPA647,"23.907413,46.876381",26375,452,325
1757699227,2025-09-12T17:47:07Z,CPA647,"23.910906,46.873844",26250,451,327
1757699229,2025-09-12T17:47:09Z,CPA647,"23.914307,46.87149",26125,451,328
1757699231,2025-09-12T17:47:11Z,CPA647,"23.91806,46.869099",25975,450,330
1757699233,2025-09-12T17:47:13Z,CPA647,"23.921265,46.867168",25850,450,331
1757699235,2025-09-12T17:47:15Z,CPA647,"23.925247,46.86488",25700,449,333
1757699237,2025-09-12T17:47:17Z,CPA647,"23.930038,46.862286",25500,449,333
1757699239,2025-09-12T17:47:19Z,CPA647,"23.934368,46.860004",25350,449,334
1757699241,2025-09-12T17:47:21Z,CPA647,"23.937998,46.858139",25225,448,335
1757699244,2025-09-12T17:47:24Z,CPA647,"23.94223,46.85603",25100,448,335
1757699246,2025-09-12T17:47:26Z,CPA647,"23.947077,46.85363",24950,448,335
1757699248,2025-09-12T17:47:28Z,CPA647,"23.951778,46.851353",24825,446,335
1757699250,2025-09-12T17:47:30Z,CPA647,"23.955551,46.849518",24700,446,335
1757699252,2025-09-12T17:47:32Z,CPA647,"23.95904,46.847775",24625,445,335
1757699255,2025-09-12T17:47:35Z,CPA647,"23.96295,46.84586",24500,444,335
1757699285,2025-09-12T17:48:05Z,CPA647,"24.019135,46.81712",22450,442,334
1757699316,2025-09-12T17:48:36Z,CPA647,"24.075979,46.786469",21100,419,333
1757699349,2025-09-12T17:49:09Z,CPA647,"24.131516,46.756413",19225,404,333
1757699380,2025-09-12T17:49:40Z,CPA647,"24.181686,46.729229",17625,384,333
1757699410,2025-09-12T17:50:10Z,CPA647,"24.230068,46.702881",16000,364,333
1757699441,2025-09-12T17:50:41Z,CPA647,"24.276947,46.677502",13950,368,333
1757699472,2025-09-12T17:51:12Z,CPA647,"24.324429,46.651733",13050,359,333
1757699504,2025-09-12T17:51:44Z,CPA647,"24.36977,46.627167",12675,323,333
1757699536,2025-09-12T17:52:16Z,CPA647,"24.410431,46.605072",12225,290,333
1757699568,2025-09-12T17:52:48Z,CPA647,"24.446503,46.584015",11775,266,329
1757699581,2025-09-12T17:53:01Z,CPA647,"24.460455,46.574982",11375,266,329
1757699594,2025-09-12T17:53:14Z,CPA647,"24.474001,46.56638",10950,266,330
1757699607,2025-09-12T17:53:27Z,CPA647,"24.487976,46.558025",10550,265,336
1757699609,2025-09-12T17:53:29Z,CPA647,"24.490852,46.556793",10475,266,339
1757699611,2025-09-12T17:53:31Z,CPA647,"24.492901,46.556068",10450,266,343
1757699613,2025-09-12T17:53:33Z,CPA647,"24.49588,46.555187",10425,266,346
1757699615,2025-09-12T17:53:35Z,CPA647,"24.498184,46.554718",10375,266,351
1757699618,2025-09-12T17:53:38Z,CPA647,"24.500723,46.554409",10350,265,355
1757699620,2025-09-12T17:53:40Z,CPA647,"24.503702,46.554253",10300,265,358
1757699622,2025-09-12T17:53:42Z,CPA647,"24.506149,46.554363",10250,265,3
1757699624,2025-09-12T17:53:44Z,CPA647,"24.508987,46.554668",10225,265,8
1757699627,2025-09-12T17:53:47Z,CPA647,"24.5121,46.555279",10175,265,11
1757699629,2025-09-12T17:53:49Z,CPA647,"24.514874,46.556068",10125,266,16
1757699631,2025-09-12T17:53:51Z,CPA647,"24.517044,46.556854",10075,266,21
1757699633,2025-09-12T17:53:53Z,CPA647,"24.519699,46.558075",10025,266,24
1757699635,2025-09-12T17:53:55Z,CPA647,"24.522137,46.55949",9975,268,28
1757699638,2025-09-12T17:53:58Z,CPA647,"24.52437,46.56094",9925,268,33
1757699640,2025-09-12T17:54:00Z,CPA647,"24.527069,46.563007",9875,269,37
1757699642,2025-09-12T17:54:02Z,CPA647,"24.528992,46.564789",9825,269,41
1757699644,2025-09-12T17:54:04Z,CPA647,"24.530731,46.56657",9800,270,45
1757699647,2025-09-12T17:54:07Z,CPA647,"24.532562,46.568756",9750,271,50
1757699649,2025-09-12T17:54:09Z,CPA647,"24.534119,46.570892",9700,271,53
1757699651,2025-09-12T17:54:11Z,CPA647,"24.535995,46.573841",9650,272,57
1757699653,2025-09-12T17:54:13Z,CPA647,"24.537079,46.575813",9600,273,61
1757699655,2025-09-12T17:54:15Z,CPA647,"24.538513,46.578876",9550,274,64
1757699657,2025-09-12T17:54:17Z,CPA647,"24.539593,46.581409",9500,274,66
1757699659,2025-09-12T17:54:19Z,CPA647,"24.54071,46.584415",9450,275,68
1757699661,2025-09-12T17:54:21Z,CPA647,"24.541502,46.586849",9425,276,70
1757699663,2025-09-12T17:54:23Z,CPA647,"24.542294,46.58939",9375,277,72
1757699665,2025-09-12T17:54:25Z,CPA647,"24.543085,46.592293",9325,277,73
1757699668,2025-09-12T17:54:28Z,CPA647,"24.543915,46.595459",9275,277,74
1757699670,2025-09-12T17:54:30Z,CPA647,"24.544621,46.598251",9250,277,74
1757699672,2025-09-12T17:54:32Z,CPA647,"24.545334,46.601105",9200,277,75
1757699674,2025-09-12T17:54:34Z,CPA647,"24.546066,46.604156",9175,277,75
1757699676,2025-09-12T17:54:36Z,CPA647,"24.54689,46.607513",9150,276,75
1757699679,2025-09-12T17:54:39Z,CPA647,"24.547531,46.61026",9125,276,75
1757699681,2025-09-12T17:54:41Z,CPA647,"24.548159,46.612968",9100,276,75
1757699683,2025-09-12T17:54:43Z,CPA647,"24.548904,46.616009",9100,275,75
1757699685,2025-09-12T17:54:45Z,CPA647,"24.549683,46.619263",9100,275,75
1757699698,2025-09-12T17:54:58Z,CPA647,"24.553839,46.636806",9075,276,75
1757699711,2025-09-12T17:55:11Z,CPA647,"24.557936,46.654064",9050,274,75
1757699724,2025-09-12T17:55:24Z,CPA647,"24.562172,46.671841",8850,273,75
1757699739,2025-09-12T17:55:39Z,CPA647,"24.566986,46.691845",8550,274,75
1757699752,2025-09-12T17:55:52Z,CPA647,"24.571243,46.709545",8325,272,75
1757699765,2025-09-12T17:56:05Z,CPA647,"24.575346,46.726357",8150,267,75
1757699778,2025-09-12T17:56:18Z,CPA647,"24.579441,46.742939",7975,257,74
1757699792,2025-09-12T17:56:32Z,CPA647,"24.584051,46.761494",7875,247,74
1757699805,2025-09-12T17:56:45Z,CPA647,"24.587868,46.776623",7725,243,74
1757699818,2025-09-12T17:56:58Z,CPA647,"24.591751,46.792145",7525,242,74
1757699831,2025-09-12T17:57:11Z,CPA647,"24.595688,46.807758",7300,242,74
1757699845,2025-09-12T17:57:25Z,CPA647,"24.599808,46.824291",7150,242,74
1757699860,2025-09-12T17:57:40Z,CPA647,"24.603882,46.841076",7050,240,75
1757699873,2025-09-12T17:57:53Z,CPA647,"24.608864,46.856895",6925,235,60
1757699875,2025-09-12T17:57:55Z,CPA647,"24.610016,46.859028",6925,234,55
1757699878,2025-09-12T17:57:58Z,CPA647,"24.611664,46.861523",6900,233,52
1757699880,2025-09-12T17:58:00Z,CPA647,"24.613146,46.863373",6875,232,47
1757699882,2025-09-12T17:58:02Z,CPA647,"24.614868,46.865185",6850,231,41
1757699884,2025-09-12T17:58:04Z,CPA647,"24.616358,46.866589",6850,230,37
1757699886,2025-09-12T17:58:06Z,CPA647,"24.618164,46.867981",6825,229,32
1757699888,2025-09-12T17:58:08Z,CPA647,"24.619995,46.869251",6825,229,29
1757699891,2025-09-12T17:58:11Z,CPA647,"24.622316,46.870579",6800,228,25
1757699893,2025-09-12T17:58:13Z,CPA647,"24.624504,46.871666",6775,229,22
1757699895,2025-09-12T17:58:15Z,CPA647,"24.626312,46.872456",6750,229,20
1757699897,2025-09-12T17:58:17Z,CPA647,"24.628601,46.873322",6750,229,18
1757699899,2025-09-12T17:58:19Z,CPA647,"24.630556,46.873947",6725,229,15
1757699901,2025-09-12T17:58:21Z,CPA647,"24.633179,46.874695",6700,229,12
1757699903,2025-09-12T17:58:23Z,CPA647,"24.635284,46.875153",6700,230,10
1757699906,2025-09-12T17:58:26Z,CPA647,"24.637482,46.875458",6675,230,5
1757699908,2025-09-12T17:58:28Z,CPA647,"24.639862,46.87566",6675,230,1
1757699910,2025-09-12T17:58:30Z,CPA647,"24.641968,46.87566",6650,230,358
1757699912,2025-09-12T17:58:32Z,CPA647,"24.644894,46.87545",6650,231,354
1757699914,2025-09-12T17:58:34Z,CPA647,"24.64699,46.875137",6625,230,350
1757699917,2025-09-12T17:58:37Z,CPA647,"24.649292,46.874645",6625,230,346
1757699919,2025-09-12T17:58:39Z,CPA647,"24.651443,46.874035",6600,230,343
1757699921,2025-09-12T17:58:41Z,CPA647,"24.653786,46.873222",6600,228,341
1757699923,2025-09-12T17:58:43Z,CPA647,"24.655602,46.872444",6575,228,338
1757699925,2025-09-12T17:58:45Z,CPA647,"24.657761,46.87149",6575,226,336
1757699927,2025-09-12T17:58:47Z,CPA647,"24.660004,46.870373",6550,224,334
1757699930,2025-09-12T17:58:50Z,CPA647,"24.661926,46.869354",6525,223,333
1757699932,2025-09-12T17:58:52Z,CPA647,"24.664078,46.868183",6525,222,332
1757699934,2025-09-12T17:58:54Z,CPA647,"24.666122,46.866951",6500,220,331
1757699936,2025-09-12T17:58:56Z,CPA647,"24.667984,46.865864",6500,219,330
1757699938,2025-09-12T17:58:58Z,CPA647,"24.669891,46.864674",6475,218,330
1757699941,2025-09-12T17:59:01Z,CPA647,"24.671801,46.86348",6475,216,330
1757699943,2025-09-12T17:59:03Z,CPA647,"24.674082,46.862026",6450,215,330
1757699945,2025-09-12T17:59:05Z,CPA647,"24.67598,46.860859",6450,213,330
1757699947,2025-09-12T17:59:07Z,CPA647,"24.677536,46.859894",6450,212,330
1757699949,2025-09-12T17:59:09Z,CPA647,"24.679504,46.858624",6425,209,330
1757699952,2025-09-12T17:59:12Z,CPA647,"24.681198,46.857605",6425,207,330
1757699965,2025-09-12T17:59:25Z,CPA647,"24.692051,46.85078",6350,197,330
1757699978,2025-09-12T17:59:38Z,CPA647,"24.702301,46.844379",6300,188,330
1757699993,2025-09-12T17:59:53Z,CPA647,"24.713379,46.837463",6225,187,330
1757700008,2025-09-12T18:00:08Z,CPA647,"24.724731,46.830292",6175,185,329
1757700020,2025-09-12T18:00:20Z,CPA647,"24.734299,46.824238",6125,182,330
1757700034,2025-09-12T18:00:34Z,CPA647,"24.743866,46.818134",6100,181,329
1757700049,2025-09-12T18:00:49Z,CPA647,"24.75499,46.811169",5925,182,330
1757700062,2025-09-12T18:01:02Z,CPA647,"24.764627,46.805126",5725,184,330
1757700075,2025-09-12T18:01:15Z,CPA647,"24.773987,46.799267",5525,184,330
1757700087,2025-09-12T18:01:27Z,CPA647,"24.783621,46.793205",5325,188,330
1757700102,2025-09-12T18:01:42Z,CPA647,"24.79484,46.786106",5075,189,330
1757700115,2025-09-12T18:01:55Z,CPA647,"24.80508,46.779682",4850,189,329
1757700124,2025-09-12T18:02:04Z,CPA647,"24.811226,46.775795",4700,189,330
1757700133,2025-09-12T18:02:13Z,CPA647,"24.818344,46.77129",4575,188,329
1757700141,2025-09-12T18:02:21Z,CPA647,"24.824341,46.767475",4450,188,330
1757700148,2025-09-12T18:02:28Z,CPA647,"24.829706,46.764084",4350,185,329
1757700156,2025-09-12T18:02:36Z,CPA647,"24.835573,46.760403",4225,184,330
1757700164,2025-09-12T18:02:44Z,CPA647,"24.841717,46.756516",4075,185,329
1757700171,2025-09-12T18:02:51Z,CPA647,"24.846542,46.75349",4000,184,330
1757700178,2025-09-12T18:02:58Z,CPA647,"24.852053,46.749989",3875,185,329
1757700186,2025-09-12T18:03:06Z,CPA647,"24.858215,46.746113",3750,184,330
1757700195,2025-09-12T18:03:15Z,CPA647,"24.864349,46.742249",3625,177,329
1757700203,2025-09-12T18:03:23Z,CPA647,"24.870438,46.738384",3500,171,329
1757700212,2025-09-12T18:03:32Z,CPA647,"24.876114,46.734772",3375,164,330
1757700218,2025-09-12T18:03:38Z,CPA647,"24.880682,46.731903",3275,159,329
1757700225,2025-09-12T18:03:45Z,CPA647,"24.884583,46.729431",3200,153,329
1757700235,2025-09-12T18:03:55Z,CPA647,"24.890945,46.725464",3075,150,330
1757700243,2025-09-12T18:04:03Z,CPA647,"24.895857,46.722366",2975,148,330
1757700250,2025-09-12T18:04:10Z,CPA647,"24.899597,46.72002",2900,150,330
1757700258,2025-09-12T18:04:18Z,CPA647,"24.904633,46.716816",2800,150,329
1757700265,2025-09-12T18:04:25Z,CPA647,"24.908936,46.71402",2725,149,330
1757700272,2025-09-12T18:04:32Z,CPA647,"24.912756,46.711689",2650,149,330
1757700280,2025-09-12T18:04:40Z,CPA647,"24.917816,46.708477",2525,149,329
1757700289,2025-09-12T18:04:49Z,CPA647,"24.922951,46.705212",2425,149,330
1757700295,2025-09-12T18:04:55Z,CPA647,"24.926861,46.702778",2350,150,330
1757700303,2025-09-12T18:05:03Z,CPA647,"24.931795,46.699669",2250,149,329
1757700310,2025-09-12T18:05:10Z,CPA647,"24.935715,46.697186",2175,148,330
1757700319,2025-09-12T18:05:19Z,CPA647,"24.941437,46.693573",2075,147,330
1757700330,2025-09-12T18:05:30Z,CPA647,"24.947111,46.689976",2050,125,329
1757700341,2025-09-12T18:05:41Z,CPA647,"24.951628,46.687126",2075,103,329
1757700348,2025-09-12T18:05:48Z,CPA647,"24.954735,46.685169",0,68,329
1757700358,2025-09-12T18:05:58Z,CPA647,"24.956747,46.683914",0,36,331
1757700361,2025-09-12T18:06:01Z,CPA647,"24.956989,46.683796",0,33,334
1757700362,2025-09-12T18:06:02Z,CPA647,"24.957241,46.683693",0,31,337
1757700366,2025-09-12T18:06:06Z,CPA647,"24.957802,46.683529",0,25,345
1757700368,2025-09-12T18:06:08Z,CPA647,"24.958029,46.683487",0,23,348
1757700375,2025-09-12T18:06:15Z,CPA647,"24.958328,46.683453",0,20,351
1757700381,2025-09-12T18:06:21Z,CPA647,"24.9589,46.683449",0,13,351
1757700385,2025-09-12T18:06:25Z,CPA647,"24.959249,46.683514",0,12,8
1757700393,2025-09-12T18:06:33Z,CPA647,"24.959726,46.683731",0,14,22
1757700398,2025-09-12T18:06:38Z,CPA647,"24.959972,46.683914",0,14,30
1757700403,2025-09-12T18:06:43Z,CPA647,"24.960148,46.684124",0,12,42
1757700408,2025-09-12T18:06:48Z,CPA647,"24.96031,46.684418",0,12,53
1757700414,2025-09-12T18:06:54Z,CPA647,"24.960468,46.68475",0,12,59
1757700418,2025-09-12T18:06:58Z,CPA647,"24.960566,46.684952",0,13,61
1757700423,2025-09-12T18:07:03Z,CPA647,"24.960697,46.685219",0,13,61
1757700426,2025-09-12T18:07:06Z,CPA647,"24.960833,46.685482",0,14,61
1757700432,2025-09-12T18:07:12Z,CPA647,"24.961006,46.685802",0,15,59
1757700440,2025-09-12T18:07:20Z,CPA647,"24.961252,46.686272",0,15,59
1757700447,2025-09-12T18:07:27Z,CPA647,"24.961565,46.686882",0,16,59
1757700455,2025-09-12T18:07:35Z,CPA647,"24.961811,46.687359",0,16,59
1757700464,2025-09-12T18:07:44Z,CPA647,"24.962217,46.688126",0,17,59
1757700472,2025-09-12T18:07:52Z,CPA647,"24.962543,46.688732",0,18,59
1757700478,2025-09-12T18:07:58Z,CPA647,"24.962791,46.689198",0,18,59
1757700486,2025-09-12T18:08:06Z,CPA647,"24.963123,46.689846",0,17,59
1757700493,2025-09-12T18:08:13Z,CPA647,"24.963409,46.690395",0,17,59
1757700502,2025-09-12T18:08:22Z,CPA647,"24.963743,46.691013",0,16,59
1757700510,2025-09-12T18:08:30Z,CPA647,"24.964056,46.691624",0,16,59
1757700517,2025-09-12T18:08:37Z,CPA647,"24.964382,46.692226",0,17,59
1757700524,2025-09-12T18:08:44Z,CPA647,"24.964668,46.692783",0,17,59
1757700532,2025-09-12T18:08:52Z,CPA647,"24.964954,46.693333",0,18,59
1757700538,2025-09-12T18:08:58Z,CPA647,"24.96524,46.693878",0,18,59
1757700548,2025-09-12T18:09:08Z,CPA647,"24.965662,46.694679",0,16,59
1757700555,2025-09-12T18:09:15Z,CPA647,"24.965872,46.69508",0,15,59
1757700564,2025-09-12T18:09:24Z,CPA647,"24.966139,46.695587",0,13,59
1757700571,2025-09-12T18:09:31Z,CPA647,"24.966408,46.696091",0,13,59
1757700578,2025-09-12T18:09:38Z,CPA647,"24.966618,46.696495",0,13,59
1757700585,2025-09-12T18:09:45Z,CPA647,"24.96685,46.696922",0,15,59
1757700593,2025-09-12T18:09:53Z,CPA647,"24.967083,46.697388",0,13,59
1757700599,2025-09-12T18:09:59Z,CPA647,"24.967255,46.697693",0,10,59
1757700608,2025-09-12T18:10:08Z,CPA647,"24.967449,46.698074",0,10,59
1757700614,2025-09-12T18:10:14Z,CPA647,"24.967609,46.69838",0,12,59
1757700621,2025-09-12T18:10:21Z,CPA647,"24.967804,46.69875",0,11,59
1757700628,2025-09-12T18:10:28Z,CPA647,"24.967979,46.699085",0,12,59
1757700635,2025-09-12T18:10:35Z,CPA647,"24.968159,46.699421",0,10,59
1757700647,2025-09-12T18:10:47Z,CPA647,"24.968431,46.69994",0,8,59
1757700659,2025-09-12T18:10:59Z,CPA647,"24.968616,46.700363",0,7,64
1757700671,2025-09-12T18:11:11Z,CPA647,"24.968502,46.700768",0,8,101
