Timestamp,UTC,Callsign,Position,Altitude,Speed,Direction
1757694694,2025-09-12T16:31:34Z,CPA293,"22.309433,113.925163",0,0,115
1757694772,2025-09-12T16:32:52Z,CPA293,"22.309544,113.924957",0,2,115
1757694787,2025-09-12T16:33:07Z,CPA293,"22.309616,113.924736",0,3,120
1757694805,2025-09-12T16:33:25Z,CPA293,"22.30965,113.92453",0,3,140
1757694823,2025-09-12T16:33:43Z,CPA293,"22.309753,113.924316",0,2,163
1757694848,2025-09-12T16:34:08Z,CPA293,"22.309959,113.924126",0,1,202
1757695072,2025-09-12T16:37:52Z,CPA293,"22.309742,113.924019",0,4,205
1757695084,2025-09-12T16:38:04Z,CPA293,"22.309525,113.923889",0,5,205
1757695093,2025-09-12T16:38:13Z,CPA293,"22.309296,113.923775",0,6,205
1757695102,2025-09-12T16:38:22Z,CPA293,"22.309067,113.923653",0,6,205
1757695110,2025-09-12T16:38:30Z,CPA293,"22.308834,113.923531",0,7,205
1757695117,2025-09-12T16:38:37Z,CPA293,"22.30862,113.923416",0,8,205
1757695124,2025-09-12T16:38:44Z,CPA293,"22.308403,113.923302",0,8,205
1757695130,2025-09-12T16:38:50Z,CPA293,"22.308193,113.923225",0,8,199
1757695136,2025-09-12T16:38:56Z,CPA293,"22.30798,113.923264",0,8,182
1757695143,2025-09-12T16:39:03Z,CPA293,"22.307774,113.923378",0,7,165
1757695149,2025-09-12T16:39:09Z,CPA293,"22.307564,113.92347",0,7,163
1757695157,2025-09-12T16:39:17Z,CPA293,"22.307308,113.923454",0,8,177
1757695164,2025-09-12T16:39:24Z,CPA293,"22.307098,113.923241",0,9,208
1757695170,2025-09-12T16:39:30Z,CPA293,"22.30703,113.923019",0,8,233
1757695175,2025-09-12T16:39:35Z,CPA293,"22.306995,113.922813",0,8,247
1757695182,2025-09-12T16:39:42Z,CPA293,"22.306925,113.922577",0,8,250
1757695188,2025-09-12T16:39:48Z,CPA293,"22.306847,113.922333",0,8,250
1757695195,2025-09-12T16:39:55Z,CPA293,"22.306767,113.922066",0,8,250
1757695207,2025-09-12T16:40:07Z,CPA293,"22.306618,113.921616",0,9,250
1757695218,2025-09-12T16:40:18Z,CPA293,"22.306437,113.921051",0,11,250
1757695227,2025-09-12T16:40:27Z,CPA293,"22.306286,113.920586",0,0,250
1757695234,2025-09-12T16:40:34Z,CPA293,"22.306168,113.920235",0,11,250
1757695241,2025-09-12T16:40:41Z,CPA293,"22.30604,113.91983",0,11,250
1757695248,2025-09-12T16:40:48Z,CPA293,"22.305931,113.919487",0,11,250
1757695255,2025-09-12T16:40:55Z,CPA293,"22.30584,113.919197",0,7,250
1757695264,2025-09-12T16:41:04Z,CPA293,"22.305773,113.918976",0,5,250
1757695274,2025-09-12T16:41:14Z,CPA293,"22.305702,113.918762",0,5,250
1757695284,2025-09-12T16:41:24Z,CPA293,"22.30562,113.918533",0,5,250
1757695294,2025-09-12T16:41:34Z,CPA293,"22.305542,113.918312",0,5,250
1757695303,2025-09-12T16:41:43Z,CPA293,"22.305485,113.918098",0,3,250
1757695326,2025-09-12T16:42:06Z,CPA293,"22.305405,113.91787",0,3,250
1757695341,2025-09-12T16:42:21Z,CPA293,"22.305336,113.917648",0,4,250
1757695352,2025-09-12T16:42:32Z,CPA293,"22.305271,113.917427",0,5,250
1757695361,2025-09-12T16:42:41Z,CPA293,"22.305199,113.917213",0,6,250
1757695368,2025-09-12T16:42:48Z,CPA293,"22.30513,113.916985",0,6,250
1757695377,2025-09-12T16:42:57Z,CPA293,"22.30505,113.916748",0,7,250
1757695383,2025-09-12T16:43:03Z,CPA293,"22.304981,113.916512",0,8,250
1757695391,2025-09-12T16:43:11Z,CPA293,"22.304888,113.916222",0,9,250
1757695397,2025-09-12T16:43:17Z,CPA293,"22.304798,113.915962",0,10,250
1757695405,2025-09-12T16:43:25Z,CPA293,"22.304655,113.91552",0,12,250
1757695411,2025-09-12T16:43:31Z,CPA293,"22.304523,113.915123",0,13,250
1757695418,2025-09-12T16:43:38Z,CPA293,"22.304386,113.91468",0,14,250
1757695425,2025-09-12T16:43:45Z,CPA293,"22.304235,113.914207",0,15,250
1757695432,2025-09-12T16:43:52Z,CPA293,"22.304073,113.913704",0,15,250
1757695440,2025-09-12T16:44:00Z,CPA293,"22.303894,113.91317",0,15,250
1757695448,2025-09-12T16:44:08Z,CPA293,"22.303701,113.912582",0,15,250
1757695455,2025-09-12T16:44:15Z,CPA293,"22.303551,113.912094",0,16,250
1757695463,2025-09-12T16:44:23Z,CPA293,"22.303341,113.911438",0,16,250
1757695471,2025-09-12T16:44:31Z,CPA293,"22.30315,113.910858",0,17,250
1757695478,2025-09-12T16:44:38Z,CPA293,"22.302956,113.910248",0,17,250
1757695486,2025-09-12T16:44:46Z,CPA293,"22.302746,113.909622",0,18,250
1757695492,2025-09-12T16:44:52Z,CPA293,"22.302538,113.908974",0,18,250
1757695499,2025-09-12T16:44:59Z,CPA293,"22.302351,113.908371",0,19,250
1757695506,2025-09-12T16:45:06Z,CPA293,"22.302132,113.9077",0,19,250
1757695513,2025-09-12T16:45:13Z,CPA293,"22.301949,113.907112",0,19,250
1757695522,2025-09-12T16:45:22Z,CPA293,"22.301662,113.90625",0,20,250
1757695530,2025-09-12T16:45:30Z,CPA293,"22.301432,113.90554",0,20,250
1757695538,2025-09-12T16:45:38Z,CPA293,"22.301182,113.904755",0,20,250
1757695544,2025-09-12T16:45:44Z,CPA293,"22.300966,113.904076",0,20,250
1757695551,2025-09-12T16:45:51Z,CPA293,"22.300735,113.903366",0,21,250
1757695559,2025-09-12T16:45:59Z,CPA293,"22.300478,113.902573",0,21,250
1757695566,2025-09-12T16:46:06Z,CPA293,"22.300312,113.902046",0,21,250
1757695574,2025-09-12T16:46:14Z,CPA293,"22.300014,113.901115",0,19,250
1757695582,2025-09-12T16:46:22Z,CPA293,"22.299786,113.900421",0,18,250
1757695588,2025-09-12T16:46:28Z,CPA293,"22.299625,113.899895",0,17,250
1757695595,2025-09-12T16:46:35Z,CPA293,"22.299429,113.899307",0,17,250
1757695603,2025-09-12T16:46:43Z,CPA293,"22.299271,113.898796",0,17,250
1757695610,2025-09-12T16:46:50Z,CPA293,"22.299053,113.898125",0,14,250
1757695620,2025-09-12T16:47:00Z,CPA293,"22.298859,113.897537",0,11,250
1757695628,2025-09-12T16:47:08Z,CPA293,"22.298676,113.897324",0,12,230
1757695630,2025-09-12T16:47:10Z,CPA293,"22.298435,113.89727",0,11,205
1757695635,2025-09-12T16:47:15Z,CPA293,"22.298229,113.897324",0,10,182
1757695640,2025-09-12T16:47:20Z,CPA293,"22.297989,113.897446",0,9,165
1757695651,2025-09-12T16:47:31Z,CPA293,"22.2976,113.897614",0,8,160
1757695661,2025-09-12T16:47:41Z,CPA293,"22.297337,113.897713",0,7,160
1757695665,2025-09-12T16:47:45Z,CPA293,"22.297136,113.897781",0,7,160
1757695673,2025-09-12T16:47:53Z,CPA293,"22.296892,113.897873",0,9,160
1757695681,2025-09-12T16:48:01Z,CPA293,"22.296543,113.89801",0,8,160
1757695690,2025-09-12T16:48:10Z,CPA293,"22.296295,113.898163",0,7,151
1757695698,2025-09-12T16:48:18Z,CPA293,"22.296249,113.898384",0,6,123
1757695706,2025-09-12T16:48:26Z,CPA293,"22.296345,113.898598",0,5,90
1757695804,2025-09-12T16:50:04Z,CPA293,"22.296478,113.898834",0,8,73
1757695812,2025-09-12T16:50:12Z,CPA293,"22.296867,113.900032",0,49,70
1757695819,2025-09-12T16:50:19Z,CPA293,"22.297556,113.902145",0,78,70
1757695826,2025-09-12T16:50:26Z,CPA293,"22.298569,113.905334",100,107,71
1757695834,2025-09-12T16:50:34Z,CPA293,"22.300003,113.909698",75,137,70
1757695840,2025-09-12T16:50:40Z,CPA293,"22.301455,113.914185",75,159,70
1757695848,2025-09-12T16:50:48Z,CPA293,"22.30341,113.920341",25,181,71
1757695857,2025-09-12T16:50:57Z,CPA293,"22.305862,113.928024",325,184,70
1757695863,2025-09-12T16:51:03Z,CPA293,"22.307602,113.933365",600,182,71
1757695871,2025-09-12T16:51:11Z,CPA293,"22.309927,113.940735",975,181,71
1757695880,2025-09-12T16:51:20Z,CPA293,"22.312208,113.947754",1350,180,70
1757695886,2025-09-12T16:51:26Z,CPA293,"22.313931,113.953148",1625,179,70
1757695894,2025-09-12T16:51:34Z,CPA293,"22.316305,113.960472",1950,184,71
1757695901,2025-09-12T16:51:41Z,CPA293,"22.318027,113.965965",2050,190,70
1757695909,2025-09-12T16:51:49Z,CPA293,"22.320374,113.97332",2150,197,70
1757695917,2025-09-12T16:51:57Z,CPA293,"22.32312,113.981659",2275,206,70
1757695924,2025-09-12T16:52:04Z,CPA293,"22.325272,113.988152",2400,210,70
1757695932,2025-09-12T16:52:12Z,CPA293,"22.328064,113.996689",2575,216,70
1757695941,2025-09-12T16:52:21Z,CPA293,"22.330736,114.005028",2800,218,70
1757695949,2025-09-12T16:52:29Z,CPA293,"22.333557,114.013763",3025,220,71
1757695958,2025-09-12T16:52:38Z,CPA293,"22.336275,114.022369",3300,220,72
1757695960,2025-09-12T16:52:40Z,CPA293,"22.336899,114.024849",3350,218,75
1757695962,2025-09-12T16:52:42Z,CPA293,"22.337393,114.027153",3425,218,78
1757695964,2025-09-12T16:52:44Z,CPA293,"22.337814,114.029449",3500,218,80
1757695966,2025-09-12T16:52:46Z,CPA293,"22.338043,114.031593",3550,218,83
1757695968,2025-09-12T16:52:48Z,CPA293,"22.338226,114.03334",3600,218,86
1757695970,2025-09-12T16:52:50Z,CPA293,"22.338324,114.035545",3675,218,88
1757695972,2025-09-12T16:52:52Z,CPA293,"22.338318,114.037888",3725,218,91
1757695974,2025-09-12T16:52:54Z,CPA293,"22.33823,114.040222",3800,217,94
1757695976,2025-09-12T16:52:56Z,CPA293,"22.337997,114.042717",3875,218,96
1757695978,2025-09-12T16:52:58Z,CPA293,"22.337765,114.044548",3925,216,99
1757695980,2025-09-12T16:53:00Z,CPA293,"22.337402,114.046478",4000,216,102
1757695982,2025-09-12T16:53:02Z,CPA293,"22.336834,114.049126",4075,215,104
1757695984,2025-09-12T16:53:04Z,CPA293,"22.336304,114.051117",4125,215,107
1757695987,2025-09-12T16:53:07Z,CPA293,"22.335764,114.052986",4200,215,109
1757695989,2025-09-12T16:53:09Z,CPA293,"22.334833,114.055634",4275,216,111
1757695991,2025-09-12T16:53:11Z,CPA293,"22.333969,114.057762",4350,214,114
1757695993,2025-09-12T16:53:13Z,CPA293,"22.333008,114.059761",4400,216,117
1757695995,2025-09-12T16:53:15Z,CPA293,"22.332132,114.061485",4475,215,120
1757695997,2025-09-12T16:53:17Z,CPA293,"22.331062,114.063416",4525,215,122
1757695999,2025-09-12T16:53:19Z,CPA293,"22.330032,114.065056",4575,216,125
1757696001,2025-09-12T16:53:21Z,CPA293,"22.328522,114.067299",4650,216,127
1757696003,2025-09-12T16:53:23Z,CPA293,"22.327423,114.068695",4700,217,130
1757696005,2025-09-12T16:53:25Z,CPA293,"22.326096,114.070343",4750,218,132
1757696007,2025-09-12T16:53:27Z,CPA293,"22.324312,114.072365",4825,219,135
1757696009,2025-09-12T16:53:29Z,CPA293,"22.322937,114.073738",4850,220,138
1757696012,2025-09-12T16:53:32Z,CPA293,"22.321426,114.075111",4900,220,139
1757696014,2025-09-12T16:53:34Z,CPA293,"22.319843,114.076485",4950,222,141
1757696016,2025-09-12T16:53:36Z,CPA293,"22.317747,114.078217",5025,221,143
1757696018,2025-09-12T16:53:38Z,CPA293,"22.315796,114.079681",5075,223,145
1757696020,2025-09-12T16:53:40Z,CPA293,"22.313978,114.080963",5125,223,147
1757696022,2025-09-12T16:53:42Z,CPA293,"22.312395,114.081978",5175,225,149
1757696024,2025-09-12T16:53:44Z,CPA293,"22.310486,114.083153",5200,228,151
1757696027,2025-09-12T16:53:47Z,CPA293,"22.308472,114.084282",5250,228,154
1757696029,2025-09-12T16:53:49Z,CPA293,"22.306183,114.085327",5275,232,157
1757696031,2025-09-12T16:53:51Z,CPA293,"22.304169,114.086174",5325,233,160
1757696033,2025-09-12T16:53:53Z,CPA293,"22.302107,114.086914",5350,236,163
1757696035,2025-09-12T16:53:55Z,CPA293,"22.300058,114.087524",5375,238,166
1757696037,2025-09-12T16:53:57Z,CPA293,"22.297302,114.088173",5400,241,169
1757696039,2025-09-12T16:53:59Z,CPA293,"22.294985,114.088539",5425,243,172
1757696041,2025-09-12T16:54:01Z,CPA293,"22.292704,114.088844",5450,245,174
1757696043,2025-09-12T16:54:03Z,CPA293,"22.290514,114.088997",5475,248,177
1757696046,2025-09-12T16:54:06Z,CPA293,"22.287552,114.089073",5500,252,179
1757696048,2025-09-12T16:54:08Z,CPA293,"22.285208,114.08905",5550,253,181
1757696050,2025-09-12T16:54:10Z,CPA293,"22.282833,114.088951",5575,254,182
1757696052,2025-09-12T16:54:12Z,CPA293,"22.280365,114.088875",5600,256,182
1757696054,2025-09-12T16:54:14Z,CPA293,"22.278671,114.088776",5650,258,182
1757696056,2025-09-12T16:54:16Z,CPA293,"22.275604,114.088623",5700,258,182
1757696058,2025-09-12T16:54:18Z,CPA293,"22.273315,114.088524",5750,258,182
1757696060,2025-09-12T16:54:20Z,CPA293,"22.270523,114.088371",5825,259,182
1757696062,2025-09-12T16:54:22Z,CPA293,"22.268143,114.088226",5875,259,182
1757696064,2025-09-12T16:54:24Z,CPA293,"22.265516,114.088081",5950,259,182
1757696066,2025-09-12T16:54:26Z,CPA293,"22.2637,114.088036",6000,260,182
1757696068,2025-09-12T16:54:28Z,CPA293,"22.260675,114.087883",6075,261,182
1757696081,2025-09-12T16:54:41Z,CPA293,"22.244568,114.08712",6250,272,182
1757696096,2025-09-12T16:54:56Z,CPA293,"22.22604,114.08651",6475,285,181
1757696110,2025-09-12T16:55:10Z,CPA293,"22.206802,114.086372",6625,297,177
1757696115,2025-09-12T16:55:15Z,CPA293,"22.201263,114.086922",6675,299,172
1757696119,2025-09-12T16:55:19Z,CPA293,"22.199066,114.087273",6675,300,169
1757696123,2025-09-12T16:55:23Z,CPA293,"22.189775,114.090118",6775,304,157
1757696125,2025-09-12T16:55:25Z,CPA293,"22.185516,114.092072",6800,305,154
1757696128,2025-09-12T16:55:28Z,CPA293,"22.183136,114.093414",6825,306,151
1757696136,2025-09-12T16:55:36Z,CPA293,"22.172607,114.101555",7000,307,137
1757696139,2025-09-12T16:55:39Z,CPA293,"22.169449,114.10495",7075,307,137
1757696145,2025-09-12T16:55:45Z,CPA293,"22.16478,114.111496",7200,270,137
1757696150,2025-09-12T16:55:50Z,CPA293,"22.16185,114.116936",7325,309,116
1757696158,2025-09-12T16:55:58Z,CPA293,"22.158096,114.127876",7550,308,103
1757696161,2025-09-12T16:56:01Z,CPA293,"22.157049,114.134064",7675,308,98
1757696163,2025-09-12T16:56:03Z,CPA293,"22.156769,114.137016",7750,309,94
1757696165,2025-09-12T16:56:05Z,CPA293,"22.156538,114.141441",7825,310,93
1757696168,2025-09-12T16:56:08Z,CPA293,"22.156448,114.144051",7875,310,90
1757696170,2025-09-12T16:56:10Z,CPA293,"22.156448,114.14785",7950,310,90
1757696172,2025-09-12T16:56:12Z,CPA293,"22.156445,114.150848",8025,310,89
1757696174,2025-09-12T16:56:14Z,CPA293,"22.156448,114.15419",8100,310,90
1757696176,2025-09-12T16:56:16Z,CPA293,"22.156445,114.157867",8175,310,90
1757696178,2025-09-12T16:56:18Z,CPA293,"22.156445,114.161476",8250,310,90
1757696181,2025-09-12T16:56:21Z,CPA293,"22.156403,114.164581",8325,310,91
1757696183,2025-09-12T16:56:23Z,CPA293,"22.156305,114.167885",8400,310,91
1757696185,2025-09-12T16:56:25Z,CPA293,"22.156212,114.171242",8450,311,92
1757696187,2025-09-12T16:56:27Z,CPA293,"22.156128,114.174118",8525,311,92
1757696200,2025-09-12T16:56:40Z,CPA293,"22.155029,114.194038",8850,315,94
1757696214,2025-09-12T16:56:54Z,CPA293,"22.15329,114.217613",9175,321,94
1757696229,2025-09-12T16:57:09Z,CPA293,"22.151604,114.240166",9525,326,94
1757696243,2025-09-12T16:57:23Z,CPA293,"22.152441,114.263206",10000,326,80
1757696245,2025-09-12T16:57:25Z,CPA293,"22.152861,114.265648",10075,325,78
1757696247,2025-09-12T16:57:27Z,CPA293,"22.153605,114.269562",10150,326,77
1757696249,2025-09-12T16:57:29Z,CPA293,"22.154526,114.273895",10250,325,76
1757696251,2025-09-12T16:57:31Z,CPA293,"22.155281,114.27729",10325,325,76
1757696254,2025-09-12T16:57:34Z,CPA293,"22.155991,114.280334",10400,324,76
1757696257,2025-09-12T16:57:37Z,CPA293,"22.157181,114.285576",10525,324,76
1757696261,2025-09-12T16:57:41Z,CPA293,"22.158726,114.292145",10650,324,76
1757696263,2025-09-12T16:57:43Z,CPA293,"22.159563,114.295753",10725,324,76
1757696265,2025-09-12T16:57:45Z,CPA293,"22.160248,114.298813",10775,325,76
1757696268,2025-09-12T16:57:48Z,CPA293,"22.160934,114.301811",10825,325,76
1757696282,2025-09-12T16:58:02Z,CPA293,"22.166245,114.325577",11200,330,76
1757696295,2025-09-12T16:58:15Z,CPA293,"22.171463,114.346054",11550,332,69
1757696297,2025-09-12T16:58:17Z,CPA293,"22.172598,114.349113",11625,332,66
1757696299,2025-09-12T16:58:19Z,CPA293,"22.17421,114.352997",11675,334,65
1757696301,2025-09-12T16:58:21Z,CPA293,"22.174988,114.354691",11725,334,61
1757696304,2025-09-12T16:58:24Z,CPA293,"22.17691,114.358391",11775,334,59
1757696306,2025-09-12T16:58:26Z,CPA293,"22.178696,114.361435",11850,335,55
1757696308,2025-09-12T16:58:28Z,CPA293,"22.180651,114.364372",11900,336,52
1757696310,2025-09-12T16:58:30Z,CPA293,"22.182907,114.367424",11950,338,49
1757696312,2025-09-12T16:58:32Z,CPA293,"22.185516,114.370575",12025,338,47
1757696315,2025-09-12T16:58:35Z,CPA293,"22.187714,114.372971",12075,338,43
1757696317,2025-09-12T16:58:37Z,CPA293,"22.190615,114.375816",12125,340,40
1757696319,2025-09-12T16:58:39Z,CPA293,"22.193035,114.377953",12175,340,39
1757696321,2025-09-12T16:58:41Z,CPA293,"22.196108,114.380341",12225,342,35
1757696323,2025-09-12T16:58:43Z,CPA293,"22.1989,114.382324",12275,343,31
1757696325,2025-09-12T16:58:45Z,CPA293,"22.201414,114.383904",12325,343,29
1757696327,2025-09-12T16:58:47Z,CPA293,"22.204348,114.385582",12375,344,26
1757696330,2025-09-12T16:58:50Z,CPA293,"22.207947,114.387398",12450,345,23
1757696332,2025-09-12T16:58:52Z,CPA293,"22.211517,114.388947",12500,347,20
1757696334,2025-09-12T16:58:54Z,CPA293,"22.214584,114.390099",12550,348,17
1757696336,2025-09-12T16:58:56Z,CPA293,"22.217661,114.391075",12600,348,15
1757696338,2025-09-12T16:58:58Z,CPA293,"22.220175,114.391731",12625,350,12
1757696340,2025-09-12T16:59:00Z,CPA293,"22.22438,114.392693",12700,350,9
1757696343,2025-09-12T16:59:03Z,CPA293,"22.227343,114.393158",12725,352,6
1757696345,2025-09-12T16:59:05Z,CPA293,"22.231522,114.393593",12775,353,4
1757696347,2025-09-12T16:59:07Z,CPA293,"22.234818,114.393791",12825,354,1
1757696349,2025-09-12T16:59:09Z,CPA293,"22.238754,114.393791",12875,355,358
1757696351,2025-09-12T16:59:11Z,CPA293,"22.242054,114.393562",12900,356,355
1757696353,2025-09-12T16:59:13Z,CPA293,"22.245638,114.393158",12975,356,352
1757696355,2025-09-12T16:59:15Z,CPA293,"22.248898,114.392601",13025,358,350
1757696357,2025-09-12T16:59:17Z,CPA293,"22.252249,114.391884",13075,357,346
1757696359,2025-09-12T16:59:19Z,CPA293,"22.255737,114.3909",13125,358,344
1757696361,2025-09-12T16:59:21Z,CPA293,"22.258673,114.389954",13175,358,341
1757696364,2025-09-12T16:59:24Z,CPA293,"22.261917,114.388649",13225,358,338
1757696366,2025-09-12T16:59:26Z,CPA293,"22.265238,114.387154",13275,358,335
1757696368,2025-09-12T16:59:28Z,CPA293,"22.268372,114.385551",13350,358,332
1757696370,2025-09-12T16:59:30Z,CPA293,"22.271988,114.383453",13425,358,329
1757696372,2025-09-12T16:59:32Z,CPA293,"22.274368,114.381905",13475,359,327
1757696374,2025-09-12T16:59:34Z,CPA293,"22.276503,114.380394",13500,360,325
1757696376,2025-09-12T16:59:36Z,CPA293,"22.280182,114.37751",13550,360,322
1757696378,2025-09-12T16:59:38Z,CPA293,"22.28302,114.375114",13600,361,320
1757696381,2025-09-12T16:59:41Z,CPA293,"22.286224,114.372223",13625,362,319
1757696383,2025-09-12T16:59:43Z,CPA293,"22.288651,114.369926",13675,362,318
1757696385,2025-09-12T16:59:45Z,CPA293,"22.291168,114.367523",13725,363,318
1757696387,2025-09-12T16:59:47Z,CPA293,"22.29364,114.365082",13775,363,317
1757696389,2025-09-12T16:59:49Z,CPA293,"22.296566,114.362282",13825,363,317
1757696391,2025-09-12T16:59:51Z,CPA293,"22.299179,114.359734",13875,363,317
1757696393,2025-09-12T16:59:53Z,CPA293,"22.301559,114.357391",13925,364,318
1757696395,2025-09-12T16:59:55Z,CPA293,"22.303968,114.355064",13975,364,318
1757696397,2025-09-12T16:59:57Z,CPA293,"22.306528,114.352623",14025,364,318
1757696399,2025-09-12T16:59:59Z,CPA293,"22.30925,114.349998",14075,366,318
1757696431,2025-09-12T17:00:31Z,CPA293,"22.350382,114.31208",14950,366,319
1757696463,2025-09-12T17:01:03Z,CPA293,"22.392092,114.273834",15625,372,319
1757696495,2025-09-12T17:01:35Z,CPA293,"22.434687,114.234367",16125,384,319
1757696527,2025-09-12T17:02:07Z,CPA293,"22.478121,114.194031",16400,401,319
1757696559,2025-09-12T17:02:39Z,CPA293,"22.52416,114.151253",16725,415,319
1757696578,2025-09-12T17:02:58Z,CPA293,"22.553907,114.127655",17025,419,330
1757696580,2025-09-12T17:03:00Z,CPA293,"22.558136,114.125175",17075,418,332
1757696582,2025-09-12T17:03:02Z,CPA293,"22.561478,114.123383",17125,419,334
1757696585,2025-09-12T17:03:05Z,CPA293,"22.565414,114.12133",17175,418,334
1757696587,2025-09-12T17:03:07Z,CPA293,"22.569782,114.119164",17250,417,335
1757696589,2025-09-12T17:03:09Z,CPA293,"22.57332,114.117485",17325,416,335
1757696591,2025-09-12T17:03:11Z,CPA293,"22.576998,114.1157",17400,415,336
1757696593,2025-09-12T17:03:13Z,CPA293,"22.581528,114.113541",17475,415,336
1757696595,2025-09-12T17:03:15Z,CPA293,"22.584869,114.111946",17550,415,336
1757696598,2025-09-12T17:03:18Z,CPA293,"22.588531,114.110146",17600,415,335
1757696600,2025-09-12T17:03:20Z,CPA293,"22.592651,114.1082",17625,417,335
1757696632,2025-09-12T17:03:52Z,CPA293,"22.649002,114.079536",18275,418,334
1757696664,2025-09-12T17:04:24Z,CPA293,"22.705719,114.049973",18850,424,334
1757696696,2025-09-12T17:04:56Z,CPA293,"22.762985,114.020454",19375,427,334
1757696726,2025-09-12T17:05:26Z,CPA293,"22.817688,113.992294",19850,432,334
1757696758,2025-09-12T17:05:58Z,CPA293,"22.875303,113.962654",20450,434,334
1757696789,2025-09-12T17:06:29Z,CPA293,"22.931168,113.933769",20950,438,334
1757696821,2025-09-12T17:07:01Z,CPA293,"22.989777,113.903198",21500,438,334
1757696853,2025-09-12T17:07:33Z,CPA293,"23.048492,113.870995",21900,444,330
1757696884,2025-09-12T17:08:04Z,CPA293,"23.101913,113.832794",22350,448,323
1757696915,2025-09-12T17:08:35Z,CPA293,"23.151581,113.787544",22700,454,316
1757696933,2025-09-12T17:08:53Z,CPA293,"23.17717,113.758583",22900,458,308
1757696936,2025-09-12T17:08:56Z,CPA293,"23.180548,113.753967",22925,458,307
1757696938,2025-09-12T17:08:58Z,CPA293,"23.183153,113.750099",22950,458,305
1757696940,2025-09-12T17:09:00Z,CPA293,"23.185822,113.746048",22975,458,304
1757696942,2025-09-12T17:09:02Z,CPA293,"23.188229,113.742065",23000,458,302
1757696944,2025-09-12T17:09:04Z,CPA293,"23.190928,113.737389",23050,458,301
1757696946,2025-09-12T17:09:06Z,CPA293,"23.193441,113.732758",23075,459,299
1757696948,2025-09-12T17:09:08Z,CPA293,"23.195526,113.728722",23100,459,299
1757696950,2025-09-12T17:09:10Z,CPA293,"23.197586,113.724678",23125,459,298
1757696953,2025-09-12T17:09:13Z,CPA293,"23.19968,113.720497",23175,459,298
1757696955,2025-09-12T17:09:15Z,CPA293,"23.202255,113.715286",23200,460,298
1757696957,2025-09-12T17:09:17Z,CPA293,"23.204288,113.711189",23225,460,298
1757696959,2025-09-12T17:09:19Z,CPA293,"23.206291,113.707123",23250,460,298
1757696961,2025-09-12T17:09:21Z,CPA293,"23.208389,113.702904",23300,460,298
1757696963,2025-09-12T17:09:23Z,CPA293,"23.210899,113.697815",23325,460,298
1757696995,2025-09-12T17:09:55Z,CPA293,"23.243637,113.634087",23725,464,299
1757697027,2025-09-12T17:10:27Z,CPA293,"23.27812,113.567505",24000,470,299
1757697058,2025-09-12T17:10:58Z,CPA293,"23.310568,113.504128",24325,473,299
1757697091,2025-09-12T17:11:31Z,CPA293,"23.345016,113.436485",24850,471,298
1757697121,2025-09-12T17:12:01Z,CPA293,"23.377487,113.373016",25175,476,299
1757697153,2025-09-12T17:12:33Z,CPA293,"23.411728,113.306099",25550,477,299
1757697185,2025-09-12T17:13:05Z,CPA293,"23.44664,113.237663",25875,482,298
1757697216,2025-09-12T17:13:36Z,CPA293,"23.479925,113.172356",26100,488,298
1757697249,2025-09-12T17:14:09Z,CPA293,"23.516327,113.1008",26375,490,298
1757697280,2025-09-12T17:14:40Z,CPA293,"23.549473,113.035637",26700,492,298
1757697313,2025-09-12T17:15:13Z,CPA293,"23.574421,112.98645",26925,494,299
1757697346,2025-09-12T17:15:46Z,CPA293,"23.622299,112.891998",27400,496,298
1757697379,2025-09-12T17:16:19Z,CPA293,"23.660593,112.821457",27600,496,305
1757697413,2025-09-12T17:16:53Z,CPA293,"23.707123,112.755074",27600,495,307
1757697440,2025-09-12T17:17:20Z,CPA293,"23.730982,112.720558",27600,496,306
1757697481,2025-09-12T17:18:01Z,CPA293,"23.801697,112.615814",27600,495,306
1757697520,2025-09-12T17:18:40Z,CPA293,"23.855974,112.535599",27600,496,306
1757697563,2025-09-12T17:19:23Z,CPA293,"23.898941,112.472069",27600,496,306
1757697598,2025-09-12T17:19:58Z,CPA293,"23.946424,112.401695",27600,498,306
1757697635,2025-09-12T17:20:35Z,CPA293,"24.005919,112.313438",27600,500,306
1757697667,2025-09-12T17:21:07Z,CPA293,"24.041809,112.260162",27600,501,306
1757697715,2025-09-12T17:21:55Z,CPA293,"24.105194,112.165833",27600,498,306
1757697757,2025-09-12T17:22:37Z,CPA293,"24.164009,112.078217",27600,498,306
1757697786,2025-09-12T17:23:06Z,CPA293,"24.202194,112.021233",27600,500,306
1757697829,2025-09-12T17:23:49Z,CPA293,"24.262281,111.931351",27600,500,306
1757697863,2025-09-12T17:24:23Z,CPA293,"24.309299,111.860924",27600,498,306
1757697892,2025-09-12T17:24:52Z,CPA293,"24.348124,111.802734",27600,498,306
1757697922,2025-09-12T17:25:22Z,CPA293,"24.389099,111.74128",27600,496,306
1757697956,2025-09-12T17:25:56Z,CPA293,"24.43515,111.672058",27600,493,306
1757697991,2025-09-12T17:26:31Z,CPA293,"24.481659,111.601921",27600,480,306
1757698034,2025-09-12T17:27:14Z,CPA293,"24.536911,111.518707",27600,478,306
1757698063,2025-09-12T17:27:43Z,CPA293,"24.578201,111.46418",27600,475,319
1757698073,2025-09-12T17:27:53Z,CPA293,"24.595642,111.449585",27600,473,326
1757698078,2025-09-12T17:27:58Z,CPA293,"24.60458,111.443497",27600,472,330
1757698083,2025-09-12T17:28:03Z,CPA293,"24.613815,111.437988",27600,471,333
1757698088,2025-09-12T17:28:08Z,CPA293,"24.622597,111.433289",27600,471,335
1757698092,2025-09-12T17:28:12Z,CPA293,"24.632418,111.428261",27600,470,335
1757698112,2025-09-12T17:28:32Z,CPA293,"24.669195,111.403542",27600,474,321
1757698117,2025-09-12T17:28:37Z,CPA293,"24.677807,111.395302",27600,474,317
1757698122,2025-09-12T17:28:42Z,CPA293,"24.684324,111.388252",27600,475,314
1757698126,2025-09-12T17:28:46Z,CPA293,"24.689537,111.381989",27600,476,311
1757698130,2025-09-12T17:28:50Z,CPA293,"24.696707,111.372345",27600,478,307
1757698135,2025-09-12T17:28:55Z,CPA293,"24.703629,111.361794",27600,478,305
1757698140,2025-09-12T17:29:00Z,CPA293,"24.709461,111.352287",27600,479,304
1757698145,2025-09-12T17:29:05Z,CPA293,"24.715576,111.342262",27600,479,304
1757698180,2025-09-12T17:29:40Z,CPA293,"24.760986,111.271973",27600,481,306
1757698219,2025-09-12T17:30:19Z,CPA293,"24.811691,111.196152",27600,480,306
1757698254,2025-09-12T17:30:54Z,CPA293,"24.857803,111.126198",27600,481,306
1757698284,2025-09-12T17:31:24Z,CPA293,"24.896347,111.067406",27850,482,306
1757698328,2025-09-12T17:32:08Z,CPA293,"24.953751,110.97982",28300,482,306
1757698368,2025-09-12T17:32:48Z,CPA293,"25.005936,110.900063",28575,484,306
1757698403,2025-09-12T17:33:23Z,CPA293,"25.051991,110.829613",28775,486,306
1757698433,2025-09-12T17:33:53Z,CPA293,"25.08989,110.771484",29000,488,306
1757698467,2025-09-12T17:34:27Z,CPA293,"25.135183,110.701973",29275,488,306
1757698496,2025-09-12T17:34:56Z,CPA293,"25.172974,110.643974",29450,490,306
1757698530,2025-09-12T17:35:30Z,CPA293,"25.219536,110.572311",29775,488,305
1757698569,2025-09-12T17:36:09Z,CPA293,"25.270294,110.494026",30325,482,306
1757698604,2025-09-12T17:36:44Z,CPA293,"25.316038,110.423477",30625,482,305
1757698644,2025-09-12T17:37:24Z,CPA293,"25.367199,110.344345",31225,473,306
1757698669,2025-09-12T17:37:49Z,CPA293,"25.398714,110.295532",31475,473,305
1757698729,2025-09-12T17:38:49Z,CPA293,"25.474777,110.177559",31925,470,306
1757698764,2025-09-12T17:39:24Z,CPA293,"25.518681,110.109329",32000,474,306
1757698798,2025-09-12T17:39:58Z,CPA293,"25.562481,110.041153",32100,478,305
1757698827,2025-09-12T17:40:27Z,CPA293,"25.599588,109.983299",32100,482,305
1757698861,2025-09-12T17:41:01Z,CPA293,"25.643812,109.914375",32100,489,305
1757698890,2025-09-12T17:41:30Z,CPA293,"25.68224,109.854279",32100,493,305
1757698939,2025-09-12T17:42:19Z,CPA293,"25.74683,109.753212",32100,500,305
1757698971,2025-09-12T17:42:51Z,CPA293,"25.78812,109.68367",32100,505,300
1757699005,2025-09-12T17:43:25Z,CPA293,"25.82192,109.61039",32100,510,294
1757699049,2025-09-12T17:44:09Z,CPA293,"25.859442,109.49556",32100,517,286
1757699081,2025-09-12T17:44:41Z,CPA293,"25.880529,109.414948",32100,517,287
1757699116,2025-09-12T17:45:16Z,CPA293,"25.90448,109.325935",32100,518,287
1757699146,2025-09-12T17:45:46Z,CPA293,"25.923929,109.252502",32100,516,286
1757699180,2025-09-12T17:46:20Z,CPA293,"25.947611,109.162743",32100,514,287
1757699210,2025-09-12T17:46:50Z,CPA293,"25.967606,109.08667",32100,516,286
1757699259,2025-09-12T17:47:39Z,CPA293,"26.000198,108.96225",32100,515,286
1757699299,2025-09-12T17:48:19Z,CPA293,"26.02656,108.861252",32100,514,287
1757699332,2025-09-12T17:48:52Z,CPA293,"26.048218,108.778122",32100,514,287
1757699367,2025-09-12T17:49:27Z,CPA293,"26.071442,108.689278",32100,514,287
1757699397,2025-09-12T17:49:57Z,CPA293,"26.091879,108.612686",32100,514,287
1757699431,2025-09-12T17:50:31Z,CPA293,"26.11478,108.526649",32100,515,286
1757699461,2025-09-12T17:51:01Z,CPA293,"26.135651,108.449516",32100,515,288
1757699495,2025-09-12T17:51:35Z,CPA293,"26.163891,108.370506",32100,515,295
1757699538,2025-09-12T17:52:18Z,CPA293,"26.210312,108.264511",32100,516,295
1757699577,2025-09-12T17:52:57Z,CPA293,"26.250183,108.17144",32100,516,296
1757699612,2025-09-12T17:53:32Z,CPA293,"26.286699,108.086456",32100,514,295
1757699641,2025-09-12T17:54:01Z,CPA293,"26.316214,108.017998",32100,513,296
1757699675,2025-09-12T17:54:35Z,CPA293,"26.350847,107.937347",32100,514,295
1757699705,2025-09-12T17:55:05Z,CPA293,"26.381338,107.866249",32100,512,295
1757699740,2025-09-12T17:55:40Z,CPA293,"26.416904,107.783165",32100,510,295
1757699775,2025-09-12T17:56:15Z,CPA293,"26.452612,107.699448",32100,512,295
1757699818,2025-09-12T17:56:58Z,CPA293,"26.496323,107.596985",32100,514,295
1757699851,2025-09-12T17:57:31Z,CPA293,"26.529968,107.517853",32100,514,295
1757699880,2025-09-12T17:58:00Z,CPA293,"26.55908,107.449043",32100,513,295
1757699918,2025-09-12T17:58:38Z,CPA293,"26.597668,107.357819",32100,513,295
1757699957,2025-09-12T17:59:17Z,CPA293,"26.637222,107.264137",32075,514,295
1757699992,2025-09-12T17:59:52Z,CPA293,"26.672478,107.180977",32100,504,295
1757700027,2025-09-12T18:00:27Z,CPA293,"26.707306,107.098511",32100,501,295
1757700062,2025-09-12T18:01:02Z,CPA293,"26.74168,107.017868",32100,498,295
1757700097,2025-09-12T18:01:37Z,CPA293,"26.77684,106.935684",32100,498,297
1757700132,2025-09-12T18:02:12Z,CPA293,"26.817255,106.859261",32100,496,305
1757700167,2025-09-12T18:02:47Z,CPA293,"26.867111,106.788643",32100,494,308
1757700202,2025-09-12T18:03:22Z,CPA293,"26.91637,106.717361",32100,495,308
1757700232,2025-09-12T18:03:52Z,CPA293,"26.956818,106.659286",32100,495,308
1757700266,2025-09-12T18:04:26Z,CPA293,"27.006454,106.58847",32100,498,308
1757700309,2025-09-12T18:05:09Z,CPA293,"27.067932,106.500633",32100,499,308
1757700337,2025-09-12T18:05:37Z,CPA293,"27.107969,106.443314",32100,501,308
1757700372,2025-09-12T18:06:12Z,CPA293,"27.157471,106.372269",32100,503,308
1757700406,2025-09-12T18:06:46Z,CPA293,"27.204849,106.304283",32100,505,308
1757700449,2025-09-12T18:07:29Z,CPA293,"27.26692,106.214943",32100,508,308
1757700482,2025-09-12T18:08:02Z,CPA293,"27.317039,106.142609",32100,508,308
1757700511,2025-09-12T18:08:31Z,CPA293,"27.35815,106.08326",32100,508,308
1757700540,2025-09-12T18:09:00Z,CPA293,"27.400909,106.021484",32100,510,308
1757700575,2025-09-12T18:09:35Z,CPA293,"27.451715,105.947922",32100,510,308
1757700612,2025-09-12T18:10:12Z,CPA293,"27.50437,105.87149",32100,510,308
1757700647,2025-09-12T18:10:47Z,CPA293,"27.55357,105.800079",32100,510,308
1757700683,2025-09-12T18:11:23Z,CPA293,"27.622515,105.699623",32100,509,307
1757700716,2025-09-12T18:11:56Z,CPA293,"27.670418,105.629791",32100,509,307
1757700740,2025-09-12T18:12:20Z,CPA293,"27.68885,105.602859",32100,511,308
1757700770,2025-09-12T18:12:50Z,CPA293,"27.731913,105.539894",32100,511,307
1757700813,2025-09-12T18:13:33Z,CPA293,"27.793209,105.45015",32100,512,308
1757700840,2025-09-12T18:14:00Z,CPA293,"27.8335,105.391022",32100,511,307
1757700882,2025-09-12T18:14:42Z,CPA293,"27.8936,105.302711",32100,510,308
1757700910,2025-09-12T18:15:10Z,CPA293,"27.935114,105.244484",32100,509,311
1757700945,2025-09-12T18:15:45Z,CPA293,"27.993441,105.178802",32100,508,319
1757700979,2025-09-12T18:16:19Z,CPA293,"28.054001,105.125534",32100,509,329
1757700983,2025-09-12T18:16:23Z,CPA293,"28.064989,105.118462",32100,511,333
1757700988,2025-09-12T18:16:28Z,CPA293,"28.076389,105.112122",32100,511,336
1757700993,2025-09-12T18:16:33Z,CPA293,"28.08527,105.107788",32100,511,338
1757700997,2025-09-12T18:16:37Z,CPA293,"28.095751,105.103401",32100,511,342
1757701002,2025-09-12T18:16:42Z,CPA293,"28.107361,105.099312",32100,512,345
1757701007,2025-09-12T18:16:47Z,CPA293,"28.118759,105.096077",32125,512,348
1757701012,2025-09-12T18:16:52Z,CPA293,"28.128441,105.093758",32125,513,349
1757701017,2025-09-12T18:16:57Z,CPA293,"28.14283,105.090584",32100,513,348
1757701057,2025-09-12T18:17:37Z,CPA293,"28.233141,105.068497",32100,514,347
1757701085,2025-09-12T18:18:05Z,CPA293,"28.301666,105.050842",32100,515,347
1757701120,2025-09-12T18:18:40Z,CPA293,"28.383224,105.030479",32100,515,347
1757701155,2025-09-12T18:19:15Z,CPA293,"28.463806,105.010445",32100,516,348
1757701185,2025-09-12T18:19:45Z,CPA293,"28.534519,104.992622",32100,515,347
1757701228,2025-09-12T18:20:28Z,CPA293,"28.631516,104.968185",32100,511,347
1757701261,2025-09-12T18:21:01Z,CPA293,"28.708532,104.94873",32100,511,347
1757701290,2025-09-12T18:21:30Z,CPA293,"28.777451,104.93132",32100,511,347
1757701325,2025-09-12T18:22:05Z,CPA293,"28.859711,104.910507",32100,513,347
1757701367,2025-09-12T18:22:47Z,CPA293,"28.9541,104.886528",32100,512,347
1757701404,2025-09-12T18:23:24Z,CPA293,"29.041626,104.864342",32100,507,347
1757701449,2025-09-12T18:24:09Z,CPA293,"29.14496,104.838058",32100,505,347
1757701489,2025-09-12T18:24:49Z,CPA293,"29.233749,104.815384",32100,505,347
1757701522,2025-09-12T18:25:22Z,CPA293,"29.312502,104.795296",32100,507,347
1757701551,2025-09-12T18:25:51Z,CPA293,"29.379351,104.778122",32100,508,347
1757701586,2025-09-12T18:26:26Z,CPA293,"29.458879,104.757751",32100,509,347
1757701621,2025-09-12T18:27:01Z,CPA293,"29.537348,104.737564",32100,508,348
1757701664,2025-09-12T18:27:44Z,CPA293,"29.63888,104.711502",32100,508,347
1757701698,2025-09-12T18:28:18Z,CPA293,"29.717834,104.6912",32100,509,347
1757701731,2025-09-12T18:28:51Z,CPA293,"29.793274,104.671715",32100,509,347
1757701766,2025-09-12T18:29:26Z,CPA293,"29.872379,104.651268",32100,508,347
1757701809,2025-09-12T18:30:09Z,CPA293,"29.995651,104.619354",32100,509,347
1757701840,2025-09-12T18:30:40Z,CPA293,"30.070791,104.599899",32100,510,347
1757701871,2025-09-12T18:31:11Z,CPA293,"30.141586,104.581497",32100,511,347
1757701905,2025-09-12T18:31:45Z,CPA293,"30.216019,104.562057",32100,512,347
1757701935,2025-09-12T18:32:15Z,CPA293,"30.289352,104.542992",32100,514,347
1757701966,2025-09-12T18:32:46Z,CPA293,"30.362686,104.523872",32100,515,347
1757701997,2025-09-12T18:33:17Z,CPA293,"30.434875,104.504967",32100,516,347
1757702029,2025-09-12T18:33:49Z,CPA293,"30.508335,104.485748",32100,516,347
1757702060,2025-09-12T18:34:20Z,CPA293,"30.579529,104.467056",32100,516,347
1757702104,2025-09-12T18:35:04Z,CPA293,"30.655746,104.447075",32100,513,347
1757702132,2025-09-12T18:35:32Z,CPA293,"30.723175,104.429306",32100,513,347
1757702166,2025-09-12T18:36:06Z,CPA293,"30.801727,104.408623",32100,513,347
1757702203,2025-09-12T18:36:43Z,CPA293,"30.89053,104.391762",32100,519,354
1757702237,2025-09-12T18:37:17Z,CPA293,"30.997414,104.387199",32100,520,359
1757702270,2025-09-12T18:37:50Z,CPA293,"31.077017,104.385002",32100,518,358
1757702300,2025-09-12T18:38:20Z,CPA293,"31.149628,104.382828",32100,516,358
1757702332,2025-09-12T18:38:52Z,CPA293,"31.227009,104.380775",32100,514,358
1757702364,2025-09-12T18:39:24Z,CPA293,"31.300701,104.378357",32100,511,357
1757702394,2025-09-12T18:39:54Z,CPA293,"31.371826,104.373672",32100,509,356
1757702426,2025-09-12T18:40:26Z,CPA293,"31.449051,104.368553",32100,511,356
1757702458,2025-09-12T18:40:58Z,CPA293,"31.523758,104.364136",32100,512,357
1757702490,2025-09-12T18:41:30Z,CPA293,"31.600662,104.359726",32100,512,357
1757702522,2025-09-12T18:42:02Z,CPA293,"31.675819,104.355286",32100,512,357
1757702554,2025-09-12T18:42:34Z,CPA293,"31.751038,104.350838",32100,514,357
1757702587,2025-09-12T18:43:07Z,CPA293,"31.829178,104.346443",32100,513,357
1757702617,2025-09-12T18:43:37Z,CPA293,"31.900991,104.342987",32100,512,357
1757702650,2025-09-12T18:44:10Z,CPA293,"31.978317,104.339081",32100,511,357
1757702682,2025-09-12T18:44:42Z,CPA293,"32.05426,104.335182",32100,509,357
1757702714,2025-09-12T18:45:14Z,CPA293,"32.130569,104.331284",32100,508,357
1757702747,2025-09-12T18:45:47Z,CPA293,"32.207611,104.327324",32100,506,357
1757702777,2025-09-12T18:46:17Z,CPA293,"32.279297,104.323593",32100,507,357
1757702808,2025-09-12T18:46:48Z,CPA293,"32.351669,104.319855",32100,510,357
1757702840,2025-09-12T18:47:20Z,CPA293,"32.427872,104.315857",32100,511,357
1757702872,2025-09-12T18:47:52Z,CPA293,"32.503601,104.312218",32100,511,357
1757702903,2025-09-12T18:48:23Z,CPA293,"32.575954,104.308853",32100,511,357
1757702938,2025-09-12T18:48:58Z,CPA293,"32.632748,104.306107",32100,509,357
1757702973,2025-09-12T18:49:33Z,CPA293,"32.714901,104.302109",32100,507,358
1757703007,2025-09-12T18:50:07Z,CPA293,"32.794189,104.29837",32100,507,357
1757703042,2025-09-12T18:50:42Z,CPA293,"32.876865,104.294334",32100,509,358
1757703072,2025-09-12T18:51:12Z,CPA293,"32.947357,104.290909",32100,509,358
1757703100,2025-09-12T18:51:40Z,CPA293,"33.014511,104.28772",32100,506,358
1757703143,2025-09-12T18:52:23Z,CPA293,"33.107895,104.283157",32100,505,358
1757703173,2025-09-12T18:52:53Z,CPA293,"33.185394,104.279312",32100,506,358
1757703218,2025-09-12T18:53:38Z,CPA293,"33.286385,104.266029",32100,498,349
1757703523,2025-09-12T18:58:43Z,CPA293,"33.964279,104.112053",32100,512,340
1757703668,2025-09-12T19:01:08Z,CPA293,"34.316574,104.11216",32100,515,31
1757704105,2025-09-12T19:08:25Z,CPA293,"35.359032,104.112114",32100,509,56
1757704297,2025-09-12T19:11:37Z,CPA293,"35.80518,104.113373",32100,503,282
1757704337,2025-09-12T19:12:17Z,CPA293,"35.896198,104.106155",32100,496,354
1757704366,2025-09-12T19:12:46Z,CPA293,"35.96553,104.09832",32100,496,355
1757704401,2025-09-12T19:13:21Z,CPA293,"36.045631,104.089851",32100,494,355
1757704435,2025-09-12T19:13:55Z,CPA293,"36.123188,104.081375",32100,492,354
1757704470,2025-09-12T19:14:30Z,CPA293,"36.201809,104.072792",32100,489,355
1757704513,2025-09-12T19:15:13Z,CPA293,"36.296219,104.062378",32100,490,355
1757704541,2025-09-12T19:15:41Z,CPA293,"36.362823,104.054489",32100,488,352
1757704568,2025-09-12T19:16:08Z,CPA293,"36.42075,104.040237",32100,480,344
1757704596,2025-09-12T19:16:36Z,CPA293,"36.480972,104.015465",32100,474,338
1757704634,2025-09-12T19:17:14Z,CPA293,"36.555332,103.970284",32100,467,329
1757704668,2025-09-12T19:17:48Z,CPA293,"36.615524,103.918861",32100,461,321
1757704702,2025-09-12T19:18:22Z,CPA293,"36.668079,103.859253",32100,455,313
1757704737,2025-09-12T19:18:57Z,CPA293,"36.715332,103.788368",32100,449,305
1757704752,2025-09-12T19:19:12Z,CPA293,"36.731064,103.759438",32100,447,302
1757704786,2025-09-12T19:19:46Z,CPA293,"36.766911,103.679611",32100,445,297
1757704816,2025-09-12T19:20:16Z,CPA293,"36.795769,103.612762",32100,444,299
1757704850,2025-09-12T19:20:50Z,CPA293,"36.829239,103.535728",32100,444,298
1757704885,2025-09-12T19:21:25Z,CPA293,"36.862854,103.457474",32100,443,298
1757704929,2025-09-12T19:22:09Z,CPA293,"36.905457,103.357971",32100,441,298
1757704963,2025-09-12T19:22:43Z,CPA293,"36.938187,103.281944",32100,441,299
1757704998,2025-09-12T19:23:18Z,CPA293,"36.977188,103.204552",32100,443,302
1757705028,2025-09-12T19:23:48Z,CPA293,"37.006794,103.146034",32100,443,302
1757705060,2025-09-12T19:24:20Z,CPA293,"37.043804,103.072121",32100,443,302
1757705090,2025-09-12T19:24:50Z,CPA293,"37.077164,103.005653",32100,441,302
1757705139,2025-09-12T19:25:39Z,CPA293,"37.130764,102.898544",32100,441,301
1757705172,2025-09-12T19:26:12Z,CPA293,"37.165787,102.828346",32100,441,301
1757705201,2025-09-12T19:26:41Z,CPA293,"37.197567,102.764618",32100,442,302
1757705236,2025-09-12T19:27:16Z,CPA293,"37.23518,102.689034",32100,440,302
1757705271,2025-09-12T19:27:51Z,CPA293,"37.272373,102.614037",32100,437,301
1757705301,2025-09-12T19:28:21Z,CPA293,"37.305313,102.54744",32100,435,301
1757705341,2025-09-12T19:29:01Z,CPA293,"37.344406,102.460716",32100,433,294
1757705370,2025-09-12T19:29:30Z,CPA293,"37.366333,102.390999",32100,432,288
1757705405,2025-09-12T19:30:05Z,CPA293,"37.383545,102.311058",32100,432,283
1757705449,2025-09-12T19:30:49Z,CPA293,"37.405468,102.199303",32100,434,284
1757705483,2025-09-12T19:31:23Z,CPA293,"37.421539,102.118332",32100,433,283
1757705512,2025-09-12T19:31:52Z,CPA293,"37.435772,102.044899",32100,433,283
1757705552,2025-09-12T19:32:32Z,CPA293,"37.454819,101.946579",32100,435,283
1757705582,2025-09-12T19:33:02Z,CPA293,"37.468639,101.874672",32100,435,283
1757705617,2025-09-12T19:33:37Z,CPA293,"37.485535,101.786697",32100,435,283
1757705657,2025-09-12T19:34:17Z,CPA293,"37.507931,101.690048",32100,433,290
1757705687,2025-09-12T19:34:47Z,CPA293,"37.53265,101.620667",32100,437,297
1757705727,2025-09-12T19:35:27Z,CPA293,"37.571365,101.53109",32100,435,298
1757705761,2025-09-12T19:36:01Z,CPA293,"37.60281,101.456291",32100,434,298
1757705796,2025-09-12T19:36:36Z,CPA293,"37.636322,101.377121",32100,432,298
1757705839,2025-09-12T19:37:19Z,CPA293,"37.676422,101.282433",32125,433,298
1757705874,2025-09-12T19:37:54Z,CPA293,"37.709499,101.204201",32550,432,298
1757705909,2025-09-12T19:38:29Z,CPA293,"37.742508,101.12587",32900,430,297
1757705939,2025-09-12T19:38:59Z,CPA293,"37.770065,101.060249",33125,432,297
1757705973,2025-09-12T19:39:33Z,CPA293,"37.802048,100.98394",33500,430,297
1757706008,2025-09-12T19:40:08Z,CPA293,"37.832062,100.912285",33900,426,297
1757706042,2025-09-12T19:40:42Z,CPA293,"37.867264,100.832108",34200,428,299
1757706072,2025-09-12T19:41:12Z,CPA293,"37.896358,100.768387",34475,427,300
1757706105,2025-09-12T19:41:45Z,CPA293,"37.928467,100.696648",34675,428,299
1757706140,2025-09-12T19:42:20Z,CPA293,"37.962746,100.619362",34950,429,299
1757706189,2025-09-12T19:43:09Z,CPA293,"38.01009,100.512543",35250,430,299
1757706224,2025-09-12T19:43:44Z,CPA293,"38.044121,100.435463",35575,427,299
1757706259,2025-09-12T19:44:19Z,CPA293,"38.077606,100.359467",35875,424,299
1757706287,2025-09-12T19:44:47Z,CPA293,"38.10445,100.298431",36050,424,298
1757706322,2025-09-12T19:45:22Z,CPA293,"38.137131,100.223915",36100,427,299
1757706355,2025-09-12T19:45:55Z,CPA293,"38.169067,100.150841",36100,426,298
1757706390,2025-09-12T19:46:30Z,CPA293,"38.203327,100.072495",36100,425,299
1757706425,2025-09-12T19:47:05Z,CPA293,"38.235992,99.997498",36100,424,298
1757706460,2025-09-12T19:47:40Z,CPA293,"38.269615,99.920059",36100,426,299
1757706503,2025-09-12T19:48:23Z,CPA293,"38.310444,99.825836",36100,428,298
1757706543,2025-09-12T19:49:03Z,CPA293,"38.348663,99.737526",36100,426,298
1757706578,2025-09-12T19:49:38Z,CPA293,"38.381901,99.660385",36100,427,299
1757706613,2025-09-12T19:50:13Z,CPA293,"38.415234,99.582886",36100,426,298
1757706648,2025-09-12T19:50:48Z,CPA293,"38.447617,99.507294",36100,424,298
1757706683,2025-09-12T19:51:23Z,CPA293,"38.48053,99.430328",36100,422,298
1757706718,2025-09-12T19:51:58Z,CPA293,"38.512993,99.354309",36100,422,298
1757706753,2025-09-12T19:52:33Z,CPA293,"38.546139,99.276489",36100,418,298
1757706788,2025-09-12T19:53:08Z,CPA293,"38.578167,99.201111",36100,418,298
1757706823,2025-09-12T19:53:43Z,CPA293,"38.610443,99.124741",36100,418,298
1757706858,2025-09-12T19:54:18Z,CPA293,"38.64267,99.048492",36100,418,298
1757706893,2025-09-12T19:54:53Z,CPA293,"38.674622,98.972786",36100,416,298
1757706928,2025-09-12T19:55:28Z,CPA293,"38.706417,98.897217",36100,414,298
1757706963,2025-09-12T19:56:03Z,CPA293,"38.737701,98.822617",36100,414,298
1757706993,2025-09-12T19:56:33Z,CPA293,"38.764793,98.757874",36100,416,298
1757707028,2025-09-12T19:57:08Z,CPA293,"38.796543,98.681885",36100,416,298
1757707063,2025-09-12T19:57:43Z,CPA293,"38.828796,98.604446",36100,418,298
1757707098,2025-09-12T19:58:18Z,CPA293,"38.86055,98.528076",36100,418,297
1757707133,2025-09-12T19:58:53Z,CPA293,"38.889908,98.45726",36100,416,297
1757707161,2025-09-12T19:59:21Z,CPA293,"38.917484,98.390564",36100,414,297
1757707196,2025-09-12T19:59:56Z,CPA293,"38.947906,98.316887",36100,412,297
1757707230,2025-09-12T20:00:30Z,CPA293,"38.979218,98.240822",36100,412,297
1757707260,2025-09-12T20:01:00Z,CPA293,"39.005539,98.176697",36100,412,297
1757707295,2025-09-12T20:01:35Z,CPA293,"39.037029,98.100037",36100,412,297
1757707339,2025-09-12T20:02:19Z,CPA293,"39.075901,98.004761",36100,408,297
1757707374,2025-09-12T20:02:54Z,CPA293,"39.105972,97.930939",36100,408,298
1757707409,2025-09-12T20:03:29Z,CPA293,"39.137257,97.854126",36100,408,297
1757707443,2025-09-12T20:04:03Z,CPA293,"39.166634,97.781677",36100,406,297
1757707488,2025-09-12T20:04:48Z,CPA293,"39.205456,97.68573",36100,402,297
1757707518,2025-09-12T20:05:18Z,CPA293,"39.231171,97.622124",36100,402,297
1757707554,2025-09-12T20:05:54Z,CPA293,"39.261551,97.546631",36100,400,297
1757707588,2025-09-12T20:06:28Z,CPA293,"39.290974,97.473816",36100,398,297
1757707618,2025-09-12T20:06:58Z,CPA293,"39.316109,97.411438",36100,398,297
1757707653,2025-09-12T20:07:33Z,CPA293,"39.345631,97.33783",36100,395,297
1757707683,2025-09-12T20:08:03Z,CPA293,"39.370483,97.275696",36100,394,298
1757707713,2025-09-12T20:08:33Z,CPA293,"39.396042,97.211792",36100,394,298
1757707758,2025-09-12T20:09:18Z,CPA293,"39.433411,97.118134",36100,394,298
1757707793,2025-09-12T20:09:53Z,CPA293,"39.461868,97.046448",36100,395,298
1757707829,2025-09-12T20:10:29Z,CPA293,"39.49194,96.971008",36100,395,298
1757707863,2025-09-12T20:11:03Z,CPA293,"39.520378,96.900391",36100,391,298
1757707898,2025-09-12T20:11:38Z,CPA293,"39.550598,96.824829",36100,392,298
1757707928,2025-09-12T20:12:08Z,CPA293,"39.575691,96.76178",36100,393,298
1757707968,2025-09-12T20:12:48Z,CPA293,"39.607498,96.681778",36100,393,298
1757708002,2025-09-12T20:13:22Z,CPA293,"39.636059,96.609802",36100,394,298
1757708032,2025-09-12T20:13:52Z,CPA293,"39.6619,96.544373",36100,395,298
1757708072,2025-09-12T20:14:32Z,CPA293,"39.694752,96.460861",36100,393,297
1757708102,2025-09-12T20:15:02Z,CPA293,"39.71949,96.397827",36100,392,297
1757708141,2025-09-12T20:15:41Z,CPA293,"39.751419,96.316101",36100,393,297
1757708171,2025-09-12T20:16:11Z,CPA293,"39.77623,96.252533",36100,394,297
1757708211,2025-09-12T20:16:51Z,CPA293,"39.808819,96.168953",36100,393,297
1757708245,2025-09-12T20:17:25Z,CPA293,"39.83725,96.09568",36100,393,297
1757708280,2025-09-12T20:18:00Z,CPA293,"39.865662,96.0224",36100,392,297
1757708315,2025-09-12T20:18:35Z,CPA293,"39.89365,95.949989",36100,392,297
1757708355,2025-09-12T20:19:15Z,CPA293,"39.926231,95.865509",36100,392,297
1757708385,2025-09-12T20:19:45Z,CPA293,"39.950588,95.802063",36100,392,297
1757708420,2025-09-12T20:20:20Z,CPA293,"39.97934,95.727112",36100,390,297
1757708455,2025-09-12T20:20:55Z,CPA293,"40.006851,95.655212",36100,389,297
1757708490,2025-09-12T20:21:30Z,CPA293,"40.035191,95.581047",36100,387,297
1757708520,2025-09-12T20:22:00Z,CPA293,"40.05899,95.518547",36100,387,297
1757708555,2025-09-12T20:22:35Z,CPA293,"40.086781,95.445473",36100,388,297
1757708590,2025-09-12T20:23:10Z,CPA293,"40.11462,95.371941",36100,389,297
1757708620,2025-09-12T20:23:40Z,CPA293,"40.13855,95.308723",36100,390,297
1757708670,2025-09-12T20:24:30Z,CPA293,"40.178009,95.204102",36100,390,297
1757708705,2025-09-12T20:25:05Z,CPA293,"40.20676,95.127617",36100,389,297
1757708740,2025-09-12T20:25:40Z,CPA293,"40.234489,95.054771",36100,390,297
1757708775,2025-09-12T20:26:15Z,CPA293,"40.26252,94.98143",36100,388,297
1757708810,2025-09-12T20:26:50Z,CPA293,"40.290298,94.908257",36100,388,298
1757708845,2025-09-12T20:27:25Z,CPA293,"40.323582,94.837708",36100,391,307
1757708880,2025-09-12T20:28:00Z,CPA293,"40.36359,94.772583",36100,392,309
1757708924,2025-09-12T20:28:44Z,CPA293,"40.4133,94.68985",36100,392,309
1757708964,2025-09-12T20:29:24Z,CPA293,"40.45752,94.616333",36100,391,309
1757708998,2025-09-12T20:29:58Z,CPA293,"40.495651,94.553101",36100,390,308
1757709028,2025-09-12T20:30:28Z,CPA293,"40.52916,94.497383",36100,389,309
1757709063,2025-09-12T20:31:03Z,CPA293,"40.567749,94.433037",36100,390,309
1757709093,2025-09-12T20:31:33Z,CPA293,"40.60144,94.37677",36100,391,309
1757709133,2025-09-12T20:32:13Z,CPA293,"40.646622,94.301208",36100,393,309
1757709163,2025-09-12T20:32:43Z,CPA293,"40.680321,94.24472",36100,396,309
1757709203,2025-09-12T20:33:23Z,CPA293,"40.725151,94.169373",36100,396,308
1757709238,2025-09-12T20:33:58Z,CPA293,"40.764629,94.102829",36100,396,308
1757709268,2025-09-12T20:34:28Z,CPA293,"40.798187,94.046265",36100,395,308
1757709308,2025-09-12T20:35:08Z,CPA293,"40.843597,93.970459",36100,395,312
1757709318,2025-09-12T20:35:18Z,CPA293,"40.856552,93.953552",36100,400,319
1757709323,2025-09-12T20:35:23Z,CPA293,"40.863556,93.945984",36100,404,323
1757709328,2025-09-12T20:35:28Z,CPA293,"40.871246,93.938721",36100,406,327
1757709333,2025-09-12T20:35:33Z,CPA293,"40.879242,93.931984",36100,408,330
1757709343,2025-09-12T20:35:43Z,CPA293,"40.896194,93.919189",36100,410,331
1757709348,2025-09-12T20:35:48Z,CPA293,"40.903885,93.913513",36100,410,330
1757709353,2025-09-12T20:35:53Z,CPA293,"40.912849,93.9067",36100,410,330
1757709388,2025-09-12T20:36:28Z,CPA293,"40.968021,93.859261",36100,404,321
1757709398,2025-09-12T20:36:38Z,CPA293,"40.981339,93.843933",36100,400,317
1757709403,2025-09-12T20:36:43Z,CPA293,"40.988171,93.835037",36100,398,314
1757709408,2025-09-12T20:36:48Z,CPA293,"40.99437,93.82618",36100,397,312
1757709443,2025-09-12T20:37:23Z,CPA293,"41.035492,93.761658",36100,396,312
1757709478,2025-09-12T20:37:58Z,CPA293,"41.077881,93.697456",36100,395,311
1757709508,2025-09-12T20:38:28Z,CPA293,"41.113911,93.641907",36100,397,310
1757709543,2025-09-12T20:39:03Z,CPA293,"41.154785,93.578125",36100,398,311
1757709583,2025-09-12T20:39:43Z,CPA293,"41.203152,93.502579",36100,400,311
1757709612,2025-09-12T20:40:12Z,CPA293,"41.237419,93.44902",36100,400,311
1757709647,2025-09-12T20:40:47Z,CPA293,"41.279339,93.383301",36100,402,310
1757709687,2025-09-12T20:41:27Z,CPA293,"41.327911,93.307068",36100,400,310
1757709717,2025-09-12T20:41:57Z,CPA293,"41.3638,93.250549",36100,398,311
1757709757,2025-09-12T20:42:37Z,CPA293,"41.41082,93.176262",36100,398,311
1757709792,2025-09-12T20:43:12Z,CPA293,"41.451736,93.111626",36100,397,310
1757709822,2025-09-12T20:43:42Z,CPA293,"41.487679,93.05471",36100,398,310
1757709862,2025-09-12T20:44:22Z,CPA293,"41.535259,92.979019",36100,400,310
1757709897,2025-09-12T20:44:57Z,CPA293,"41.576462,92.913422",36100,401,310
1757709932,2025-09-12T20:45:32Z,CPA293,"41.618118,92.846992",36100,402,310
1757709962,2025-09-12T20:46:02Z,CPA293,"41.654011,92.789627",36100,403,310
1757709997,2025-09-12T20:46:37Z,CPA293,"41.69614,92.722054",36100,404,310
1757710037,2025-09-12T20:47:17Z,CPA293,"41.743252,92.646431",36100,403,310
1757710067,2025-09-12T20:47:47Z,CPA293,"41.778854,92.589088",36100,402,310
1757710102,2025-09-12T20:48:22Z,CPA293,"41.820881,92.521301",36100,403,310
1757710132,2025-09-12T20:48:52Z,CPA293,"41.856171,92.464249",36100,405,310
1757710172,2025-09-12T20:49:32Z,CPA293,"41.904041,92.386589",36100,406,310
1757710202,2025-09-12T20:50:02Z,CPA293,"41.939667,92.328911",36100,405,310
1757710242,2025-09-12T20:50:42Z,CPA293,"41.987278,92.251366",36100,404,310
1757710272,2025-09-12T20:51:12Z,CPA293,"42.02322,92.192863",36100,403,309
1757710312,2025-09-12T20:51:52Z,CPA293,"42.070587,92.115372",36100,404,309
1757710342,2025-09-12T20:52:22Z,CPA293,"42.105892,92.05751",36100,404,310
1757710372,2025-09-12T20:52:52Z,CPA293,"42.141361,91.99926",36100,404,309
1757710407,2025-09-12T20:53:27Z,CPA293,"42.182285,91.931999",36100,402,309
1757710442,2025-09-12T20:54:02Z,CPA293,"42.22348,91.863991",36100,400,309
1757710477,2025-09-12T20:54:37Z,CPA293,"42.265091,91.796257",36100,401,312
1757710512,2025-09-12T20:55:12Z,CPA293,"42.311966,91.734718",36100,405,318
1757710541,2025-09-12T20:55:41Z,CPA293,"42.350235,91.686211",36100,403,317
1757710576,2025-09-12T20:56:16Z,CPA293,"42.398609,91.624001",36100,405,316
1757710611,2025-09-12T20:56:51Z,CPA293,"42.446468,91.562553",36100,406,317
1757710639,2025-09-12T20:57:19Z,CPA293,"42.483349,91.515182",36100,407,316
1757710685,2025-09-12T20:58:05Z,CPA293,"42.547161,91.433006",36100,408,316
1757710723,2025-09-12T20:58:43Z,CPA293,"42.599258,91.365738",36100,408,317
1757710763,2025-09-12T20:59:23Z,CPA293,"42.65451,91.294197",36100,406,317
1757710793,2025-09-12T20:59:53Z,CPA293,"42.694981,91.241768",36100,407,317
1757710828,2025-09-12T21:00:28Z,CPA293,"42.742031,91.180519",36100,408,317
1757710858,2025-09-12T21:00:58Z,CPA293,"42.783001,91.127159",36100,408,317
1757710898,2025-09-12T21:01:38Z,CPA293,"42.836948,91.056709",36100,406,317
1757710927,2025-09-12T21:02:07Z,CPA293,"42.876431,91.005119",36100,407,317
1757710966,2025-09-12T21:02:46Z,CPA293,"42.926971,90.932564",36100,406,309
1757711001,2025-09-12T21:03:21Z,CPA293,"42.963131,90.861023",36100,402,302
1757711036,2025-09-12T21:03:56Z,CPA293,"42.997742,90.783928",36100,404,303
1757711071,2025-09-12T21:04:31Z,CPA293,"43.032669,90.707916",36100,403,302
1757711106,2025-09-12T21:05:06Z,CPA293,"43.06683,90.632561",36100,401,302
1757711136,2025-09-12T21:05:36Z,CPA293,"43.096119,90.56797",36100,401,302
1757711171,2025-09-12T21:06:11Z,CPA293,"43.130741,90.491051",36100,401,302
1757711206,2025-09-12T21:06:46Z,CPA293,"43.164211,90.416496",36100,399,302
1757711241,2025-09-12T21:07:21Z,CPA293,"43.19783,90.341728",36100,402,302
1757711275,2025-09-12T21:07:55Z,CPA293,"43.231251,90.266991",36100,400,302
1757711310,2025-09-12T21:08:30Z,CPA293,"43.264488,90.19252",36100,398,302
1757711345,2025-09-12T21:09:05Z,CPA293,"43.298031,90.11721",36100,398,302
1757711389,2025-09-12T21:09:49Z,CPA293,"43.34042,90.021721",36100,400,302
1757711429,2025-09-12T21:10:29Z,CPA293,"43.378769,89.935188",36100,397,302
1757711464,2025-09-12T21:11:04Z,CPA293,"43.411499,89.861038",36100,396,302
1757711509,2025-09-12T21:11:49Z,CPA293,"43.454681,89.762901",36100,398,302
1757711544,2025-09-12T21:12:24Z,CPA293,"43.487961,89.687019",36100,397,302
1757711579,2025-09-12T21:12:59Z,CPA293,"43.521042,89.611549",36100,394,301
1757711614,2025-09-12T21:13:34Z,CPA293,"43.553699,89.536659",36100,393,301
1757711649,2025-09-12T21:14:09Z,CPA293,"43.586609,89.461098",36100,393,301
1757711684,2025-09-12T21:14:44Z,CPA293,"43.619732,89.385162",36100,393,302
1757711719,2025-09-12T21:15:19Z,CPA293,"43.652592,89.312111",36100,394,302
1757711754,2025-09-12T21:15:54Z,CPA293,"43.68602,89.237427",36100,394,302
1757711799,2025-09-12T21:16:39Z,CPA293,"43.72879,89.141022",36100,391,302
1757711834,2025-09-12T21:17:14Z,CPA293,"43.762131,89.065697",36100,392,302
1757711869,2025-09-12T21:17:49Z,CPA293,"43.79509,88.99102",36100,395,302
1757711909,2025-09-12T21:18:29Z,CPA293,"43.833069,88.904694",36100,395,302
1757711949,2025-09-12T21:19:09Z,CPA293,"43.87093,88.81839",36100,393,302
1757711989,2025-09-12T21:19:49Z,CPA293,"43.909149,88.731209",36100,392,302
1757712024,2025-09-12T21:20:24Z,CPA293,"43.941589,88.656662",36100,393,302
1757712059,2025-09-12T21:20:59Z,CPA293,"43.974468,88.581169",36100,394,302
1757712094,2025-09-12T21:21:34Z,CPA293,"44.00713,88.505859",36100,394,301
1757712124,2025-09-12T21:22:04Z,CPA293,"44.035172,88.441162",36100,392,301
1757712159,2025-09-12T21:22:39Z,CPA293,"44.06781,88.365593",36100,392,301
1757712204,2025-09-12T21:23:24Z,CPA293,"44.10965,88.26844",36100,391,301
1757712244,2025-09-12T21:24:04Z,CPA293,"44.14677,88.181953",36100,389,301
1757712279,2025-09-12T21:24:39Z,CPA293,"44.178768,88.107224",36100,391,301
1757712318,2025-09-12T21:25:18Z,CPA293,"44.21553,88.022331",36100,393,304
1757712353,2025-09-12T21:25:53Z,CPA293,"44.253391,87.951698",36100,395,308
1757712383,2025-09-12T21:26:23Z,CPA293,"44.286491,87.890488",36100,395,307
1757712418,2025-09-12T21:26:58Z,CPA293,"44.32457,87.819283",36100,395,307
1757712453,2025-09-12T21:27:33Z,CPA293,"44.363121,87.747528",36100,395,307
1757712493,2025-09-12T21:28:13Z,CPA293,"44.406971,87.666412",36100,395,308
1757712528,2025-09-12T21:28:48Z,CPA293,"44.445881,87.596352",36100,395,308
1757712563,2025-09-12T21:29:23Z,CPA293,"44.48513,87.524986",36100,396,308
1757712598,2025-09-12T21:29:58Z,CPA293,"44.524139,87.453651",36100,397,308
1757712628,2025-09-12T21:30:28Z,CPA293,"44.557331,87.392761",36100,397,308
1757712663,2025-09-12T21:31:03Z,CPA293,"44.596661,87.32058",36100,396,308
1757712698,2025-09-12T21:31:38Z,CPA293,"44.636581,87.25087",36100,395,310
1757712733,2025-09-12T21:32:13Z,CPA293,"44.677368,87.182007",36100,394,310
1757712768,2025-09-12T21:32:48Z,CPA293,"44.71743,87.112938",36100,393,310
1757712798,2025-09-12T21:33:18Z,CPA293,"44.75211,87.052849",36100,394,309
1757712833,2025-09-12T21:33:53Z,CPA293,"44.791901,86.983727",36100,396,309
1757712868,2025-09-12T21:34:28Z,CPA293,"44.832321,86.913818",36100,395,310
1757712903,2025-09-12T21:35:03Z,CPA293,"44.87249,86.844109",36100,395,310
1757712938,2025-09-12T21:35:38Z,CPA293,"44.9123,86.773842",36100,393,309
1757712973,2025-09-12T21:36:13Z,CPA293,"44.951679,86.703102",36100,393,309
1757713008,2025-09-12T21:36:48Z,CPA293,"44.991032,86.632759",36100,392,309
1757713043,2025-09-12T21:37:23Z,CPA293,"45.030579,86.561928",36100,391,309
1757713078,2025-09-12T21:37:58Z,CPA293,"45.069599,86.491882",36100,392,309
1757713108,2025-09-12T21:38:28Z,CPA293,"45.103001,86.431732",36100,390,309
1757713143,2025-09-12T21:39:03Z,CPA293,"45.141842,86.361717",36100,387,309
1757713178,2025-09-12T21:39:38Z,CPA293,"45.18045,86.291924",36100,388,308
1757713208,2025-09-12T21:40:08Z,CPA293,"45.21336,86.232208",36100,389,308
1757713248,2025-09-12T21:40:48Z,CPA293,"45.257431,86.152168",36100,388,308
1757713283,2025-09-12T21:41:23Z,CPA293,"45.29636,86.081223",36100,388,308
1757713323,2025-09-12T21:42:03Z,CPA293,"45.339882,86.001778",36100,388,308
1757713358,2025-09-12T21:42:38Z,CPA293,"45.378891,85.93042",36100,390,308
1757713388,2025-09-12T21:43:08Z,CPA293,"45.4118,85.869926",36100,388,308
1757713423,2025-09-12T21:43:43Z,CPA293,"45.449982,85.79969",36100,386,308
1757713458,2025-09-12T21:44:18Z,CPA293,"45.488159,85.729332",36100,385,308
1757713488,2025-09-12T21:44:48Z,CPA293,"45.520748,85.669029",36100,386,308
1757713528,2025-09-12T21:45:28Z,CPA293,"45.56456,85.587723",36100,388,308
1757713558,2025-09-12T21:45:58Z,CPA293,"45.59724,85.527023",36100,389,308
1757713598,2025-09-12T21:46:38Z,CPA293,"45.640789,85.445892",36100,388,308
1757713628,2025-09-12T21:47:08Z,CPA293,"45.67342,85.385071",36100,388,308
1757713668,2025-09-12T21:47:48Z,CPA293,"45.71722,85.303078",36100,389,308
1757713698,2025-09-12T21:48:18Z,CPA293,"45.749859,85.241821",36100,390,308
1757713738,2025-09-12T21:48:58Z,CPA293,"45.793671,85.160118",36100,392,308
1757713778,2025-09-12T21:49:38Z,CPA293,"45.837891,85.077461",36100,391,308
1757713813,2025-09-12T21:50:13Z,CPA293,"45.876068,85.005981",36100,389,308
1757713843,2025-09-12T21:50:43Z,CPA293,"45.908939,84.944077",36100,389,308
1757713883,2025-09-12T21:51:23Z,CPA293,"45.95269,84.861557",36100,391,308
1757713923,2025-09-12T21:52:03Z,CPA293,"45.99614,84.779419",36100,393,308
1757713958,2025-09-12T21:52:38Z,CPA293,"46.035141,84.705482",36100,392,308
1757713998,2025-09-12T21:53:18Z,CPA293,"46.078308,84.623398",36100,391,308
1757714033,2025-09-12T21:53:53Z,CPA293,"46.11618,84.551117",36100,390,307
1757714063,2025-09-12T21:54:23Z,CPA293,"46.149052,84.488373",36100,389,307
1757714103,2025-09-12T21:55:03Z,CPA293,"46.192249,84.405548",36100,388,307
1757714143,2025-09-12T21:55:43Z,CPA293,"46.23494,84.323433",36100,390,307
1757714178,2025-09-12T21:56:18Z,CPA293,"46.273041,84.250061",36100,391,307
1757714207,2025-09-12T21:56:47Z,CPA293,"46.304249,84.189743",36100,390,307
1757714240,2025-09-12T21:57:20Z,CPA293,"46.340149,84.120049",36100,390,307
1757714275,2025-09-12T21:57:55Z,CPA293,"46.377022,84.047813",36100,387,307
1757714310,2025-09-12T21:58:30Z,CPA293,"46.41449,83.974403",36100,386,307
1757714345,2025-09-12T21:59:05Z,CPA293,"46.451389,83.902046",36100,387,307
1757714380,2025-09-12T21:59:40Z,CPA293,"46.488651,83.828629",36100,388,307
1757714420,2025-09-12T22:00:20Z,CPA293,"46.531132,83.744759",36100,389,307
1757714460,2025-09-12T22:01:00Z,CPA293,"46.5737,83.660553",36100,387,307
1757714495,2025-09-12T22:01:35Z,CPA293,"46.610569,83.587349",36100,386,307
1757714530,2025-09-12T22:02:10Z,CPA293,"46.647018,83.514702",36100,384,307
1757714565,2025-09-12T22:02:45Z,CPA293,"46.683472,83.441917",36100,383,307
1757714614,2025-09-12T22:03:34Z,CPA293,"46.731312,83.336517",36100,381,302
1757714649,2025-09-12T22:04:09Z,CPA293,"46.764191,83.2603",36100,382,303
1757714684,2025-09-12T22:04:44Z,CPA293,"46.797451,83.183594",36100,383,303
1757714714,2025-09-12T22:05:14Z,CPA293,"46.825562,83.118271",36100,384,303
1757714754,2025-09-12T22:05:54Z,CPA293,"46.863239,83.03051",36100,384,303
1757714789,2025-09-12T22:06:29Z,CPA293,"46.893219,82.951241",36100,379,292
1757714794,2025-09-12T22:06:34Z,CPA293,"46.895969,82.940247",36100,377,289
1757714799,2025-09-12T22:06:39Z,CPA293,"46.89859,82.9272",36100,377,284
1757714804,2025-09-12T22:06:44Z,CPA293,"46.90041,82.914917",36100,376,281
1757714809,2025-09-12T22:06:49Z,CPA293,"46.901798,82.902687",36100,376,279
1757714814,2025-09-12T22:06:54Z,CPA293,"46.903198,82.888611",36100,376,279
1757714819,2025-09-12T22:06:59Z,CPA293,"46.904499,82.875793",36100,376,279
1757714848,2025-09-12T22:07:28Z,CPA293,"46.913219,82.805054",36100,376,282
1757714883,2025-09-12T22:08:03Z,CPA293,"46.924938,82.717781",36100,376,281
1757714922,2025-09-12T22:08:42Z,CPA293,"46.937092,82.620003",36100,376,281
1757714962,2025-09-12T22:09:22Z,CPA293,"46.949139,82.520493",36100,377,281
1757714997,2025-09-12T22:09:57Z,CPA293,"46.959991,82.430908",36100,377,281
1757715025,2025-09-12T22:10:25Z,CPA293,"46.96841,82.360771",36100,378,280
1757715062,2025-09-12T22:11:02Z,CPA293,"46.97942,82.268921",36100,378,280
1757715097,2025-09-12T22:11:37Z,CPA293,"46.989941,82.180481",36100,379,280
1757715132,2025-09-12T22:12:12Z,CPA293,"47.000431,82.09156",36050,379,280
1757715166,2025-09-12T22:12:46Z,CPA293,"47.01054,82.004913",36000,378,280
1757715202,2025-09-12T22:13:22Z,CPA293,"47.02116,81.913712",36000,380,280
1757715242,2025-09-12T22:14:02Z,CPA293,"47.03289,81.812233",36000,381,280
1757715279,2025-09-12T22:14:39Z,CPA293,"47.042721,81.726334",36000,381,280
1757715315,2025-09-12T22:15:15Z,CPA293,"47.053249,81.633568",36000,382,280
1757715354,2025-09-12T22:15:54Z,CPA293,"47.064129,81.537216",36000,381,280
1757715394,2025-09-12T22:16:34Z,CPA293,"47.076099,81.430656",36000,379,280
1757715429,2025-09-12T22:17:09Z,CPA293,"47.086418,81.337143",36000,380,280
1757715458,2025-09-12T22:17:38Z,CPA293,"47.094479,81.26432",36000,381,280
1757715498,2025-09-12T22:18:18Z,CPA293,"47.10556,81.16291",36000,382,280
1757715528,2025-09-12T22:18:48Z,CPA293,"47.113949,81.086037",36000,381,280
1757715568,2025-09-12T22:19:28Z,CPA293,"47.125031,80.982773",36000,382,280
1757715608,2025-09-12T22:20:08Z,CPA293,"47.138809,80.853745",36000,384,278
1757715638,2025-09-12T22:20:38Z,CPA293,"47.146957,80.776909",36000,386,278
1757715670,2025-09-12T22:21:10Z,CPA293,"47.155838,80.692108",36000,387,278
1757715703,2025-09-12T22:21:43Z,CPA293,"47.16468,80.607323",36000,386,278
1757715733,2025-09-12T22:22:13Z,CPA293,"47.172966,80.527252",36000,386,278
1757715765,2025-09-12T22:22:45Z,CPA293,"47.181019,80.448654",36000,387,278
1757715796,2025-09-12T22:23:16Z,CPA293,"47.189678,80.364212",36000,387,278
1757715828,2025-09-12T22:23:48Z,CPA293,"47.198055,80.281464",36000,388,278
1757715861,2025-09-12T22:24:21Z,CPA293,"47.206421,80.197998",36000,389,278
1757715888,2025-09-12T22:24:48Z,CPA293,"47.213467,80.127937",36000,390,278
1757715959,2025-09-12T22:25:59Z,CPA293,"47.2286,79.974617",36000,390,278
1757715993,2025-09-12T22:26:33Z,CPA293,"47.237782,79.880493",36000,390,279
1757716034,2025-09-12T22:27:14Z,CPA293,"47.247669,79.777771",36000,391,279
1757716128,2025-09-12T22:28:48Z,CPA293,"47.271751,79.525101",36000,400,278
1757716164,2025-09-12T22:29:24Z,CPA293,"47.284058,79.394005",36000,402,277
1757716195,2025-09-12T22:29:55Z,CPA293,"47.291813,79.309952",36000,403,277
1757716226,2025-09-12T22:30:26Z,CPA293,"47.299393,79.226532",36000,407,277
1757716259,2025-09-12T22:30:59Z,CPA293,"47.307678,79.135826",36000,410,277
1757716289,2025-09-12T22:31:29Z,CPA293,"47.315369,79.05043",36000,412,277
1757716332,2025-09-12T22:32:12Z,CPA293,"47.32251,78.970894",36000,20,277
1757716375,2025-09-12T22:32:55Z,CPA293,"47.336288,78.815025",36000,414,277
1757716997,2025-09-12T22:43:17Z,CPA293,"47.477371,77.043892",36000,424,276
1757717028,2025-09-12T22:43:48Z,CPA293,"47.483826,76.953049",36025,424,275
1757717060,2025-09-12T22:44:20Z,CPA293,"47.49036,76.861969",37000,407,275
1757717091,2025-09-12T22:44:51Z,CPA293,"47.496086,76.780136",37925,388,275
1757717123,2025-09-12T22:45:23Z,CPA293,"47.501904,76.694923",38000,389,275
1757717155,2025-09-12T22:45:55Z,CPA293,"47.507538,76.611168",38000,391,275
1757717187,2025-09-12T22:46:27Z,CPA293,"47.513355,76.525337",38000,392,275
1757717217,2025-09-12T22:46:57Z,CPA293,"47.518753,76.444656",38000,392,275
1757717249,2025-09-12T22:47:29Z,CPA293,"47.524342,76.360123",38000,394,275
1757717281,2025-09-12T22:48:01Z,CPA293,"47.530014,76.27272",38000,391,275
1757717313,2025-09-12T22:48:33Z,CPA293,"47.535416,76.189087",38000,392,275
1757717345,2025-09-12T22:49:05Z,CPA293,"47.540817,76.104149",38000,393,275
1757717386,2025-09-12T22:49:46Z,CPA293,"47.547821,75.992638",38000,394,275
1757717419,2025-09-12T22:50:19Z,CPA293,"47.553131,75.906876",38000,397,275
1757717449,2025-09-12T22:50:49Z,CPA293,"47.558167,75.824684",38000,398,275
1757717482,2025-09-12T22:51:22Z,CPA293,"47.563248,75.74057",38000,399,275
1757717515,2025-09-12T22:51:55Z,CPA293,"47.568985,75.644394",38000,400,275
1757717551,2025-09-12T22:52:31Z,CPA293,"47.574013,75.559387",38000,403,275
1757717582,2025-09-12T22:53:02Z,CPA293,"47.579681,75.461998",38000,404,274
1757717612,2025-09-12T22:53:32Z,CPA293,"47.584488,75.378433",38000,405,274
1757717643,2025-09-12T22:54:03Z,CPA293,"47.589329,75.293037",38000,405,274
1757717675,2025-09-12T22:54:35Z,CPA293,"47.59433,75.203339",38000,405,274
1757717707,2025-09-12T22:55:07Z,CPA293,"47.599091,75.117027",38000,406,274
1757717737,2025-09-12T22:55:37Z,CPA293,"47.603668,75.031746",38000,408,274
1757717769,2025-09-12T22:56:09Z,CPA293,"47.608322,74.945068",38000,411,274
1757717799,2025-09-12T22:56:39Z,CPA293,"47.612885,74.859077",38000,411,274
1757717830,2025-09-12T22:57:10Z,CPA293,"47.617401,74.772263",38000,410,274
1757717863,2025-09-12T22:57:43Z,CPA293,"47.622025,74.681763",38000,410,274
1757717894,2025-09-12T22:58:14Z,CPA293,"47.626431,74.594917",38000,409,274
1757717925,2025-09-12T22:58:45Z,CPA293,"47.63063,74.509483",38000,412,274
1757717957,2025-09-12T22:59:17Z,CPA293,"47.635162,74.416786",38000,413,274
1757717989,2025-09-12T22:59:49Z,CPA293,"47.639557,74.326103",38000,414,274
1757718020,2025-09-12T23:00:20Z,CPA293,"47.643631,74.239975",38000,414,274
1757718051,2025-09-12T23:00:51Z,CPA293,"47.647659,74.153",38000,412,273
1757718082,2025-09-12T23:01:22Z,CPA293,"47.651688,74.064812",38000,412,273
1757718114,2025-09-12T23:01:54Z,CPA293,"47.655716,73.975548",38000,411,273
1757718145,2025-09-12T23:02:25Z,CPA293,"47.659515,73.889854",38000,412,273
1757718178,2025-09-12T23:02:58Z,CPA293,"47.663532,73.796432",38000,412,273
1757718211,2025-09-12T23:03:31Z,CPA293,"47.66748,73.703705",38000,413,273
1757718241,2025-09-12T23:04:01Z,CPA293,"47.67112,73.616852",38000,414,273
1757718273,2025-09-12T23:04:33Z,CPA293,"47.67485,73.526344",38000,415,273
1757718304,2025-09-12T23:05:04Z,CPA293,"47.678429,73.437897",38000,414,273
1757718337,2025-09-12T23:05:37Z,CPA293,"47.682037,73.346649",38000,416,273
1757718369,2025-09-12T23:06:09Z,CPA293,"47.685471,73.256149",38000,416,273
1757718399,2025-09-12T23:06:39Z,CPA293,"47.688812,73.16922",38000,415,273
1757718430,2025-09-12T23:07:10Z,CPA293,"47.69207,73.08197",38000,415,273
1757718462,2025-09-12T23:07:42Z,CPA293,"47.695328,72.990913",38000,417,273
1757718495,2025-09-12T23:08:15Z,CPA293,"47.698727,72.895836",38000,418,273
1757718526,2025-09-12T23:08:46Z,CPA293,"47.701767,72.807701",38000,418,272
1757718559,2025-09-12T23:09:19Z,CPA293,"47.704971,72.713425",38000,418,272
1757718590,2025-09-12T23:09:50Z,CPA293,"47.707947,72.624092",38000,419,272
1757718621,2025-09-12T23:10:21Z,CPA293,"47.710831,72.535469",38000,420,272
1757718652,2025-09-12T23:10:52Z,CPA293,"47.713623,72.446251",38000,420,272
1757718684,2025-09-12T23:11:24Z,CPA293,"47.716507,72.352936",38000,422,272
1757718717,2025-09-12T23:11:57Z,CPA293,"47.719303,72.259758",38000,422,272
1757718748,2025-09-12T23:12:28Z,CPA293,"47.721863,72.170082",38000,422,272
1757718781,2025-09-12T23:13:01Z,CPA293,"47.724564,72.076088",38025,422,272
1757718813,2025-09-12T23:13:33Z,CPA293,"47.727169,71.982285",38025,420,272
1757718844,2025-09-12T23:14:04Z,CPA293,"47.729546,71.892914",38025,419,272
1757718877,2025-09-12T23:14:37Z,CPA293,"47.731979,71.799088",38025,420,272
1757718917,2025-09-12T23:15:17Z,CPA293,"47.7369,71.683678",38000,422,274
1757718947,2025-09-12T23:15:47Z,CPA293,"47.740948,71.596069",38000,422,273
1757718980,2025-09-12T23:16:20Z,CPA293,"47.744766,71.50219",38000,422,273
1757719019,2025-09-12T23:16:59Z,CPA293,"47.749237,71.389503",38000,422,273
1757719180,2025-09-12T23:19:40Z,CPA293,"47.766552,70.92337",38000,422,272
1757719215,2025-09-12T23:20:15Z,CPA293,"47.770046,70.821671",38000,423,272
1757719247,2025-09-12T23:20:47Z,CPA293,"47.773163,70.72963",38000,422,272
1757719278,2025-09-12T23:21:18Z,CPA293,"47.776108,70.639069",38000,422,272
1757719310,2025-09-12T23:21:50Z,CPA293,"47.779037,70.547951",38000,422,272
1757719341,2025-09-12T23:22:21Z,CPA293,"47.781784,70.458961",38000,423,272
1757719373,2025-09-12T23:22:53Z,CPA293,"47.784756,70.362854",38000,424,272
1757719404,2025-09-12T23:23:24Z,CPA293,"47.787369,70.274529",38000,424,272
1757719424,2025-09-12T23:23:44Z,CPA293,"47.788925,70.220764",38000,424,272
1757720247,2025-09-12T23:37:27Z,CPA293,"47.72908,67.837898",38000,432,261
1757720253,2025-09-12T23:37:33Z,CPA293,"47.727497,67.82177",38000,431,261
1757720288,2025-09-12T23:38:08Z,CPA293,"47.715813,67.720146",38000,430,257
1757720329,2025-09-12T23:38:49Z,CPA293,"47.697922,67.603409",38000,430,257
1757720367,2025-09-12T23:39:27Z,CPA293,"47.680893,67.488602",38000,432,257
1757720440,2025-09-12T23:40:40Z,CPA293,"47.64917,67.278351",38000,434,257
1757720520,2025-09-12T23:42:00Z,CPA293,"47.614014,67.049149",38000,431,257
1757720557,2025-09-12T23:42:37Z,CPA293,"47.597103,66.939835",38000,432,257
1757720616,2025-09-12T23:43:36Z,CPA293,"47.570709,66.77092",38000,431,257
1757720941,2025-09-12T23:49:01Z,CPA293,"47.415829,65.844093",38000,430,255
1757720975,2025-09-12T23:49:35Z,CPA293,"47.399689,65.748093",38000,429,256
1757721015,2025-09-12T23:50:15Z,CPA293,"47.38092,65.632874",38000,431,256
1757721053,2025-09-12T23:50:53Z,CPA293,"47.363342,65.527473",38000,432,256
1757721063,2025-09-12T23:51:03Z,CPA293,"47.359734,65.505981",38000,432,256
1757722642,2025-09-13T00:17:22Z,CPA293,"46.416733,60.985779",38000,459,250
1757722672,2025-09-13T00:17:52Z,CPA293,"46.394485,60.893467",38000,460,250
1757722704,2025-09-13T00:18:24Z,CPA293,"46.371826,60.799812",38000,462,250
1757722736,2025-09-13T00:18:56Z,CPA293,"46.348938,60.705761",38000,462,250
1757722769,2025-09-13T00:19:29Z,CPA293,"46.32539,60.609238",38000,463,250
1757722799,2025-09-13T00:19:59Z,CPA293,"46.303848,60.521404",38000,463,250
1757722830,2025-09-13T00:20:30Z,CPA293,"46.282001,60.432495",38000,462,250
1757722861,2025-09-13T00:21:01Z,CPA293,"46.259033,60.339458",38000,464,250
1757722892,2025-09-13T00:21:32Z,CPA293,"46.23674,60.249557",38000,464,250
1757722924,2025-09-13T00:22:04Z,CPA293,"46.213898,60.157917",38000,462,250
1757722957,2025-09-13T00:22:37Z,CPA293,"46.190247,60.063286",38000,461,250
1757722987,2025-09-13T00:23:07Z,CPA293,"46.168442,59.976509",38000,460,250
1757723018,2025-09-13T00:23:38Z,CPA293,"46.14537,59.885136",38000,460,250
1757723049,2025-09-13T00:24:09Z,CPA293,"46.123211,59.797485",38000,461,249
1757723080,2025-09-13T00:24:40Z,CPA293,"46.100464,59.708015",38000,463,249
1757723112,2025-09-13T00:25:12Z,CPA293,"46.077209,59.616909",38000,463,249
1757723144,2025-09-13T00:25:44Z,CPA293,"46.053131,59.522785",38000,462,249
1757723177,2025-09-13T00:26:17Z,CPA293,"46.02887,59.428398",38000,462,249
1757723209,2025-09-13T00:26:49Z,CPA293,"46.004837,59.335484",38000,463,249
1757723240,2025-09-13T00:27:20Z,CPA293,"45.981461,59.245216",38000,465,249
1757723273,2025-09-13T00:27:53Z,CPA293,"45.95668,59.150055",38000,467,249
1757723305,2025-09-13T00:28:25Z,CPA293,"45.933197,59.060154",38000,468,249
1757723336,2025-09-13T00:28:56Z,CPA293,"45.909351,58.969185",38000,468,249
1757723368,2025-09-13T00:29:28Z,CPA293,"45.884865,58.876144",38000,468,249
1757723399,2025-09-13T00:29:59Z,CPA293,"45.860962,58.785831",38000,466,249
1757723431,2025-09-13T00:30:31Z,CPA293,"45.836151,58.692112",38000,463,249
1757723464,2025-09-13T00:31:04Z,CPA293,"45.811615,58.600071",38000,462,249
1757723495,2025-09-13T00:31:35Z,CPA293,"45.787849,58.511261",38000,461,249
1757723528,2025-09-13T00:32:08Z,CPA293,"45.762993,58.418633",38000,459,249
1757723559,2025-09-13T00:32:39Z,CPA293,"45.739563,58.331707",38000,458,249
1757723590,2025-09-13T00:33:10Z,CPA293,"45.715134,58.241615",38000,460,248
1757723622,2025-09-13T00:33:42Z,CPA293,"45.69017,58.149494",38000,463,248
1757723653,2025-09-13T00:34:13Z,CPA293,"45.666824,58.063816",38000,464,248
1757723686,2025-09-13T00:34:46Z,CPA293,"45.640915,57.969292",38000,465,248
1757723717,2025-09-13T00:35:17Z,CPA293,"45.616726,57.881195",38000,463,248
1757723749,2025-09-13T00:35:49Z,CPA293,"45.591354,57.789185",38000,462,248
1757723780,2025-09-13T00:36:20Z,CPA293,"45.567215,57.70187",38000,461,248
1757723813,2025-09-13T00:36:53Z,CPA293,"45.541809,57.610344",38000,459,248
1757723846,2025-09-13T00:37:26Z,CPA293,"45.515938,57.517582",38000,455,248
1757723878,2025-09-13T00:37:58Z,CPA293,"45.490723,57.427368",38000,452,248
1757723910,2025-09-13T00:38:30Z,CPA293,"45.466499,57.341129",38000,446,248
1757723942,2025-09-13T00:39:02Z,CPA293,"45.441513,57.252632",38000,445,248
1757723973,2025-09-13T00:39:33Z,CPA293,"45.417801,57.168667",38000,445,248
1757724004,2025-09-13T00:40:04Z,CPA293,"45.393833,57.084358",38000,445,247
1757724036,2025-09-13T00:40:36Z,CPA293,"45.369999,57.000687",38000,444,247
1757724067,2025-09-13T00:41:07Z,CPA293,"45.345837,56.91608",38000,444,247
1757724100,2025-09-13T00:41:40Z,CPA293,"45.320419,56.827518",38000,444,247
1757724130,2025-09-13T00:42:10Z,CPA293,"45.296864,56.745525",38000,447,247
1757724163,2025-09-13T00:42:43Z,CPA293,"45.271088,56.656429",38000,448,247
1757724193,2025-09-13T00:43:13Z,CPA293,"45.247379,56.574631",38000,449,247
1757724226,2025-09-13T00:43:46Z,CPA293,"45.221375,56.485096",38000,450,247
1757724257,2025-09-13T00:44:17Z,CPA293,"45.19606,56.398251",38000,450,247
1757724289,2025-09-13T00:44:49Z,CPA293,"45.17173,56.315247",38000,448,247
1757724319,2025-09-13T00:45:19Z,CPA293,"45.147385,56.232449",38000,446,247
1757724350,2025-09-13T00:45:50Z,CPA293,"45.122711,56.148712",38000,444,247
1757724383,2025-09-13T00:46:23Z,CPA293,"45.097275,56.062775",38000,443,247
1757724415,2025-09-13T00:46:55Z,CPA293,"45.07169,55.976547",38000,444,247
1757724445,2025-09-13T00:47:25Z,CPA293,"45.047436,55.895088",38000,444,247
1757724478,2025-09-13T00:47:58Z,CPA293,"45.021515,55.808521",38000,443,247
1757724508,2025-09-13T00:48:28Z,CPA293,"44.997112,55.727077",38000,443,247
1757724539,2025-09-13T00:48:59Z,CPA293,"44.97258,55.645416",38000,441,247
1757724571,2025-09-13T00:49:31Z,CPA293,"44.946808,55.56002",38000,441,246
1757724602,2025-09-13T00:50:02Z,CPA293,"44.922043,55.47834",38000,440,246
1757724634,2025-09-13T00:50:34Z,CPA293,"44.896683,55.394768",38000,441,246
1757724666,2025-09-13T00:51:06Z,CPA293,"44.87059,55.309101",38000,440,246
1757724698,2025-09-13T00:51:38Z,CPA293,"44.845413,55.226898",38000,438,246
1757724730,2025-09-13T00:52:10Z,CPA293,"44.819366,55.142147",38000,436,246
1757724761,2025-09-13T00:52:41Z,CPA293,"44.794796,55.062069",38000,434,246
1757724794,2025-09-13T00:53:14Z,CPA293,"44.768543,54.977058",38000,434,246
1757724824,2025-09-13T00:53:44Z,CPA293,"44.744289,54.898682",38000,433,246
1757724857,2025-09-13T00:54:17Z,CPA293,"44.718201,54.814781",38000,433,246
1757724887,2025-09-13T00:54:47Z,CPA293,"44.694012,54.737103",38000,433,246
1757724920,2025-09-13T00:55:20Z,CPA293,"44.666965,54.654305",38000,436,242
1757724950,2025-09-13T00:55:50Z,CPA293,"44.634521,54.579357",38000,443,235
1757724982,2025-09-13T00:56:22Z,CPA293,"44.596802,54.50507",38000,443,235
1757725014,2025-09-13T00:56:54Z,CPA293,"44.560547,54.431763",38000,444,235
1757725046,2025-09-13T00:57:26Z,CPA293,"44.52269,54.355511",38000,444,234
1757725078,2025-09-13T00:57:58Z,CPA293,"44.484062,54.278557",38000,442,234
1757725110,2025-09-13T00:58:30Z,CPA293,"44.446682,54.204197",38025,442,234
1757725140,2025-09-13T00:59:00Z,CPA293,"44.411362,54.134216",38500,436,234
1757725173,2025-09-13T00:59:33Z,CPA293,"44.37392,54.060036",39100,429,234
1757725203,2025-09-13T01:00:03Z,CPA293,"44.339329,53.991707",39300,429,234
1757725234,2025-09-13T01:00:34Z,CPA293,"44.303391,53.920898",39400,432,234
1757725265,2025-09-13T01:01:05Z,CPA293,"44.268082,53.851383",39525,433,234
1757725297,2025-09-13T01:01:37Z,CPA293,"44.230633,53.778076",39850,431,234
1757725329,2025-09-13T01:02:09Z,CPA293,"44.19418,53.706795",40000,432,234
1757725360,2025-09-13T01:02:40Z,CPA293,"44.157394,53.634998",40000,433,234
1757725392,2025-09-13T01:03:12Z,CPA293,"44.120361,53.563011",40000,433,234
1757725424,2025-09-13T01:03:44Z,CPA293,"44.082687,53.489815",40000,434,234
1757725456,2025-09-13T01:04:16Z,CPA293,"44.046204,53.419167",40000,432,234
1757725488,2025-09-13T01:04:48Z,CPA293,"44.00811,53.345554",40000,431,234
1757725520,2025-09-13T01:05:20Z,CPA293,"43.971359,53.274815",40000,428,234
1757725552,2025-09-13T01:05:52Z,CPA293,"43.933685,53.202442",40000,426,234
1757725583,2025-09-13T01:06:23Z,CPA293,"43.898254,53.134483",40000,426,234
1757725615,2025-09-13T01:06:55Z,CPA293,"43.86161,53.064293",40000,426,234
1757725648,2025-09-13T01:07:28Z,CPA293,"43.824142,52.992935",40000,427,234
1757725678,2025-09-13T01:07:58Z,CPA293,"43.78899,52.925983",40000,428,234
1757725710,2025-09-13T01:08:30Z,CPA293,"43.751358,52.854523",40000,430,234
1757725741,2025-09-13T01:09:01Z,CPA293,"43.714462,52.784706",40000,429,233
1757725772,2025-09-13T01:09:32Z,CPA293,"43.678848,52.717438",40000,428,233
1757725805,2025-09-13T01:10:05Z,CPA293,"43.641605,52.647137",40000,425,233
1757725836,2025-09-13T01:10:36Z,CPA293,"43.603821,52.576477",40000,422,233
1757725868,2025-09-13T01:11:08Z,CPA293,"43.567474,52.508774",40000,421,233
1757725900,2025-09-13T01:11:40Z,CPA293,"43.530853,52.440365",40000,422,233
1757725932,2025-09-13T01:12:12Z,CPA293,"43.49469,52.373039",40000,424,233
1757725962,2025-09-13T01:12:42Z,CPA293,"43.458023,52.304886",40000,426,233
1757725994,2025-09-13T01:13:14Z,CPA293,"43.420807,52.236156",40000,424,233
1757726025,2025-09-13T01:13:45Z,CPA293,"43.384777,52.169495",40000,424,233
1757726057,2025-09-13T01:14:17Z,CPA293,"43.34679,52.099522",40000,425,233
1757726088,2025-09-13T01:14:48Z,CPA293,"43.311176,52.033932",40000,425,233
1757726120,2025-09-13T01:15:20Z,CPA293,"43.272678,51.963371",40000,423,233
1757726152,2025-09-13T01:15:52Z,CPA293,"43.235001,51.894497",40000,422,233
1757726185,2025-09-13T01:16:25Z,CPA293,"43.197281,51.825638",40000,422,233
1757726215,2025-09-13T01:16:55Z,CPA293,"43.16185,51.760998",40000,422,233
1757726247,2025-09-13T01:17:27Z,CPA293,"43.124317,51.692833",40000,424,233
1757726279,2025-09-13T01:17:59Z,CPA293,"43.086823,51.624756",40000,424,233
1757726312,2025-09-13T01:18:32Z,CPA293,"43.048157,51.554848",40000,423,232
1757726342,2025-09-13T01:19:02Z,CPA293,"43.012939,51.491516",40000,420,232
1757726373,2025-09-13T01:19:33Z,CPA293,"42.975445,51.423798",40000,418,233
1757726405,2025-09-13T01:20:05Z,CPA293,"42.938782,51.357761",40000,416,232
1757726436,2025-09-13T01:20:36Z,CPA293,"42.902939,51.293507",40000,416,232
1757726468,2025-09-13T01:21:08Z,CPA293,"42.865719,51.226959",40000,416,232
1757726499,2025-09-13T01:21:39Z,CPA293,"42.829922,51.163136",40000,416,232
1757726532,2025-09-13T01:22:12Z,CPA293,"42.791889,51.095367",40000,413,232
1757726562,2025-09-13T01:22:42Z,CPA293,"42.756321,51.032131",40000,411,232
1757726595,2025-09-13T01:23:15Z,CPA293,"42.718147,50.964489",40000,410,232
1757726627,2025-09-13T01:23:47Z,CPA293,"42.681335,50.899284",40000,410,232
1757726659,2025-09-13T01:24:19Z,CPA293,"42.644875,50.834827",40000,412,232
1757726691,2025-09-13T01:24:51Z,CPA293,"42.60704,50.768196",40000,410,232
1757726724,2025-09-13T01:25:24Z,CPA293,"42.569553,50.702286",40000,408,232
1757726755,2025-09-13T01:25:55Z,CPA293,"42.534176,50.640266",40000,406,232
1757726785,2025-09-13T01:26:25Z,CPA293,"42.499119,50.578945",40000,404,232
1757726816,2025-09-13T01:26:56Z,CPA293,"42.463509,50.516735",40000,403,232
1757726848,2025-09-13T01:27:28Z,CPA293,"42.42701,50.453114",40000,402,232
1757726881,2025-09-13T01:28:01Z,CPA293,"42.391258,50.386112",40000,398,235
1757726912,2025-09-13T01:28:32Z,CPA293,"42.358952,50.324089",40000,397,235
1757726945,2025-09-13T01:29:05Z,CPA293,"42.3246,50.258892",40000,398,234
1757726977,2025-09-13T01:29:37Z,CPA293,"42.290131,50.19416",40000,400,234
1757727009,2025-09-13T01:30:09Z,CPA293,"42.255093,50.12838",40000,404,234
1757727039,2025-09-13T01:30:39Z,CPA293,"42.222416,50.067062",40000,406,234
1757727070,2025-09-13T01:31:10Z,CPA293,"42.188553,50.003773",40000,406,234
1757727102,2025-09-13T01:31:42Z,CPA293,"42.153782,49.939003",40000,406,234
1757727132,2025-09-13T01:32:12Z,CPA293,"42.120499,49.876789",40000,406,234
1757727164,2025-09-13T01:32:44Z,CPA293,"42.085125,49.810757",40000,404,234
1757727195,2025-09-13T01:33:15Z,CPA293,"42.050068,49.751839",40000,404,234
1757727227,2025-09-13T01:33:47Z,CPA293,"42.015553,49.682304",40000,404,233
1757727259,2025-09-13T01:34:19Z,CPA293,"41.98103,49.618149",40000,405,233
1757727290,2025-09-13T01:34:50Z,CPA293,"41.947079,49.555534",40000,405,233
1757727322,2025-09-13T01:35:22Z,CPA293,"41.911747,49.490562",40000,405,233
1757727354,2025-09-13T01:35:54Z,CPA293,"41.87587,49.424774",40000,405,233
1757727386,2025-09-13T01:36:26Z,CPA293,"41.841125,49.361134",40000,404,233
1757727417,2025-09-13T01:36:57Z,CPA293,"41.806255,49.297455",40000,402,233
1757727450,2025-09-13T01:37:30Z,CPA293,"41.77256,49.231552",40000,402,237
1757727481,2025-09-13T01:38:01Z,CPA293,"41.740643,49.165226",40000,403,236
1757727513,2025-09-13T01:38:33Z,CPA293,"41.707779,49.098701",40000,404,236
1757727545,2025-09-13T01:39:05Z,CPA293,"41.674675,49.032627",40000,405,236
1757727577,2025-09-13T01:39:37Z,CPA293,"41.641777,48.967068",40000,408,236
1757727609,2025-09-13T01:40:09Z,CPA293,"41.608509,48.900311",40000,408,236
1757727640,2025-09-13T01:40:40Z,CPA293,"41.575275,48.833591",40000,407,236
1757727672,2025-09-13T01:41:12Z,CPA293,"41.542084,48.767273",40000,404,236
1757727704,2025-09-13T01:41:44Z,CPA293,"41.509491,48.703136",40000,404,234
1757727736,2025-09-13T01:42:16Z,CPA293,"41.473667,48.63961",40000,404,232
1757727768,2025-09-13T01:42:48Z,CPA293,"41.43721,48.575928",40000,403,233
1757727800,2025-09-13T01:43:20Z,CPA293,"41.401924,48.512543",40000,403,234
1757727831,2025-09-13T01:43:51Z,CPA293,"41.367878,48.449425",40025,406,234
1757727863,2025-09-13T01:44:23Z,CPA293,"41.333199,48.385315",40000,408,234
1757727895,2025-09-13T01:44:55Z,CPA293,"41.298103,48.321159",40000,408,233
1757727927,2025-09-13T01:45:27Z,CPA293,"41.262192,48.255909",40000,407,233
1757727957,2025-09-13T01:45:57Z,CPA293,"41.2285,48.19474",40000,406,234
1757727989,2025-09-13T01:46:29Z,CPA293,"41.196365,48.127731",40000,403,242
1757728021,2025-09-13T01:47:01Z,CPA293,"41.171879,48.056026",40000,402,249
1757728052,2025-09-13T01:47:32Z,CPA293,"41.154476,47.982216",40000,404,256
1757728084,2025-09-13T01:48:04Z,CPA293,"41.143978,47.905334",40000,405,263
1757728114,2025-09-13T01:48:34Z,CPA293,"41.140915,47.831394",40000,407,270
1757728145,2025-09-13T01:49:05Z,CPA293,"41.145126,47.752533",40000,408,278
1757728177,2025-09-13T01:49:37Z,CPA293,"41.156288,47.675865",40000,408,282
1757728208,2025-09-13T01:50:08Z,CPA293,"41.1679,47.599365",40000,406,280
1757728241,2025-09-13T01:50:41Z,CPA293,"41.179562,47.52103",40000,405,281
1757728272,2025-09-13T01:51:12Z,CPA293,"41.191586,47.442257",40000,405,281
1757728304,2025-09-13T01:51:44Z,CPA293,"41.20314,47.366398",40000,405,281
1757728335,2025-09-13T01:52:15Z,CPA293,"41.214634,47.290966",40000,406,281
1757728366,2025-09-13T01:52:46Z,CPA293,"41.22628,47.214241",40000,405,281
1757728398,2025-09-13T01:53:18Z,CPA293,"41.237835,47.137611",40000,405,281
1757728430,2025-09-13T01:53:50Z,CPA293,"41.249653,47.059368",40000,406,281
1757728462,2025-09-13T01:54:22Z,CPA293,"41.26123,46.981739",40000,406,281
1757728493,2025-09-13T01:54:53Z,CPA293,"41.272888,46.904949",40000,404,281
1757728525,2025-09-13T01:55:25Z,CPA293,"41.284321,46.828449",40000,404,281
1757728556,2025-09-13T01:55:56Z,CPA293,"41.295559,46.752441",40000,404,281
1757728588,2025-09-13T01:56:28Z,CPA293,"41.306858,46.675121",40000,402,280
1757728619,2025-09-13T01:56:59Z,CPA293,"41.317528,46.598091",40000,402,280
1757728651,2025-09-13T01:57:31Z,CPA293,"41.328053,46.522617",40000,400,280
1757728682,2025-09-13T01:58:02Z,CPA293,"41.33889,46.446636",40000,402,280
1757728713,2025-09-13T01:58:33Z,CPA293,"41.349388,46.370911",40000,400,280
1757728745,2025-09-13T01:59:05Z,CPA293,"41.35976,46.295265",40000,402,280
1757728776,2025-09-13T01:59:36Z,CPA293,"41.37022,46.21822",40000,402,280
1757728808,2025-09-13T02:00:08Z,CPA293,"41.381092,46.142204",40000,404,280
1757728839,2025-09-13T02:00:39Z,CPA293,"41.391449,46.064922",40000,404,280
1757728870,2025-09-13T02:01:10Z,CPA293,"41.402145,45.98954",40000,404,280
1757728902,2025-09-13T02:01:42Z,CPA293,"41.412811,45.912468",40000,402,280
1757728934,2025-09-13T02:02:14Z,CPA293,"41.423447,45.835777",40000,402,280
1757728965,2025-09-13T02:02:45Z,CPA293,"41.433472,45.759323",40000,402,280
1757728996,2025-09-13T02:03:16Z,CPA293,"41.444012,45.682873",40000,402,280
1757729028,2025-09-13T02:03:48Z,CPA293,"41.454067,45.605953",40000,402,280
1757729060,2025-09-13T02:04:20Z,CPA293,"41.46339,45.527695",40000,402,279
1757729091,2025-09-13T02:04:51Z,CPA293,"41.472874,45.451862",40000,401,279
1757729123,2025-09-13T02:05:23Z,CPA293,"41.483776,45.374943",40000,403,279
1757729154,2025-09-13T02:05:54Z,CPA293,"41.490459,45.298992",40000,402,275
1757729185,2025-09-13T02:06:25Z,CPA293,"41.496418,45.22208",40000,402,276
1757729217,2025-09-13T02:06:57Z,CPA293,"41.502647,45.14426",40000,403,276
1757729248,2025-09-13T02:07:28Z,CPA293,"41.507782,45.064854",40000,406,275
1757729279,2025-09-13T02:07:59Z,CPA293,"41.51474,44.989223",40000,406,275
1757729310,2025-09-13T02:08:30Z,CPA293,"41.520901,44.910664",40000,404,275
1757729342,2025-09-13T02:09:02Z,CPA293,"41.526875,44.833008",40000,404,275
1757729374,2025-09-13T02:09:34Z,CPA293,"41.533108,44.754898",40000,406,275
1757729405,2025-09-13T02:10:05Z,CPA293,"41.53899,44.677261",40000,406,275
1757729436,2025-09-13T02:10:36Z,CPA293,"41.544395,44.599342",40000,408,275
1757729467,2025-09-13T02:11:07Z,CPA293,"41.550674,44.520199",40000,411,275
1757729499,2025-09-13T02:11:39Z,CPA293,"41.55685,44.442112",40000,413,275
1757729530,2025-09-13T02:12:10Z,CPA293,"41.562222,44.363201",40000,413,275
1757729562,2025-09-13T02:12:42Z,CPA293,"41.568535,44.282284",40000,414,275
1757729594,2025-09-13T02:13:14Z,CPA293,"41.574505,44.201328",40000,414,275
1757729625,2025-09-13T02:13:45Z,CPA293,"41.580406,44.120781",40000,415,275
1757729657,2025-09-13T02:14:17Z,CPA293,"41.586723,44.041115",40000,417,275
1757729688,2025-09-13T02:14:48Z,CPA293,"41.592976,43.961563",40000,420,275
1757729719,2025-09-13T02:15:19Z,CPA293,"41.599251,43.880123",40000,421,275
1757729751,2025-09-13T02:15:51Z,CPA293,"41.605534,43.79948",40000,420,275
1757729782,2025-09-13T02:16:22Z,CPA293,"41.611565,43.718452",40000,418,275
1757729814,2025-09-13T02:16:54Z,CPA293,"41.61792,43.635899",40000,419,275
1757729845,2025-09-13T02:17:25Z,CPA293,"41.623688,43.555611",40000,420,275
1757729877,2025-09-13T02:17:57Z,CPA293,"41.629814,43.475479",40000,421,275
1757729909,2025-09-13T02:18:29Z,CPA293,"41.635513,43.39267",40000,424,275
1757729940,2025-09-13T02:19:00Z,CPA293,"41.641109,43.310959",40000,424,275
1757729972,2025-09-13T02:19:32Z,CPA293,"41.646885,43.228607",40000,423,275
1757730002,2025-09-13T02:20:02Z,CPA293,"41.652359,43.1497",40000,424,275
1757730034,2025-09-13T02:20:34Z,CPA293,"41.658176,43.066315",40000,425,275
1757730066,2025-09-13T02:21:06Z,CPA293,"41.663963,42.981251",40000,423,275
1757730098,2025-09-13T02:21:38Z,CPA293,"41.669353,42.89999",40000,422,273
1757730130,2025-09-13T02:22:10Z,CPA293,"41.668751,42.816906",40000,424,265
1757730160,2025-09-13T02:22:40Z,CPA293,"41.661983,42.738747",40000,426,263
1757730191,2025-09-13T02:23:11Z,CPA293,"41.655273,42.656029",40000,428,263
1757730223,2025-09-13T02:23:43Z,CPA293,"41.64875,42.572151",40000,428,263
1757730255,2025-09-13T02:24:15Z,CPA293,"41.641422,42.488453",40000,426,263
1757730288,2025-09-13T02:24:48Z,CPA293,"41.634392,42.404205",40000,426,263
1757730319,2025-09-13T02:25:19Z,CPA293,"41.627197,42.321014",40000,425,263
1757730352,2025-09-13T02:25:52Z,CPA293,"41.619625,42.237537",40000,425,263
1757730384,2025-09-13T02:26:24Z,CPA293,"41.612541,42.153141",40000,424,263
1757730416,2025-09-13T02:26:56Z,CPA293,"41.604729,42.069809",40000,424,263
1757730448,2025-09-13T02:27:28Z,CPA293,"41.597176,41.986103",40000,425,263
1757730481,2025-09-13T02:28:01Z,CPA293,"41.58984,41.901573",40000,425,263
1757730512,2025-09-13T02:28:32Z,CPA293,"41.582455,41.819027",40000,425,263
1757730544,2025-09-13T02:29:04Z,CPA293,"41.574989,41.736725",40000,425,263
1757730576,2025-09-13T02:29:36Z,CPA293,"41.566795,41.653774",40000,426,262
1757730607,2025-09-13T02:30:07Z,CPA293,"41.559864,41.572086",40000,428,262
1757730640,2025-09-13T02:30:40Z,CPA293,"41.55291,41.486504",40000,428,265
1757730673,2025-09-13T02:31:13Z,CPA293,"41.553303,41.39801",40000,429,273
1757730704,2025-09-13T02:31:44Z,CPA293,"41.55809,41.316715",40000,429,274
1757730735,2025-09-13T02:32:15Z,CPA293,"41.562279,41.235737",40000,429,274
1757730767,2025-09-13T02:32:47Z,CPA293,"41.567261,41.149738",40000,430,274
1757730800,2025-09-13T02:33:20Z,CPA293,"41.571735,41.064606",40000,429,274
1757730830,2025-09-13T02:33:50Z,CPA293,"41.575954,40.984402",40000,429,274
1757730863,2025-09-13T02:34:23Z,CPA293,"41.580704,40.89822",40000,429,274
1757730895,2025-09-13T02:34:55Z,CPA293,"41.585129,40.812603",40000,430,274
1757730926,2025-09-13T02:35:26Z,CPA293,"41.589291,40.732082",40000,431,274
1757730957,2025-09-13T02:35:57Z,CPA293,"41.593464,40.648968",40000,431,273
1757730990,2025-09-13T02:36:30Z,CPA293,"41.597588,40.563068",40000,432,273
1757731023,2025-09-13T02:37:03Z,CPA293,"41.601917,40.476234",40000,435,273
1757731055,2025-09-13T02:37:35Z,CPA293,"41.606224,40.389225",40000,436,273
1757731086,2025-09-13T02:38:06Z,CPA293,"41.610176,40.304218",40000,437,273
1757731118,2025-09-13T02:38:38Z,CPA293,"41.614105,40.219723",40000,437,273
1757731148,2025-09-13T02:39:08Z,CPA293,"41.617962,40.137615",40000,437,273
1757731179,2025-09-13T02:39:39Z,CPA293,"41.621773,40.053986",40000,437,273
1757731210,2025-09-13T02:40:10Z,CPA293,"41.625523,39.971592",40000,438,273
1757731242,2025-09-13T02:40:42Z,CPA293,"41.629425,39.885368",40000,438,273
1757731272,2025-09-13T02:41:12Z,CPA293,"41.633213,39.802498",40000,438,273
1757731303,2025-09-13T02:41:43Z,CPA293,"41.636944,39.719807",40000,438,273
1757731336,2025-09-13T02:42:16Z,CPA293,"41.640804,39.631866",40000,439,273
1757731366,2025-09-13T02:42:46Z,CPA293,"41.644287,39.55022",40000,439,273
1757731398,2025-09-13T02:43:18Z,CPA293,"41.648075,39.462772",40000,439,273
1757731430,2025-09-13T02:43:50Z,CPA293,"41.651764,39.375477",40000,439,273
1757731461,2025-09-13T02:44:21Z,CPA293,"41.655148,39.292801",40000,440,273
1757731493,2025-09-13T02:44:53Z,CPA293,"41.658718,39.204388",40000,441,273
1757731524,2025-09-13T02:45:24Z,CPA293,"41.662025,39.122639",40000,442,273
1757731556,2025-09-13T02:45:56Z,CPA293,"41.665466,39.034542",40000,443,273
1757731589,2025-09-13T02:46:29Z,CPA293,"41.668854,38.944427",40000,444,272
1757731622,2025-09-13T02:47:02Z,CPA293,"41.672195,38.854198",40000,445,272
1757731654,2025-09-13T02:47:34Z,CPA293,"41.675148,38.766205",40000,445,272
1757731686,2025-09-13T02:48:06Z,CPA293,"41.678158,38.676441",40000,446,272
1757731718,2025-09-13T02:48:38Z,CPA293,"41.680946,38.588909",40000,448,272
1757731750,2025-09-13T02:49:10Z,CPA293,"41.68383,38.502075",40000,448,272
1757731780,2025-09-13T02:49:40Z,CPA293,"41.68679,38.418762",40000,447,272
1757731812,2025-09-13T02:50:12Z,CPA293,"41.689697,38.328873",40000,445,272
1757731844,2025-09-13T02:50:44Z,CPA293,"41.692535,38.243248",40000,443,272
1757731876,2025-09-13T02:51:16Z,CPA293,"41.695259,38.154427",40000,441,272
1757731907,2025-09-13T02:51:47Z,CPA293,"41.69783,38.070511",40000,441,272
1757731939,2025-09-13T02:52:19Z,CPA293,"41.70039,37.983006",40000,441,272
1757731972,2025-09-13T02:52:52Z,CPA293,"41.703014,37.895584",40000,441,272
1757732002,2025-09-13T02:53:22Z,CPA293,"41.705471,37.812",40000,442,272
1757732035,2025-09-13T02:53:55Z,CPA293,"41.707863,37.724079",40000,442,272
1757732065,2025-09-13T02:54:25Z,CPA293,"41.709934,37.640484",40000,443,271
1757732096,2025-09-13T02:54:56Z,CPA293,"41.712051,37.556023",40000,444,271
1757732128,2025-09-13T02:55:28Z,CPA293,"41.714382,37.466805",40000,444,271
1757732159,2025-09-13T02:55:59Z,CPA293,"41.716476,37.382736",40000,445,271
1757732191,2025-09-13T02:56:31Z,CPA293,"41.718571,37.295277",40000,444,271
1757732222,2025-09-13T02:57:02Z,CPA293,"41.72052,37.210655",40000,444,271
1757732255,2025-09-13T02:57:35Z,CPA293,"41.722511,37.120373",40000,443,271
1757732287,2025-09-13T02:58:07Z,CPA293,"41.724476,37.03196",40000,444,271
1757732320,2025-09-13T02:58:40Z,CPA293,"41.726376,36.942589",40000,445,271
1757732352,2025-09-13T02:59:12Z,CPA293,"41.728371,36.855312",40000,446,271
1757732382,2025-09-13T02:59:42Z,CPA293,"41.729511,36.76997",40000,448,271
1757732415,2025-09-13T03:00:15Z,CPA293,"41.730961,36.681213",40000,447,271
1757732448,2025-09-13T03:00:48Z,CPA293,"41.732754,36.588226",40000,446,271
1757732480,2025-09-13T03:01:20Z,CPA293,"41.734211,36.50098",40000,445,271
1757732512,2025-09-13T03:01:52Z,CPA293,"41.735481,36.409214",40000,446,271
1757732545,2025-09-13T03:02:25Z,CPA293,"41.736534,36.320736",40000,448,271
1757732575,2025-09-13T03:02:55Z,CPA293,"41.736622,36.238384",40000,447,270
1757732584,2025-09-13T03:03:04Z,CPA293,"41.737972,36.213615",40000,447,270
1757732642,2025-09-13T03:04:02Z,CPA293,"41.740131,36.053055",40000,445,270
1757732685,2025-09-13T03:04:45Z,CPA293,"41.741768,35.9328",40000,446,270
1757732710,2025-09-13T03:05:10Z,CPA293,"41.742191,35.868462",40000,447,270
1757732799,2025-09-13T03:06:39Z,CPA293,"41.745003,35.61795",40000,450,270
1757732830,2025-09-13T03:07:10Z,CPA293,"41.745808,35.531498",40000,450,270
1757732862,2025-09-13T03:07:42Z,CPA293,"41.746693,35.441681",40000,451,270
1757732902,2025-09-13T03:08:22Z,CPA293,"41.747749,35.332951",40000,452,270
1757732933,2025-09-13T03:08:53Z,CPA293,"41.748501,35.244644",40000,453,270
1757733076,2025-09-13T03:11:16Z,CPA293,"41.750164,34.842922",40000,456,269
1757733095,2025-09-13T03:11:35Z,CPA293,"41.750046,34.790775",40000,456,269
1757733155,2025-09-13T03:12:35Z,CPA293,"41.745022,34.621986",40000,456,269
1757733186,2025-09-13T03:13:06Z,CPA293,"41.74826,34.534718",40000,458,269
1757733217,2025-09-13T03:13:37Z,CPA293,"41.74728,34.445972",40000,460,269
1757733248,2025-09-13T03:14:08Z,CPA293,"41.746597,34.35804",40000,462,269
1757733280,2025-09-13T03:14:40Z,CPA293,"41.746243,34.265755",40000,464,269
1757733312,2025-09-13T03:15:12Z,CPA293,"41.74625,34.173634",40000,464,269
1757733345,2025-09-13T03:15:45Z,CPA293,"41.745598,34.081139",40000,463,269
1757733377,2025-09-13T03:16:17Z,CPA293,"41.744984,33.990635",40000,462,269
1757733407,2025-09-13T03:16:47Z,CPA293,"41.744289,33.903568",40000,462,269
1757733438,2025-09-13T03:17:18Z,CPA293,"41.74382,33.815552",40000,462,269
1757733470,2025-09-13T03:17:50Z,CPA293,"41.743145,33.723648",40000,463,269
1757733502,2025-09-13T03:18:22Z,CPA293,"41.742508,33.632778",40000,465,269
1757733533,2025-09-13T03:18:53Z,CPA293,"41.741848,33.542526",40000,464,269
1757733565,2025-09-13T03:19:25Z,CPA293,"41.740898,33.452484",40000,463,269
1757733597,2025-09-13T03:19:57Z,CPA293,"41.743355,33.366165",40000,463,269
1757733628,2025-09-13T03:20:28Z,CPA293,"41.738396,33.271427",40000,463,268
1757733659,2025-09-13T03:20:59Z,CPA293,"41.741795,33.188198",40000,464,268
1757733691,2025-09-13T03:21:31Z,CPA293,"41.736465,33.091312",40000,465,268
1757733722,2025-09-13T03:22:02Z,CPA293,"41.738712,33.00742",40000,465,268
1757733753,2025-09-13T03:22:33Z,CPA293,"41.733921,32.912994",40000,464,269
1757733784,2025-09-13T03:23:04Z,CPA293,"41.733818,32.82526",40000,463,269
1757733816,2025-09-13T03:23:36Z,CPA293,"41.731812,32.732697",40000,462,268
1757733848,2025-09-13T03:24:08Z,CPA293,"41.731377,32.643803",40000,463,268
1757733879,2025-09-13T03:24:39Z,CPA293,"41.732338,32.555996",40000,464,268
1757733912,2025-09-13T03:25:12Z,CPA293,"41.728912,32.460949",40000,464,268
1757733944,2025-09-13T03:25:44Z,CPA293,"41.727222,32.369259",40000,463,268
1757733976,2025-09-13T03:26:16Z,CPA293,"41.719585,32.275356",40000,463,260
1757734008,2025-09-13T03:26:48Z,CPA293,"41.705532,32.18737",40000,464,255
1757734041,2025-09-13T03:27:21Z,CPA293,"41.688805,32.09581",40000,465,256
1757734073,2025-09-13T03:27:53Z,CPA293,"41.672642,32.004059",40000,466,256
1757734104,2025-09-13T03:28:24Z,CPA293,"41.655857,31.917353",40000,469,256
1757734135,2025-09-13T03:28:55Z,CPA293,"41.639538,31.830772",40000,468,255
1757734168,2025-09-13T03:29:28Z,CPA293,"41.621712,31.739923",40000,467,256
1757734200,2025-09-13T03:30:00Z,CPA293,"41.605568,31.650328",40000,466,256
1757734231,2025-09-13T03:30:31Z,CPA293,"41.58913,31.562918",40000,465,255
1757734262,2025-09-13T03:31:02Z,CPA293,"41.572643,31.47649",40000,467,255
1757734294,2025-09-13T03:31:34Z,CPA293,"41.556675,31.388929",40000,468,255
1757734325,2025-09-13T03:32:05Z,CPA293,"41.54034,31.301033",40000,469,256
1757734357,2025-09-13T03:32:37Z,CPA293,"41.524464,31.212147",40000,470,256
1757734388,2025-09-13T03:33:08Z,CPA293,"41.508938,31.124275",40000,470,256
1757734420,2025-09-13T03:33:40Z,CPA293,"41.492821,31.035608",40000,470,256
1757734452,2025-09-13T03:34:12Z,CPA293,"41.476143,30.945509",40000,471,256
1757734485,2025-09-13T03:34:45Z,CPA293,"41.459599,30.852917",40000,471,256
1757734516,2025-09-13T03:35:16Z,CPA293,"41.443295,30.763922",40000,470,256
1757734548,2025-09-13T03:35:48Z,CPA293,"41.426853,30.674992",40000,469,256
1757734580,2025-09-13T03:36:20Z,CPA293,"41.41066,30.587482",40000,467,256
1757734611,2025-09-13T03:36:51Z,CPA293,"41.394424,30.500027",40000,466,255
1757734643,2025-09-13T03:37:23Z,CPA293,"41.377556,30.410494",40000,465,255
1757734675,2025-09-13T03:37:55Z,CPA293,"41.360779,30.32214",40000,463,255
1757734707,2025-09-13T03:38:27Z,CPA293,"41.344208,30.234243",40000,461,255
1757734740,2025-09-13T03:39:00Z,CPA293,"41.327595,30.146515",40000,460,255
1757734771,2025-09-13T03:39:31Z,CPA293,"41.311226,30.060976",40000,458,255
1757734803,2025-09-13T03:40:03Z,CPA293,"41.294765,29.974939",40000,457,255
1757734833,2025-09-13T03:40:33Z,CPA293,"41.27792,29.892542",40000,456,254
1757734865,2025-09-13T03:41:05Z,CPA293,"41.26001,29.80694",40000,458,254
1757734897,2025-09-13T03:41:37Z,CPA293,"41.242016,29.720057",40000,456,254
1757734929,2025-09-13T03:42:09Z,CPA293,"41.22393,29.633427",40000,456,254
1757734961,2025-09-13T03:42:41Z,CPA293,"41.206177,29.547777",40000,456,254
1757734992,2025-09-13T03:43:12Z,CPA293,"41.188843,29.463594",40000,456,255
1757735024,2025-09-13T03:43:44Z,CPA293,"41.172874,29.37755",40000,458,256
1757735056,2025-09-13T03:44:16Z,CPA293,"41.156445,29.290443",40000,460,255
1757735088,2025-09-13T03:44:48Z,CPA293,"41.137558,29.204437",40000,462,250
1757735120,2025-09-13T03:45:20Z,CPA293,"41.111244,29.121881",40000,464,243
1757735152,2025-09-13T03:45:52Z,CPA293,"41.077385,29.042139",40000,465,237
1757735183,2025-09-13T03:46:23Z,CPA293,"41.039879,28.966705",40000,462,239
1757735214,2025-09-13T03:46:54Z,CPA293,"41.010681,28.889782",40000,458,246
1757735246,2025-09-13T03:47:26Z,CPA293,"40.987656,28.806545",40000,454,252
1757735278,2025-09-13T03:47:58Z,CPA293,"40.971535,28.72164",40000,451,259
1757735310,2025-09-13T03:48:30Z,CPA293,"40.96225,28.634981",40000,449,265
1757735340,2025-09-13T03:49:00Z,CPA293,"40.960094,28.55229",40000,449,270
1757735371,2025-09-13T03:49:31Z,CPA293,"40.96027,28.466124",40000,450,269
1757735404,2025-09-13T03:50:04Z,CPA293,"40.959557,28.378069",40000,450,269
1757735435,2025-09-13T03:50:35Z,CPA293,"40.959042,28.292076",40000,448,269
1757735467,2025-09-13T03:51:07Z,CPA293,"40.958538,28.204283",40000,448,269
1757735499,2025-09-13T03:51:39Z,CPA293,"40.958019,28.118729",40000,447,269
1757735530,2025-09-13T03:52:10Z,CPA293,"40.957413,28.032055",40000,445,269
1757735562,2025-09-13T03:52:42Z,CPA293,"40.95686,27.946287",40000,445,269
1757735594,2025-09-13T03:53:14Z,CPA293,"40.956161,27.859608",40000,445,269
1757735627,2025-09-13T03:53:47Z,CPA293,"40.95528,27.772038",40000,444,269
1757735659,2025-09-13T03:54:19Z,CPA293,"40.954399,27.684914",40000,443,269
1757735691,2025-09-13T03:54:51Z,CPA293,"40.953434,27.595835",40000,445,269
1757735724,2025-09-13T03:55:24Z,CPA293,"40.952393,27.509504",40000,445,269
1757735756,2025-09-13T03:55:56Z,CPA293,"40.951233,27.422371",40000,446,267
1757735786,2025-09-13T03:56:26Z,CPA293,"40.94651,27.339781",40000,448,265
1757735818,2025-09-13T03:56:58Z,CPA293,"40.941673,27.252048",40000,448,265
1757735850,2025-09-13T03:57:30Z,CPA293,"40.937065,27.165606",40000,447,265
1757735882,2025-09-13T03:58:02Z,CPA293,"40.932144,27.079161",40000,447,265
1757735914,2025-09-13T03:58:34Z,CPA293,"40.927101,26.992203",40000,447,265
1757735946,2025-09-13T03:59:06Z,CPA293,"40.922073,26.905886",40000,445,265
1757735977,2025-09-13T03:59:37Z,CPA293,"40.917049,26.820616",40000,444,265
1757736009,2025-09-13T04:00:09Z,CPA293,"40.911869,26.733604",40000,443,265
1757736041,2025-09-13T04:00:41Z,CPA293,"40.906769,26.648287",40000,443,265
1757736072,2025-09-13T04:01:12Z,CPA293,"40.901745,26.565147",40000,443,265
1757736105,2025-09-13T04:01:45Z,CPA293,"40.896301,26.476908",40000,444,265
1757736137,2025-09-13T04:02:17Z,CPA293,"40.891449,26.390072",40000,444,266
1757736169,2025-09-13T04:02:49Z,CPA293,"40.887363,26.304853",40000,444,266
1757736200,2025-09-13T04:03:20Z,CPA293,"40.882832,26.218998",40000,444,265
1757736233,2025-09-13T04:03:53Z,CPA293,"40.878242,26.13225",40000,444,265
1757736264,2025-09-13T04:04:24Z,CPA293,"40.873421,26.046757",40000,444,265
1757736296,2025-09-13T04:04:56Z,CPA293,"40.868591,25.960487",40000,446,265
1757736328,2025-09-13T04:05:28Z,CPA293,"40.863873,25.873293",40000,448,265
1757736361,2025-09-13T04:06:01Z,CPA293,"40.858833,25.784777",40000,450,265
1757736392,2025-09-13T04:06:32Z,CPA293,"40.853832,25.698486",40000,451,265
1757736424,2025-09-13T04:07:04Z,CPA293,"40.848675,25.61097",40000,450,265
1757736456,2025-09-13T04:07:36Z,CPA293,"40.843487,25.523956",40000,450,265
1757736487,2025-09-13T04:08:07Z,CPA293,"40.838383,25.438931",40000,450,265
1757736519,2025-09-13T04:08:39Z,CPA293,"40.833096,25.351894",40000,449,265
1757736551,2025-09-13T04:09:11Z,CPA293,"40.827579,25.263533",40000,449,265
1757736583,2025-09-13T04:09:43Z,CPA293,"40.822189,25.17675",40000,450,265
1757736615,2025-09-13T04:10:15Z,CPA293,"40.816658,25.089424",40000,451,265
1757736652,2025-09-13T04:10:52Z,CPA293,"40.810356,24.987204",40000,454,265
1757736684,2025-09-13T04:11:24Z,CPA293,"40.804611,24.89925",40000,454,265
1757736716,2025-09-13T04:11:56Z,CPA293,"40.798988,24.811758",40000,454,265
1757736748,2025-09-13T04:12:28Z,CPA293,"40.79327,24.724691",40000,454,265
1757736779,2025-09-13T04:12:59Z,CPA293,"40.787476,24.63839",40000,454,265
1757736810,2025-09-13T04:13:30Z,CPA293,"40.78175,24.551319",40000,454,265
1757736842,2025-09-13T04:14:02Z,CPA293,"40.775932,24.463928",40000,454,264
1757736873,2025-09-13T04:14:33Z,CPA293,"40.770199,24.377949",40000,456,264
1757736905,2025-09-13T04:15:05Z,CPA293,"40.764107,24.289248",40000,455,264
1757736937,2025-09-13T04:15:37Z,CPA293,"40.757919,24.200882",40000,456,264
1757736969,2025-09-13T04:16:09Z,CPA293,"40.751682,24.113132",40000,458,264
1757737001,2025-09-13T04:16:41Z,CPA293,"40.745491,24.02397",40000,460,264
1757737033,2025-09-13T04:17:13Z,CPA293,"40.738991,23.93576",40000,460,264
1757737064,2025-09-13T04:17:44Z,CPA293,"40.732578,23.847754",40000,459,264
1757737096,2025-09-13T04:18:16Z,CPA293,"40.726288,23.758963",40000,459,264
1757737128,2025-09-13T04:18:48Z,CPA293,"40.719467,23.669432",40000,458,264
1757737160,2025-09-13T04:19:20Z,CPA293,"40.7127,23.58046",40000,457,264
1757737193,2025-09-13T04:19:53Z,CPA293,"40.705814,23.490671",40000,457,264
1757737225,2025-09-13T04:20:25Z,CPA293,"40.699047,23.40242",40000,457,264
1757737256,2025-09-13T04:20:56Z,CPA293,"40.692268,23.316164",40000,457,264
1757737288,2025-09-13T04:21:28Z,CPA293,"40.685169,23.227184",40000,457,263
1757737321,2025-09-13T04:22:01Z,CPA293,"40.678165,23.137562",40000,458,263
1757737353,2025-09-13T04:22:33Z,CPA293,"40.670792,23.047712",40000,459,263
1757737385,2025-09-13T04:23:05Z,CPA293,"40.663425,22.958616",40000,458,263
1757737417,2025-09-13T04:23:37Z,CPA293,"40.656284,22.86904",40000,457,263
1757737449,2025-09-13T04:24:09Z,CPA293,"40.648987,22.780754",40000,456,263
1757737481,2025-09-13T04:24:41Z,CPA293,"40.64159,22.693401",40000,455,263
1757737511,2025-09-13T04:25:11Z,CPA293,"40.634567,22.609705",40000,455,263
1757737543,2025-09-13T04:25:43Z,CPA293,"40.627083,22.522854",40000,455,263
1757737575,2025-09-13T04:26:15Z,CPA293,"40.619434,22.433434",40000,455,263
1757737608,2025-09-13T04:26:48Z,CPA293,"40.611687,22.344332",40000,454,263
1757737640,2025-09-13T04:27:20Z,CPA293,"40.603901,22.255501",40000,454,263
1757737672,2025-09-13T04:27:52Z,CPA293,"40.59613,22.167431",40000,452,263
1757737705,2025-09-13T04:28:25Z,CPA293,"40.588192,22.07855",40000,454,263
1757737735,2025-09-13T04:28:55Z,CPA293,"40.58075,21.995659",40000,454,263
1757737767,2025-09-13T04:29:27Z,CPA293,"40.572865,21.909019",40000,453,263
1757737797,2025-09-13T04:29:57Z,CPA293,"40.565315,21.826635",40000,453,263
1757737829,2025-09-13T04:30:29Z,CPA293,"40.557129,21.739937",40000,452,263
1757737861,2025-09-13T04:31:01Z,CPA293,"40.548965,21.653109",40000,452,262
1757737893,2025-09-13T04:31:33Z,CPA293,"40.540779,21.565788",40000,452,262
1757737923,2025-09-13T04:32:03Z,CPA293,"40.532944,21.481796",40000,452,262
1757737956,2025-09-13T04:32:36Z,CPA293,"40.524662,21.394732",40000,450,262
1757737988,2025-09-13T04:33:08Z,CPA293,"40.516308,21.307035",40000,449,262
1757738020,2025-09-13T04:33:40Z,CPA293,"40.508091,21.220518",40000,447,262
1757738052,2025-09-13T04:34:12Z,CPA293,"40.499611,21.133982",40000,445,262
1757738084,2025-09-13T04:34:44Z,CPA293,"40.492249,21.049042",40000,443,266
1757738116,2025-09-13T04:35:16Z,CPA293,"40.492695,20.962336",40000,442,274
1757738148,2025-09-13T04:35:48Z,CPA293,"40.500813,20.877768",40000,441,280
1757738180,2025-09-13T04:36:20Z,CPA293,"40.516171,20.794571",40000,442,286
1757738213,2025-09-13T04:36:53Z,CPA293,"40.534195,20.710449",40000,443,285
1757738245,2025-09-13T04:37:25Z,CPA293,"40.551292,20.62764",40000,444,285
1757738276,2025-09-13T04:37:56Z,CPA293,"40.568562,20.545174",40000,444,285
1757738309,2025-09-13T04:38:29Z,CPA293,"40.586426,20.460423",40000,445,285
1757738341,2025-09-13T04:39:01Z,CPA293,"40.603718,20.377222",40000,446,285
1757738371,2025-09-13T04:39:31Z,CPA293,"40.620316,20.297089",40000,447,285
1757738403,2025-09-13T04:40:03Z,CPA293,"40.637257,20.214651",40000,447,285
1757738435,2025-09-13T04:40:35Z,CPA293,"40.654659,20.130722",40000,446,285
1757738466,2025-09-13T04:41:06Z,CPA293,"40.671772,20.047955",40000,445,285
1757738499,2025-09-13T04:41:39Z,CPA293,"40.68911,19.962828",40000,445,284
1757738530,2025-09-13T04:42:10Z,CPA293,"40.705727,19.880991",40000,446,284
1757738563,2025-09-13T04:42:43Z,CPA293,"40.722893,19.796331",40000,448,284
1757738595,2025-09-13T04:43:15Z,CPA293,"40.740028,19.711439",40000,448,284
1757738627,2025-09-13T04:43:47Z,CPA293,"40.757034,19.626699",40000,447,284
1757738658,2025-09-13T04:44:18Z,CPA293,"40.773666,19.544085",40000,446,284
1757738690,2025-09-13T04:44:50Z,CPA293,"40.790527,19.460052",40000,445,284
1757738722,2025-09-13T04:45:22Z,CPA293,"40.807205,19.376099",40000,444,284
1757738754,2025-09-13T04:45:54Z,CPA293,"40.823509,19.293941",40000,443,284
1757738787,2025-09-13T04:46:27Z,CPA293,"40.840515,19.209097",40000,443,284
1757738819,2025-09-13T04:46:59Z,CPA293,"40.857185,19.125088",40000,445,284
1757738850,2025-09-13T04:47:30Z,CPA293,"40.87323,19.043158",40000,446,284
1757738881,2025-09-13T04:48:01Z,CPA293,"40.888168,18.959869",40000,445,279
1757738913,2025-09-13T04:48:33Z,CPA293,"40.89703,18.873522",40000,445,276
1757738945,2025-09-13T04:49:05Z,CPA293,"40.90506,18.788555",40000,444,277
1757738977,2025-09-13T04:49:37Z,CPA293,"40.91391,18.702332",40000,444,277
1757739010,2025-09-13T04:50:10Z,CPA293,"40.922733,18.616083",40000,443,277
1757739041,2025-09-13T04:50:41Z,CPA293,"40.931381,18.530535",40000,443,277
1757739074,2025-09-13T04:51:14Z,CPA293,"40.940037,18.444935",40000,443,277
1757739106,2025-09-13T04:51:46Z,CPA293,"40.948673,18.358227",40000,444,277
1757739137,2025-09-13T04:52:17Z,CPA293,"40.957264,18.272543",40000,444,277
1757739168,2025-09-13T04:52:48Z,CPA293,"40.965191,18.191723",40000,444,277
1757739200,2025-09-13T04:53:20Z,CPA293,"40.973614,18.105537",40000,445,277
1757739231,2025-09-13T04:53:51Z,CPA293,"40.981754,18.021145",40000,445,277
1757739263,2025-09-13T04:54:23Z,CPA293,"40.990025,17.934534",40000,446,277
1757739295,2025-09-13T04:54:55Z,CPA293,"40.998295,17.847952",40000,446,277
1757739327,2025-09-13T04:55:27Z,CPA293,"41.006279,17.762293",40000,447,277
1757739358,2025-09-13T04:55:58Z,CPA293,"41.01405,17.67774",40000,446,276
1757739390,2025-09-13T04:56:30Z,CPA293,"41.021812,17.59215",40000,445,276
1757739422,2025-09-13T04:57:02Z,CPA293,"41.029728,17.506071",40000,445,276
1757739454,2025-09-13T04:57:34Z,CPA293,"41.037575,17.420416",40000,444,276
1757739486,2025-09-13T04:58:06Z,CPA293,"41.045425,17.334249",40000,444,276
1757739516,2025-09-13T04:58:36Z,CPA293,"41.052608,17.252981",40000,444,276
1757739548,2025-09-13T04:59:08Z,CPA293,"41.06039,17.166039",40000,445,276
1757739580,2025-09-13T04:59:40Z,CPA293,"41.067986,17.080774",40000,443,276
1757739612,2025-09-13T05:00:12Z,CPA293,"41.075718,16.993441",40000,443,276
1757739644,2025-09-13T05:00:44Z,CPA293,"41.083012,16.908932",40000,442,276
1757739675,2025-09-13T05:01:15Z,CPA293,"41.090126,16.824726",40000,442,276
1757739708,2025-09-13T05:01:48Z,CPA293,"41.097515,16.738035",40000,442,276
1757739739,2025-09-13T05:02:19Z,CPA293,"41.104641,16.652737",40000,441,276
1757739771,2025-09-13T05:02:51Z,CPA293,"41.111599,16.566822",40000,440,276
1757739803,2025-09-13T05:03:23Z,CPA293,"41.118832,16.482718",40000,437,276
1757739834,2025-09-13T05:03:54Z,CPA293,"41.12595,16.399147",40000,437,276
1757739867,2025-09-13T05:04:27Z,CPA293,"41.132835,16.313507",40000,438,275
1757739897,2025-09-13T05:04:57Z,CPA293,"41.138981,16.233248",40000,439,275
1757739929,2025-09-13T05:05:29Z,CPA293,"41.14555,16.148781",40000,438,275
1757739961,2025-09-13T05:06:01Z,CPA293,"41.152061,16.062387",40000,436,275
1757739992,2025-09-13T05:06:32Z,CPA293,"41.158485,15.979756",39975,434,275
1757740024,2025-09-13T05:07:04Z,CPA293,"41.164989,15.895883",39425,433,275
1757740056,2025-09-13T05:07:36Z,CPA293,"41.171501,15.811756",38900,437,275
1757740088,2025-09-13T05:08:08Z,CPA293,"41.178108,15.726205",38375,439,275
1757740120,2025-09-13T05:08:40Z,CPA293,"41.184517,15.641633",37875,440,275
1757740151,2025-09-13T05:09:11Z,CPA293,"41.191032,15.556236",37350,443,275
1757740183,2025-09-13T05:09:43Z,CPA293,"41.197315,15.470173",36800,445,275
1757740215,2025-09-13T05:10:15Z,CPA293,"41.203583,15.383475",36275,445,275
1757740247,2025-09-13T05:10:47Z,CPA293,"41.20985,15.298025",35775,444,275
1757740277,2025-09-13T05:11:17Z,CPA293,"41.215721,15.216847",35275,445,275
1757740310,2025-09-13T05:11:50Z,CPA293,"41.221848,15.127909",34725,448,275
1757740342,2025-09-13T05:12:22Z,CPA293,"41.227631,15.040567",34200,447,275
1757740374,2025-09-13T05:12:54Z,CPA293,"41.233589,14.952461",34000,444,275
1757740405,2025-09-13T05:13:25Z,CPA293,"41.239285,14.866931",34000,444,275
1757740437,2025-09-13T05:13:57Z,CPA293,"41.245045,14.779913",34000,444,275
1757740469,2025-09-13T05:14:29Z,CPA293,"41.252251,14.694139",33825,439,281
1757740501,2025-09-13T05:15:01Z,CPA293,"41.266937,14.613288",33275,418,283
1757740533,2025-09-13T05:15:33Z,CPA293,"41.28009,14.534583",32750,408,282
1757740564,2025-09-13T05:16:04Z,CPA293,"41.292713,14.458202",32225,404,282
1757740596,2025-09-13T05:16:36Z,CPA293,"41.305569,14.381469",31700,401,282
1757740629,2025-09-13T05:17:09Z,CPA293,"41.318626,14.303521",31175,401,282
1757740661,2025-09-13T05:17:41Z,CPA293,"41.331322,14.227023",30625,399,282
1757740691,2025-09-13T05:18:11Z,CPA293,"41.343479,14.153644",30125,398,282
1757740724,2025-09-13T05:18:44Z,CPA293,"41.356014,14.077361",29575,387,282
1757740756,2025-09-13T05:19:16Z,CPA293,"41.368153,14.003526",29050,387,282
1757740788,2025-09-13T05:19:48Z,CPA293,"41.38028,13.928196",28525,384,281
1757740820,2025-09-13T05:20:20Z,CPA293,"41.392265,13.854265",27675,380,282
1757740852,2025-09-13T05:20:52Z,CPA293,"41.404308,13.781425",26725,377,282
1757740884,2025-09-13T05:21:24Z,CPA293,"41.416515,13.708467",25725,373,282
1757740917,2025-09-13T05:21:57Z,CPA293,"41.428364,13.636521",24575,375,282
1757740947,2025-09-13T05:22:27Z,CPA293,"41.439297,13.568859",23325,379,282
1757740979,2025-09-13T05:22:59Z,CPA293,"41.451534,13.493677",22050,381,282
1757741010,2025-09-13T05:23:30Z,CPA293,"41.462727,13.423823",21125,374,282
1757741041,2025-09-13T05:24:01Z,CPA293,"41.474163,13.35372",20025,372,281
1757741072,2025-09-13T05:24:32Z,CPA293,"41.484917,13.286197",19125,365,281
1757741104,2025-09-13T05:25:04Z,CPA293,"41.495754,13.216654",18225,358,281
1757741137,2025-09-13T05:25:37Z,CPA293,"41.507088,13.145516",17050,358,282
1757741168,2025-09-13T05:26:08Z,CPA293,"41.518635,13.076413",16175,351,281
1757741201,2025-09-13T05:26:41Z,CPA293,"41.528984,13.009262",15375,343,281
1757741231,2025-09-13T05:27:11Z,CPA293,"41.538795,12.947227",15050,322,281
1757741242,2025-09-13T05:27:22Z,CPA293,"41.542934,12.926841",14950,317,292
1757741244,2025-09-13T05:27:24Z,CPA293,"41.544239,12.922714",14925,316,295
1757741247,2025-09-13T05:27:27Z,CPA293,"41.545681,12.918636",14925,316,299
1757741249,2025-09-13T05:27:29Z,CPA293,"41.547085,12.914973",14900,315,302
1757741251,2025-09-13T05:27:31Z,CPA293,"41.548908,12.910963",14875,315,306
1757741253,2025-09-13T05:27:33Z,CPA293,"41.550743,12.907823",14850,314,309
1757741255,2025-09-13T05:27:35Z,CPA293,"41.552704,12.904444",14850,314,312
1757741257,2025-09-13T05:27:37Z,CPA293,"41.554871,12.901294",14825,313,315
1757741260,2025-09-13T05:27:40Z,CPA293,"41.557148,12.898057",14800,312,317
1757741262,2025-09-13T05:27:42Z,CPA293,"41.55949,12.894928",14775,311,318
1757741264,2025-09-13T05:27:44Z,CPA293,"41.561535,12.892735",14775,310,318
1757741266,2025-09-13T05:27:46Z,CPA293,"41.563866,12.890195",14750,309,319
1757741268,2025-09-13T05:27:48Z,CPA293,"41.566395,12.887577",14725,307,319
1757741270,2025-09-13T05:27:50Z,CPA293,"41.568462,12.88507",14700,306,319
1757741273,2025-09-13T05:27:53Z,CPA293,"41.570652,12.882613",14700,305,318
1757741275,2025-09-13T05:27:55Z,CPA293,"41.573227,12.87963",14675,303,318
1757741277,2025-09-13T05:27:57Z,CPA293,"41.575378,12.877182",14625,303,318
1757741279,2025-09-13T05:27:59Z,CPA293,"41.577721,12.874431",14600,302,318
1757741281,2025-09-13T05:28:01Z,CPA293,"41.579697,12.871978",14575,301,317
1757741314,2025-09-13T05:28:34Z,CPA293,"41.612446,12.83068",13925,293,315
1757741346,2025-09-13T05:29:06Z,CPA293,"41.643242,12.791118",12850,294,316
1757741376,2025-09-13T05:29:36Z,CPA293,"41.673351,12.753683",11775,295,317
1757741391,2025-09-13T05:29:51Z,CPA293,"41.688217,12.73525",11325,291,317
1757741405,2025-09-13T05:30:05Z,CPA293,"41.702503,12.717457",10925,286,316
1757741418,2025-09-13T05:30:18Z,CPA293,"41.715027,12.702022",10525,282,316
1757741431,2025-09-13T05:30:31Z,CPA293,"41.726887,12.686321",10000,282,316
1757741444,2025-09-13T05:30:44Z,CPA293,"41.739376,12.670798",9475,286,315
1757741459,2025-09-13T05:30:59Z,CPA293,"41.753311,12.652786",9100,282,316
1757741471,2025-09-13T05:31:11Z,CPA293,"41.765038,12.637869",8800,273,316
1757741484,2025-09-13T05:31:24Z,CPA293,"41.776882,12.622908",8425,266,316
1757741497,2025-09-13T05:31:37Z,CPA293,"41.788563,12.608069",7925,265,316
1757741510,2025-09-13T05:31:50Z,CPA293,"41.800335,12.593137",7400,268,316
1757741525,2025-09-13T05:32:05Z,CPA293,"41.813389,12.576607",6850,270,316
1757741540,2025-09-13T05:32:20Z,CPA293,"41.826782,12.559337",6550,268,315
1757741555,2025-09-13T05:32:35Z,CPA293,"41.840137,12.541625",6300,265,314
1757741568,2025-09-13T05:32:48Z,CPA293,"41.851437,12.526635",6025,265,315
1757741583,2025-09-13T05:33:03Z,CPA293,"41.86446,12.509136",5850,264,315
1757741598,2025-09-13T05:33:18Z,CPA293,"41.877426,12.491756",5850,265,315
1757741613,2025-09-13T05:33:33Z,CPA293,"41.890362,12.474598",5825,255,315
1757741628,2025-09-13T05:33:48Z,CPA293,"41.902557,12.458355",5750,245,315
1757741643,2025-09-13T05:34:03Z,CPA293,"41.914528,12.442497",5650,235,315
1757741658,2025-09-13T05:34:18Z,CPA293,"41.92577,12.427543",5500,224,315
1757741670,2025-09-13T05:34:30Z,CPA293,"41.934944,12.415265",5450,214,315
1757741683,2025-09-13T05:34:43Z,CPA293,"41.943989,12.403307",5375,205,315
1757741697,2025-09-13T05:34:57Z,CPA293,"41.952633,12.391862",5250,197,315
1757741709,2025-09-13T05:35:09Z,CPA293,"41.960903,12.381021",4900,193,315
1757741716,2025-09-13T05:35:16Z,CPA293,"41.965378,12.375249",4675,195,316
1757741724,2025-09-13T05:35:24Z,CPA293,"41.970818,12.368171",4450,198,315
1757741731,2025-09-13T05:35:31Z,CPA293,"41.974972,12.362528",4325,198,315
1757741740,2025-09-13T05:35:40Z,CPA293,"41.980659,12.355007",4250,193,315
1757741746,2025-09-13T05:35:46Z,CPA293,"41.984768,12.349689",4200,189,315
1757741753,2025-09-13T05:35:53Z,CPA293,"41.988834,12.343749",4150,185,310
1757741755,2025-09-13T05:35:55Z,CPA293,"41.990017,12.341906",4125,185,308
1757741757,2025-09-13T05:35:57Z,CPA293,"41.991219,12.339964",4100,185,306
1757741759,2025-09-13T05:35:59Z,CPA293,"41.992302,12.337846",4050,184,305
1757741762,2025-09-13T05:36:02Z,CPA293,"41.993279,12.335923",4025,185,304
1757741764,2025-09-13T05:36:04Z,CPA293,"41.994301,12.333794",3975,185,303
1757741766,2025-09-13T05:36:06Z,CPA293,"41.995239,12.33185",3925,186,302
1757741768,2025-09-13T05:36:08Z,CPA293,"41.996262,12.32978",3900,186,302
1757741770,2025-09-13T05:36:10Z,CPA293,"41.997192,12.327811",3875,186,302
1757741772,2025-09-13T05:36:12Z,CPA293,"41.998276,12.325524",3875,187,302
1757741775,2025-09-13T05:36:15Z,CPA293,"41.999283,12.323356",3850,187,301
1757741777,2025-09-13T05:36:17Z,CPA293,"42.000336,12.321069",3850,188,301
1757741779,2025-09-13T05:36:19Z,CPA293,"42.001453,12.318574",3850,188,299
1757741781,2025-09-13T05:36:21Z,CPA293,"42.002575,12.316085",3850,188,296
1757741783,2025-09-13T05:36:23Z,CPA293,"42.003201,12.314407",3850,188,294
1757741785,2025-09-13T05:36:25Z,CPA293,"42.003948,12.312121",3850,188,291
1757741787,2025-09-13T05:36:27Z,CPA293,"42.004597,12.309838",3850,189,288
1757741790,2025-09-13T05:36:30Z,CPA293,"42.00518,12.307505",3850,189,286
1757741792,2025-09-13T05:36:32Z,CPA293,"42.005692,12.305168",3850,190,284
1757741794,2025-09-13T05:36:34Z,CPA293,"42.006104,12.302896",3850,190,283
1757741796,2025-09-13T05:36:36Z,CPA293,"42.006584,12.300198",3850,190,282
1757741798,2025-09-13T05:36:38Z,CPA293,"42.007004,12.297648",3850,190,282
1757741800,2025-09-13T05:36:40Z,CPA293,"42.007454,12.294897",3850,191,281
1757741802,2025-09-13T05:36:42Z,CPA293,"42.007881,12.292497",3850,190,281
1757741805,2025-09-13T05:36:45Z,CPA293,"42.008183,12.2903",3850,190,281
1757741807,2025-09-13T05:36:47Z,CPA293,"42.008533,12.287616",3850,190,281
1757741809,2025-09-13T05:36:49Z,CPA293,"42.008934,12.285001",3850,190,281
1757741811,2025-09-13T05:36:51Z,CPA293,"42.009296,12.282475",3850,190,281
1757741813,2025-09-13T05:36:53Z,CPA293,"42.009762,12.279654",3850,190,281
1757741815,2025-09-13T05:36:55Z,CPA293,"42.01017,12.277131",3850,191,281
1757741818,2025-09-13T05:36:58Z,CPA293,"42.010529,12.274734",3850,191,281
1757741824,2025-09-13T05:37:04Z,CPA293,"42.011635,12.267602",3850,190,281
1757741833,2025-09-13T05:37:13Z,CPA293,"42.013241,12.257463",3850,191,281
1757741839,2025-09-13T05:37:19Z,CPA293,"42.014351,12.250471",3850,191,281
1757741848,2025-09-13T05:37:28Z,CPA293,"42.015953,12.240088",3850,191,281
1757741856,2025-09-13T05:37:36Z,CPA293,"42.017525,12.230025",3825,190,281
1757741864,2025-09-13T05:37:44Z,CPA293,"42.019123,12.220536",3750,187,281
1757741871,2025-09-13T05:37:51Z,CPA293,"42.020206,12.213444",3650,187,281
1757741879,2025-09-13T05:37:59Z,CPA293,"42.021648,12.203635",3500,188,281
1757741886,2025-09-13T05:38:06Z,CPA293,"42.022816,12.196005",3350,189,281
1757741892,2025-09-13T05:38:12Z,CPA293,"42.023846,12.18834",3225,190,274
1757741894,2025-09-13T05:38:14Z,CPA293,"42.023945,12.186139",3175,191,270
1757741896,2025-09-13T05:38:16Z,CPA293,"42.023949,12.183475",3150,191,265
1757741899,2025-09-13T05:38:19Z,CPA293,"42.023823,12.181295",3100,192,259
1757741901,2025-09-13T05:38:21Z,CPA293,"42.023434,12.178585",3075,193,254
1757741903,2025-09-13T05:38:23Z,CPA293,"42.022953,12.176099",3025,193,248
1757741905,2025-09-13T05:38:25Z,CPA293,"42.022099,12.173419",3000,194,243
1757741907,2025-09-13T05:38:27Z,CPA293,"42.021221,12.171209",2975,195,236
1757741909,2025-09-13T05:38:29Z,CPA293,"42.020229,12.168935",2950,195,232
1757741912,2025-09-13T05:38:32Z,CPA293,"42.018742,12.166327",2925,196,225
1757741914,2025-09-13T05:38:34Z,CPA293,"42.017548,12.164842",2900,196,221
1757741916,2025-09-13T05:38:36Z,CPA293,"42.016159,12.163188",2850,197,217
1757741918,2025-09-13T05:38:38Z,CPA293,"42.014317,12.161518",2825,197,212
1757741921,2025-09-13T05:38:41Z,CPA293,"42.01268,12.160055",2800,197,209
1757741923,2025-09-13T05:38:43Z,CPA293,"42.010815,12.158749",2775,196,207
1757741925,2025-09-13T05:38:45Z,CPA293,"42.009109,12.157606",2750,196,205
1757741927,2025-09-13T05:38:47Z,CPA293,"42.007275,12.156627",2725,196,204
1757741929,2025-09-13T05:38:49Z,CPA293,"42.005615,12.155499",2700,196,203
1757741931,2025-09-13T05:38:51Z,CPA293,"42.003529,12.154298",2700,196,202
1757741933,2025-09-13T05:38:53Z,CPA293,"42.001881,12.153372",2675,196,200
1757741936,2025-09-13T05:38:56Z,CPA293,"42.000057,12.152438",2675,196,198
1757741938,2025-09-13T05:38:58Z,CPA293,"41.99828,12.15168",2650,196,194
1757741940,2025-09-13T05:39:00Z,CPA293,"41.996323,12.150917",2650,196,188
1757741942,2025-09-13T05:39:02Z,CPA293,"41.994347,12.150457",2650,196,181
1757741944,2025-09-13T05:39:04Z,CPA293,"41.992298,12.150486",2625,196,176
1757741946,2025-09-13T05:39:06Z,CPA293,"41.990501,12.150661",2625,195,172
1757741948,2025-09-13T05:39:08Z,CPA293,"41.988441,12.151123",2625,196,168
1757741951,2025-09-13T05:39:11Z,CPA293,"41.986748,12.151683",2600,195,164
1757741953,2025-09-13T05:39:13Z,CPA293,"41.984924,12.15242",2600,195,161
1757741955,2025-09-13T05:39:15Z,CPA293,"41.983078,12.153299",2600,194,159
1757741957,2025-09-13T05:39:17Z,CPA293,"41.98143,12.154193",2600,194,158
1757741959,2025-09-13T05:39:19Z,CPA293,"41.979416,12.155326",2575,194,157
1757741961,2025-09-13T05:39:21Z,CPA293,"41.977966,12.156201",2575,193,156
1757741963,2025-09-13T05:39:23Z,CPA293,"41.976208,12.157233",2575,193,156
1757741966,2025-09-13T05:39:26Z,CPA293,"41.9743,12.15844",2575,193,156
1757741968,2025-09-13T05:39:28Z,CPA293,"41.972572,12.159446",2550,192,156
1757741970,2025-09-13T05:39:30Z,CPA293,"41.970413,12.160694",2550,192,157
1757741972,2025-09-13T05:39:32Z,CPA293,"41.968819,12.161621",2550,192,157
1757741974,2025-09-13T05:39:34Z,CPA293,"41.967018,12.162525",2550,191,158
1757741977,2025-09-13T05:39:37Z,CPA293,"41.96521,12.163496",2525,191,158
1757741979,2025-09-13T05:39:39Z,CPA293,"41.963375,12.164391",2525,191,159
1757741985,2025-09-13T05:39:45Z,CPA293,"41.958015,12.166965",2500,191,161
1757741990,2025-09-13T05:39:50Z,CPA293,"41.95443,12.16856",2500,192,162
1757741992,2025-09-13T05:39:52Z,CPA293,"41.952747,12.169313",2500,192,162
1757741994,2025-09-13T05:39:54Z,CPA293,"41.95084,12.170029",2500,192,162
1757741996,2025-09-13T05:39:56Z,CPA293,"41.949032,12.170896",2475,193,163
1757741998,2025-09-13T05:39:58Z,CPA293,"41.947365,12.171643",2475,194,163
1757742000,2025-09-13T05:40:00Z,CPA293,"41.945358,12.172284",2450,194,163
1757742002,2025-09-13T05:40:02Z,CPA293,"41.943371,12.173241",2425,194,163
1757742004,2025-09-13T05:40:04Z,CPA293,"41.94165,12.173939",2375,194,163
1757742006,2025-09-13T05:40:06Z,CPA293,"41.940105,12.174504",2350,194,163
1757742013,2025-09-13T05:40:13Z,CPA293,"41.934715,12.176478",2250,193,162
1757742021,2025-09-13T05:40:21Z,CPA293,"41.927181,12.17963",2100,188,162
1757742028,2025-09-13T05:40:28Z,CPA293,"41.921654,12.18236",1975,185,162
1757742036,2025-09-13T05:40:36Z,CPA293,"41.914764,12.185198",1850,180,162
1757742045,2025-09-13T05:40:45Z,CPA293,"41.908169,12.187926",1725,175,162
1757742054,2025-09-13T05:40:54Z,CPA293,"41.901466,12.190966",1575,167,162
1757742063,2025-09-13T05:41:03Z,CPA293,"41.895206,12.193091",1450,161,162
1757742071,2025-09-13T05:41:11Z,CPA293,"41.889111,12.195688",1325,154,162
1757742079,2025-09-13T05:41:19Z,CPA293,"41.88422,12.19817",1225,148,162
1757742085,2025-09-13T05:41:25Z,CPA293,"41.880043,12.199688",1150,143,162
1757742093,2025-09-13T05:41:33Z,CPA293,"41.874962,12.201782",1050,143,162
1757742100,2025-09-13T05:41:40Z,CPA293,"41.870712,12.203764",975,143,162
1757742109,2025-09-13T05:41:49Z,CPA293,"41.865398,12.20547",875,144,162
1757742115,2025-09-13T05:41:55Z,CPA293,"41.861252,12.207394",800,143,162
1757742123,2025-09-13T05:42:03Z,CPA293,"41.856018,12.209524",675,143,162
1757742132,2025-09-13T05:42:12Z,CPA293,"41.850204,12.211961",575,143,162
1757742140,2025-09-13T05:42:20Z,CPA293,"41.84515,12.214129",475,143,162
1757742147,2025-09-13T05:42:27Z,CPA293,"41.840939,12.215858",400,144,162
1757742154,2025-09-13T05:42:34Z,CPA293,"41.836533,12.217628",300,144,162
1757742162,2025-09-13T05:42:42Z,CPA293,"41.830883,12.219963",200,146,162
1757742174,2025-09-13T05:42:54Z,CPA293,"41.820053,12.222228",50,144,162
1757742182,2025-09-13T05:43:02Z,CPA293,"41.815502,12.224142",0,141,162
1757742189,2025-09-13T05:43:09Z,CPA293,"41.81044,12.226285",0,139,162
