Timestamp,UTC,Callsign,Position,Altitude,Speed,Direction
1757694299,2025-09-12T16:24:59Z,CPA321,"22.31353,113.932045",0,3,343
1757694310,2025-09-12T16:25:10Z,CPA321,"22.313303,113.932053",0,4,326
1757694324,2025-09-12T16:25:24Z,CPA321,"22.313072,113.932091",0,4,295
1757694351,2025-09-12T16:25:51Z,CPA321,"22.312883,113.932404",0,1,255
1757694375,2025-09-12T16:26:15Z,CPA321,"22.312798,113.932182",0,2,250
1757694618,2025-09-12T16:30:18Z,CPA321,"22.312733,113.931976",0,0,250
1757694650,2025-09-12T16:30:50Z,CPA321,"22.312651,113.931709",0,4,250
1757694660,2025-09-12T16:31:00Z,CPA321,"22.31258,113.931503",0,5,250
1757694670,2025-09-12T16:31:10Z,CPA321,"22.312511,113.931259",0,6,250
1757694679,2025-09-12T16:31:19Z,CPA321,"22.312418,113.930992",0,6,250
1757694686,2025-09-12T16:31:26Z,CPA321,"22.312336,113.930779",0,7,250
1757694693,2025-09-12T16:31:33Z,CPA321,"22.312271,113.930557",0,7,250
1757694701,2025-09-12T16:31:41Z,CPA321,"22.31218,113.930244",0,8,250
1757694708,2025-09-12T16:31:48Z,CPA321,"22.312088,113.92997",0,8,250
1757694717,2025-09-12T16:31:57Z,CPA321,"22.311975,113.929619",0,9,250
1757694724,2025-09-12T16:32:04Z,CPA321,"22.311882,113.929337",0,10,250
1757694732,2025-09-12T16:32:12Z,CPA321,"22.311733,113.928986",0,10,244
1757694738,2025-09-12T16:32:18Z,CPA321,"22.311481,113.928757",0,11,225
1757694743,2025-09-12T16:32:23Z,CPA321,"22.311232,113.928665",0,10,208
1757694749,2025-09-12T16:32:29Z,CPA321,"22.310997,113.928566",0,11,205
1757694754,2025-09-12T16:32:34Z,CPA321,"22.31076,113.928444",0,11,205
1757694759,2025-09-12T16:32:39Z,CPA321,"22.310532,113.928314",0,11,205
1757694766,2025-09-12T16:32:46Z,CPA321,"22.310148,113.928123",0,12,205
1757694773,2025-09-12T16:32:53Z,CPA321,"22.309811,113.927948",0,12,205
1757694780,2025-09-12T16:33:00Z,CPA321,"22.309484,113.927765",0,13,205
1757694788,2025-09-12T16:33:08Z,CPA321,"22.309078,113.927559",0,13,205
1757694794,2025-09-12T16:33:14Z,CPA321,"22.308758,113.927399",0,13,205
1757694800,2025-09-12T16:33:20Z,CPA321,"22.308426,113.927208",0,10,208
1757694806,2025-09-12T16:33:26Z,CPA321,"22.308287,113.926964",0,10,227
1757694810,2025-09-12T16:33:30Z,CPA321,"22.308231,113.92675",0,10,244
1757694815,2025-09-12T16:33:35Z,CPA321,"22.308182,113.926521",0,10,250
1757694820,2025-09-12T16:33:40Z,CPA321,"22.308117,113.926315",0,10,250
1757694824,2025-09-12T16:33:44Z,CPA321,"22.308048,113.926086",0,10,250
1757694831,2025-09-12T16:33:51Z,CPA321,"22.307945,113.925774",0,10,250
1757694839,2025-09-12T16:33:59Z,CPA321,"22.307833,113.9254",0,11,250
1757694848,2025-09-12T16:34:08Z,CPA321,"22.307671,113.924911",0,11,250
1757694863,2025-09-12T16:34:23Z,CPA321,"22.307407,113.924088",0,11,250
1757694870,2025-09-12T16:34:30Z,CPA321,"22.307281,113.923691",0,12,250
1757694877,2025-09-12T16:34:37Z,CPA321,"22.307167,113.923332",0,12,250
1757694884,2025-09-12T16:34:44Z,CPA321,"22.30703,113.922943",0,13,250
1757694891,2025-09-12T16:34:51Z,CPA321,"22.306892,113.922508",0,13,250
1757694898,2025-09-12T16:34:58Z,CPA321,"22.306778,113.922127",0,13,250
1757694906,2025-09-12T16:35:06Z,CPA321,"22.306618,113.921616",0,14,250
1757694916,2025-09-12T16:35:16Z,CPA321,"22.306366,113.920868",0,16,250
1757694923,2025-09-12T16:35:23Z,CPA321,"22.306206,113.920357",0,16,250
1757694929,2025-09-12T16:35:29Z,CPA321,"22.306028,113.919815",0,17,250
1757694937,2025-09-12T16:35:37Z,CPA321,"22.305817,113.919136",0,18,250
1757694943,2025-09-12T16:35:43Z,CPA321,"22.305634,113.918571",0,19,250
1757694950,2025-09-12T16:35:50Z,CPA321,"22.305424,113.917923",0,19,250
1757694958,2025-09-12T16:35:58Z,CPA321,"22.305199,113.917221",0,19,250
1757694964,2025-09-12T16:36:04Z,CPA321,"22.305004,113.916626",0,20,250
1757694971,2025-09-12T16:36:11Z,CPA321,"22.304783,113.915955",0,20,250
1757694978,2025-09-12T16:36:18Z,CPA321,"22.304558,113.915253",0,20,250
1757694986,2025-09-12T16:36:26Z,CPA321,"22.304306,113.914452",0,21,250
1757694994,2025-09-12T16:36:34Z,CPA321,"22.30405,113.913666",0,21,250
1757695002,2025-09-12T16:36:42Z,CPA321,"22.303795,113.912872",0,21,250
1757695008,2025-09-12T16:36:48Z,CPA321,"22.303585,113.912216",0,21,250
1757695015,2025-09-12T16:36:55Z,CPA321,"22.303352,113.911491",0,22,250
1757695022,2025-09-12T16:37:02Z,CPA321,"22.303131,113.910805",0,22,250
1757695029,2025-09-12T16:37:09Z,CPA321,"22.302887,113.910042",0,22,250
1757695036,2025-09-12T16:37:16Z,CPA321,"22.302666,113.909363",0,23,250
1757695043,2025-09-12T16:37:23Z,CPA321,"22.302408,113.908562",0,23,250
1757695050,2025-09-12T16:37:30Z,CPA321,"22.302118,113.907661",0,24,250
1757695057,2025-09-12T16:37:37Z,CPA321,"22.301886,113.90696",0,24,250
1757695070,2025-09-12T16:37:50Z,CPA321,"22.301409,113.905472",0,24,250
1757695077,2025-09-12T16:37:57Z,CPA321,"22.301159,113.904686",0,24,250
1757695084,2025-09-12T16:38:04Z,CPA321,"22.300884,113.903847",0,24,250
1757695090,2025-09-12T16:38:10Z,CPA321,"22.300674,113.903183",0,24,250
1757695098,2025-09-12T16:38:18Z,CPA321,"22.300362,113.902222",0,25,250
1757695106,2025-09-12T16:38:26Z,CPA321,"22.300047,113.901253",0,25,250
1757695113,2025-09-12T16:38:33Z,CPA321,"22.299767,113.90036",0,25,250
1757695120,2025-09-12T16:38:40Z,CPA321,"22.299522,113.899597",0,24,250
1757695127,2025-09-12T16:38:47Z,CPA321,"22.299221,113.898682",0,23,250
1757695138,2025-09-12T16:38:58Z,CPA321,"22.298927,113.897789",0,13,250
1757695145,2025-09-12T16:39:05Z,CPA321,"22.298698,113.897461",0,12,233
1757695149,2025-09-12T16:39:09Z,CPA321,"22.298487,113.897377",0,12,213
1757695153,2025-09-12T16:39:13Z,CPA321,"22.298277,113.897377",0,12,194
1757695159,2025-09-12T16:39:19Z,CPA321,"22.298044,113.897423",0,11,177
1757695162,2025-09-12T16:39:22Z,CPA321,"22.297823,113.897514",0,10,165
1757695167,2025-09-12T16:39:27Z,CPA321,"22.297602,113.897606",0,10,163
1757695174,2025-09-12T16:39:34Z,CPA321,"22.297264,113.897728",0,12,160
1757695180,2025-09-12T16:39:40Z,CPA321,"22.296913,113.897873",0,14,160
1757695189,2025-09-12T16:39:49Z,CPA321,"22.296474,113.898064",0,10,157
1757695195,2025-09-12T16:39:55Z,CPA321,"22.296307,113.89827",0,8,140
1757695203,2025-09-12T16:40:03Z,CPA321,"22.29631,113.89856",0,8,106
1757695209,2025-09-12T16:40:09Z,CPA321,"22.296438,113.898788",0,10,75
1757695219,2025-09-12T16:40:19Z,CPA321,"22.296638,113.899323",0,16,70
1757695225,2025-09-12T16:40:25Z,CPA321,"22.296844,113.899956",0,36,70
1757695228,2025-09-12T16:40:28Z,CPA321,"22.297091,113.900703",0,0,70
1757695231,2025-09-12T16:40:31Z,CPA321,"22.297312,113.90139",0,64,70
1757695232,2025-09-12T16:40:32Z,CPA321,"22.297428,113.901741",0,69,70
1757695233,2025-09-12T16:40:33Z,CPA321,"22.297531,113.902069",0,72,70
1757695235,2025-09-12T16:40:35Z,CPA321,"22.297766,113.902763",0,80,70
1757695236,2025-09-12T16:40:36Z,CPA321,"22.297977,113.903419",0,88,70
1757695244,2025-09-12T16:40:44Z,CPA321,"22.29908,113.906914",75,117,71
1757695253,2025-09-12T16:40:53Z,CPA321,"22.300943,113.912659",75,150,70
1757695259,2025-09-12T16:40:59Z,CPA321,"22.302567,113.917686",50,171,70
1757695267,2025-09-12T16:41:07Z,CPA321,"22.30481,113.924629",150,186,71
1757695274,2025-09-12T16:41:14Z,CPA321,"22.306715,113.930611",425,185,71
1757695282,2025-09-12T16:41:22Z,CPA321,"22.308903,113.937431",750,184,70
1757695290,2025-09-12T16:41:30Z,CPA321,"22.311401,113.945",1150,183,70
1757695297,2025-09-12T16:41:37Z,CPA321,"22.313187,113.950447",1450,182,70
1757695305,2025-09-12T16:41:45Z,CPA321,"22.31543,113.957336",1825,181,71
1757695313,2025-09-12T16:41:53Z,CPA321,"22.317719,113.96463",2025,188,71
1757695322,2025-09-12T16:42:02Z,CPA321,"22.320053,113.97197",2100,197,71
1757695330,2025-09-12T16:42:10Z,CPA321,"22.32259,113.97995",2200,208,71
1757695338,2025-09-12T16:42:18Z,CPA321,"22.325317,113.988449",2350,213,71
1757695346,2025-09-12T16:42:26Z,CPA321,"22.327972,113.996887",2575,215,71
1757695353,2025-09-12T16:42:33Z,CPA321,"22.330038,114.003242",2775,216,70
1757695362,2025-09-12T16:42:42Z,CPA321,"22.33283,114.01194",3050,216,70
1757695368,2025-09-12T16:42:48Z,CPA321,"22.335066,114.018761",3275,217,70
1757695376,2025-09-12T16:42:56Z,CPA321,"22.337486,114.027306",3500,218,76
1757695378,2025-09-12T16:42:58Z,CPA321,"22.337906,114.029449",3550,217,79
1757695381,2025-09-12T16:43:01Z,CPA321,"22.338324,114.032188",3625,218,82
1757695383,2025-09-12T16:43:03Z,CPA321,"22.338556,114.03437",3675,217,84
1757695385,2025-09-12T16:43:05Z,CPA321,"22.33865,114.036812",3750,218,88
1757695387,2025-09-12T16:43:07Z,CPA321,"22.338697,114.038597",3800,218,91
1757695389,2025-09-12T16:43:09Z,CPA321,"22.338593,114.041328",3875,218,94
1757695391,2025-09-12T16:43:11Z,CPA321,"22.338364,114.04348",3925,217,96
1757695393,2025-09-12T16:43:13Z,CPA321,"22.338045,114.045769",3975,218,99
1757695396,2025-09-12T16:43:16Z,CPA321,"22.337585,114.048325",4050,216,103
1757695398,2025-09-12T16:43:18Z,CPA321,"22.337067,114.050446",4125,216,106
1757695400,2025-09-12T16:43:20Z,CPA321,"22.336369,114.052734",4175,216,109
1757695402,2025-09-12T16:43:22Z,CPA321,"22.335617,114.054916",4250,217,112
1757695404,2025-09-12T16:43:24Z,CPA321,"22.334646,114.057213",4325,217,114
1757695406,2025-09-12T16:43:26Z,CPA321,"22.333923,114.058861",4375,216,117
1757695408,2025-09-12T16:43:28Z,CPA321,"22.332645,114.061279",4450,216,120
1757695411,2025-09-12T16:43:31Z,CPA321,"22.331573,114.06311",4525,216,123
1757695413,2025-09-12T16:43:33Z,CPA321,"22.330399,114.064949",4575,216,126
1757695415,2025-09-12T16:43:35Z,CPA321,"22.329153,114.066673",4650,216,128
1757695417,2025-09-12T16:43:37Z,CPA321,"22.327896,114.068245",4700,218,131
1757695419,2025-09-12T16:43:39Z,CPA321,"22.326508,114.069946",4775,218,133
1757695421,2025-09-12T16:43:41Z,CPA321,"22.324638,114.071907",4825,219,136
1757695423,2025-09-12T16:43:43Z,CPA321,"22.323473,114.073029",4875,220,139
1757695425,2025-09-12T16:43:45Z,CPA321,"22.321609,114.074738",4925,222,141
1757695427,2025-09-12T16:43:47Z,CPA321,"22.319916,114.076141",4975,224,143
1757695429,2025-09-12T16:43:49Z,CPA321,"22.318039,114.077538",5000,226,145
1757695432,2025-09-12T16:43:52Z,CPA321,"22.316437,114.078682",5000,228,147
1757695434,2025-09-12T16:43:54Z,CPA321,"22.314535,114.079948",5025,231,150
1757695436,2025-09-12T16:43:56Z,CPA321,"22.31258,114.081116",5050,234,152
1757695438,2025-09-12T16:43:58Z,CPA321,"22.31012,114.082428",5075,236,154
1757695440,2025-09-12T16:44:00Z,CPA321,"22.308289,114.083282",5075,239,156
1757695442,2025-09-12T16:44:02Z,CPA321,"22.306183,114.084175",5100,242,159
1757695444,2025-09-12T16:44:04Z,CPA321,"22.303802,114.085129",5125,244,161
1757695446,2025-09-12T16:44:06Z,CPA321,"22.301559,114.085823",5175,247,164
1757695448,2025-09-12T16:44:08Z,CPA321,"22.298859,114.086578",5200,248,166
1757695450,2025-09-12T16:44:10Z,CPA321,"22.297028,114.086975",5225,250,169
1757695452,2025-09-12T16:44:12Z,CPA321,"22.294647,114.087372",5275,252,172
1757695454,2025-09-12T16:44:14Z,CPA321,"22.291725,114.08773",5350,254,174
1757695457,2025-09-12T16:44:17Z,CPA321,"22.289492,114.087883",5400,256,177
1757695459,2025-09-12T16:44:19Z,CPA321,"22.287117,114.087929",5450,256,180
1757695461,2025-09-12T16:44:21Z,CPA321,"22.284714,114.087921",5500,258,181
1757695463,2025-09-12T16:44:23Z,CPA321,"22.28183,114.087822",5575,258,182
1757695465,2025-09-12T16:44:25Z,CPA321,"22.279541,114.087723",5625,260,182
1757695467,2025-09-12T16:44:27Z,CPA321,"22.276922,114.087578",5650,261,182
1757695469,2025-09-12T16:44:29Z,CPA321,"22.274185,114.087425",5700,263,182
1757695471,2025-09-12T16:44:31Z,CPA321,"22.272034,114.087318",5700,266,182
1757695473,2025-09-12T16:44:33Z,CPA321,"22.268867,114.087166",5750,267,182
1757695476,2025-09-12T16:44:36Z,CPA321,"22.266495,114.087029",5750,270,182
1757695478,2025-09-12T16:44:38Z,CPA321,"22.263655,114.086914",5775,272,182
1757695480,2025-09-12T16:44:40Z,CPA321,"22.261141,114.086815",5825,274,181
1757695495,2025-09-12T16:44:55Z,CPA321,"22.242325,114.086426",6200,278,180
1757695507,2025-09-12T16:45:07Z,CPA321,"22.226395,114.086327",6600,280,180
1757695521,2025-09-12T16:45:21Z,CPA321,"22.208267,114.086372",7000,284,179
1757695534,2025-09-12T16:45:34Z,CPA321,"22.190195,114.087677",7375,283,170
1757695536,2025-09-12T16:45:36Z,CPA321,"22.187635,114.088341",7450,283,170
1757695538,2025-09-12T16:45:38Z,CPA321,"22.184935,114.089256",7500,281,162
1757695543,2025-09-12T16:45:43Z,CPA321,"22.182421,114.090324",7575,280,155
1757695545,2025-09-12T16:45:45Z,CPA321,"22.176928,114.093529",7725,280,148
1757695552,2025-09-12T16:45:52Z,CPA321,"22.170736,114.098869",7900,278,136
1757695559,2025-09-12T16:45:59Z,CPA321,"22.164368,114.107552",8100,277,122
1757695561,2025-09-12T16:46:01Z,CPA321,"22.16304,114.110046",8175,277,120
1757695564,2025-09-12T16:46:04Z,CPA321,"22.161896,114.112541",8225,278,117
1757695570,2025-09-12T16:46:10Z,CPA321,"22.159378,114.120178",8375,278,103
1757695573,2025-09-12T16:46:13Z,CPA321,"22.158508,114.124725",8475,278,98
1757695575,2025-09-12T16:46:15Z,CPA321,"22.158096,114.128021",8525,279,96
1757695577,2025-09-12T16:46:17Z,CPA321,"22.157867,114.13102",8600,279,93
1757695579,2025-09-12T16:46:19Z,CPA321,"22.157701,114.133812",8650,280,92
1757695582,2025-09-12T16:46:22Z,CPA321,"22.157608,114.137321",8700,282,91
1757695584,2025-09-12T16:46:24Z,CPA321,"22.157515,114.140114",8750,282,91
1757695586,2025-09-12T16:46:26Z,CPA321,"22.157455,114.143501",8825,283,91
1757695588,2025-09-12T16:46:28Z,CPA321,"22.157364,114.146301",8875,283,91
1757695590,2025-09-12T16:46:30Z,CPA321,"22.157282,114.149117",8925,284,91
1757695593,2025-09-12T16:46:33Z,CPA321,"22.157181,114.152641",8975,284,92
1757695595,2025-09-12T16:46:35Z,CPA321,"22.157089,114.155243",9050,284,92
1757695597,2025-09-12T16:46:37Z,CPA321,"22.156952,114.158287",9125,284,92
1757695599,2025-09-12T16:46:39Z,CPA321,"22.156816,114.160919",9175,284,93
1757695614,2025-09-12T16:46:54Z,CPA321,"22.155699,114.18264",9575,289,90
1757695620,2025-09-12T16:47:00Z,CPA321,"22.156265,114.191544",9700,291,81
1757695622,2025-09-12T16:47:02Z,CPA321,"22.156815,114.19474",9750,292,78
1757695624,2025-09-12T16:47:04Z,CPA321,"22.15741,114.197235",9800,292,74
1757695627,2025-09-12T16:47:07Z,CPA321,"22.158325,114.200333",9850,294,69
1757695629,2025-09-12T16:47:09Z,CPA321,"22.159702,114.203949",9900,294,65
1757695631,2025-09-12T16:47:11Z,CPA321,"22.160959,114.206543",9950,295,60
1757695633,2025-09-12T16:47:13Z,CPA321,"22.162264,114.208885",10000,297,56
1757695635,2025-09-12T16:47:15Z,CPA321,"22.164185,114.211922",10075,297,52
1757695637,2025-09-12T16:47:17Z,CPA321,"22.166035,114.214272",10150,298,49
1757695640,2025-09-12T16:47:20Z,CPA321,"22.167892,114.216461",10200,297,44
1757695642,2025-09-12T16:47:22Z,CPA321,"22.170504,114.219055",10275,297,40
1757695644,2025-09-12T16:47:24Z,CPA321,"22.172562,114.220856",10350,298,37
1757695646,2025-09-12T16:47:26Z,CPA321,"22.174786,114.222618",10425,298,33
1757695648,2025-09-12T16:47:28Z,CPA321,"22.177139,114.224205",10475,300,30
1757695650,2025-09-12T16:47:30Z,CPA321,"22.179565,114.225655",10550,299,27
1757695652,2025-09-12T16:47:32Z,CPA321,"22.182793,114.227295",10625,299,24
1757695655,2025-09-12T16:47:35Z,CPA321,"22.185379,114.228447",10700,300,22
1757695657,2025-09-12T16:47:37Z,CPA321,"22.188583,114.229797",10775,300,20
1757695659,2025-09-12T16:47:39Z,CPA321,"22.191193,114.230843",10825,301,19
1757695661,2025-09-12T16:47:41Z,CPA321,"22.193966,114.231926",10875,302,19
1757695663,2025-09-12T16:47:43Z,CPA321,"22.196665,114.232994",10925,302,19
1757695665,2025-09-12T16:47:45Z,CPA321,"22.199112,114.23394",11000,302,20
1757695667,2025-09-12T16:47:47Z,CPA321,"22.201721,114.234993",11050,302,20
1757695669,2025-09-12T16:47:49Z,CPA321,"22.205017,114.23629",11125,302,20
1757695672,2025-09-12T16:47:52Z,CPA321,"22.207745,114.237419",11175,303,21
1757695674,2025-09-12T16:47:54Z,CPA321,"22.210968,114.238785",11225,303,21
1757695676,2025-09-12T16:47:56Z,CPA321,"22.21361,114.239906",11275,304,22
1757695690,2025-09-12T16:48:10Z,CPA321,"22.232557,114.248604",11650,306,23
1757695703,2025-09-12T16:48:23Z,CPA321,"22.249363,114.256645",12000,308,24
1757695735,2025-09-12T16:48:55Z,CPA321,"22.291538,114.276733",12775,314,23
1757695765,2025-09-12T16:49:25Z,CPA321,"22.333063,114.294228",13550,320,12
1757695768,2025-09-12T16:49:28Z,CPA321,"22.336212,114.294868",13600,320,9
1757695770,2025-09-12T16:49:30Z,CPA321,"22.339188,114.295319",13650,320,7
1757695772,2025-09-12T16:49:32Z,CPA321,"22.342117,114.295662",13700,321,4
1757695774,2025-09-12T16:49:34Z,CPA321,"22.344889,114.29586",13775,321,2
1757695776,2025-09-12T16:49:36Z,CPA321,"22.348068,114.295967",13825,321,1
1757695778,2025-09-12T16:49:38Z,CPA321,"22.350952,114.295914",13875,322,358
1757695780,2025-09-12T16:49:40Z,CPA321,"22.354385,114.295708",13950,322,355
1757695782,2025-09-12T16:49:42Z,CPA321,"22.357365,114.295403",14000,322,353
1757695784,2025-09-12T16:49:44Z,CPA321,"22.360474,114.294914",14050,323,349
1757695787,2025-09-12T16:49:47Z,CPA321,"22.364456,114.294067",14100,323,347
1757695789,2025-09-12T16:49:49Z,CPA321,"22.367279,114.293312",14100,325,343
1757695791,2025-09-12T16:49:51Z,CPA321,"22.370258,114.292297",14125,327,340
1757695793,2025-09-12T16:49:53Z,CPA321,"22.37347,114.291023",14150,328,338
1757695795,2025-09-12T16:49:55Z,CPA321,"22.376724,114.28952",14175,330,334
1757695797,2025-09-12T16:49:57Z,CPA321,"22.37957,114.287926",14175,331,331
1757695800,2025-09-12T16:50:00Z,CPA321,"22.382034,114.286377",14200,333,328
1757695802,2025-09-12T16:50:02Z,CPA321,"22.385202,114.284111",14200,334,324
1757695804,2025-09-12T16:50:04Z,CPA321,"22.388031,114.28183",14225,336,321
1757695806,2025-09-12T16:50:06Z,CPA321,"22.39064,114.279533",14250,338,319
1757695808,2025-09-12T16:50:08Z,CPA321,"22.393112,114.277237",14250,340,318
1757695810,2025-09-12T16:50:10Z,CPA321,"22.395584,114.274895",14275,341,318
1757695812,2025-09-12T16:50:12Z,CPA321,"22.397736,114.272797",14275,342,317
1757695814,2025-09-12T16:50:14Z,CPA321,"22.400751,114.269867",14300,344,317
1757695817,2025-09-12T16:50:17Z,CPA321,"22.403032,114.267632",14325,346,317
1757695819,2025-09-12T16:50:19Z,CPA321,"22.405499,114.26519",14325,347,317
1757695821,2025-09-12T16:50:21Z,CPA321,"22.408245,114.262444",14350,348,317
1757695823,2025-09-12T16:50:23Z,CPA321,"22.410141,114.260559",14375,349,317
1757695825,2025-09-12T16:50:25Z,CPA321,"22.413254,114.257515",14400,351,317
1757695827,2025-09-12T16:50:27Z,CPA321,"22.415634,114.255165",14425,353,317
1757695829,2025-09-12T16:50:29Z,CPA321,"22.418581,114.252319",14450,354,317
1757695861,2025-09-12T16:51:01Z,CPA321,"22.457703,114.215065",14875,369,318
1757695893,2025-09-12T16:51:33Z,CPA321,"22.498976,114.175972",15625,372,318
1757695924,2025-09-12T16:52:04Z,CPA321,"22.540146,114.137161",16450,372,322
1757695933,2025-09-12T16:52:13Z,CPA321,"22.552511,114.128212",16625,373,330
1757695935,2025-09-12T16:52:15Z,CPA321,"22.555664,114.126328",16650,373,331
1757695937,2025-09-12T16:52:17Z,CPA321,"22.558365,114.124779",16675,374,333
1757695939,2025-09-12T16:52:19Z,CPA321,"22.562119,114.122833",16725,374,334
1757695941,2025-09-12T16:52:21Z,CPA321,"22.566284,114.120735",16775,374,335
1757695943,2025-09-12T16:52:23Z,CPA321,"22.569317,114.119209",16825,376,335
1757695946,2025-09-12T16:52:26Z,CPA321,"22.572481,114.117683",16850,376,335
1757695948,2025-09-12T16:52:28Z,CPA321,"22.576439,114.115753",16875,376,335
1757695950,2025-09-12T16:52:30Z,CPA321,"22.580442,114.113823",16925,378,335
1757695952,2025-09-12T16:52:32Z,CPA321,"22.583633,114.112297",16950,378,335
1757695954,2025-09-12T16:52:34Z,CPA321,"22.58696,114.110664",16975,380,335
1757695956,2025-09-12T16:52:36Z,CPA321,"22.589539,114.109398",16975,382,335
1757695988,2025-09-12T16:53:08Z,CPA321,"22.641998,114.082932",17250,398,334
1757696020,2025-09-12T16:53:40Z,CPA321,"22.694824,114.055664",17500,413,334
1757696052,2025-09-12T16:54:12Z,CPA321,"22.751862,114.026154",17825,425,334
1757696084,2025-09-12T16:54:44Z,CPA321,"22.808533,113.996986",18650,422,334
1757696116,2025-09-12T16:55:16Z,CPA321,"22.866692,113.966927",19125,428,334
1757696148,2025-09-12T16:55:48Z,CPA321,"22.923532,113.937531",19625,432,334
1757696180,2025-09-12T16:56:20Z,CPA321,"22.981583,113.907318",20200,434,334
1757696212,2025-09-12T16:56:52Z,CPA321,"23.040024,113.876091",20700,438,331
1757696225,2025-09-12T16:57:05Z,CPA321,"23.062363,113.861259",20925,439,324
1757696227,2025-09-12T16:57:07Z,CPA321,"23.066542,113.85788",20975,440,322
1757696229,2025-09-12T16:57:09Z,CPA321,"23.069641,113.855263",21000,440,321
1757696232,2025-09-12T16:57:12Z,CPA321,"23.0728,113.85247",21025,440,319
1757696234,2025-09-12T16:57:14Z,CPA321,"23.076233,113.84922",21075,441,318
1757696236,2025-09-12T16:57:16Z,CPA321,"23.079117,113.846375",21100,442,316
1757696238,2025-09-12T16:57:18Z,CPA321,"23.08255,113.842781",21125,441,315
1757696240,2025-09-12T16:57:20Z,CPA321,"23.085205,113.839882",21150,441,313
1757696242,2025-09-12T16:57:22Z,CPA321,"23.087952,113.836639",21175,441,311
1757696244,2025-09-12T16:57:24Z,CPA321,"23.091539,113.832191",21225,442,310
1757696247,2025-09-12T16:57:27Z,CPA321,"23.093903,113.829048",21250,442,308
1757696249,2025-09-12T16:57:29Z,CPA321,"23.097311,113.824257",21275,443,306
1757696251,2025-09-12T16:57:31Z,CPA321,"23.099808,113.820503",21325,444,305
1757696253,2025-09-12T16:57:33Z,CPA321,"23.10206,113.816933",21325,444,303
1757696255,2025-09-12T16:57:35Z,CPA321,"23.104109,113.81353",21350,445,301
1757696257,2025-09-12T16:57:37Z,CPA321,"23.106812,113.808624",21400,446,300
1757696259,2025-09-12T16:57:39Z,CPA321,"23.10881,113.804878",21425,446,299
1757696261,2025-09-12T16:57:41Z,CPA321,"23.110811,113.801018",21425,446,298
1757696263,2025-09-12T16:57:43Z,CPA321,"23.113186,113.796288",21450,446,298
1757696265,2025-09-12T16:57:45Z,CPA321,"23.115095,113.792519",21475,448,298
1757696268,2025-09-12T16:57:48Z,CPA321,"23.117002,113.788704",21500,447,298
1757696270,2025-09-12T16:57:50Z,CPA321,"23.119217,113.784302",21525,448,298
1757696272,2025-09-12T16:57:52Z,CPA321,"23.121286,113.780159",21550,447,298
1757696274,2025-09-12T16:57:54Z,CPA321,"23.123291,113.77626",21575,448,298
1757696306,2025-09-12T16:58:26Z,CPA321,"23.156155,113.714447",22050,450,300
1757696338,2025-09-12T16:58:58Z,CPA321,"23.190079,113.651314",22350,456,299
1757696369,2025-09-12T16:59:29Z,CPA321,"23.222956,113.58902",22775,460,299
1757696401,2025-09-12T17:00:01Z,CPA321,"23.256958,113.524422",23300,460,299
1757696433,2025-09-12T17:00:33Z,CPA321,"23.291016,113.459724",23600,468,299
1757696467,2025-09-12T17:01:07Z,CPA321,"23.328117,113.389183",23975,470,299
1757696499,2025-09-12T17:01:39Z,CPA321,"23.362244,113.324577",24450,472,299
1757696532,2025-09-12T17:02:12Z,CPA321,"23.398315,113.256111",24875,472,299
1757696564,2025-09-12T17:02:44Z,CPA321,"23.433092,113.189903",25275,476,299
1757696595,2025-09-12T17:03:15Z,CPA321,"23.467495,113.12439",25650,478,299
1757696637,2025-09-12T17:03:57Z,CPA321,"23.513077,113.03743",26050,483,299
1757696669,2025-09-12T17:04:29Z,CPA321,"23.548775,112.9692",26350,487,299
1757696701,2025-09-12T17:05:01Z,CPA321,"23.572495,112.923889",26525,490,300
1757696740,2025-09-12T17:05:40Z,CPA321,"23.627335,112.81881",27225,489,299
1757696788,2025-09-12T17:06:28Z,CPA321,"23.68222,112.713417",27600,496,299
1757696824,2025-09-12T17:07:04Z,CPA321,"23.72274,112.635513",27600,500,299
1757696857,2025-09-12T17:07:37Z,CPA321,"23.761473,112.56089",27775,502,299
1757696886,2025-09-12T17:08:06Z,CPA321,"23.781723,112.521767",27975,502,299
1757696928,2025-09-12T17:08:48Z,CPA321,"23.829437,112.429558",28450,500,299
1757696957,2025-09-12T17:09:17Z,CPA321,"23.860909,112.368736",28775,500,299
1757697000,2025-09-12T17:10:00Z,CPA321,"23.923004,112.250214",29050,504,303
1757697014,2025-09-12T17:10:14Z,CPA321,"23.944098,112.219017",29225,498,309
1757697016,2025-09-12T17:10:16Z,CPA321,"23.94809,112.213745",29325,498,309
1757697019,2025-09-12T17:10:19Z,CPA321,"23.951033,112.209846",29400,495,309
1757697021,2025-09-12T17:10:21Z,CPA321,"23.954407,112.205406",29475,495,309
1757697062,2025-09-12T17:11:02Z,CPA321,"23.995102,112.150169",29950,491,308
1757697098,2025-09-12T17:11:38Z,CPA321,"24.062805,112.055305",30350,490,307
1757697129,2025-09-12T17:12:09Z,CPA321,"24.105972,111.995186",30500,492,308
1757697163,2025-09-12T17:12:43Z,CPA321,"24.139297,111.948753",30650,494,308
1757697192,2025-09-12T17:13:12Z,CPA321,"24.179306,111.892952",31050,490,308
1757697226,2025-09-12T17:13:46Z,CPA321,"24.226854,111.826622",31425,487,308
1757697261,2025-09-12T17:14:21Z,CPA321,"24.275782,111.758217",31600,488,308
1757697295,2025-09-12T17:14:55Z,CPA321,"24.322939,111.692299",31825,488,308
1757697335,2025-09-12T17:15:35Z,CPA321,"24.378754,111.614075",31975,490,308
1757697370,2025-09-12T17:16:10Z,CPA321,"24.427597,111.545509",32050,494,308
1757697400,2025-09-12T17:16:40Z,CPA321,"24.470091,111.485786",32100,499,308
1757697440,2025-09-12T17:17:20Z,CPA321,"24.527117,111.40551",32100,505,308
1757697483,2025-09-12T17:18:03Z,CPA321,"24.589233,111.317902",32100,511,308
1757697518,2025-09-12T17:18:38Z,CPA321,"24.640732,111.245171",32100,516,308
1757697553,2025-09-12T17:19:13Z,CPA321,"24.691866,111.172676",32100,523,308
1757697576,2025-09-12T17:19:36Z,CPA321,"24.724365,111.12661",32100,523,308
1757697610,2025-09-12T17:20:10Z,CPA321,"24.776499,111.052605",32100,526,308
1757697664,2025-09-12T17:21:04Z,CPA321,"24.857309,110.93766",32100,528,308
1757697698,2025-09-12T17:21:38Z,CPA321,"24.908194,110.865211",32100,528,308
1757697733,2025-09-12T17:22:13Z,CPA321,"24.960007,110.791214",32100,527,308
1757697762,2025-09-12T17:22:42Z,CPA321,"25.003281,110.729317",32100,528,307
1757697786,2025-09-12T17:23:06Z,CPA321,"25.04324,110.680946",32100,525,319
1757697791,2025-09-12T17:23:11Z,CPA321,"25.05171,110.673424",32100,524,322
1757697796,2025-09-12T17:23:16Z,CPA321,"25.059677,110.666962",32100,522,325
1757697800,2025-09-12T17:23:20Z,CPA321,"25.0695,110.659691",32100,522,327
1757697805,2025-09-12T17:23:25Z,CPA321,"25.080343,110.652328",32125,521,329
1757697810,2025-09-12T17:23:30Z,CPA321,"25.090302,110.645851",32125,520,330
1757697859,2025-09-12T17:24:19Z,CPA321,"25.188299,110.578644",32125,518,327
1757697883,2025-09-12T17:24:43Z,CPA321,"25.236526,110.539513",32100,519,317
1757697888,2025-09-12T17:24:48Z,CPA321,"25.245651,110.529823",32100,518,315
1757697893,2025-09-12T17:24:53Z,CPA321,"25.253843,110.520287",32100,519,312
1757697898,2025-09-12T17:24:58Z,CPA321,"25.261524,110.510544",32100,519,310
1757697903,2025-09-12T17:25:03Z,CPA321,"25.269104,110.500084",32100,519,307
1757697908,2025-09-12T17:25:08Z,CPA321,"25.276199,110.489555",32100,518,306
1757697938,2025-09-12T17:25:38Z,CPA321,"25.319483,110.4254",32100,516,307
1757697973,2025-09-12T17:26:13Z,CPA321,"25.370132,110.35331",32100,515,308
1757698002,2025-09-12T17:26:42Z,CPA321,"25.412247,110.292763",32100,512,307
1757698037,2025-09-12T17:27:17Z,CPA321,"25.46277,110.219666",32100,509,307
1757698066,2025-09-12T17:27:46Z,CPA321,"25.50412,110.159813",32100,508,307
1757698101,2025-09-12T17:28:21Z,CPA321,"25.554106,110.087311",32100,510,307
1757698130,2025-09-12T17:28:50Z,CPA321,"25.595306,110.027519",32100,511,307
1757698165,2025-09-12T17:29:25Z,CPA321,"25.645531,109.954437",32100,512,307
1757698200,2025-09-12T17:30:00Z,CPA321,"25.695789,109.881241",32100,513,307
1757698235,2025-09-12T17:30:35Z,CPA321,"25.746277,109.80764",32100,514,307
1757698270,2025-09-12T17:31:10Z,CPA321,"25.79562,109.733841",32100,515,305
1757698300,2025-09-12T17:31:40Z,CPA321,"25.829,109.673248",32100,517,299
1757698343,2025-09-12T17:32:23Z,CPA321,"25.87495,109.561363",32100,520,291
1757698378,2025-09-12T17:32:58Z,CPA321,"25.899399,109.475136",32100,519,286
1757698412,2025-09-12T17:33:32Z,CPA321,"25.923203,109.385269",32100,518,287
1757698445,2025-09-12T17:34:05Z,CPA321,"25.945749,109.301292",32100,518,286
1757698484,2025-09-12T17:34:44Z,CPA321,"25.971817,109.202545",32100,516,286
1757698529,2025-09-12T17:35:29Z,CPA321,"26.002077,109.087585",32100,517,287
1757698564,2025-09-12T17:36:04Z,CPA321,"26.025421,108.998474",32100,516,286
1757698599,2025-09-12T17:36:39Z,CPA321,"26.048679,108.909538",32100,514,286
1757698634,2025-09-12T17:37:14Z,CPA321,"26.07184,108.820618",32100,515,287
1757698669,2025-09-12T17:37:49Z,CPA321,"26.09481,108.732109",32100,516,286
1757698704,2025-09-12T17:38:24Z,CPA321,"26.118692,108.642265",32100,518,287
1757698738,2025-09-12T17:38:58Z,CPA321,"26.14156,108.556633",32100,517,286
1757698766,2025-09-12T17:39:26Z,CPA321,"26.160728,108.484497",32100,516,287
1757698800,2025-09-12T17:40:00Z,CPA321,"26.188156,108.40065",32100,517,294
1757698843,2025-09-12T17:40:43Z,CPA321,"26.233259,108.296989",32100,518,296
1757698877,2025-09-12T17:41:17Z,CPA321,"26.268129,108.215538",32100,517,295
1757698912,2025-09-12T17:41:52Z,CPA321,"26.302851,108.134521",32100,517,296
1757698946,2025-09-12T17:42:26Z,CPA321,"26.33931,108.049973",32100,514,296
1757698975,2025-09-12T17:42:55Z,CPA321,"26.368973,107.980995",32100,513,296
1757699010,2025-09-12T17:43:30Z,CPA321,"26.405128,107.896729",32100,514,295
1757699040,2025-09-12T17:44:00Z,CPA321,"26.43548,107.825851",32100,513,296
1757699075,2025-09-12T17:44:35Z,CPA321,"26.4711,107.742348",32100,514,296
1757699105,2025-09-12T17:45:05Z,CPA321,"26.502182,107.66964",32100,513,296
1757699148,2025-09-12T17:45:48Z,CPA321,"26.544571,107.570091",32100,514,295
1757699182,2025-09-12T17:46:22Z,CPA321,"26.580185,107.486191",32100,514,295
1757699211,2025-09-12T17:46:51Z,CPA321,"26.609985,107.415665",32100,513,295
1757699251,2025-09-12T17:47:31Z,CPA321,"26.650366,107.320213",32100,514,295
1757699271,2025-09-12T17:47:51Z,CPA321,"26.666473,107.27092",32100,516,283
1757699276,2025-09-12T17:47:56Z,CPA321,"26.668945,107.256721",32100,518,279
1757699281,2025-09-12T17:48:01Z,CPA321,"26.670456,107.243767",32100,516,276
1757699286,2025-09-12T17:48:06Z,CPA321,"26.671234,107.230659",32075,512,272
1757699291,2025-09-12T17:48:11Z,CPA321,"26.671406,107.217796",32100,508,269
1757699296,2025-09-12T17:48:16Z,CPA321,"26.671097,107.205261",32100,506,268
1757699321,2025-09-12T17:48:41Z,CPA321,"26.674061,107.140366",32100,497,280
1757699326,2025-09-12T17:48:46Z,CPA321,"26.676249,107.127052",32100,497,282
1757699331,2025-09-12T17:48:51Z,CPA321,"26.678375,107.115402",32100,497,282
1757699360,2025-09-12T17:49:20Z,CPA321,"26.692154,107.041451",32100,496,281
1757699390,2025-09-12T17:49:50Z,CPA321,"26.707718,106.967964",32100,496,286
1757699420,2025-09-12T17:50:20Z,CPA321,"26.728619,106.894066",32100,496,290
1757699455,2025-09-12T17:50:55Z,CPA321,"26.757799,106.81131",32100,498,292
1757699490,2025-09-12T17:51:30Z,CPA321,"26.790848,106.727615",32100,498,300
1757699495,2025-09-12T17:51:35Z,CPA321,"26.796259,106.717598",32100,497,303
1757699500,2025-09-12T17:51:40Z,CPA321,"26.802963,106.706245",32100,497,304
1757699505,2025-09-12T17:51:45Z,CPA321,"26.807831,106.698547",32100,496,306
1757699514,2025-09-12T17:51:54Z,CPA321,"26.822329,106.677406",32100,495,309
1757699519,2025-09-12T17:51:59Z,CPA321,"26.829172,106.668106",32100,494,310
1757699524,2025-09-12T17:52:04Z,CPA321,"26.83676,106.658386",32100,494,312
1757699529,2025-09-12T17:52:09Z,CPA321,"26.844582,106.648933",32100,494,314
1757699534,2025-09-12T17:52:14Z,CPA321,"26.852692,106.639725",32100,494,315
1757699549,2025-09-12T17:52:29Z,CPA321,"26.878784,106.613403",32100,495,321
1757699554,2025-09-12T17:52:34Z,CPA321,"26.887268,106.605835",32100,496,322
1757699583,2025-09-12T17:53:03Z,CPA321,"26.939941,106.560593",32100,500,323
1757699617,2025-09-12T17:53:37Z,CPA321,"27.004908,106.510391",32100,503,328
1757699652,2025-09-12T17:54:12Z,CPA321,"27.075027,106.462753",32100,506,329
1757699692,2025-09-12T17:54:52Z,CPA321,"27.152206,106.408707",32100,507,328
1757699726,2025-09-12T17:55:26Z,CPA321,"27.219681,106.355171",32100,508,321
1757699761,2025-09-12T17:56:01Z,CPA321,"27.281982,106.294281",32100,507,319
1757699798,2025-09-12T17:56:38Z,CPA321,"27.34717,106.230949",32100,509,320
1757699833,2025-09-12T17:57:13Z,CPA321,"27.408331,106.171562",32100,511,320
1757699861,2025-09-12T17:57:41Z,CPA321,"27.459579,106.121429",32100,511,319
1757699903,2025-09-12T17:58:23Z,CPA321,"27.55394,106.029106",32100,510,318
1757699930,2025-09-12T17:58:50Z,CPA321,"27.582899,106.000687",32100,509,319
1757699965,2025-09-12T17:59:25Z,CPA321,"27.658733,105.913483",32100,510,309
1757699972,2025-09-12T17:59:32Z,CPA321,"27.668701,105.899651",32100,509,308
1757699977,2025-09-12T17:59:37Z,CPA321,"27.670137,105.897636",32100,509,308
1757700008,2025-09-12T18:00:08Z,CPA321,"27.718369,105.819847",32100,511,301
1757700043,2025-09-12T18:00:43Z,CPA321,"27.757141,105.738747",32100,650,297
1757700075,2025-09-12T18:01:15Z,CPA321,"27.786892,105.66217",32100,512,293
1757700100,2025-09-12T18:01:40Z,CPA321,"27.799368,105.629791",32100,511,293
1757700136,2025-09-12T18:02:16Z,CPA321,"27.83551,105.538658",32100,512,294
1757700171,2025-09-12T18:02:51Z,CPA321,"27.868731,105.456177",32100,511,295
1757700205,2025-09-12T18:03:25Z,CPA321,"27.902939,105.371483",32100,511,295
1757700230,2025-09-12T18:03:50Z,CPA321,"27.93288,105.313087",32100,512,307
1757700235,2025-09-12T18:03:55Z,CPA321,"27.940651,105.302017",32100,512,310
1757700245,2025-09-12T18:04:05Z,CPA321,"27.955782,105.283653",32100,513,316
1757700250,2025-09-12T18:04:10Z,CPA321,"27.965651,105.273529",32100,513,320
1757700255,2025-09-12T18:04:15Z,CPA321,"27.972702,105.266983",32100,513,321
1757700268,2025-09-12T18:04:28Z,CPA321,"27.997355,105.248001",32100,513,329
1757700272,2025-09-12T18:04:32Z,CPA321,"28.00873,105.24099",32100,514,334
1757700277,2025-09-12T18:04:37Z,CPA321,"28.019234,105.235397",32125,515,335
1757700282,2025-09-12T18:04:42Z,CPA321,"28.03056,105.230171",32125,515,340
1757700292,2025-09-12T18:04:52Z,CPA321,"28.052811,105.221771",32100,516,343
1757700297,2025-09-12T18:04:57Z,CPA321,"28.062149,105.218491",32125,516,343
1757700331,2025-09-12T18:05:31Z,CPA321,"28.140751,105.189133",32100,512,341
1757700373,2025-09-12T18:06:13Z,CPA321,"28.23538,105.152138",32100,512,341
1757700401,2025-09-12T18:06:41Z,CPA321,"28.298447,105.128014",32100,512,342
1757700435,2025-09-12T18:07:15Z,CPA321,"28.375214,105.098755",32100,514,341
1757700465,2025-09-12T18:07:45Z,CPA321,"28.44393,105.07254",32100,516,341
1757700506,2025-09-12T18:08:26Z,CPA321,"28.535889,105.037216",32100,517,341
1757700536,2025-09-12T18:08:56Z,CPA321,"28.603912,105.010971",32100,514,341
1757700584,2025-09-12T18:09:44Z,CPA321,"28.712271,104.969238",32100,512,341
1757700619,2025-09-12T18:10:19Z,CPA321,"28.790836,104.938873",32100,513,342
1757700646,2025-09-12T18:10:46Z,CPA321,"28.84959,104.916161",32100,515,341
1757700686,2025-09-12T18:11:26Z,CPA321,"28.941339,104.880547",32100,512,342
1757700715,2025-09-12T18:11:55Z,CPA321,"29.006882,104.855103",32100,509,341
1757700757,2025-09-12T18:12:37Z,CPA321,"29.099621,104.819077",32100,506,341
1757700794,2025-09-12T18:13:14Z,CPA321,"29.182573,104.786736",32100,506,342
1757700822,2025-09-12T18:13:42Z,CPA321,"29.244627,104.762558",32100,505,341
1757700855,2025-09-12T18:14:15Z,CPA321,"29.318069,104.733879",32100,507,341
1757700891,2025-09-12T18:14:51Z,CPA321,"29.39411,104.704071",32100,509,341
1757700925,2025-09-12T18:15:25Z,CPA321,"29.47455,104.672562",32100,507,341
1757700960,2025-09-12T18:16:00Z,CPA321,"29.552536,104.641922",32100,507,341
1757701002,2025-09-12T18:16:42Z,CPA321,"29.645536,104.605408",32100,507,341
1757701025,2025-09-12T18:17:05Z,CPA321,"29.69586,104.585571",32100,508,341
1757701068,2025-09-12T18:17:48Z,CPA321,"29.7925,104.547462",32100,509,341
1757701103,2025-09-12T18:18:23Z,CPA321,"29.869965,104.516869",32100,507,341
1757701138,2025-09-12T18:18:58Z,CPA321,"29.973267,104.475998",32100,509,341
1757701170,2025-09-12T18:19:30Z,CPA321,"30.044861,104.452736",32100,513,347
1757701201,2025-09-12T18:20:01Z,CPA321,"30.115015,104.438835",32100,516,353
1757701233,2025-09-12T18:20:33Z,CPA321,"30.19611,104.43219",32125,520,358
1757701266,2025-09-12T18:21:06Z,CPA321,"30.274549,104.435265",32100,522,4
1757701298,2025-09-12T18:21:38Z,CPA321,"30.351221,104.447128",32100,523,9
1757701328,2025-09-12T18:22:08Z,CPA321,"30.424494,104.460152",32100,523,8
1757701360,2025-09-12T18:22:40Z,CPA321,"30.498745,104.469162",32100,523,2
1757701393,2025-09-12T18:23:13Z,CPA321,"30.580816,104.468719",32100,522,358
1757701415,2025-09-12T18:23:35Z,CPA321,"30.607269,104.466461",32100,521,354
1757701458,2025-09-12T18:24:18Z,CPA321,"30.706238,104.448746",32100,517,348
1757701491,2025-09-12T18:24:51Z,CPA321,"30.784424,104.423592",32100,513,342
1757701534,2025-09-12T18:25:34Z,CPA321,"30.885269,104.395103",32100,519,351
1757701539,2025-09-12T18:25:39Z,CPA321,"30.893509,104.393791",32100,519,353
1757701543,2025-09-12T18:25:43Z,CPA321,"30.906326,104.391983",32100,519,353
1757701577,2025-09-12T18:26:17Z,CPA321,"31.014038,104.386597",32100,522,359
1757701607,2025-09-12T18:26:47Z,CPA321,"31.08609,104.384659",32100,521,358
1757701638,2025-09-12T18:27:18Z,CPA321,"31.160385,104.382339",32100,521,358
1757701671,2025-09-12T18:27:51Z,CPA321,"31.240631,104.380188",32100,518,358
1757701701,2025-09-12T18:28:21Z,CPA321,"31.312525,104.377426",32425,511,357
1757701733,2025-09-12T18:28:53Z,CPA321,"31.388777,104.372314",32850,506,356
1757701766,2025-09-12T18:29:26Z,CPA321,"31.463516,104.367531",33550,494,357
1757701797,2025-09-12T18:29:57Z,CPA321,"31.532206,104.363472",33825,493,357
1757701828,2025-09-12T18:30:28Z,CPA321,"31.606688,104.359077",33975,494,357
1757701859,2025-09-12T18:30:59Z,CPA321,"31.6772,104.35498",34100,496,357
1757701891,2025-09-12T18:31:31Z,CPA321,"31.750954,104.350616",34100,500,357
1757701922,2025-09-12T18:32:02Z,CPA321,"31.821808,104.34655",34100,504,357
1757701953,2025-09-12T18:32:33Z,CPA321,"31.895874,104.342926",34100,507,357
1757701985,2025-09-12T18:33:05Z,CPA321,"31.971378,104.339172",34100,509,357
1757702018,2025-09-12T18:33:38Z,CPA321,"32.048141,104.335251",34100,509,357
1757702048,2025-09-12T18:34:08Z,CPA321,"32.119949,104.331612",34100,508,357
1757702080,2025-09-12T18:34:40Z,CPA321,"32.195526,104.327713",34100,508,357
1757702112,2025-09-12T18:35:12Z,CPA321,"32.268753,104.323929",34100,505,357
1757702144,2025-09-12T18:35:44Z,CPA321,"32.343887,104.320023",34100,505,357
1757702177,2025-09-12T18:36:17Z,CPA321,"32.421478,104.31601",34100,506,357
1757702210,2025-09-12T18:36:50Z,CPA321,"32.498581,104.312218",34100,505,357
1757702242,2025-09-12T18:37:22Z,CPA321,"32.573685,104.308701",34100,506,357
1757702275,2025-09-12T18:37:55Z,CPA321,"32.652145,104.304916",34100,460,357
1757702307,2025-09-12T18:38:27Z,CPA321,"32.699314,104.302628",34100,507,357
1757702341,2025-09-12T18:39:01Z,CPA321,"32.780457,104.298759",34100,508,358
1757702371,2025-09-12T18:39:31Z,CPA321,"32.850586,104.295357",34100,507,358
1757702413,2025-09-12T18:40:13Z,CPA321,"32.946556,104.290688",34100,505,357
1757702446,2025-09-12T18:40:46Z,CPA321,"33.024033,104.287003",34100,505,358
1757702485,2025-09-12T18:41:25Z,CPA321,"33.118427,104.282394",34100,507,357
1757702528,2025-09-12T18:42:08Z,CPA321,"33.213627,104.277237",34100,507,356
1757702556,2025-09-12T18:42:36Z,CPA321,"33.280846,104.266869",34100,501,350
1757702593,2025-09-12T18:43:13Z,CPA321,"33.363922,104.242508",34100,494,342
1757702627,2025-09-12T18:43:47Z,CPA321,"33.43647,104.210648",34100,490,336
1757702666,2025-09-12T18:44:26Z,CPA321,"33.516262,104.162613",34100,484,330
1757702810,2025-09-12T18:46:50Z,CPA321,"33.843243,104.112106",34100,507,352
1757702849,2025-09-12T18:47:29Z,CPA321,"33.935806,104.111824",34100,508,359
1757703477,2025-09-12T18:57:57Z,CPA321,"35.424362,104.112053",34100,512,0
1757703638,2025-09-12T19:00:38Z,CPA321,"35.807701,104.113396",34100,509,359
1757703673,2025-09-12T19:01:13Z,CPA321,"35.888145,104.107262",34100,502,354
1757703703,2025-09-12T19:01:43Z,CPA321,"35.957512,104.099136",34100,500,355
1757703738,2025-09-12T19:02:18Z,CPA321,"36.037861,104.090599",34100,499,356
1757703772,2025-09-12T19:02:52Z,CPA321,"36.1129,104.082489",34100,496,354
1757703800,2025-09-12T19:03:20Z,CPA321,"36.180862,104.075027",34100,496,354
1757703843,2025-09-12T19:04:03Z,CPA321,"36.278091,104.064331",34100,491,355
1757703877,2025-09-12T19:04:37Z,CPA321,"36.356415,104.055405",34100,490,353
1757703911,2025-09-12T19:05:11Z,CPA321,"36.430161,104.03698",34100,480,343
1757703946,2025-09-12T19:05:46Z,CPA321,"36.500446,104.005287",34100,472,336
1757703978,2025-09-12T19:06:18Z,CPA321,"36.562092,103.965172",34100,465,329
1757704010,2025-09-12T19:06:50Z,CPA321,"36.620224,103.91407",34100,460,321
1757704054,2025-09-12T19:07:34Z,CPA321,"36.686241,103.834183",34100,450,311
1757704088,2025-09-12T19:08:08Z,CPA321,"36.72821,103.764664",34100,443,303
1757704121,2025-09-12T19:08:41Z,CPA321,"36.761185,103.692528",34100,441,297
1757704156,2025-09-12T19:09:16Z,CPA321,"36.795868,103.611832",34100,441,298
1757704191,2025-09-12T19:09:51Z,CPA321,"36.8298,103.533752",34100,442,299
1757704226,2025-09-12T19:10:26Z,CPA321,"36.863411,103.455566",34100,442,298
1757704256,2025-09-12T19:10:56Z,CPA321,"36.892502,103.387718",34100,441,298
1757704291,2025-09-12T19:11:31Z,CPA321,"36.925747,103.309814",34100,439,298
1757704333,2025-09-12T19:12:13Z,CPA321,"36.969925,103.21846",34100,443,302
1757704368,2025-09-12T19:12:48Z,CPA321,"37.008797,103.141678",34100,441,302
1757704403,2025-09-12T19:13:23Z,CPA321,"37.04604,103.067345",34100,441,301
1757704437,2025-09-12T19:13:57Z,CPA321,"37.084118,102.991333",34100,441,302
1757704477,2025-09-12T19:14:37Z,CPA321,"37.126694,102.906425",34100,439,301
1757704512,2025-09-12T19:15:12Z,CPA321,"37.164093,102.831619",34100,437,301
1757704542,2025-09-12T19:15:42Z,CPA321,"37.197144,102.765236",34100,437,301
1757704577,2025-09-12T19:16:17Z,CPA321,"37.234482,102.690102",34100,439,301
1757704612,2025-09-12T19:16:52Z,CPA321,"37.272373,102.613678",34525,435,301
1757704647,2025-09-12T19:17:27Z,CPA321,"37.309204,102.539314",34800,435,301
1757704682,2025-09-12T19:18:02Z,CPA321,"37.343811,102.462181",35050,433,295
1757704712,2025-09-12T19:18:32Z,CPA321,"37.365829,102.39299",35175,432,288
1757704750,2025-09-12T19:19:10Z,CPA321,"37.385452,102.300446",35375,433,283
1757704780,2025-09-12T19:19:40Z,CPA321,"37.39975,102.227493",35650,433,284
1757704815,2025-09-12T19:20:15Z,CPA321,"37.416916,102.140945",35800,432,283
1757704850,2025-09-12T19:20:50Z,CPA321,"37.43335,102.056618",36075,432,284
1757704899,2025-09-12T19:21:39Z,CPA321,"37.456421,101.937408",36100,430,283
1757704929,2025-09-12T19:22:09Z,CPA321,"37.470428,101.864594",36100,430,283
1757704963,2025-09-12T19:22:43Z,CPA321,"37.486496,101.780853",36100,432,283
1757704998,2025-09-12T19:23:18Z,CPA321,"37.505493,101.697517",36100,432,289
1757705027,2025-09-12T19:23:47Z,CPA321,"37.526691,101.635056",36100,433,296
1757705060,2025-09-12T19:24:20Z,CPA321,"37.560486,101.556244",36100,433,298
1757705104,2025-09-12T19:25:04Z,CPA321,"37.601826,101.45826",36100,432,297
1757705139,2025-09-12T19:25:39Z,CPA321,"37.634308,101.381485",36100,432,298
1757705172,2025-09-12T19:26:12Z,CPA321,"37.664291,101.310715",36100,432,297
1757705201,2025-09-12T19:26:41Z,CPA321,"37.693085,101.242752",36100,430,297
1757705236,2025-09-12T19:27:16Z,CPA321,"37.725746,101.165337",36100,430,297
1757705276,2025-09-12T19:27:56Z,CPA321,"37.76178,101.079536",36100,432,297
1757705305,2025-09-12T19:28:25Z,CPA321,"37.790035,101.012184",36100,430,297
1757705340,2025-09-12T19:29:00Z,CPA321,"37.822357,100.935196",36100,428,297
1757705375,2025-09-12T19:29:35Z,CPA321,"37.855259,100.858307",36100,427,300
1757705410,2025-09-12T19:30:10Z,CPA321,"37.889832,100.78244",36100,426,300
1757705454,2025-09-12T19:30:54Z,CPA321,"37.932312,100.687714",36100,422,299
1757705488,2025-09-12T19:31:28Z,CPA321,"37.964977,100.614044",36100,424,299
1757705516,2025-09-12T19:31:56Z,CPA321,"37.991653,100.553741",36100,424,299
1757705550,2025-09-12T19:32:30Z,CPA321,"38.024281,100.479958",36100,426,299
1757705580,2025-09-12T19:33:00Z,CPA321,"38.052521,100.415977",36100,426,299
1757705615,2025-09-12T19:33:35Z,CPA321,"38.087318,100.336884",36100,428,299
1757705674,2025-09-12T19:34:34Z,CPA321,"38.143707,100.208458",36100,428,299
1757705719,2025-09-12T19:35:19Z,CPA321,"38.187698,100.107773",36100,429,299
1757705759,2025-09-12T19:35:59Z,CPA321,"38.225533,100.021141",36100,426,298
1757705794,2025-09-12T19:36:34Z,CPA321,"38.259201,99.94368",36100,426,298
1757705829,2025-09-12T19:37:09Z,CPA321,"38.291702,99.868706",36100,426,298
1757705864,2025-09-12T19:37:44Z,CPA321,"38.325714,99.790108",36100,428,298
1757705904,2025-09-12T19:38:24Z,CPA321,"38.364025,99.701347",36100,430,298
1757705939,2025-09-12T19:38:59Z,CPA321,"38.397034,99.624611",36100,430,298
1757705973,2025-09-12T19:39:33Z,CPA321,"38.429478,99.549072",36100,428,298
1757706002,2025-09-12T19:40:02Z,CPA321,"38.45636,99.486458",36100,426,298
1757706037,2025-09-12T19:40:37Z,CPA321,"38.489914,99.407822",36100,424,298
1757706066,2025-09-12T19:41:06Z,CPA321,"38.516052,99.346619",36100,422,298
1757706108,2025-09-12T19:41:48Z,CPA321,"38.556194,99.252258",36100,418,298
1757706142,2025-09-12T19:42:22Z,CPA321,"38.585335,99.183655",36100,420,298
1757706171,2025-09-12T19:42:51Z,CPA321,"38.61401,99.115906",36100,420,298
1757706206,2025-09-12T19:43:26Z,CPA321,"38.646057,99.039894",36100,420,298
1757706241,2025-09-12T19:44:01Z,CPA321,"38.678486,98.963135",36100,420,298
1757706276,2025-09-12T19:44:36Z,CPA321,"38.710838,98.886108",36100,416,298
1757706310,2025-09-12T19:45:10Z,CPA321,"38.742081,98.811707",36100,417,299
1757706354,2025-09-12T19:45:54Z,CPA321,"38.78183,98.716492",36100,418,298
1757706389,2025-09-12T19:46:29Z,CPA321,"38.813953,98.639526",36100,420,298
1757706419,2025-09-12T19:46:59Z,CPA321,"38.841141,98.574219",36100,420,298
1757706454,2025-09-12T19:47:34Z,CPA321,"38.873108,98.497269",36100,420,297
1757706489,2025-09-12T19:48:09Z,CPA321,"38.904831,98.420723",36100,416,297
1757706519,2025-09-12T19:48:39Z,CPA321,"38.932102,98.354736",36100,416,297
1757706553,2025-09-12T19:49:13Z,CPA321,"38.962646,98.280586",36100,414,297
1757706588,2025-09-12T19:49:48Z,CPA321,"38.993225,98.206238",36100,414,297
1757706623,2025-09-12T19:50:23Z,CPA321,"39.025066,98.128662",36100,414,297
1757706656,2025-09-12T19:50:56Z,CPA321,"39.05444,98.056885",36100,412,297
1757706690,2025-09-12T19:51:30Z,CPA321,"39.084503,97.983299",36100,410,297
1757706725,2025-09-12T19:52:05Z,CPA321,"39.114769,97.908997",36100,411,298
1757706755,2025-09-12T19:52:35Z,CPA321,"39.141449,97.843384",36100,410,297
1757706799,2025-09-12T19:53:19Z,CPA321,"39.180542,97.746971",36100,408,297
1757706834,2025-09-12T19:53:54Z,CPA321,"39.210625,97.672668",36100,404,297
1757706877,2025-09-12T19:54:37Z,CPA321,"39.247448,97.58136",36100,402,297
1757706911,2025-09-12T19:55:11Z,CPA321,"39.276821,97.508606",36100,400,297
1757706946,2025-09-12T19:55:46Z,CPA321,"39.30592,97.436493",36100,399,298
1757706981,2025-09-12T19:56:21Z,CPA321,"39.33614,97.36132",36100,398,298
1757707016,2025-09-12T19:56:56Z,CPA321,"39.365978,97.286797",36100,398,298
1757707046,2025-09-12T19:57:26Z,CPA321,"39.39093,97.224411",36100,397,298
1757707086,2025-09-12T19:58:06Z,CPA321,"39.424492,97.140381",36100,394,298
1757707116,2025-09-12T19:58:36Z,CPA321,"39.44902,97.078842",36100,393,298
1757707150,2025-09-12T19:59:10Z,CPA321,"39.476761,97.009087",36100,393,298
1757707192,2025-09-12T19:59:52Z,CPA321,"39.5116,96.922279",36100,393,298
1757707227,2025-09-12T20:00:27Z,CPA321,"39.54213,96.846153",36100,392,298
1757707257,2025-09-12T20:00:57Z,CPA321,"39.565701,96.787102",36100,394,298
1757707297,2025-09-12T20:01:37Z,CPA321,"39.599152,96.703117",36100,394,298
1757707334,2025-09-12T20:02:14Z,CPA321,"39.630711,96.623718",36100,395,298
1757707368,2025-09-12T20:02:48Z,CPA321,"39.660278,96.548866",36100,397,297
1757707403,2025-09-12T20:03:23Z,CPA321,"39.689178,96.475281",36100,397,297
1757707433,2025-09-12T20:03:53Z,CPA321,"39.714512,96.410713",36100,396,298
1757707467,2025-09-12T20:04:27Z,CPA321,"39.741692,96.34137",36100,395,297
1757707496,2025-09-12T20:04:56Z,CPA321,"39.765289,96.281067",36100,394,297
1757707526,2025-09-12T20:05:26Z,CPA321,"39.789131,96.219971",36100,394,297
1757707560,2025-09-12T20:06:00Z,CPA321,"39.81683,96.148743",36100,393,297
1757707604,2025-09-12T20:06:44Z,CPA321,"39.853699,96.05365",36100,393,297
1757707638,2025-09-12T20:07:18Z,CPA321,"39.881882,95.980797",36100,392,297
1757707673,2025-09-12T20:07:53Z,CPA321,"39.91114,95.904968",36100,393,297
1757707708,2025-09-12T20:08:28Z,CPA321,"39.939968,95.830139",36100,392,297
1757707743,2025-09-12T20:09:03Z,CPA321,"39.967579,95.75824",36100,392,297
1757707778,2025-09-12T20:09:38Z,CPA321,"39.996052,95.68399",36100,391,297
1757707813,2025-09-12T20:10:13Z,CPA321,"40.02478,95.608833",36100,390,297
1757707842,2025-09-12T20:10:42Z,CPA321,"40.047729,95.548531",36100,389,297
1757707877,2025-09-12T20:11:17Z,CPA321,"40.075378,95.475891",36100,389,297
1757707912,2025-09-12T20:11:52Z,CPA321,"40.103451,95.401901",36100,390,297
1757707947,2025-09-12T20:12:27Z,CPA321,"40.131989,95.326561",36100,391,297
1757707977,2025-09-12T20:12:57Z,CPA321,"40.15559,95.264069",36100,392,297
1757708017,2025-09-12T20:13:37Z,CPA321,"40.187199,95.180054",36100,391,297
1757708052,2025-09-12T20:14:12Z,CPA321,"40.215919,95.103767",36100,390,297
1757708087,2025-09-12T20:14:47Z,CPA321,"40.243519,95.031563",36100,390,297
1757708122,2025-09-12T20:15:22Z,CPA321,"40.2715,94.958076",36100,390,297
1757708157,2025-09-12T20:15:57Z,CPA321,"40.300869,94.883003",36100,390,300
1757708187,2025-09-12T20:16:27Z,CPA321,"40.33086,94.825432",36100,391,309
1757708222,2025-09-12T20:17:02Z,CPA321,"40.370361,94.761719",36100,391,309
1757708257,2025-09-12T20:17:37Z,CPA321,"40.409821,94.695862",36100,392,309
1757708287,2025-09-12T20:18:07Z,CPA321,"40.442089,94.642151",36100,392,309
1757708326,2025-09-12T20:18:46Z,CPA321,"40.487179,94.567436",36100,390,309
1757708356,2025-09-12T20:19:16Z,CPA321,"40.520649,94.511841",36100,388,309
1757708386,2025-09-12T20:19:46Z,CPA321,"40.554291,94.455688",36100,389,309
1757708421,2025-09-12T20:20:21Z,CPA321,"40.593288,94.390617",36100,391,309
1757708451,2025-09-12T20:20:51Z,CPA321,"40.627029,94.33429",36100,393,309
1757708491,2025-09-12T20:21:31Z,CPA321,"40.672642,94.257759",36100,397,309
1757708521,2025-09-12T20:22:01Z,CPA321,"40.705902,94.201965",36100,398,309
1757708561,2025-09-12T20:22:41Z,CPA321,"40.75095,94.126099",36100,399,308
1757708596,2025-09-12T20:23:16Z,CPA321,"40.790653,94.059135",36100,399,308
1757708621,2025-09-12T20:23:41Z,CPA321,"40.819191,94.010948",36100,397,308
1757708671,2025-09-12T20:24:31Z,CPA321,"40.87569,93.915283",36100,396,308
1757708711,2025-09-12T20:25:11Z,CPA321,"40.922768,93.84272",36100,401,317
1757708716,2025-09-12T20:25:16Z,CPA321,"40.929981,93.833923",36100,404,318
1757708721,2025-09-12T20:25:21Z,CPA321,"40.936783,93.825928",36100,404,320
1757708726,2025-09-12T20:25:26Z,CPA321,"40.943985,93.817932",36100,404,321
1757708761,2025-09-12T20:26:01Z,CPA321,"40.996231,93.764",36100,405,322
1757708791,2025-09-12T20:26:31Z,CPA321,"41.03957,93.718307",36100,403,321
1757708826,2025-09-12T20:27:06Z,CPA321,"41.089985,93.663254",36100,401,321
1757708856,2025-09-12T20:27:36Z,CPA321,"41.131165,93.613831",36100,397,314
1757708896,2025-09-12T20:28:16Z,CPA321,"41.179039,93.539528",36100,398,310
1757708936,2025-09-12T20:28:56Z,CPA321,"41.226151,93.466248",36100,400,311
1757708966,2025-09-12T20:29:26Z,CPA321,"41.262222,93.410034",36100,399,311
1757709006,2025-09-12T20:30:06Z,CPA321,"41.3102,93.334778",36100,400,310
1757709041,2025-09-12T20:30:41Z,CPA321,"41.351807,93.269226",36100,398,311
1757709071,2025-09-12T20:31:11Z,CPA321,"41.387329,93.213249",36100,398,310
1757709111,2025-09-12T20:31:51Z,CPA321,"41.434296,93.138969",36100,396,310
1757709141,2025-09-12T20:32:21Z,CPA321,"41.469799,93.082687",36100,397,310
1757709181,2025-09-12T20:33:01Z,CPA321,"41.516785,93.008133",36100,398,310
1757709211,2025-09-12T20:33:31Z,CPA321,"41.553089,92.950333",36100,400,310
1757709246,2025-09-12T20:34:06Z,CPA321,"41.594379,92.884552",36100,401,310
1757709286,2025-09-12T20:34:46Z,CPA321,"41.642422,92.807838",36100,403,310
1757709316,2025-09-12T20:35:16Z,CPA321,"41.678101,92.750702",36100,404,310
1757709356,2025-09-12T20:35:56Z,CPA321,"41.725845,92.673988",36100,405,310
1757709385,2025-09-12T20:36:25Z,CPA321,"41.760799,92.617813",36100,405,310
1757709420,2025-09-12T20:37:00Z,CPA321,"41.802368,92.550873",36100,404,310
1757709460,2025-09-12T20:37:40Z,CPA321,"41.85017,92.47361",36100,405,310
1757709490,2025-09-12T20:38:10Z,CPA321,"41.885654,92.416161",36100,404,310
1757709525,2025-09-12T20:38:45Z,CPA321,"41.927124,92.348824",36100,405,310
1757709555,2025-09-12T20:39:15Z,CPA321,"41.962784,92.290901",36100,404,309
1757709590,2025-09-12T20:39:50Z,CPA321,"42.00494,92.222168",36100,404,309
1757709625,2025-09-12T20:40:25Z,CPA321,"42.046074,92.155106",36100,405,309
1757709655,2025-09-12T20:40:55Z,CPA321,"42.081573,92.096893",36100,406,309
1757709690,2025-09-12T20:41:30Z,CPA321,"42.12323,92.028542",36100,406,309
1757709720,2025-09-12T20:42:00Z,CPA321,"42.158684,91.970322",36100,403,310
1757709755,2025-09-12T20:42:35Z,CPA321,"42.200161,91.902039",36100,405,310
1757709785,2025-09-12T20:43:05Z,CPA321,"42.235729,91.843277",36100,405,309
1757709820,2025-09-12T20:43:40Z,CPA321,"42.278744,91.776207",36100,408,315
1757709855,2025-09-12T20:44:15Z,CPA321,"42.327259,91.715118",36100,406,317
1757709894,2025-09-12T20:44:54Z,CPA321,"42.381161,91.646027",36100,405,317
1757709924,2025-09-12T20:45:24Z,CPA321,"42.42178,91.593773",36100,407,317
1757709959,2025-09-12T20:45:59Z,CPA321,"42.469299,91.532722",36100,409,317
1757709987,2025-09-12T20:46:27Z,CPA321,"42.505871,91.485649",36100,410,317
1757710026,2025-09-12T20:47:06Z,CPA321,"42.561829,91.413597",36100,411,317
1757710056,2025-09-12T20:47:36Z,CPA321,"42.602371,91.361221",36100,409,317
1757710091,2025-09-12T20:48:11Z,CPA321,"42.650021,91.299568",36100,408,317
1757710121,2025-09-12T20:48:41Z,CPA321,"42.69136,91.245888",36100,406,317
1757710151,2025-09-12T20:49:11Z,CPA321,"42.731411,91.193764",36100,406,317
1757710191,2025-09-12T20:49:51Z,CPA321,"42.786251,91.122391",36100,408,317
1757710231,2025-09-12T20:50:31Z,CPA321,"42.84058,91.051552",36100,409,317
1757710261,2025-09-12T20:51:01Z,CPA321,"42.882389,90.996811",36100,409,317
1757710296,2025-09-12T20:51:36Z,CPA321,"42.926609,90.932617",36100,406,309
1757710311,2025-09-12T20:51:51Z,CPA321,"42.943359,90.902092",36100,405,305
1757710341,2025-09-12T20:52:21Z,CPA321,"42.973251,90.837318",36100,405,302
1757710371,2025-09-12T20:52:51Z,CPA321,"43.002731,90.77243",36100,404,303
1757710406,2025-09-12T20:53:26Z,CPA321,"43.03764,90.696388",36100,402,302
1757710436,2025-09-12T20:53:56Z,CPA321,"43.06683,90.632111",36100,404,302
1757710471,2025-09-12T20:54:31Z,CPA321,"43.101292,90.555832",36100,406,302
1757710511,2025-09-12T20:55:11Z,CPA321,"43.1408,90.468033",36100,404,302
1757710541,2025-09-12T20:55:41Z,CPA321,"43.170589,90.401703",36100,404,302
1757710571,2025-09-12T20:56:11Z,CPA321,"43.199921,90.336517",36100,407,302
1757710611,2025-09-12T20:56:51Z,CPA321,"43.238571,90.250069",36100,400,302
1757710646,2025-09-12T20:57:26Z,CPA321,"43.272221,90.174568",36100,400,302
1757710681,2025-09-12T20:58:01Z,CPA321,"43.305771,90.099327",36100,401,302
1757710716,2025-09-12T20:58:36Z,CPA321,"43.339531,90.023277",36100,400,302
1757710755,2025-09-12T20:59:15Z,CPA321,"43.376999,89.93866",36100,398,302
1757710790,2025-09-12T20:59:50Z,CPA321,"43.410191,89.863503",36100,397,302
1757710825,2025-09-12T21:00:25Z,CPA321,"43.44342,89.788002",36100,398,302
1757710855,2025-09-12T21:00:55Z,CPA321,"43.472301,89.722267",36100,399,302
1757710890,2025-09-12T21:01:30Z,CPA321,"43.505169,89.647217",36100,397,302
1757710925,2025-09-12T21:02:05Z,CPA321,"43.538219,89.571602",36100,395,301
1757710960,2025-09-12T21:02:40Z,CPA321,"43.571178,89.496033",36100,396,301
1757710995,2025-09-12T21:03:15Z,CPA321,"43.604279,89.419899",36100,395,301
1757711030,2025-09-12T21:03:50Z,CPA321,"43.63747,89.3451",36100,396,302
1757711065,2025-09-12T21:04:25Z,CPA321,"43.671478,89.26947",36100,396,302
1757711105,2025-09-12T21:05:05Z,CPA321,"43.70993,89.183052",36100,395,302
1757711140,2025-09-12T21:05:40Z,CPA321,"43.742889,89.108643",36100,394,302
1757711175,2025-09-12T21:06:15Z,CPA321,"43.776371,89.032806",36100,395,302
1757711210,2025-09-12T21:06:50Z,CPA321,"43.80957,88.957542",36100,396,302
1757711245,2025-09-12T21:07:25Z,CPA321,"43.842773,88.882011",36100,395,301
1757711280,2025-09-12T21:08:00Z,CPA321,"43.8759,88.80648",36100,396,302
1757711320,2025-09-12T21:08:40Z,CPA321,"43.913818,88.719902",36100,397,302
1757711350,2025-09-12T21:09:10Z,CPA321,"43.942566,88.653984",36100,396,301
1757711385,2025-09-12T21:09:45Z,CPA321,"43.975201,88.578934",36100,394,302
1757711420,2025-09-12T21:10:20Z,CPA321,"44.00803,88.503242",36100,394,301
1757711455,2025-09-12T21:10:55Z,CPA321,"44.04084,88.427452",36100,393,301
1757711490,2025-09-12T21:11:30Z,CPA321,"44.073608,88.351532",36100,393,301
1757711525,2025-09-12T21:12:05Z,CPA321,"44.106339,88.275467",36100,393,301
1757711560,2025-09-12T21:12:40Z,CPA321,"44.138828,88.199806",36100,393,301
1757711595,2025-09-12T21:13:15Z,CPA321,"44.17165,88.123169",36100,393,301
1757711630,2025-09-12T21:13:50Z,CPA321,"44.204102,88.047379",36100,393,301
1757711670,2025-09-12T21:14:30Z,CPA321,"44.245949,87.964378",36100,396,308
1757711705,2025-09-12T21:15:05Z,CPA321,"44.28447,87.893761",36100,394,307
1757711740,2025-09-12T21:15:40Z,CPA321,"44.32251,87.822746",36100,393,307
1757711770,2025-09-12T21:16:10Z,CPA321,"44.355419,87.761398",36100,394,307
1757711805,2025-09-12T21:16:45Z,CPA321,"44.393559,87.690529",36100,394,308
1757711840,2025-09-12T21:17:20Z,CPA321,"44.432419,87.620148",36100,395,308
1757711875,2025-09-12T21:17:55Z,CPA321,"44.472111,87.548347",36100,398,308
1757711910,2025-09-12T21:18:30Z,CPA321,"44.511292,87.476807",36100,398,308
1757711950,2025-09-12T21:19:10Z,CPA321,"44.555828,87.395187",36100,398,308
1757711980,2025-09-12T21:19:40Z,CPA321,"44.58913,87.334137",36100,397,308
1757712015,2025-09-12T21:20:15Z,CPA321,"44.628941,87.263489",36100,398,310
1757712050,2025-09-12T21:20:50Z,CPA321,"44.67004,87.194199",36100,397,310
1757712085,2025-09-12T21:21:25Z,CPA321,"44.710918,87.124001",36100,397,309
1757712120,2025-09-12T21:22:00Z,CPA321,"44.751129,87.05426",36100,398,309
1757712155,2025-09-12T21:22:35Z,CPA321,"44.792191,86.983047",36100,399,310
1757712190,2025-09-12T21:23:10Z,CPA321,"44.8326,86.913101",36100,398,310
1757712225,2025-09-12T21:23:45Z,CPA321,"44.873009,86.842972",36100,396,310
1757712265,2025-09-12T21:24:25Z,CPA321,"44.918861,86.761909",36100,395,309
1757712300,2025-09-12T21:25:00Z,CPA321,"44.958302,86.691147",36100,396,309
1757712335,2025-09-12T21:25:35Z,CPA321,"44.99781,86.62043",36100,397,309
1757712375,2025-09-12T21:26:15Z,CPA321,"45.043491,86.538719",36100,397,309
1757712410,2025-09-12T21:26:50Z,CPA321,"45.083141,86.467491",36100,395,309
1757712445,2025-09-12T21:27:25Z,CPA321,"45.122219,86.397141",36100,392,309
1757712480,2025-09-12T21:28:00Z,CPA321,"45.161499,86.32618",36100,391,309
1757712515,2025-09-12T21:28:35Z,CPA321,"45.20055,86.255562",36100,389,309
1757712550,2025-09-12T21:29:10Z,CPA321,"45.239182,86.185463",36100,387,308
1757712585,2025-09-12T21:29:45Z,CPA321,"45.278,86.114891",36100,387,308
1757712620,2025-09-12T21:30:20Z,CPA321,"45.316219,86.04512",36100,387,308
1757712655,2025-09-12T21:30:55Z,CPA321,"45.354912,85.974449",36100,389,308
1757712690,2025-09-12T21:31:30Z,CPA321,"45.392941,85.904648",36100,390,308
1757712725,2025-09-12T21:32:05Z,CPA321,"45.431999,85.83297",36100,390,308
1757712760,2025-09-12T21:32:40Z,CPA321,"45.470501,85.762093",36100,391,308
1757712795,2025-09-12T21:33:15Z,CPA321,"45.509258,85.690483",36100,390,308
1757712830,2025-09-12T21:33:50Z,CPA321,"45.548012,85.61879",36100,388,308
1757712865,2025-09-12T21:34:25Z,CPA321,"45.585709,85.548859",36100,387,308
1757712900,2025-09-12T21:35:00Z,CPA321,"45.623611,85.478302",36100,388,308
1757712935,2025-09-12T21:35:35Z,CPA321,"45.661701,85.407249",36100,389,308
1757712975,2025-09-12T21:36:15Z,CPA321,"45.70541,85.325447",36100,390,308
1757713005,2025-09-12T21:36:45Z,CPA321,"45.738369,85.263748",36100,389,308
1757713040,2025-09-12T21:37:20Z,CPA321,"45.77673,85.19194",36100,390,308
1757713080,2025-09-12T21:38:00Z,CPA321,"45.8204,85.11055",36100,393,308
1757713110,2025-09-12T21:38:30Z,CPA321,"45.853951,85.047638",36100,394,308
1757713145,2025-09-12T21:39:05Z,CPA321,"45.892361,84.975471",36100,396,308
1757713180,2025-09-12T21:39:40Z,CPA321,"45.93132,84.902206",36100,394,308
1757713215,2025-09-12T21:40:15Z,CPA321,"45.970181,84.828918",36100,391,308
1757713250,2025-09-12T21:40:50Z,CPA321,"46.007671,84.757874",36100,389,308
1757713285,2025-09-12T21:41:25Z,CPA321,"46.04567,84.685768",36100,389,308
1757713320,2025-09-12T21:42:00Z,CPA321,"46.084061,84.612648",36100,390,307
1757713355,2025-09-12T21:42:35Z,CPA321,"46.121891,84.540459",36100,392,308
1757713393,2025-09-12T21:43:13Z,CPA321,"46.16309,84.461617",36100,392,307
1757713423,2025-09-12T21:43:43Z,CPA321,"46.19577,84.398979",36100,392,308
1757713463,2025-09-12T21:44:23Z,CPA321,"46.239208,84.315582",36100,390,307
1757713493,2025-09-12T21:44:53Z,CPA321,"46.272091,84.252228",36100,390,307
1757713533,2025-09-12T21:45:33Z,CPA321,"46.31477,84.169693",36100,390,307
1757713563,2025-09-12T21:46:03Z,CPA321,"46.347271,84.106323",36100,389,307
1757713598,2025-09-12T21:46:38Z,CPA321,"46.384548,84.033348",36100,389,307
1757713633,2025-09-12T21:47:13Z,CPA321,"46.421661,83.960678",36100,389,307
1757713668,2025-09-12T21:47:48Z,CPA321,"46.458988,83.887337",36100,389,307
1757713698,2025-09-12T21:48:18Z,CPA321,"46.49102,83.82431",36100,389,307
1757713733,2025-09-12T21:48:53Z,CPA321,"46.528358,83.750557",36100,389,307
1757713768,2025-09-12T21:49:28Z,CPA321,"46.565739,83.676613",36100,390,307
1757713798,2025-09-12T21:49:58Z,CPA321,"46.597599,83.613327",36100,390,307
1757713838,2025-09-12T21:50:38Z,CPA321,"46.639011,83.530983",36100,390,307
1757713873,2025-09-12T21:51:13Z,CPA321,"46.677021,83.455231",36100,389,307
1757713908,2025-09-12T21:51:48Z,CPA321,"46.712891,83.380531",36100,385,303
1757713943,2025-09-12T21:52:23Z,CPA321,"46.745819,83.30336",36100,384,303
1757713978,2025-09-12T21:52:58Z,CPA321,"46.778671,83.227478",36100,382,303
1757714008,2025-09-12T21:53:28Z,CPA321,"46.807251,83.161346",36100,381,303
1757714043,2025-09-12T21:54:03Z,CPA321,"46.839931,83.085274",36100,382,303
1757714078,2025-09-12T21:54:38Z,CPA321,"46.87196,83.008614",36100,380,296
1757714083,2025-09-12T21:54:43Z,CPA321,"46.875549,82.99704",36100,378,292
1757714088,2025-09-12T21:54:48Z,CPA321,"46.878391,82.985573",36100,376,288
1757714093,2025-09-12T21:54:53Z,CPA321,"46.880718,82.97287",36100,375,283
1757714098,2025-09-12T21:54:58Z,CPA321,"46.882568,82.958961",36100,375,280
1757714103,2025-09-12T21:55:03Z,CPA321,"46.883701,82.947937",36100,375,279
1757714108,2025-09-12T21:55:08Z,CPA321,"46.884949,82.935303",36100,375,278
1757714113,2025-09-12T21:55:13Z,CPA321,"46.886261,82.921707",36100,375,279
1757714148,2025-09-12T21:55:48Z,CPA321,"46.896069,82.835861",36100,378,281
1757714183,2025-09-12T21:56:23Z,CPA321,"46.907761,82.747467",36100,378,281
1757714213,2025-09-12T21:56:53Z,CPA321,"46.917389,82.671638",36100,379,281
1757714248,2025-09-12T21:57:28Z,CPA321,"46.928242,82.583893",36100,379,281
1757714283,2025-09-12T21:58:03Z,CPA321,"46.939091,82.495491",36100,379,281
1757714317,2025-09-12T21:58:37Z,CPA321,"46.948769,82.416481",36100,378,281
1757714345,2025-09-12T21:59:05Z,CPA321,"46.95813,82.339287",36100,379,281
1757714389,2025-09-12T21:59:49Z,CPA321,"46.971581,82.2276",36025,379,281
1757714437,2025-09-12T22:00:37Z,CPA321,"46.985641,82.110031",36000,378,280
1757714477,2025-09-12T22:01:17Z,CPA321,"46.997929,82.006111",36000,379,280
1757714519,2025-09-12T22:01:59Z,CPA321,"47.010029,81.902939",36350,380,280
1757714567,2025-09-12T22:02:47Z,CPA321,"47.023361,81.788887",36675,382,280
1757714607,2025-09-12T22:03:27Z,CPA321,"47.034981,81.688141",36925,384,280
1757714641,2025-09-12T22:04:01Z,CPA321,"47.045269,81.598137",37525,378,280
1757714677,2025-09-12T22:04:37Z,CPA321,"47.056068,81.503616",37975,372,280
1757714712,2025-09-12T22:05:12Z,CPA321,"47.065659,81.418167",38000,375,280
1757714745,2025-09-12T22:05:45Z,CPA321,"47.075321,81.332062",38000,382,280
1757714781,2025-09-12T22:06:21Z,CPA321,"47.08559,81.239883",38000,386,280
1757714824,2025-09-12T22:07:04Z,CPA321,"47.097832,81.128677",38000,391,280
1757714856,2025-09-12T22:07:36Z,CPA321,"47.110611,81.011673",38000,392,279
1757714889,2025-09-12T22:08:09Z,CPA321,"47.119904,80.925911",38000,392,278
1757714922,2025-09-12T22:08:42Z,CPA321,"47.129196,80.839325",38000,392,278
1757714955,2025-09-12T22:09:15Z,CPA321,"47.138332,80.753456",38000,392,278
1757714985,2025-09-12T22:09:45Z,CPA321,"47.146729,80.673981",38000,391,278
1757715017,2025-09-12T22:10:17Z,CPA321,"47.155472,80.590897",38000,391,278
1757715049,2025-09-12T22:10:49Z,CPA321,"47.164215,80.507034",38000,390,278
1757715080,2025-09-12T22:11:20Z,CPA321,"47.172688,80.425629",38000,389,278
1757715113,2025-09-12T22:11:53Z,CPA321,"47.181484,80.340271",38000,388,278
1757715145,2025-09-12T22:12:25Z,CPA321,"47.189816,80.258507",38000,386,278
1757715176,2025-09-12T22:12:56Z,CPA321,"47.197964,80.177872",38000,386,278
1757715206,2025-09-12T22:13:26Z,CPA321,"47.206055,80.097885",38000,387,278
1757715239,2025-09-12T22:13:59Z,CPA321,"47.214443,80.013779",38000,388,278
1757715270,2025-09-12T22:14:30Z,CPA321,"47.222397,79.933777",38000,389,278
1757715301,2025-09-12T22:15:01Z,CPA321,"47.230457,79.851944",38000,389,278
1757715327,2025-09-12T22:15:27Z,CPA321,"47.237209,79.782997",38000,390,278
1757715433,2025-09-12T22:17:13Z,CPA321,"47.264053,79.503937",38000,395,277
1757715464,2025-09-12T22:17:44Z,CPA321,"47.271698,79.422775",38000,396,277
1757715495,2025-09-12T22:18:15Z,CPA321,"47.279709,79.33812",38000,395,277
1757715528,2025-09-12T22:18:48Z,CPA321,"47.287762,79.251358",38000,394,277
1757715559,2025-09-12T22:19:19Z,CPA321,"47.295303,79.169807",38000,393,277
1757715591,2025-09-12T22:19:51Z,CPA321,"47.303238,79.082954",38000,393,277
1757715622,2025-09-12T22:20:22Z,CPA321,"47.310608,79.00193",38000,394,277
1757715656,2025-09-12T22:20:56Z,CPA321,"47.318489,78.91423",38000,392,277
1757715688,2025-09-12T22:21:28Z,CPA321,"47.326218,78.827522",38000,391,277
1757715719,2025-09-12T22:21:59Z,CPA321,"47.333588,78.744507",38000,389,277
1757715751,2025-09-12T22:22:31Z,CPA321,"47.340878,78.661407",38000,388,277
1757716223,2025-09-12T22:30:23Z,CPA321,"47.44249,77.420998",38000,391,276
1757716254,2025-09-12T22:30:54Z,CPA321,"47.448669,77.339287",38000,392,276
1757716287,2025-09-12T22:31:27Z,CPA321,"47.455261,77.251671",38000,394,276
1757716318,2025-09-12T22:31:58Z,CPA321,"47.461578,77.167419",38000,395,276
1757716349,2025-09-12T22:32:29Z,CPA321,"47.467621,77.085434",38000,396,276
1757716381,2025-09-12T22:33:01Z,CPA321,"47.473755,77.00132",38000,395,276
1757716411,2025-09-12T22:33:31Z,CPA321,"47.479652,76.919441",38000,395,276
1757716442,2025-09-12T22:34:02Z,CPA321,"47.485657,76.836197",38000,392,275
1757716473,2025-09-12T22:34:33Z,CPA321,"47.491425,76.754333",38000,391,275
1757716504,2025-09-12T22:35:04Z,CPA321,"47.497284,76.6707",38000,392,275
1757716536,2025-09-12T22:35:36Z,CPA321,"47.503113,76.585831",38000,392,275
1757716568,2025-09-12T22:36:08Z,CPA321,"47.50882,76.502678",38000,393,275
1757716600,2025-09-12T22:36:40Z,CPA321,"47.514797,76.414841",38000,393,275
1757716632,2025-09-12T22:37:12Z,CPA321,"47.520309,76.332253",38000,394,275
1757716663,2025-09-12T22:37:43Z,CPA321,"47.525848,76.249031",38000,395,275
1757716695,2025-09-12T22:38:15Z,CPA321,"47.531559,76.162018",38000,395,275
1757716727,2025-09-12T22:38:47Z,CPA321,"47.537201,76.074486",38000,394,275
1757716760,2025-09-12T22:39:20Z,CPA321,"47.54274,75.98838",38000,395,275
1757716790,2025-09-12T22:39:50Z,CPA321,"47.547913,75.905983",38000,397,275
1757716823,2025-09-12T22:40:23Z,CPA321,"47.553482,75.817429",38000,398,275
1757716854,2025-09-12T22:40:54Z,CPA321,"47.558743,75.731644",38000,400,275
1757716887,2025-09-12T22:41:27Z,CPA321,"47.564072,75.644646",38000,401,275
1757716924,2025-09-12T22:42:04Z,CPA321,"47.570206,75.541992",38000,402,275
1757716955,2025-09-12T22:42:35Z,CPA321,"47.575317,75.456429",38000,403,275
1757716986,2025-09-12T22:43:06Z,CPA321,"47.580322,75.371155",38000,404,274
1757717018,2025-09-12T22:43:38Z,CPA321,"47.585278,75.28466",38000,405,274
1757717050,2025-09-12T22:44:10Z,CPA321,"47.590347,75.195305",38000,407,274
1757717083,2025-09-12T22:44:43Z,CPA321,"47.595428,75.105637",38000,408,274
1757717114,2025-09-12T22:45:14Z,CPA321,"47.600189,75.019524",38000,408,274
1757717146,2025-09-12T22:45:46Z,CPA321,"47.605156,74.929367",38000,408,274
1757717177,2025-09-12T22:46:17Z,CPA321,"47.60981,74.842316",38000,409,274
1757717208,2025-09-12T22:46:48Z,CPA321,"47.614426,74.755646",38000,409,274
1757717240,2025-09-12T22:47:20Z,CPA321,"47.619095,74.666519",38000,410,274
1757717271,2025-09-12T22:47:51Z,CPA321,"47.623581,74.579521",38000,410,274
1757717304,2025-09-12T22:48:24Z,CPA321,"47.628204,74.488197",38000,411,274
1757717337,2025-09-12T22:48:57Z,CPA321,"47.632854,74.394905",38000,412,274
1757717370,2025-09-12T22:49:30Z,CPA321,"47.637371,74.303284",38000,412,274
1757717400,2025-09-12T22:50:00Z,CPA321,"47.641605,74.21666",38000,411,274
1757717433,2025-09-12T22:50:33Z,CPA321,"47.645798,74.127716",38000,411,274
1757717464,2025-09-12T22:51:04Z,CPA321,"47.649994,74.038033",38000,412,273
1757717495,2025-09-12T22:51:35Z,CPA321,"47.654037,73.951584",38000,411,273
1757717526,2025-09-12T22:52:06Z,CPA321,"47.657948,73.865097",38000,411,273
1757717559,2025-09-12T22:52:39Z,CPA321,"47.661949,73.773476",38000,412,273
1757717589,2025-09-12T22:53:09Z,CPA321,"47.665768,73.686996",38000,413,273
1757717622,2025-09-12T22:53:42Z,CPA321,"47.669724,73.594734",38000,413,273
1757717653,2025-09-12T22:54:13Z,CPA321,"47.673569,73.504715",38000,414,273
1757717685,2025-09-12T22:54:45Z,CPA321,"47.677185,73.416275",38000,415,273
1757717717,2025-09-12T22:55:17Z,CPA321,"47.680943,73.323318",38000,415,273
1757717748,2025-09-12T22:55:48Z,CPA321,"47.684326,73.238091",38000,415,273
1757717781,2025-09-12T22:56:21Z,CPA321,"47.688019,73.143593",38000,415,273
1757717811,2025-09-12T22:56:51Z,CPA321,"47.69133,73.057915",38000,416,273
1757717844,2025-09-12T22:57:24Z,CPA321,"47.694817,72.9645",38000,417,273
1757717875,2025-09-12T22:57:55Z,CPA321,"47.698105,72.875404",38000,418,273
1757717907,2025-09-12T22:58:27Z,CPA321,"47.701309,72.785179",38000,419,273
1757717937,2025-09-12T22:58:57Z,CPA321,"47.704376,72.698044",38000,419,272
1757717969,2025-09-12T22:59:29Z,CPA321,"47.707573,72.604843",38000,420,272
1757718000,2025-09-12T23:00:00Z,CPA321,"47.710552,72.51561",38000,420,272
1757718032,2025-09-12T23:00:32Z,CPA321,"47.713531,72.422974",38000,421,272
1757718063,2025-09-12T23:01:03Z,CPA321,"47.716415,72.333984",38000,422,272
1757718094,2025-09-12T23:01:34Z,CPA321,"47.719208,72.244759",38000,423,272
1757718126,2025-09-12T23:02:06Z,CPA321,"47.721954,72.153694",38000,424,272
1757718157,2025-09-12T23:02:37Z,CPA321,"47.724564,72.065033",38025,424,272
1757718187,2025-09-12T23:03:07Z,CPA321,"47.727127,71.975693",38000,423,272
1757718218,2025-09-12T23:03:38Z,CPA321,"47.729637,71.887138",38000,422,272
1757718250,2025-09-12T23:04:10Z,CPA321,"47.732025,71.799431",38000,422,272
1757718288,2025-09-12T23:04:48Z,CPA321,"47.735641,71.710014",38000,422,274
1757718319,2025-09-12T23:05:19Z,CPA321,"47.741043,71.593391",38000,423,273
1757718351,2025-09-12T23:05:51Z,CPA321,"47.744843,71.501152",38025,424,273
1757718363,2025-09-12T23:06:03Z,CPA321,"47.746078,71.470665",38000,424,273
1757718460,2025-09-12T23:07:40Z,CPA321,"47.757011,71.187675",38000,421,273
1757718467,2025-09-12T23:07:47Z,CPA321,"47.757568,71.171768",38000,421,273
1757718600,2025-09-12T23:10:00Z,CPA321,"47.771484,70.781754",38000,425,272
1757718635,2025-09-12T23:10:35Z,CPA321,"47.774933,70.678848",38000,423,272
1757718669,2025-09-12T23:11:09Z,CPA321,"47.777866,70.588852",38000,423,272
1757718689,2025-09-12T23:11:29Z,CPA321,"47.779907,70.523163",38000,423,272
1757718768,2025-09-12T23:12:48Z,CPA321,"47.786911,70.29348",38000,425,272
1757719580,2025-09-12T23:26:20Z,CPA321,"47.738983,67.937943",38000,420,261
1757719615,2025-09-12T23:26:55Z,CPA321,"47.728985,67.835861",38000,432,261
1757719649,2025-09-12T23:27:29Z,CPA321,"47.718464,67.738037",38000,433,258
1757719684,2025-09-12T23:28:04Z,CPA321,"47.702637,67.634308",38000,433,257
1757719756,2025-09-12T23:29:16Z,CPA321,"47.671738,67.426872",38000,434,257
1757719815,2025-09-12T23:30:15Z,CPA321,"47.645508,67.253906",38000,434,257
1757719825,2025-09-12T23:30:25Z,CPA321,"47.641605,67.228439",38000,434,257
1757719885,2025-09-12T23:31:25Z,CPA321,"47.614426,67.051414",38000,433,257
1757719901,2025-09-12T23:31:41Z,CPA321,"47.608109,67.010765",38000,433,257
1757720020,2025-09-12T23:33:40Z,CPA321,"47.55381,66.664261",38000,434,256
1757720028,2025-09-12T23:33:48Z,CPA321,"47.549744,66.639633",38000,434,256
1757720090,2025-09-12T23:34:50Z,CPA321,"47.520218,66.46241",38000,433,256
1757720096,2025-09-12T23:34:56Z,CPA321,"47.517792,66.447716",38000,433,256
1757720287,2025-09-12T23:38:07Z,CPA321,"47.424953,65.897758",38000,434,255
1757720298,2025-09-12T23:38:18Z,CPA321,"47.419506,65.866135",38000,434,255
1757720356,2025-09-12T23:39:16Z,CPA321,"47.391495,65.698174",38000,434,256
1757720363,2025-09-12T23:39:23Z,CPA321,"47.388977,65.682518",38000,433,256
1757720425,2025-09-12T23:40:25Z,CPA321,"47.358582,65.499458",38000,432,256
1757720490,2025-09-12T23:41:30Z,CPA321,"47.32766,65.315689",38000,434,256
1757720559,2025-09-12T23:42:39Z,CPA321,"47.293488,65.115189",38000,438,255
1757720619,2025-09-12T23:43:39Z,CPA321,"47.264465,64.946297",38000,438,255
1757721019,2025-09-12T23:50:19Z,CPA321,"47.062263,63.812046",38000,440,254
1757721982,2025-09-13T00:06:22Z,CPA321,"46.507267,61.003372",38000,456,252
1757722014,2025-09-13T00:06:54Z,CPA321,"46.486973,60.908134",38000,455,252
1757722047,2025-09-13T00:07:27Z,CPA321,"46.466949,60.814285",38000,458,252
1757722078,2025-09-13T00:07:58Z,CPA321,"46.44717,60.721916",38000,459,252
1757722111,2025-09-13T00:08:31Z,CPA321,"46.426781,60.627159",38000,459,252
1757722143,2025-09-13T00:09:03Z,CPA321,"46.406158,60.531853",38000,460,252
1757722173,2025-09-13T00:09:33Z,CPA321,"46.389164,60.453438",38000,460,252
1757722231,2025-09-13T00:10:31Z,CPA321,"46.349968,60.274292",38000,462,252
1757722263,2025-09-13T00:11:03Z,CPA321,"46.329254,60.180222",38000,461,252
1757722293,2025-09-13T00:11:33Z,CPA321,"46.3097,60.091782",38000,461,252
1757722324,2025-09-13T00:12:04Z,CPA321,"46.289429,60.000225",38000,461,252
1757722356,2025-09-13T00:12:36Z,CPA321,"46.268463,59.905903",38000,461,252
1757722389,2025-09-13T00:13:09Z,CPA321,"46.247181,59.811218",38000,462,252
1757722421,2025-09-13T00:13:41Z,CPA321,"46.225937,59.716858",38000,463,252
1757722453,2025-09-13T00:14:13Z,CPA321,"46.204494,59.622185",38000,465,251
1757722485,2025-09-13T00:14:45Z,CPA321,"46.18317,59.529007",38000,465,251
1757722517,2025-09-13T00:15:17Z,CPA321,"46.161663,59.435211",38000,465,251
1757722548,2025-09-13T00:15:48Z,CPA321,"46.140297,59.342514",38000,464,251
1757722581,2025-09-13T00:16:21Z,CPA321,"46.118088,59.246452",38000,464,251
1757722614,2025-09-13T00:16:54Z,CPA321,"46.095978,59.151062",38000,466,251
1757722645,2025-09-13T00:17:25Z,CPA321,"46.074783,59.060356",38000,467,251
1757722675,2025-09-13T00:17:55Z,CPA321,"46.053314,58.968716",38000,470,251
1757722706,2025-09-13T00:18:26Z,CPA321,"46.032108,58.878616",38000,471,251
1757722737,2025-09-13T00:18:57Z,CPA321,"46.010555,58.787292",38000,469,251
1757722769,2025-09-13T00:19:29Z,CPA321,"45.988083,58.692448",38000,467,251
1757722800,2025-09-13T00:20:00Z,CPA321,"45.966522,58.601944",38000,465,251
1757722831,2025-09-13T00:20:31Z,CPA321,"45.94529,58.513184",38000,464,251
1757722863,2025-09-13T00:21:03Z,CPA321,"45.922531,58.418526",38000,464,251
1757722894,2025-09-13T00:21:34Z,CPA321,"45.9006,58.327583",38000,463,250
1757722925,2025-09-13T00:22:05Z,CPA321,"45.879047,58.238663",38000,462,250
1757722958,2025-09-13T00:22:38Z,CPA321,"45.856155,58.144539",38000,462,250
1757722991,2025-09-13T00:23:11Z,CPA321,"45.833004,58.049698",38000,462,250
1757723022,2025-09-13T00:23:42Z,CPA321,"45.810745,57.958977",38000,463,250
1757723053,2025-09-13T00:24:13Z,CPA321,"45.788452,57.86834",38000,464,250
1757723084,2025-09-13T00:24:44Z,CPA321,"45.766571,57.779846",38000,463,250
1757723117,2025-09-13T00:25:17Z,CPA321,"45.74316,57.685638",38000,462,250
1757723150,2025-09-13T00:25:50Z,CPA321,"45.719929,57.592392",38000,461,250
1757723181,2025-09-13T00:26:21Z,CPA321,"45.697037,57.500767",38000,459,250
1757723213,2025-09-13T00:26:53Z,CPA321,"45.674404,57.410706",38000,457,250
1757723244,2025-09-13T00:27:24Z,CPA321,"45.652359,57.323109",38000,456,250
1757723275,2025-09-13T00:27:55Z,CPA321,"45.629757,57.233826",38000,453,250
1757723306,2025-09-13T00:28:26Z,CPA321,"45.608112,57.14875",38000,450,250
1757723339,2025-09-13T00:28:59Z,CPA321,"45.584976,57.05825",38000,449,249
1757723369,2025-09-13T00:29:29Z,CPA321,"45.563461,56.974159",38000,449,249
1757723401,2025-09-13T00:30:01Z,CPA321,"45.5401,56.883255",38000,448,249
1757723433,2025-09-13T00:30:33Z,CPA321,"45.517242,56.794693",38000,448,249
1757723466,2025-09-13T00:31:06Z,CPA321,"45.494293,56.706268",38000,447,249
1757723496,2025-09-13T00:31:36Z,CPA321,"45.472366,56.621929",38000,448,249
1757723529,2025-09-13T00:32:09Z,CPA321,"45.448669,56.530956",38000,448,249
1757723560,2025-09-13T00:32:40Z,CPA321,"45.426651,56.446884",38000,450,249
1757723590,2025-09-13T00:33:10Z,CPA321,"45.404251,56.361694",38000,451,249
1757723621,2025-09-13T00:33:41Z,CPA321,"45.381775,56.27655",38000,451,249
1757723654,2025-09-13T00:34:14Z,CPA321,"45.357521,56.18502",38000,448,249
1757723685,2025-09-13T00:34:45Z,CPA321,"45.334534,56.098415",38000,446,249
1757723718,2025-09-13T00:35:18Z,CPA321,"45.311062,56.010513",38000,445,249
1757723749,2025-09-13T00:35:49Z,CPA321,"45.288204,55.925098",38000,446,249
1757723779,2025-09-13T00:36:19Z,CPA321,"45.265675,55.841293",38000,447,249
1757723810,2025-09-13T00:36:50Z,CPA321,"45.243301,55.758492",38000,448,249
1757723841,2025-09-13T00:37:21Z,CPA321,"45.220184,55.672825",38000,446,249
1757723873,2025-09-13T00:37:53Z,CPA321,"45.196289,55.585133",38000,443,248
1757723904,2025-09-13T00:38:24Z,CPA321,"45.173996,55.503323",38000,441,248
1757723937,2025-09-13T00:38:57Z,CPA321,"45.14999,55.415508",38000,441,248
1757723969,2025-09-13T00:39:29Z,CPA321,"45.125977,55.328587",38000,442,247
1757723999,2025-09-13T00:39:59Z,CPA321,"45.098366,55.248772",38000,444,240
1757724030,2025-09-13T00:40:30Z,CPA321,"45.063637,55.17334",38000,447,233
1757724061,2025-09-13T00:41:01Z,CPA321,"45.023666,55.104675",38000,450,227
1757724094,2025-09-13T00:41:34Z,CPA321,"44.975327,55.038624",38000,451,221
1757724125,2025-09-13T00:42:05Z,CPA321,"44.926167,54.975384",38000,449,222
1757724156,2025-09-13T00:42:36Z,CPA321,"44.8797,54.914898",38000,448,222
1757724189,2025-09-13T00:43:09Z,CPA321,"44.829899,54.850716",38000,447,222
1757724221,2025-09-13T00:43:41Z,CPA321,"44.780273,54.78701",38000,446,222
1757724253,2025-09-13T00:44:13Z,CPA321,"44.731201,54.723946",38000,444,222
1757724286,2025-09-13T00:44:46Z,CPA321,"44.683044,54.660908",38000,443,225
1757724316,2025-09-13T00:45:16Z,CPA321,"44.641594,54.593475",38000,441,232
1757724347,2025-09-13T00:45:47Z,CPA321,"44.60603,54.521931",38000,441,235
1757724380,2025-09-13T00:46:20Z,CPA321,"44.568134,54.445965",38000,444,234
1757724412,2025-09-13T00:46:52Z,CPA321,"44.529125,54.368458",38000,442,234
1757724443,2025-09-13T00:47:23Z,CPA321,"44.493279,54.297047",38000,441,235
1757724476,2025-09-13T00:47:56Z,CPA321,"44.455078,54.220928",38000,441,234
1757724506,2025-09-13T00:48:26Z,CPA321,"44.419586,54.150471",38000,441,234
1757724538,2025-09-13T00:48:58Z,CPA321,"44.38147,54.07497",38000,442,234
1757724571,2025-09-13T00:49:31Z,CPA321,"44.343475,53.999878",38000,443,234
1757724603,2025-09-13T00:50:03Z,CPA321,"44.30558,53.925251",38000,442,234
1757724635,2025-09-13T00:50:35Z,CPA321,"44.267082,53.849556",38000,440,234
1757724668,2025-09-13T00:51:08Z,CPA321,"44.229263,53.775459",38000,438,234
1757724699,2025-09-13T00:51:39Z,CPA321,"44.191315,53.701363",38000,437,234
1757724732,2025-09-13T00:52:12Z,CPA321,"44.153633,53.627865",38000,438,234
1757724764,2025-09-13T00:52:44Z,CPA321,"44.115742,53.554165",38000,438,234
1757724796,2025-09-13T00:53:16Z,CPA321,"44.078705,53.482277",38000,438,234
1757724827,2025-09-13T00:53:47Z,CPA321,"44.041534,53.41029",38000,436,234
1757724859,2025-09-13T00:54:19Z,CPA321,"44.004063,53.337971",38000,434,234
1757724891,2025-09-13T00:54:51Z,CPA321,"43.966324,53.265358",38000,432,234
1757724922,2025-09-13T00:55:22Z,CPA321,"43.930664,53.196823",38000,431,234
1757724955,2025-09-13T00:55:55Z,CPA321,"43.891983,53.122601",38000,430,234
1757724986,2025-09-13T00:56:26Z,CPA321,"43.855232,53.052456",38000,428,234
1757725019,2025-09-13T00:56:59Z,CPA321,"43.817715,52.98098",38000,426,234
1757725049,2025-09-13T00:57:29Z,CPA321,"43.782486,52.91386",38000,426,234
1757725081,2025-09-13T00:58:01Z,CPA321,"43.746643,52.845898",38000,426,234
1757725113,2025-09-13T00:58:33Z,CPA321,"43.70874,52.77417",38000,426,234
1757725145,2025-09-13T00:59:05Z,CPA321,"43.671211,52.703247",38000,426,233
1757725177,2025-09-13T00:59:37Z,CPA321,"43.633644,52.632557",38000,426,233
1757725209,2025-09-13T01:00:09Z,CPA321,"43.596085,52.562233",38000,427,233
1757725241,2025-09-13T01:00:41Z,CPA321,"43.558685,52.492485",38000,426,233
1757725273,2025-09-13T01:01:13Z,CPA321,"43.521965,52.424076",38000,426,233
1757725305,2025-09-13T01:01:45Z,CPA321,"43.484585,52.354626",38000,427,233
1757725337,2025-09-13T01:02:17Z,CPA321,"43.446213,52.28336",38000,428,233
1757725369,2025-09-13T01:02:49Z,CPA321,"43.408474,52.21357",38000,428,233
1757725401,2025-09-13T01:03:21Z,CPA321,"43.371643,52.145584",38000,428,233
1757725433,2025-09-13T01:03:53Z,CPA321,"43.333569,52.075523",38000,428,233
1757725464,2025-09-13T01:04:24Z,CPA321,"43.296654,52.00771",38000,426,233
1757725496,2025-09-13T01:04:56Z,CPA321,"43.259365,51.939369",38000,424,233
1757725528,2025-09-13T01:05:28Z,CPA321,"43.220764,51.86882",38000,424,233
1757725560,2025-09-13T01:06:00Z,CPA321,"43.182907,51.799706",38000,426,233
1757725593,2025-09-13T01:06:33Z,CPA321,"43.144913,51.730659",38000,422,233
1757725625,2025-09-13T01:07:05Z,CPA321,"43.107925,51.663464",38000,418,232
1757725656,2025-09-13T01:07:36Z,CPA321,"43.071716,51.597866",38000,415,233
1757725689,2025-09-13T01:08:09Z,CPA321,"43.034145,51.529934",38000,414,233
1757725719,2025-09-13T01:08:39Z,CPA321,"42.99939,51.467243",38000,412,232
1757725751,2025-09-13T01:09:11Z,CPA321,"42.963043,51.401772",38000,411,232
1757725783,2025-09-13T01:09:43Z,CPA321,"42.926144,51.335579",38000,412,232
1757725815,2025-09-13T01:10:15Z,CPA321,"42.889435,51.269871",38000,409,232
1757725846,2025-09-13T01:10:46Z,CPA321,"42.852917,51.204529",38000,408,232
1757725879,2025-09-13T01:11:19Z,CPA321,"42.815861,51.138416",38000,408,232
1757725911,2025-09-13T01:11:51Z,CPA321,"42.779922,51.074417",38000,409,232
1757725943,2025-09-13T01:12:23Z,CPA321,"42.742634,51.008118",38000,411,232
1757725975,2025-09-13T01:12:55Z,CPA321,"42.705505,50.942356",38000,410,232
1757726007,2025-09-13T01:13:27Z,CPA321,"42.667923,50.875938",38000,408,232
1757726039,2025-09-13T01:13:59Z,CPA321,"42.631237,50.811256",38000,406,232
1757726071,2025-09-13T01:14:31Z,CPA321,"42.595093,50.747597",38000,405,232
1757726103,2025-09-13T01:15:03Z,CPA321,"42.558289,50.682804",38000,408,232
1757726135,2025-09-13T01:15:35Z,CPA321,"42.521896,50.619133",38000,408,232
1757726166,2025-09-13T01:16:06Z,CPA321,"42.486225,50.556656",38000,404,232
1757726198,2025-09-13T01:16:38Z,CPA321,"42.44989,50.493225",38000,402,232
1757726230,2025-09-13T01:17:10Z,CPA321,"42.413559,50.429035",38000,399,234
1757726260,2025-09-13T01:17:40Z,CPA321,"42.38232,50.367714",38000,397,236
1757726292,2025-09-13T01:18:12Z,CPA321,"42.349037,50.301224",38000,397,235
1757726324,2025-09-13T01:18:44Z,CPA321,"42.31604,50.236732",38000,398,235
1757726356,2025-09-13T01:19:16Z,CPA321,"42.28215,50.17173",38000,397,235
1757726388,2025-09-13T01:19:48Z,CPA321,"42.249062,50.10807",38000,398,235
1757726419,2025-09-13T01:20:19Z,CPA321,"42.216389,50.044762",38000,398,235
1757726449,2025-09-13T01:20:49Z,CPA321,"42.184772,49.982861",38000,398,234
1757726482,2025-09-13T01:21:22Z,CPA321,"42.149895,49.917168",38000,399,234
1757726514,2025-09-13T01:21:54Z,CPA321,"42.115837,49.851391",38000,400,234
1757726546,2025-09-13T01:22:26Z,CPA321,"42.080688,49.792377",38000,400,234
1757726577,2025-09-13T01:22:57Z,CPA321,"42.048996,49.723404",38000,401,234
1757726609,2025-09-13T01:23:29Z,CPA321,"42.014492,49.657867",38000,403,234
1757726641,2025-09-13T01:24:01Z,CPA321,"41.98008,49.592014",38000,404,234
1757726673,2025-09-13T01:24:33Z,CPA321,"41.945473,49.526249",38000,405,234
1757726706,2025-09-13T01:25:06Z,CPA321,"41.910069,49.459301",38000,406,234
1757726737,2025-09-13T01:25:37Z,CPA321,"41.87624,49.395302",38000,407,234
1757726769,2025-09-13T01:26:09Z,CPA321,"41.841667,49.330009",38000,407,234
1757726801,2025-09-13T01:26:41Z,CPA321,"41.806725,49.264439",38000,406,234
1757726832,2025-09-13T01:27:12Z,CPA321,"41.77198,49.199203",38000,406,234
1757726864,2025-09-13T01:27:44Z,CPA321,"41.737259,49.134087",38000,407,234
1757726896,2025-09-13T01:28:16Z,CPA321,"41.702812,49.069637",38000,408,234
1757726928,2025-09-13T01:28:48Z,CPA321,"41.667789,49.00425",38000,409,234
1757726959,2025-09-13T01:29:19Z,CPA321,"41.633671,48.940689",38000,408,234
1757726990,2025-09-13T01:29:50Z,CPA321,"41.598907,48.875519",38000,408,234
1757727022,2025-09-13T01:30:22Z,CPA321,"41.564388,48.810993",38000,408,234
1757727053,2025-09-13T01:30:53Z,CPA321,"41.529964,48.747051",38000,409,234
1757727085,2025-09-13T01:31:25Z,CPA321,"41.495045,48.682186",38000,410,234
1757727116,2025-09-13T01:31:56Z,CPA321,"41.460262,48.617821",38000,409,234
1757727148,2025-09-13T01:32:28Z,CPA321,"41.424892,48.552738",38000,411,234
1757727179,2025-09-13T01:32:59Z,CPA321,"41.390343,48.489216",38000,411,233
1757727210,2025-09-13T01:33:30Z,CPA321,"41.355427,48.425488",38000,412,233
1757727242,2025-09-13T01:34:02Z,CPA321,"41.319813,48.360489",38000,411,233
1757727274,2025-09-13T01:34:34Z,CPA321,"41.284317,48.295959",38000,410,233
1757727305,2025-09-13T01:35:05Z,CPA321,"41.249485,48.232887",38000,409,233
1757727336,2025-09-13T01:35:36Z,CPA321,"41.215073,48.168331",38000,408,237
1757727368,2025-09-13T01:36:08Z,CPA321,"41.186977,48.099194",38000,408,245
1757727399,2025-09-13T01:36:39Z,CPA321,"41.165386,48.025352",38000,408,252
1757727430,2025-09-13T01:37:10Z,CPA321,"41.15107,47.951027",38000,410,259
1757727462,2025-09-13T01:37:42Z,CPA321,"41.143391,47.871494",38000,412,266
1757727493,2025-09-13T01:38:13Z,CPA321,"41.143391,47.792809",38000,410,273
1757727524,2025-09-13T01:38:44Z,CPA321,"41.150578,47.715782",38000,411,280
1757727556,2025-09-13T01:39:16Z,CPA321,"41.16275,47.63813",38000,412,281
1757727587,2025-09-13T01:39:47Z,CPA321,"41.1745,47.560532",38000,412,281
1757727619,2025-09-13T01:40:19Z,CPA321,"41.186531,47.482254",38000,414,281
1757727650,2025-09-13T01:40:50Z,CPA321,"41.198593,47.404278",38000,416,281
1757727681,2025-09-13T01:41:21Z,CPA321,"41.210644,47.326584",38000,416,281
1757727712,2025-09-13T01:41:52Z,CPA321,"41.2225,47.248993",38000,415,281
1757727744,2025-09-13T01:42:24Z,CPA321,"41.234623,47.169823",38000,414,281
1757727776,2025-09-13T01:42:56Z,CPA321,"41.246613,47.091167",38000,411,281
1757727807,2025-09-13T01:43:27Z,CPA321,"41.258141,47.013691",38000,408,281
1757727839,2025-09-13T01:43:59Z,CPA321,"41.269939,46.93634",38000,406,281
1757727870,2025-09-13T01:44:30Z,CPA321,"41.281029,46.859158",38000,408,280
1757727902,2025-09-13T01:45:02Z,CPA321,"41.292252,46.781246",38000,408,280
1757727933,2025-09-13T01:45:33Z,CPA321,"41.303211,46.704346",38000,408,280
1757727964,2025-09-13T01:46:04Z,CPA321,"41.313919,46.627102",38000,409,280
1757727996,2025-09-13T01:46:36Z,CPA321,"41.324711,46.54882",38000,409,280
1757728027,2025-09-13T01:47:07Z,CPA321,"41.335167,46.470833",38000,410,280
1757728058,2025-09-13T01:47:38Z,CPA321,"41.347134,46.396034",38000,408,280
1757728090,2025-09-13T01:48:10Z,CPA321,"41.356838,46.317078",38000,408,280
1757728121,2025-09-13T01:48:41Z,CPA321,"41.367664,46.238895",38000,408,280
1757728153,2025-09-13T01:49:13Z,CPA321,"41.378223,46.161175",38000,408,280
1757728184,2025-09-13T01:49:44Z,CPA321,"41.388718,46.084667",38000,408,280
1757728215,2025-09-13T01:50:15Z,CPA321,"41.399288,46.007301",38000,408,280
1757728247,2025-09-13T01:50:47Z,CPA321,"41.40995,45.928738",38000,408,280
1757728278,2025-09-13T01:51:18Z,CPA321,"41.4207,45.85059",38150,407,280
1757728310,2025-09-13T01:51:50Z,CPA321,"41.430138,45.772655",38575,406,280
1757728341,2025-09-13T01:52:21Z,CPA321,"41.440514,45.696198",38875,404,280
1757728373,2025-09-13T01:52:53Z,CPA321,"41.449955,45.617146",39100,406,279
1757728405,2025-09-13T01:53:25Z,CPA321,"41.460625,45.540764",39450,404,279
1757728436,2025-09-13T01:53:56Z,CPA321,"41.47028,45.463326",39675,404,279
1757728467,2025-09-13T01:54:27Z,CPA321,"41.480534,45.386185",39950,404,279
1757728499,2025-09-13T01:54:59Z,CPA321,"41.488209,45.309593",40000,401,275
1757728530,2025-09-13T01:55:30Z,CPA321,"41.494717,45.233078",40000,402,276
1757728562,2025-09-13T01:56:02Z,CPA321,"41.501045,45.15403",40000,404,276
1757728593,2025-09-13T01:56:33Z,CPA321,"41.506901,45.076199",40000,405,276
1757728624,2025-09-13T01:57:04Z,CPA321,"41.51305,44.999126",40000,406,276
1757728657,2025-09-13T01:57:37Z,CPA321,"41.519928,44.917725",40000,404,276
1757728688,2025-09-13T01:58:08Z,CPA321,"41.525753,44.841457",40000,404,275
1757728719,2025-09-13T01:58:39Z,CPA321,"41.532322,44.764023",40000,404,275
1757728751,2025-09-13T01:59:11Z,CPA321,"41.537502,44.685452",40000,406,275
1757728782,2025-09-13T01:59:42Z,CPA321,"41.543499,44.608387",40000,406,275
1757728813,2025-09-13T02:00:13Z,CPA321,"41.549541,44.530613",40000,409,275
1757728844,2025-09-13T02:00:44Z,CPA321,"41.555611,44.452747",40000,410,275
1757728875,2025-09-13T02:01:15Z,CPA321,"41.561306,44.374584",40000,412,275
1757728906,2025-09-13T02:01:46Z,CPA321,"41.567268,44.295151",40000,412,275
1757728937,2025-09-13T02:02:17Z,CPA321,"41.573376,44.216381",40000,413,275
1757728969,2025-09-13T02:02:49Z,CPA321,"41.579369,44.136478",40000,414,276
1757729000,2025-09-13T02:03:20Z,CPA321,"41.585655,44.057873",40000,414,275
1757729033,2025-09-13T02:03:53Z,CPA321,"41.59227,43.973808",40000,416,275
1757729064,2025-09-13T02:04:24Z,CPA321,"41.598484,43.8946",40000,416,275
1757729095,2025-09-13T02:04:55Z,CPA321,"41.604187,43.814854",40000,418,275
1757729126,2025-09-13T02:05:26Z,CPA321,"41.610733,43.734814",39975,418,275
1757729158,2025-09-13T02:05:58Z,CPA321,"41.617054,43.654701",40000,418,275
1757729189,2025-09-13T02:06:29Z,CPA321,"41.622448,43.574574",40000,421,275
1757729220,2025-09-13T02:07:00Z,CPA321,"41.628231,43.494339",40000,422,275
1757729251,2025-09-13T02:07:31Z,CPA321,"41.634216,43.412796",40000,424,275
1757729282,2025-09-13T02:08:02Z,CPA321,"41.63998,43.330624",40000,424,275
1757729314,2025-09-13T02:08:34Z,CPA321,"41.645649,43.249454",40000,424,275
1757729345,2025-09-13T02:09:05Z,CPA321,"41.65131,43.167717",40000,425,275
1757729376,2025-09-13T02:09:36Z,CPA321,"41.65694,43.085354",40000,426,275
1757729408,2025-09-13T02:10:08Z,CPA321,"41.662529,43.003796",40000,424,275
1757729439,2025-09-13T02:10:39Z,CPA321,"41.668343,42.92284",40000,423,275
1757729470,2025-09-13T02:11:10Z,CPA321,"41.669876,42.84124",40000,422,267
1757729502,2025-09-13T02:11:42Z,CPA321,"41.663681,42.758652",40000,424,262
1757729534,2025-09-13T02:12:14Z,CPA321,"41.657001,42.67606",40000,426,263
1757729565,2025-09-13T02:12:45Z,CPA321,"41.650379,42.594868",40000,426,263
1757729597,2025-09-13T02:13:17Z,CPA321,"41.643463,42.510986",40000,426,263
1757729628,2025-09-13T02:13:48Z,CPA321,"41.636429,42.427483",40000,428,263
1757729660,2025-09-13T02:14:20Z,CPA321,"41.629368,42.345734",40000,428,263
1757729693,2025-09-13T02:14:53Z,CPA321,"41.6217,42.260109",40000,426,263
1757729724,2025-09-13T02:15:24Z,CPA321,"41.614735,42.17878",40000,425,263
1757729755,2025-09-13T02:15:55Z,CPA321,"41.607315,42.096939",40000,426,263
1757729787,2025-09-13T02:16:27Z,CPA321,"41.5998,42.014359",40000,427,263
1757729819,2025-09-13T02:16:59Z,CPA321,"41.592522,41.930393",40000,428,263
1757729851,2025-09-13T02:17:31Z,CPA321,"41.585011,41.84663",40000,429,263
1757729884,2025-09-13T02:18:04Z,CPA321,"41.577106,41.760303",40000,428,263
1757729916,2025-09-13T02:18:36Z,CPA321,"41.569878,41.675694",40000,428,263
1757729948,2025-09-13T02:19:08Z,CPA321,"41.561863,41.592262",40000,428,262
1757729980,2025-09-13T02:19:40Z,CPA321,"41.55484,41.507782",40000,427,263
1757730012,2025-09-13T02:20:12Z,CPA321,"41.551949,41.423164",40000,429,271
1757730044,2025-09-13T02:20:44Z,CPA321,"41.555969,41.339809",40000,429,274
1757730076,2025-09-13T02:21:16Z,CPA321,"41.560844,41.256294",40000,430,274
1757730108,2025-09-13T02:21:48Z,CPA321,"41.565964,41.171021",40000,430,274
1757730140,2025-09-13T02:22:20Z,CPA321,"41.570107,41.086899",40000,431,274
1757730172,2025-09-13T02:22:52Z,CPA321,"41.574669,41.002151",40000,432,274
1757730202,2025-09-13T02:23:22Z,CPA321,"41.579067,40.921326",40000,432,274
1757730235,2025-09-13T02:23:55Z,CPA321,"41.583824,40.835152",40000,432,274
1757730267,2025-09-13T02:24:27Z,CPA321,"41.588383,40.750984",40000,432,273
1757730297,2025-09-13T02:24:57Z,CPA321,"41.592785,40.669785",40000,431,273
1757730329,2025-09-13T02:25:29Z,CPA321,"41.596752,40.585007",40000,432,273
1757730361,2025-09-13T02:26:01Z,CPA321,"41.600677,40.499615",40000,434,273
1757730392,2025-09-13T02:26:32Z,CPA321,"41.604527,40.418037",40000,436,273
1757730424,2025-09-13T02:27:04Z,CPA321,"41.608822,40.331219",40000,437,273
1757730457,2025-09-13T02:27:37Z,CPA321,"41.612877,40.24295",40000,438,273
1757730489,2025-09-13T02:28:09Z,CPA321,"41.616898,40.156387",40000,439,273
1757730521,2025-09-13T02:28:41Z,CPA321,"41.620857,40.070274",40000,438,273
1757730553,2025-09-13T02:29:13Z,CPA321,"41.624794,39.984333",40000,438,273
1757730585,2025-09-13T02:29:45Z,CPA321,"41.628712,39.897751",40000,439,273
1757730617,2025-09-13T02:30:17Z,CPA321,"41.632473,39.81237",40000,440,273
1757730648,2025-09-13T02:30:48Z,CPA321,"41.636219,39.726341",40000,440,273
1757730680,2025-09-13T02:31:20Z,CPA321,"41.640064,39.640537",40000,439,273
1757730712,2025-09-13T02:31:52Z,CPA321,"41.64378,39.554939",40000,439,273
1757730744,2025-09-13T02:32:24Z,CPA321,"41.647499,39.467422",40000,439,273
1757730776,2025-09-13T02:32:56Z,CPA321,"41.651188,39.380913",40000,439,273
1757730808,2025-09-13T02:33:28Z,CPA321,"41.654671,39.294823",40000,440,273
1757730841,2025-09-13T02:34:01Z,CPA321,"41.658272,39.206593",40000,442,273
1757730872,2025-09-13T02:34:32Z,CPA321,"41.661777,39.119789",40000,444,273
1757730904,2025-09-13T02:35:04Z,CPA321,"41.665192,39.032581",40000,445,273
1757730936,2025-09-13T02:35:36Z,CPA321,"41.668484,38.944962",40000,446,272
1757730967,2025-09-13T02:36:07Z,CPA321,"41.67165,38.861301",40000,446,272
1757730998,2025-09-13T02:36:38Z,CPA321,"41.674599,38.774574",40000,446,272
1757731030,2025-09-13T02:37:10Z,CPA321,"41.677471,38.687317",40000,447,272
1757731062,2025-09-13T02:37:42Z,CPA321,"41.680515,38.598194",40000,448,272
1757731094,2025-09-13T02:38:14Z,CPA321,"41.683548,38.510807",40000,448,272
1757731126,2025-09-13T02:38:46Z,CPA321,"41.686516,38.421253",40000,449,272
1757731158,2025-09-13T02:39:18Z,CPA321,"41.689381,38.334011",40000,449,272
1757731191,2025-09-13T02:39:51Z,CPA321,"41.692211,38.243103",40000,448,272
1757731224,2025-09-13T02:40:24Z,CPA321,"41.695034,38.153275",40000,447,272
1757731255,2025-09-13T02:40:55Z,CPA321,"41.697613,38.067398",40000,446,272
1757731285,2025-09-13T02:41:25Z,CPA321,"41.700161,37.985046",40000,444,272
1757731317,2025-09-13T02:41:57Z,CPA321,"41.702679,37.898399",40000,443,272
1757731349,2025-09-13T02:42:29Z,CPA321,"41.705227,37.810787",40000,442,272
1757731381,2025-09-13T02:43:01Z,CPA321,"41.707722,37.723701",40000,443,272
1757731411,2025-09-13T02:43:31Z,CPA321,"41.709965,37.640259",40000,444,272
1757731444,2025-09-13T02:44:04Z,CPA321,"41.712341,37.551861",40000,445,272
1757731476,2025-09-13T02:44:36Z,CPA321,"41.714676,37.462055",40000,447,272
1757731508,2025-09-13T02:45:08Z,CPA321,"41.717018,37.374317",40000,446,271
1757731540,2025-09-13T02:45:40Z,CPA321,"41.719128,37.287113",40000,446,271
1757731571,2025-09-13T02:46:11Z,CPA321,"41.721054,37.200119",40000,446,271
1757731604,2025-09-13T02:46:44Z,CPA321,"41.722824,37.111431",40000,445,271
1757731642,2025-09-13T02:47:22Z,CPA321,"41.724819,37.005497",40000,445,271
1757731674,2025-09-13T02:47:54Z,CPA321,"41.727261,36.91811",40000,446,271
1757731705,2025-09-13T02:48:25Z,CPA321,"41.728092,36.833645",40000,447,271
1757731737,2025-09-13T02:48:57Z,CPA321,"41.729713,36.745197",40000,448,271
1757731774,2025-09-13T02:49:34Z,CPA321,"41.731815,36.641945",40000,449,271
1757731815,2025-09-13T02:50:15Z,CPA321,"41.733372,36.525978",40000,448,271
1757731847,2025-09-13T02:50:47Z,CPA321,"41.734314,36.438992",40000,448,271
1757731895,2025-09-13T02:51:35Z,CPA321,"41.734341,36.307919",40000,448,271
1757731927,2025-09-13T02:52:07Z,CPA321,"41.737362,36.218475",40000,447,271
1757731964,2025-09-13T02:52:44Z,CPA321,"41.739231,36.114796",40000,447,270
1757731992,2025-09-13T02:53:12Z,CPA321,"41.739452,36.041225",40000,446,270
1757732050,2025-09-13T02:54:10Z,CPA321,"41.741661,35.87933",40000,448,270
1757732533,2025-09-13T03:02:13Z,CPA321,"41.746159,34.52626",40000,458,269
1757732564,2025-09-13T03:02:44Z,CPA321,"41.747704,34.438656",40000,460,269
1757732595,2025-09-13T03:03:15Z,CPA321,"41.74638,34.349712",40000,462,269
1757732626,2025-09-13T03:03:46Z,CPA321,"41.747105,34.262028",40000,464,269
1757732658,2025-09-13T03:04:18Z,CPA321,"41.746517,34.17004",40000,464,269
1757732690,2025-09-13T03:04:50Z,CPA321,"41.745483,34.076874",40000,463,269
1757732722,2025-09-13T03:05:22Z,CPA321,"41.744923,33.986942",40000,463,269
1757732754,2025-09-13T03:05:54Z,CPA321,"41.744156,33.894802",40000,462,269
1757732785,2025-09-13T03:06:25Z,CPA321,"41.743702,33.807415",40000,464,269
1757732817,2025-09-13T03:06:57Z,CPA321,"41.743042,33.715759",40000,465,269
1757732849,2025-09-13T03:07:29Z,CPA321,"41.742451,33.622482",40000,466,269
1757732881,2025-09-13T03:08:01Z,CPA321,"41.741577,33.531311",40000,466,269
1757732905,2025-09-13T03:08:25Z,CPA321,"41.742928,33.461651",39975,465,279
1757732907,2025-09-13T03:08:27Z,CPA321,"41.743549,33.456516",40000,466,281
1757732909,2025-09-13T03:08:29Z,CPA321,"41.744827,33.450142",40000,465,283
1757732911,2025-09-13T03:08:31Z,CPA321,"41.74588,33.443489",40000,466,285
1757732913,2025-09-13T03:08:33Z,CPA321,"41.747021,33.437374",40000,466,286
1757732916,2025-09-13T03:08:36Z,CPA321,"41.748432,33.431759",40000,465,287
1757732918,2025-09-13T03:08:38Z,CPA321,"41.753216,33.429787",40000,466,287
1757732920,2025-09-13T03:08:40Z,CPA321,"41.754284,33.423561",40025,465,287
1757732922,2025-09-13T03:08:42Z,CPA321,"41.75552,33.417934",40025,466,288
1757732924,2025-09-13T03:08:44Z,CPA321,"41.756466,33.411301",40025,466,288
1757732926,2025-09-13T03:08:46Z,CPA321,"41.757771,33.405331",40025,466,288
1757732929,2025-09-13T03:08:49Z,CPA321,"41.759167,33.398785",40025,466,288
1757732931,2025-09-13T03:08:51Z,CPA321,"41.761116,33.393986",40000,466,288
1757732962,2025-09-13T03:09:22Z,CPA321,"41.780567,33.308563",40000,465,285
1757732992,2025-09-13T03:09:52Z,CPA321,"41.796719,33.222847",40000,465,285
1757733025,2025-09-13T03:10:25Z,CPA321,"41.816315,33.130981",40000,467,286
1757733057,2025-09-13T03:10:57Z,CPA321,"41.835308,33.042332",40000,468,286
1757733089,2025-09-13T03:11:29Z,CPA321,"41.854259,32.954426",40000,468,285
1757733119,2025-09-13T03:11:59Z,CPA321,"41.87328,32.87088",40000,468,285
1757733151,2025-09-13T03:12:31Z,CPA321,"41.892052,32.782196",40000,467,285
1757733182,2025-09-13T03:13:02Z,CPA321,"41.91066,32.694294",40000,467,285
1757733214,2025-09-13T03:13:34Z,CPA321,"41.92831,32.604382",40000,468,285
1757733245,2025-09-13T03:14:05Z,CPA321,"41.946526,32.515961",40000,468,285
1757733277,2025-09-13T03:14:37Z,CPA321,"41.96619,32.429241",40000,466,285
1757733309,2025-09-13T03:15:09Z,CPA321,"41.983845,32.340172",40000,464,285
1757733340,2025-09-13T03:15:40Z,CPA321,"42.001205,32.251972",40000,463,285
1757733373,2025-09-13T03:16:13Z,CPA321,"42.019531,32.162327",40000,463,285
1757733404,2025-09-13T03:16:44Z,CPA321,"42.037544,32.074127",40000,463,285
1757733436,2025-09-13T03:17:16Z,CPA321,"42.055492,31.985859",40000,463,285
1757733468,2025-09-13T03:17:48Z,CPA321,"42.072559,31.899139",40000,463,284
1757733499,2025-09-13T03:18:19Z,CPA321,"42.089966,31.811382",40000,464,284
1757733531,2025-09-13T03:18:51Z,CPA321,"42.107536,31.722593",40000,466,284
1757733562,2025-09-13T03:19:22Z,CPA321,"42.125172,31.633646",40000,468,284
1757733594,2025-09-13T03:19:54Z,CPA321,"42.142899,31.544037",40000,468,284
1757733626,2025-09-13T03:20:26Z,CPA321,"42.160423,31.455538",40000,469,284
1757733658,2025-09-13T03:20:58Z,CPA321,"42.178356,31.365364",40000,470,284
1757733689,2025-09-13T03:21:29Z,CPA321,"42.195473,31.277409",40000,470,284
1757733720,2025-09-13T03:22:00Z,CPA321,"42.212593,31.189852",40000,469,284
1757733751,2025-09-13T03:22:31Z,CPA321,"42.229782,31.101068",40000,468,284
1757733783,2025-09-13T03:23:03Z,CPA321,"42.247002,31.012529",40000,467,284
1757733814,2025-09-13T03:23:34Z,CPA321,"42.26429,30.923876",40000,466,284
1757733846,2025-09-13T03:24:06Z,CPA321,"42.281643,30.835136",40000,466,284
1757733878,2025-09-13T03:24:38Z,CPA321,"42.298958,30.745802",40000,466,284
1757733909,2025-09-13T03:25:09Z,CPA321,"42.315899,30.658197",40000,464,284
1757733941,2025-09-13T03:25:41Z,CPA321,"42.332767,30.57004",40000,462,284
1757733972,2025-09-13T03:26:12Z,CPA321,"42.349598,30.48115",40000,460,284
1757734004,2025-09-13T03:26:44Z,CPA321,"42.366352,30.392269",40000,458,284
1757734036,2025-09-13T03:27:16Z,CPA321,"42.382801,30.304871",40000,458,284
1757734068,2025-09-13T03:27:48Z,CPA321,"42.399227,30.216454",40000,460,283
1757734100,2025-09-13T03:28:20Z,CPA321,"42.415745,30.127462",40000,460,283
1757734131,2025-09-13T03:28:51Z,CPA321,"42.431732,30.039988",40000,456,283
1757734163,2025-09-13T03:29:23Z,CPA321,"42.447666,29.953094",40000,452,283
1757734194,2025-09-13T03:29:54Z,CPA321,"42.463295,29.866652",40000,452,283
1757734227,2025-09-13T03:30:27Z,CPA321,"42.478317,29.778046",40000,452,281
1757734258,2025-09-13T03:30:58Z,CPA321,"42.49176,29.690237",40000,452,281
1757734290,2025-09-13T03:31:30Z,CPA321,"42.505527,29.602882",40000,452,281
1757734322,2025-09-13T03:32:02Z,CPA321,"42.519398,29.515093",40000,452,281
1757734354,2025-09-13T03:32:34Z,CPA321,"42.533268,29.426992",40000,452,281
1757734385,2025-09-13T03:33:05Z,CPA321,"42.547009,29.340191",40000,454,281
1757734417,2025-09-13T03:33:37Z,CPA321,"42.560947,29.252089",40000,451,281
1757734449,2025-09-13T03:34:09Z,CPA321,"42.57486,29.16382",40000,450,281
1757734480,2025-09-13T03:34:40Z,CPA321,"42.588333,29.076757",40000,448,281
1757734512,2025-09-13T03:35:12Z,CPA321,"42.601704,28.990105",40000,447,281
1757734544,2025-09-13T03:35:44Z,CPA321,"42.614929,28.903322",40000,447,281
1757734576,2025-09-13T03:36:16Z,CPA321,"42.628147,28.816017",40000,447,281
1757734608,2025-09-13T03:36:48Z,CPA321,"42.641449,28.7278",40000,447,281
1757734639,2025-09-13T03:37:19Z,CPA321,"42.654339,28.641483",40000,447,281
1757734670,2025-09-13T03:37:50Z,CPA321,"42.667229,28.555286",40000,445,281
1757734702,2025-09-13T03:38:22Z,CPA321,"42.679874,28.469021",40000,444,281
1757734734,2025-09-13T03:38:54Z,CPA321,"42.692917,28.380558",40000,442,281
1757734767,2025-09-13T03:39:27Z,CPA321,"42.705765,28.292429",40000,441,281
1757734799,2025-09-13T03:39:59Z,CPA321,"42.718239,28.205853",40000,438,280
1757734830,2025-09-13T03:40:30Z,CPA321,"42.730438,28.120646",40000,434,280
1757734863,2025-09-13T03:41:03Z,CPA321,"42.74268,28.03503",40000,432,280
1757734893,2025-09-13T03:41:33Z,CPA321,"42.754196,27.953928",40000,431,280
1757734924,2025-09-13T03:42:04Z,CPA321,"42.765858,27.871912",40000,431,280
1757734956,2025-09-13T03:42:36Z,CPA321,"42.777821,27.785774",40000,433,280
1757734988,2025-09-13T03:43:08Z,CPA321,"42.789669,27.700851",40000,437,280
1757735020,2025-09-13T03:43:40Z,CPA321,"42.801594,27.615345",40000,438,280
1757735051,2025-09-13T03:44:11Z,CPA321,"42.81348,27.529604",40000,438,280
1757735083,2025-09-13T03:44:43Z,CPA321,"42.825451,27.44319",40000,439,280
1757735115,2025-09-13T03:45:15Z,CPA321,"42.837456,27.356043",40000,439,280
1757735147,2025-09-13T03:45:47Z,CPA321,"42.849239,27.269888",40000,438,280
1757735179,2025-09-13T03:46:19Z,CPA321,"42.861015,27.182688",40000,438,280
1757735211,2025-09-13T03:46:51Z,CPA321,"42.872387,27.098452",40000,439,280
1757735242,2025-09-13T03:47:22Z,CPA321,"42.883846,27.012627",40000,441,280
1757735274,2025-09-13T03:47:54Z,CPA321,"42.895489,26.926012",40000,440,280
1757735304,2025-09-13T03:48:24Z,CPA321,"42.906433,26.843388",40000,441,280
1757735335,2025-09-13T03:48:55Z,CPA321,"42.917561,26.758116",40000,443,280
1757735367,2025-09-13T03:49:27Z,CPA321,"42.929348,26.669664",40000,446,280
1757735399,2025-09-13T03:49:59Z,CPA321,"42.940998,26.5821",40000,449,280
1757735431,2025-09-13T03:50:31Z,CPA321,"42.952869,26.492273",40000,451,280
1757735463,2025-09-13T03:51:03Z,CPA321,"42.964405,26.403419",40000,451,279
1757735495,2025-09-13T03:51:35Z,CPA321,"42.976009,26.313681",40000,446,280
1757735527,2025-09-13T03:52:07Z,CPA321,"42.987385,26.226297",40000,444,280
1757735559,2025-09-13T03:52:39Z,CPA321,"42.998901,26.137457",40000,444,280
1757735591,2025-09-13T03:53:11Z,CPA321,"43.010357,26.048611",40000,445,279
1757735623,2025-09-13T03:53:43Z,CPA321,"43.021519,25.961138",40000,445,279
1757735655,2025-09-13T03:54:15Z,CPA321,"43.032639,25.872597",40000,444,279
1757735687,2025-09-13T03:54:47Z,CPA321,"43.043625,25.785793",40000,443,279
1757735719,2025-09-13T03:55:19Z,CPA321,"43.054478,25.698078",40000,442,279
1757735751,2025-09-13T03:55:51Z,CPA321,"43.065292,25.609993",40000,443,279
1757735783,2025-09-13T03:56:23Z,CPA321,"43.076103,25.522257",40000,443,279
1757735814,2025-09-13T03:56:54Z,CPA321,"43.086525,25.434715",40000,442,279
1757735846,2025-09-13T03:57:26Z,CPA321,"43.097126,25.347202",40000,441,279
1757735878,2025-09-13T03:57:58Z,CPA321,"43.10762,25.259562",40000,441,279
1757735910,2025-09-13T03:58:30Z,CPA321,"43.118309,25.169699",40000,441,279
1757735943,2025-09-13T03:59:03Z,CPA321,"43.128586,25.081179",40000,440,279
1757735975,2025-09-13T03:59:35Z,CPA321,"43.138596,24.994358",40000,442,278
1757736007,2025-09-13T04:00:07Z,CPA321,"43.148659,24.905821",40000,445,278
1757736038,2025-09-13T04:00:38Z,CPA321,"43.158779,24.817963",40000,447,278
1757736071,2025-09-13T04:01:11Z,CPA321,"43.1689,24.727577",40000,447,278
1757736102,2025-09-13T04:01:42Z,CPA321,"43.178947,24.638359",40000,446,278
1757736134,2025-09-13T04:02:14Z,CPA321,"43.188671,24.551586",40000,445,278
1757736165,2025-09-13T04:02:45Z,CPA321,"43.19817,24.464327",40000,445,278
1757736197,2025-09-13T04:03:17Z,CPA321,"43.207706,24.376347",40000,445,278
1757736228,2025-09-13T04:03:48Z,CPA321,"43.217274,24.288317",40000,445,278
1757736260,2025-09-13T04:04:20Z,CPA321,"43.226868,24.200523",40000,445,278
1757736292,2025-09-13T04:04:52Z,CPA321,"43.23632,24.112577",40000,444,278
1757736324,2025-09-13T04:05:24Z,CPA321,"43.246082,24.023079",40000,444,278
1757736355,2025-09-13T04:05:55Z,CPA321,"43.255459,23.934822",40000,446,278
1757736388,2025-09-13T04:06:28Z,CPA321,"43.264977,23.845421",40000,446,278
1757736419,2025-09-13T04:06:59Z,CPA321,"43.274139,23.758081",40000,448,278
1757736451,2025-09-13T04:07:31Z,CPA321,"43.28336,23.66898",40000,448,278
1757736482,2025-09-13T04:08:02Z,CPA321,"43.292473,23.579981",40000,448,278
1757736515,2025-09-13T04:08:35Z,CPA321,"43.301689,23.489437",40000,449,278
1757736547,2025-09-13T04:09:07Z,CPA321,"43.310886,23.399181",40000,449,278
1757736578,2025-09-13T04:09:38Z,CPA321,"43.319843,23.310085",40000,448,277
1757736610,2025-09-13T04:10:10Z,CPA321,"43.328747,23.221155",40000,447,277
1757736642,2025-09-13T04:10:42Z,CPA321,"43.337692,23.131641",40000,446,277
1757736674,2025-09-13T04:11:14Z,CPA321,"43.346405,23.043491",40000,444,277
1757736704,2025-09-13T04:11:44Z,CPA321,"43.354813,22.959118",40000,444,277
1757736735,2025-09-13T04:12:15Z,CPA321,"43.363365,22.871428",40000,445,277
1757736767,2025-09-13T04:12:47Z,CPA321,"43.371937,22.782738",40000,444,278
1757736799,2025-09-13T04:13:19Z,CPA321,"43.384888,22.693432",40000,444,282
1757736831,2025-09-13T04:13:51Z,CPA321,"43.398422,22.607887",40000,443,281
1757736862,2025-09-13T04:14:22Z,CPA321,"43.411556,22.521605",40000,442,281
1757736894,2025-09-13T04:14:54Z,CPA321,"43.425102,22.433214",40000,442,281
1757736927,2025-09-13T04:15:27Z,CPA321,"43.438507,22.344486",40000,441,281
1757736958,2025-09-13T04:15:58Z,CPA321,"43.451763,22.257217",40000,440,281
1757736990,2025-09-13T04:16:30Z,CPA321,"43.464996,22.170931",40000,438,281
1757737022,2025-09-13T04:17:02Z,CPA321,"43.478115,22.08252",40000,438,281
1757737054,2025-09-13T04:17:34Z,CPA321,"43.490917,21.996426",40000,439,281
1757737086,2025-09-13T04:18:06Z,CPA321,"43.503906,21.909149",40000,437,281
1757737118,2025-09-13T04:18:38Z,CPA321,"43.516727,21.821611",40000,437,281
1757737149,2025-09-13T04:19:09Z,CPA321,"43.529343,21.735735",40000,437,281
1757737182,2025-09-13T04:19:42Z,CPA321,"43.542229,21.647661",40000,437,281
1757737213,2025-09-13T04:20:13Z,CPA321,"43.554707,21.561098",40000,438,281
1757737245,2025-09-13T04:20:45Z,CPA321,"43.567295,21.473635",40000,438,281
1757737277,2025-09-13T04:21:17Z,CPA321,"43.579647,21.387415",40000,437,281
1757737309,2025-09-13T04:21:49Z,CPA321,"43.592041,21.299942",40000,435,281
1757737341,2025-09-13T04:22:21Z,CPA321,"43.604267,21.214222",40000,435,281
1757737372,2025-09-13T04:22:52Z,CPA321,"43.616531,21.127361",40000,436,281
1757737404,2025-09-13T04:23:24Z,CPA321,"43.628635,21.040119",40000,437,280
1757737436,2025-09-13T04:23:56Z,CPA321,"43.640572,20.952862",40000,438,280
1757737469,2025-09-13T04:24:29Z,CPA321,"43.652592,20.863466",40000,440,280
1757737501,2025-09-13T04:25:01Z,CPA321,"43.664326,20.776667",40000,439,280
1757737532,2025-09-13T04:25:32Z,CPA321,"43.67617,20.688272",40000,438,280
1757737564,2025-09-13T04:26:04Z,CPA321,"43.687916,20.600855",40000,438,280
1757737596,2025-09-13T04:26:36Z,CPA321,"43.699581,20.514278",40000,437,280
1757737628,2025-09-13T04:27:08Z,CPA321,"43.711197,20.427307",40000,437,280
1757737659,2025-09-13T04:27:39Z,CPA321,"43.722771,20.339708",40000,438,280
1757737691,2025-09-13T04:28:11Z,CPA321,"43.734489,20.25157",40000,438,280
1757737723,2025-09-13T04:28:43Z,CPA321,"43.745911,20.165205",40000,438,280
1757737755,2025-09-13T04:29:15Z,CPA321,"43.757339,20.077316",40000,438,280
1757737787,2025-09-13T04:29:47Z,CPA321,"43.768829,19.988796",40000,438,280
1757737819,2025-09-13T04:30:19Z,CPA321,"43.780113,19.901302",40000,438,280
1757737851,2025-09-13T04:30:51Z,CPA321,"43.791374,19.813425",40000,440,280
1757737882,2025-09-13T04:31:22Z,CPA321,"43.802532,19.726377",40000,438,280
1757737914,2025-09-13T04:31:54Z,CPA321,"43.813789,19.637636",40000,437,279
1757737947,2025-09-13T04:32:27Z,CPA321,"43.825054,19.548431",40000,437,279
1757737978,2025-09-13T04:32:58Z,CPA321,"43.835857,19.462349",40000,436,279
1757738010,2025-09-13T04:33:30Z,CPA321,"43.846931,19.373163",40000,436,279
1757738042,2025-09-13T04:34:02Z,CPA321,"43.857685,19.286312",40000,437,279
1757738073,2025-09-13T04:34:33Z,CPA321,"43.868389,19.199757",40000,438,279
1757738105,2025-09-13T04:35:05Z,CPA321,"43.878952,19.112959",40000,438,279
1757738136,2025-09-13T04:35:36Z,CPA321,"43.889442,19.02627",40000,438,279
1757738168,2025-09-13T04:36:08Z,CPA321,"43.900211,18.937407",40000,438,279
1757738200,2025-09-13T04:36:40Z,CPA321,"43.910553,18.851013",40000,435,279
1757738232,2025-09-13T04:37:12Z,CPA321,"43.920891,18.76358",40000,434,279
1757738263,2025-09-13T04:37:43Z,CPA321,"43.931232,18.676275",40000,434,279
1757738295,2025-09-13T04:38:15Z,CPA321,"43.941334,18.589609",40000,433,279
1757738327,2025-09-13T04:38:47Z,CPA321,"43.951561,18.502808",40000,433,279
1757738358,2025-09-13T04:39:18Z,CPA321,"43.9618,18.415226",40000,434,279
1757738390,2025-09-13T04:39:50Z,CPA321,"43.972286,18.328255",40000,433,279
1757738422,2025-09-13T04:40:22Z,CPA321,"43.981674,18.240967",40000,433,278
1757738454,2025-09-13T04:40:54Z,CPA321,"43.991611,18.154469",40000,433,278
1757738485,2025-09-13T04:41:25Z,CPA321,"44.001339,18.067089",40000,433,278
1757738517,2025-09-13T04:41:57Z,CPA321,"44.011013,17.979689",40000,432,278
1757738548,2025-09-13T04:42:28Z,CPA321,"44.02039,17.895172",40000,429,278
1757738580,2025-09-13T04:43:00Z,CPA321,"44.029705,17.809578",40000,427,278
1757738611,2025-09-13T04:43:31Z,CPA321,"44.038883,17.724876",40000,427,278
1757738642,2025-09-13T04:44:02Z,CPA321,"44.048084,17.639292",40000,429,278
1757738674,2025-09-13T04:44:34Z,CPA321,"44.057087,17.553642",40000,430,278
1757738706,2025-09-13T04:45:06Z,CPA321,"44.066177,17.46648",40000,430,278
1757738738,2025-09-13T04:45:38Z,CPA321,"44.075356,17.37933",40000,431,278
1757738769,2025-09-13T04:46:09Z,CPA321,"44.08427,17.292948",40000,431,277
1757738800,2025-09-13T04:46:40Z,CPA321,"44.093079,17.207592",40000,429,277
1757738832,2025-09-13T04:47:12Z,CPA321,"44.101902,17.120771",40000,428,277
1757738864,2025-09-13T04:47:44Z,CPA321,"44.110619,17.036201",40000,428,277
1757738895,2025-09-13T04:48:15Z,CPA321,"44.119339,16.949589",40000,429,277
1757738927,2025-09-13T04:48:47Z,CPA321,"44.127934,16.863693",40000,430,277
1757738958,2025-09-13T04:49:18Z,CPA321,"44.13657,16.777702",40000,428,277
1757738989,2025-09-13T04:49:49Z,CPA321,"44.145096,16.692484",40000,429,277
1757739021,2025-09-13T04:50:21Z,CPA321,"44.153721,16.605429",40000,428,277
1757739053,2025-09-13T04:50:53Z,CPA321,"44.162159,16.518879",40000,427,277
1757739084,2025-09-13T04:51:24Z,CPA321,"44.170403,16.433645",40000,427,277
1757739115,2025-09-13T04:51:55Z,CPA321,"44.178631,16.348965",40000,427,277
1757739147,2025-09-13T04:52:27Z,CPA321,"44.187126,16.261499",40000,428,277
1757739178,2025-09-13T04:52:58Z,CPA321,"44.195175,16.176722",40000,430,277
1757739211,2025-09-13T04:53:31Z,CPA321,"44.203564,16.088032",40000,428,277
1757739242,2025-09-13T04:54:02Z,CPA321,"44.211552,16.002535",40000,426,277
1757739274,2025-09-13T04:54:34Z,CPA321,"44.219471,15.916801",40000,424,277
1757739306,2025-09-13T04:55:06Z,CPA321,"44.22739,15.829935",40000,422,277
1757739337,2025-09-13T04:55:37Z,CPA321,"44.234985,15.746125",40000,421,277
1757739369,2025-09-13T04:56:09Z,CPA321,"44.242706,15.661284",40000,420,276
1757739400,2025-09-13T04:56:40Z,CPA321,"44.249931,15.5771",40000,420,276
1757739431,2025-09-13T04:57:11Z,CPA321,"44.257076,15.493237",40000,418,276
1757739463,2025-09-13T04:57:43Z,CPA321,"44.263885,15.409679",40000,416,276
1757739494,2025-09-13T04:58:14Z,CPA321,"44.270824,15.326615",40000,417,276
1757739525,2025-09-13T04:58:45Z,CPA321,"44.278175,15.242759",40000,418,276
1757739557,2025-09-13T04:59:17Z,CPA321,"44.285385,15.15815",40000,420,276
1757739588,2025-09-13T04:59:48Z,CPA321,"44.292431,15.075047",40000,422,276
1757739619,2025-09-13T05:00:19Z,CPA321,"44.299694,14.990065",40000,423,276
1757739650,2025-09-13T05:00:50Z,CPA321,"44.306755,14.905725",40000,422,276
1757739682,2025-09-13T05:01:22Z,CPA321,"44.313877,14.820113",40000,423,276
1757739714,2025-09-13T05:01:54Z,CPA321,"44.32098,14.734272",40000,424,276
1757739745,2025-09-13T05:02:25Z,CPA321,"44.3279,14.649437",40000,425,276
1757739776,2025-09-13T05:02:56Z,CPA321,"44.334698,14.564851",40000,425,276
1757739808,2025-09-13T05:03:28Z,CPA321,"44.341629,14.478829",40000,422,276
1757739839,2025-09-13T05:03:59Z,CPA321,"44.34816,14.395323",40000,420,276
1757739870,2025-09-13T05:04:30Z,CPA321,"44.354675,14.311228",40000,421,275
1757739903,2025-09-13T05:05:03Z,CPA321,"44.361431,14.22214",40000,422,275
1757739935,2025-09-13T05:05:35Z,CPA321,"44.367958,14.136261",40000,424,275
1757739966,2025-09-13T05:06:06Z,CPA321,"44.374355,14.051224",40000,425,275
1757739997,2025-09-13T05:06:37Z,CPA321,"44.380676,13.966353",40000,425,275
1757740028,2025-09-13T05:07:08Z,CPA321,"44.386971,13.881547",40000,424,275
1757740059,2025-09-13T05:07:39Z,CPA321,"44.39312,13.797407",40000,422,275
1757740091,2025-09-13T05:08:11Z,CPA321,"44.399254,13.711585",40000,420,275
1757740122,2025-09-13T05:08:42Z,CPA321,"44.405251,13.627643",40000,418,275
1757740154,2025-09-13T05:09:14Z,CPA321,"44.411236,13.543941",40000,417,275
1757740185,2025-09-13T05:09:45Z,CPA321,"44.417175,13.459033",40000,416,275
1757740216,2025-09-13T05:10:16Z,CPA321,"44.421654,13.376217",40000,414,272
1757740247,2025-09-13T05:10:47Z,CPA321,"44.424309,13.293246",40000,414,272
1757740279,2025-09-13T05:11:19Z,CPA321,"44.427536,13.208104",40000,416,273
1757740310,2025-09-13T05:11:50Z,CPA321,"44.430889,13.124855",40000,417,273
1757740341,2025-09-13T05:12:21Z,CPA321,"44.434135,13.041687",40000,418,273
1757740373,2025-09-13T05:12:53Z,CPA321,"44.437561,12.955493",40000,419,273
1757740405,2025-09-13T05:13:25Z,CPA321,"44.440838,12.870157",40000,420,273
1757740436,2025-09-13T05:13:56Z,CPA321,"44.443981,12.784647",40000,420,272
1757740467,2025-09-13T05:14:27Z,CPA321,"44.447098,12.699894",40000,421,272
1757740499,2025-09-13T05:14:59Z,CPA321,"44.450047,12.615682",40000,423,272
1757740530,2025-09-13T05:15:30Z,CPA321,"44.453156,12.529868",40000,422,272
1757740561,2025-09-13T05:16:01Z,CPA321,"44.456161,12.445179",40000,421,272
1757740593,2025-09-13T05:16:33Z,CPA321,"44.459072,12.359278",40000,421,272
1757740624,2025-09-13T05:17:04Z,CPA321,"44.461899,12.273868",40000,423,272
1757740656,2025-09-13T05:17:36Z,CPA321,"44.464622,12.187683",40000,424,272
1757740688,2025-09-13T05:18:08Z,CPA321,"44.467381,12.101076",40000,424,272
1757740719,2025-09-13T05:18:39Z,CPA321,"44.469944,12.016343",40000,424,272
1757740750,2025-09-13T05:19:10Z,CPA321,"44.472416,11.931055",40000,422,272
1757740781,2025-09-13T05:19:41Z,CPA321,"44.474892,11.845633",40000,424,272
1757740813,2025-09-13T05:20:13Z,CPA321,"44.477272,11.760121",40000,424,272
1757740844,2025-09-13T05:20:44Z,CPA321,"44.479588,11.673967",40000,426,272
1757740875,2025-09-13T05:21:15Z,CPA321,"44.481869,11.588146",40000,426,272
1757740907,2025-09-13T05:21:47Z,CPA321,"44.484119,11.502212",40000,426,272
1757740938,2025-09-13T05:22:18Z,CPA321,"44.486248,11.415888",40000,426,271
1757740971,2025-09-13T05:22:51Z,CPA321,"44.48632,11.325634",40000,424,266
1757741002,2025-09-13T05:23:22Z,CPA321,"44.481785,11.240088",40000,427,266
1757741034,2025-09-13T05:23:54Z,CPA321,"44.47776,11.153239",40000,425,266
1757741065,2025-09-13T05:24:25Z,CPA321,"44.471432,11.066689",40000,423,262
1757741096,2025-09-13T05:24:56Z,CPA321,"44.463779,10.982308",40000,422,263
1757741127,2025-09-13T05:25:27Z,CPA321,"44.456818,10.898165",40000,425,263
1757741159,2025-09-13T05:25:59Z,CPA321,"44.449856,10.813195",40000,425,263
1757741190,2025-09-13T05:26:30Z,CPA321,"44.442852,10.72815",40000,425,263
1757741221,2025-09-13T05:27:01Z,CPA321,"44.435806,10.642406",40000,428,263
1757741252,2025-09-13T05:27:32Z,CPA321,"44.42868,10.556443",40000,429,263
1757741284,2025-09-13T05:28:04Z,CPA321,"44.421413,10.470428",40000,429,263
1757741315,2025-09-13T05:28:35Z,CPA321,"44.414265,10.384952",40000,427,263
1757741346,2025-09-13T05:29:06Z,CPA321,"44.406998,10.299111",40000,425,263
1757741378,2025-09-13T05:29:38Z,CPA321,"44.399632,10.213355",40000,424,263
1757741409,2025-09-13T05:30:09Z,CPA321,"44.392204,10.128013",40000,425,263
1757741441,2025-09-13T05:30:41Z,CPA321,"44.384613,10.040499",40000,428,263
1757741472,2025-09-13T05:31:12Z,CPA321,"44.376911,9.954511",40000,429,263
1757741504,2025-09-13T05:31:44Z,CPA321,"44.369328,9.868255",40000,430,263
1757741535,2025-09-13T05:32:15Z,CPA321,"44.361565,9.781791",40000,430,263
1757741567,2025-09-13T05:32:47Z,CPA321,"44.353767,9.695064",40000,428,263
1757741598,2025-09-13T05:33:18Z,CPA321,"44.346004,9.609638",40000,426,262
1757741629,2025-09-13T05:33:49Z,CPA321,"44.338116,9.524138",40000,423,262
1757741661,2025-09-13T05:34:21Z,CPA321,"44.330421,9.440584",40000,420,262
1757741692,2025-09-13T05:34:52Z,CPA321,"44.322552,9.356332",40000,418,262
1757741724,2025-09-13T05:35:24Z,CPA321,"44.314602,9.271966",40000,418,262
1757741755,2025-09-13T05:35:55Z,CPA321,"44.306606,9.188275",40000,419,262
1757741786,2025-09-13T05:36:26Z,CPA321,"44.298367,9.104151",40000,422,262
1757741817,2025-09-13T05:36:57Z,CPA321,"44.290051,9.020931",40000,424,262
1757741849,2025-09-13T05:37:29Z,CPA321,"44.281525,8.935622",40000,424,262
1757741880,2025-09-13T05:38:00Z,CPA321,"44.273148,8.850015",40000,420,262
1757741912,2025-09-13T05:38:32Z,CPA321,"44.26498,8.766528",40000,413,262
1757741943,2025-09-13T05:39:03Z,CPA321,"44.256676,8.684199",40000,412,261
1757741974,2025-09-13T05:39:34Z,CPA321,"44.248112,8.601692",40000,412,261
1757742006,2025-09-13T05:40:06Z,CPA321,"44.239586,8.519094",39875,414,261
1757742033,2025-09-13T05:40:33Z,CPA321,"44.22937,8.448152",39425,412,250
1757742035,2025-09-13T05:40:35Z,CPA321,"44.228031,8.443089",39375,412,249
1757742037,2025-09-13T05:40:37Z,CPA321,"44.226608,8.438041",39350,413,247
1757742039,2025-09-13T05:40:39Z,CPA321,"44.225113,8.433088",39325,413,246
1757742041,2025-09-13T05:40:41Z,CPA321,"44.223419,8.427689",39275,412,246
1757742043,2025-09-13T05:40:43Z,CPA321,"44.221786,8.422572",39250,412,245
1757742045,2025-09-13T05:40:45Z,CPA321,"44.220192,8.417791",39225,412,245
1757742048,2025-09-13T05:40:48Z,CPA321,"44.21843,8.41238",39175,412,245
1757742050,2025-09-13T05:40:50Z,CPA321,"44.216686,8.406931",39150,412,245
1757742052,2025-09-13T05:40:52Z,CPA321,"44.215141,8.402165",39125,412,245
1757742054,2025-09-13T05:40:54Z,CPA321,"44.213539,8.39726",39075,414,245
1757742085,2025-09-13T05:41:25Z,CPA321,"44.189457,8.319964",39000,414,247
1757742117,2025-09-13T05:41:57Z,CPA321,"44.166206,8.242619",39000,414,247
1757742148,2025-09-13T05:42:28Z,CPA321,"44.14275,8.164931",39000,414,247
1757742180,2025-09-13T05:43:00Z,CPA321,"44.119274,8.088296",39000,414,247
1757742211,2025-09-13T05:43:31Z,CPA321,"44.096073,8.012163",39000,414,247
1757742242,2025-09-13T05:44:02Z,CPA321,"44.07222,7.935996",39000,416,246
1757742273,2025-09-13T05:44:33Z,CPA321,"44.047974,7.860043",39000,416,246
1757742304,2025-09-13T05:45:04Z,CPA321,"44.023888,7.782958",39000,417,246
1757742336,2025-09-13T05:45:36Z,CPA321,"44.000122,7.705735",39000,418,247
1757742367,2025-09-13T05:46:07Z,CPA321,"43.976284,7.62814",39000,418,247
1757742399,2025-09-13T05:46:39Z,CPA321,"43.952457,7.550494",39000,419,247
1757742430,2025-09-13T05:47:10Z,CPA321,"43.928318,7.472186",39000,421,247
1757742461,2025-09-13T05:47:41Z,CPA321,"43.904362,7.394481",39000,422,246
1757742492,2025-09-13T05:48:12Z,CPA321,"43.880447,7.317298",39000,422,247
1757742524,2025-09-13T05:48:44Z,CPA321,"43.855968,7.238744",39000,423,246
1757742555,2025-09-13T05:49:15Z,CPA321,"43.831596,7.161076",39000,423,246
1757742586,2025-09-13T05:49:46Z,CPA321,"43.807182,7.083605",39000,423,246
1757742618,2025-09-13T05:50:18Z,CPA321,"43.782913,7.006419",39000,421,246
1757742649,2025-09-13T05:50:49Z,CPA321,"43.758812,6.930086",39000,420,246
1757742680,2025-09-13T05:51:20Z,CPA321,"43.734619,6.853837",39000,420,246
1757742711,2025-09-13T05:51:51Z,CPA321,"43.709801,6.777072",39000,419,246
1757742742,2025-09-13T05:52:22Z,CPA321,"43.685314,6.700921",38650,419,246
1757742774,2025-09-13T05:52:54Z,CPA321,"43.660194,6.622897",38125,420,246
1757742805,2025-09-13T05:53:25Z,CPA321,"43.635166,6.545938",37600,424,246
1757742836,2025-09-13T05:53:56Z,CPA321,"43.610195,6.46903",36925,423,245
1757742868,2025-09-13T05:54:28Z,CPA321,"43.58543,6.392625",36100,418,245
1757742899,2025-09-13T05:54:59Z,CPA321,"43.560234,6.315724",35400,422,245
1757742930,2025-09-13T05:55:30Z,CPA321,"43.534702,6.238142",35000,428,245
1757742962,2025-09-13T05:56:02Z,CPA321,"43.509247,6.161237",35000,427,245
1757742993,2025-09-13T05:56:33Z,CPA321,"43.483475,6.082772",35000,426,245
1757743024,2025-09-13T05:57:04Z,CPA321,"43.457958,6.005791",35000,426,244
1757743041,2025-09-13T05:57:21Z,CPA321,"43.441948,5.966733",35000,432,235
1757743043,2025-09-13T05:57:23Z,CPA321,"43.439453,5.961734",35000,433,234
1757743045,2025-09-13T05:57:25Z,CPA321,"43.437008,5.957201",35000,434,233
1757743048,2025-09-13T05:57:28Z,CPA321,"43.434307,5.952199",35000,434,232
1757743050,2025-09-13T05:57:30Z,CPA321,"43.431767,5.947729",35000,435,232
1757743052,2025-09-13T05:57:32Z,CPA321,"43.429325,5.943312",35000,436,232
1757743054,2025-09-13T05:57:34Z,CPA321,"43.426792,5.938786",35000,435,232
1757743056,2025-09-13T05:57:36Z,CPA321,"43.424217,5.934347",35000,436,232
1757743058,2025-09-13T05:57:38Z,CPA321,"43.421669,5.929875",35000,436,232
1757743089,2025-09-13T05:58:09Z,CPA321,"43.383865,5.860837",35000,433,233
1757743120,2025-09-13T05:58:40Z,CPA321,"43.346966,5.79131",35000,432,233
1757743151,2025-09-13T05:59:11Z,CPA321,"43.31004,5.722528",35000,431,233
1757743183,2025-09-13T05:59:43Z,CPA321,"43.273624,5.651929",35000,425,242
1757743185,2025-09-13T05:59:45Z,CPA321,"43.271706,5.646729",35000,424,243
1757743187,2025-09-13T05:59:47Z,CPA321,"43.270023,5.641754",35000,424,245
1757743190,2025-09-13T05:59:50Z,CPA321,"43.26833,5.636724",35000,423,247
1757743192,2025-09-13T05:59:52Z,CPA321,"43.26683,5.631612",35000,422,249
1757743194,2025-09-13T05:59:54Z,CPA321,"43.265388,5.626391",35000,422,250
1757743196,2025-09-13T05:59:56Z,CPA321,"43.264027,5.620848",35000,422,252
1757743198,2025-09-13T05:59:58Z,CPA321,"43.262848,5.615421",35000,421,254
1757743200,2025-09-13T06:00:00Z,CPA321,"43.261688,5.609844",35000,420,255
1757743202,2025-09-13T06:00:02Z,CPA321,"43.260719,5.604456",35000,420,257
1757743204,2025-09-13T06:00:04Z,CPA321,"43.259933,5.599323",35000,420,258
1757743206,2025-09-13T06:00:06Z,CPA321,"43.259029,5.593438",35000,420,258
1757743209,2025-09-13T06:00:09Z,CPA321,"43.258293,5.58787",35000,419,259
1757743211,2025-09-13T06:00:11Z,CPA321,"43.257572,5.58246",35000,420,260
1757743213,2025-09-13T06:00:13Z,CPA321,"43.256863,5.576818",35000,419,260
1757743215,2025-09-13T06:00:15Z,CPA321,"43.256203,5.57127",35000,420,260
1757743217,2025-09-13T06:00:17Z,CPA321,"43.255798,5.565855",35000,420,260
1757743219,2025-09-13T06:00:19Z,CPA321,"43.254963,5.560485",35000,420,260
1757743221,2025-09-13T06:00:21Z,CPA321,"43.254169,5.555136",35000,420,260
1757743223,2025-09-13T06:00:23Z,CPA321,"43.253487,5.549887",35000,420,260
1757743255,2025-09-13T06:00:55Z,CPA321,"43.24321,5.467265",35000,422,260
1757743287,2025-09-13T06:01:27Z,CPA321,"43.232517,5.382473",35000,422,260
1757743318,2025-09-13T06:01:58Z,CPA321,"43.22208,5.299163",35000,422,260
1757743350,2025-09-13T06:02:30Z,CPA321,"43.211716,5.216814",35000,420,260
1757743381,2025-09-13T06:03:01Z,CPA321,"43.201286,5.134453",35000,420,260
1757743412,2025-09-13T06:03:32Z,CPA321,"43.191036,5.052714",35000,420,260
1757743444,2025-09-13T06:04:04Z,CPA321,"43.180576,4.969949",35000,419,260
1757743475,2025-09-13T06:04:35Z,CPA321,"43.170021,4.88932",35000,418,257
1757743496,2025-09-13T06:04:56Z,CPA321,"43.1586,4.83625",35000,420,249
1757743498,2025-09-13T06:04:58Z,CPA321,"43.157063,4.830579",35000,421,248
1757743500,2025-09-13T06:05:00Z,CPA321,"43.155632,4.825469",35000,420,248
1757743502,2025-09-13T06:05:02Z,CPA321,"43.154102,4.820465",35000,420,247
1757743504,2025-09-13T06:05:04Z,CPA321,"43.152599,4.815485",35000,420,246
1757743506,2025-09-13T06:05:06Z,CPA321,"43.151016,4.810473",35000,421,246
1757743508,2025-09-13T06:05:08Z,CPA321,"43.149315,4.805352",35000,421,245
1757743511,2025-09-13T06:05:11Z,CPA321,"43.147388,4.799623",35000,421,244
1757743513,2025-09-13T06:05:13Z,CPA321,"43.145706,4.794702",35000,422,244
1757743515,2025-09-13T06:05:15Z,CPA321,"43.144119,4.790373",35000,423,243
1757743517,2025-09-13T06:05:17Z,CPA321,"43.142368,4.785429",35000,424,243
1757743521,2025-09-13T06:05:21Z,CPA321,"43.138638,4.775546",35000,424,241
1757743553,2025-09-13T06:05:53Z,CPA321,"43.106056,4.702191",35000,429,236
1757743584,2025-09-13T06:06:24Z,CPA321,"43.072285,4.63074",35000,429,238
1757743616,2025-09-13T06:06:56Z,CPA321,"43.042393,4.55622",35000,425,242
1757743648,2025-09-13T06:07:28Z,CPA321,"43.014088,4.479693",35000,415,243
1757743679,2025-09-13T06:07:59Z,CPA321,"42.987408,4.405583",35000,414,243
1757743711,2025-09-13T06:08:31Z,CPA321,"42.961002,4.332582",35000,417,243
1757743742,2025-09-13T06:09:02Z,CPA321,"42.931583,4.258644",35000,425,238
1757743773,2025-09-13T06:09:33Z,CPA321,"42.898884,4.188196",35000,426,237
1757743805,2025-09-13T06:10:05Z,CPA321,"42.865063,4.116656",35000,432,237
1757743837,2025-09-13T06:10:37Z,CPA321,"42.830364,4.042953",35000,432,237
1757743868,2025-09-13T06:11:08Z,CPA321,"42.796902,3.971859",34775,425,237
1757743900,2025-09-13T06:11:40Z,CPA321,"42.763966,3.902442",33975,413,237
1757743931,2025-09-13T06:12:11Z,CPA321,"42.731579,3.834032",32875,408,237
1757743963,2025-09-13T06:12:43Z,CPA321,"42.699772,3.766317",31825,403,237
1757743994,2025-09-13T06:13:14Z,CPA321,"42.668415,3.699547",30950,398,237
1757744026,2025-09-13T06:13:46Z,CPA321,"42.63752,3.63365",30150,393,238
1757744053,2025-09-13T06:14:13Z,CPA321,"42.609879,3.577564",29675,395,228
1757744055,2025-09-13T06:14:15Z,CPA321,"42.607742,3.574411",29625,396,226
1757744057,2025-09-13T06:14:17Z,CPA321,"42.604916,3.570371",29600,397,225
1757744060,2025-09-13T06:14:20Z,CPA321,"42.601933,3.566503",29550,398,223
1757744062,2025-09-13T06:14:22Z,CPA321,"42.599033,3.562839",29525,400,221
1757744064,2025-09-13T06:14:24Z,CPA321,"42.596024,3.55917",29475,400,220
1757744066,2025-09-13T06:14:26Z,CPA321,"42.59309,3.555753",29450,401,219
1757744068,2025-09-13T06:14:28Z,CPA321,"42.589718,3.55212",29400,402,218
1757744070,2025-09-13T06:14:30Z,CPA321,"42.586517,3.548685",29375,403,217
1757744073,2025-09-13T06:14:33Z,CPA321,"42.583641,3.545661",29350,404,217
1757744075,2025-09-13T06:14:35Z,CPA321,"42.580357,3.54227",29300,404,217
1757744077,2025-09-13T06:14:37Z,CPA321,"42.576916,3.538861",29250,404,217
1757744079,2025-09-13T06:14:39Z,CPA321,"42.574017,3.53584",29225,404,217
1757744081,2025-09-13T06:14:41Z,CPA321,"42.571079,3.532752",29200,403,217
1757744083,2025-09-13T06:14:43Z,CPA321,"42.567848,3.529494",29175,403,217
1757744115,2025-09-13T06:15:15Z,CPA321,"42.520031,3.483191",29000,408,207
1757744117,2025-09-13T06:15:17Z,CPA321,"42.516537,3.480963",29000,410,205
1757744119,2025-09-13T06:15:19Z,CPA321,"42.513268,3.478882",29000,411,203
1757744121,2025-09-13T06:15:21Z,CPA321,"42.50959,3.476721",29000,412,202
1757744123,2025-09-13T06:15:23Z,CPA321,"42.5061,3.474794",29000,413,201
1757744125,2025-09-13T06:15:25Z,CPA321,"42.502224,3.472785",29000,415,200
1757744127,2025-09-13T06:15:27Z,CPA321,"42.498039,3.470783",29000,414,199
1757744129,2025-09-13T06:15:29Z,CPA321,"42.493881,3.468948",29000,416,198
1757744131,2025-09-13T06:15:31Z,CPA321,"42.490437,3.467381",29000,415,198
1757744134,2025-09-13T06:15:34Z,CPA321,"42.486687,3.465646",29000,414,198
1757744136,2025-09-13T06:15:36Z,CPA321,"42.482826,3.463889",29000,414,198
1757744138,2025-09-13T06:15:38Z,CPA321,"42.478916,3.462025",29000,413,199
1757744140,2025-09-13T06:15:40Z,CPA321,"42.474716,3.460026",29025,413,199
1757744173,2025-09-13T06:16:13Z,CPA321,"42.417824,3.428829",29000,410,203
1757744204,2025-09-13T06:16:44Z,CPA321,"42.363178,3.395252",29000,409,204
1757744236,2025-09-13T06:17:16Z,CPA321,"42.307838,3.361546",29000,411,204
1757744268,2025-09-13T06:17:48Z,CPA321,"42.253185,3.328628",29000,414,203
1757744300,2025-09-13T06:18:20Z,CPA321,"42.197338,3.295378",29000,418,204
1757744331,2025-09-13T06:18:51Z,CPA321,"42.141987,3.262231",29000,422,203
1757744362,2025-09-13T06:19:22Z,CPA321,"42.085957,3.228644",29000,423,203
1757744394,2025-09-13T06:19:54Z,CPA321,"42.026711,3.200808",29000,428,196
1757744426,2025-09-13T06:20:26Z,CPA321,"41.966148,3.176636",28025,424,198
1757744441,2025-09-13T06:20:41Z,CPA321,"41.939419,3.162478",27125,428,206
1757744443,2025-09-13T06:20:43Z,CPA321,"41.935883,3.16005",26975,428,207
1757744445,2025-09-13T06:20:45Z,CPA321,"41.932339,3.157505",26850,429,208
1757744447,2025-09-13T06:20:47Z,CPA321,"41.928795,3.154859",26650,432,209
1757744449,2025-09-13T06:20:49Z,CPA321,"41.924816,3.151879",26500,432,209
1757744451,2025-09-13T06:20:51Z,CPA321,"41.921288,3.149184",26400,434,209
1757744453,2025-09-13T06:20:53Z,CPA321,"41.917629,3.146304",26250,435,210
1757744456,2025-09-13T06:20:56Z,CPA321,"41.914078,3.143513",26100,436,210
1757744458,2025-09-13T06:20:58Z,CPA321,"41.910275,3.140644",26000,438,210
1757744460,2025-09-13T06:21:00Z,CPA321,"41.906967,3.138118",25875,439,210
1757744492,2025-09-13T06:21:32Z,CPA321,"41.850292,3.095396",24750,432,208
1757744522,2025-09-13T06:22:02Z,CPA321,"41.797626,3.056973",23475,432,208
1757744554,2025-09-13T06:22:34Z,CPA321,"41.742901,3.017397",21925,405,208
1757744586,2025-09-13T06:23:06Z,CPA321,"41.691364,2.980037",19825,383,208
1757744618,2025-09-13T06:23:38Z,CPA321,"41.644642,2.945996",18300,348,208
1757744650,2025-09-13T06:24:10Z,CPA321,"41.600845,2.9134",16550,332,208
1757744680,2025-09-13T06:24:40Z,CPA321,"41.561069,2.884196",14950,320,209
1757744712,2025-09-13T06:25:12Z,CPA321,"41.519875,2.85375",13625,320,208
1757744743,2025-09-13T06:25:43Z,CPA321,"41.479538,2.824343",12850,313,208
1757744775,2025-09-13T06:26:15Z,CPA321,"41.438717,2.794713",11900,311,208
1757744788,2025-09-13T06:26:28Z,CPA321,"41.422684,2.782916",11700,309,208
1757744801,2025-09-13T06:26:41Z,CPA321,"41.406837,2.771289",11475,306,212
1757744805,2025-09-13T06:26:45Z,CPA321,"41.401794,2.766746",11400,301,218
1757744808,2025-09-13T06:26:48Z,CPA321,"41.399475,2.764426",11375,300,221
1757744810,2025-09-13T06:26:50Z,CPA321,"41.397022,2.761664",11325,297,226
1757744812,2025-09-13T06:26:52Z,CPA321,"41.394669,2.758429",11300,294,230
1757744814,2025-09-13T06:26:54Z,CPA321,"41.392967,2.755606",11250,292,234
1757744816,2025-09-13T06:26:56Z,CPA321,"41.391232,2.752523",11225,290,237
1757744818,2025-09-13T06:26:58Z,CPA321,"41.389725,2.749434",11200,290,239
1757744821,2025-09-13T06:27:01Z,CPA321,"41.388355,2.745851",11150,288,240
1757744823,2025-09-13T06:27:03Z,CPA321,"41.387283,2.742834",11100,287,241
1757744825,2025-09-13T06:27:05Z,CPA321,"41.385998,2.739611",11050,284,242
1757744827,2025-09-13T06:27:07Z,CPA321,"41.384758,2.736304",11000,282,242
1757744829,2025-09-13T06:27:09Z,CPA321,"41.383511,2.732772",10950,280,242
1757744831,2025-09-13T06:27:11Z,CPA321,"41.382236,2.729461",10850,277,242
1757744833,2025-09-13T06:27:13Z,CPA321,"41.380978,2.726248",10725,277,242
1757744836,2025-09-13T06:27:16Z,CPA321,"41.379589,2.722945",10625,276,241
1757744838,2025-09-13T06:27:18Z,CPA321,"41.378033,2.7192",10525,276,241
1757744840,2025-09-13T06:27:20Z,CPA321,"41.376942,2.71619",10450,275,241
1757744842,2025-09-13T06:27:22Z,CPA321,"41.375793,2.713017",10400,273,240
1757744855,2025-09-13T06:27:35Z,CPA321,"41.367504,2.694682",9975,262,239
1757744868,2025-09-13T06:27:48Z,CPA321,"41.359531,2.676377",9475,256,239
1757744881,2025-09-13T06:28:01Z,CPA321,"41.352058,2.659692",8950,252,239
1757744896,2025-09-13T06:28:16Z,CPA321,"41.343182,2.639929",8250,251,239
1757744908,2025-09-13T06:28:28Z,CPA321,"41.335907,2.623078",7650,249,235
1757744915,2025-09-13T06:28:35Z,CPA321,"41.331627,2.615153",7400,248,227
1757744917,2025-09-13T06:28:37Z,CPA321,"41.32967,2.612223",7300,247,225
1757744919,2025-09-13T06:28:39Z,CPA321,"41.327782,2.610216",7250,245,221
1757744921,2025-09-13T06:28:41Z,CPA321,"41.326004,2.60855",7225,244,218
1757744923,2025-09-13T06:28:43Z,CPA321,"41.324162,2.607511",7225,245,216
1757744926,2025-09-13T06:28:46Z,CPA321,"41.322037,2.606455",7225,245,215
1757744928,2025-09-13T06:28:48Z,CPA321,"41.319927,2.605182",7225,245,214
1757744930,2025-09-13T06:28:50Z,CPA321,"41.318077,2.604022",7200,245,213
1757744932,2025-09-13T06:28:52Z,CPA321,"41.316067,2.602064",7175,246,213
1757744934,2025-09-13T06:28:54Z,CPA321,"41.314064,2.600591",7150,245,212
1757744936,2025-09-13T06:28:56Z,CPA321,"41.312088,2.598881",7125,244,212
1757744938,2025-09-13T06:28:58Z,CPA321,"41.309994,2.597165",7100,244,211
1757744940,2025-09-13T06:29:00Z,CPA321,"41.307842,2.595821",7075,243,210
1757744942,2025-09-13T06:29:02Z,CPA321,"41.305725,2.594147",7050,242,209
1757744945,2025-09-13T06:29:05Z,CPA321,"41.303726,2.592556",7025,240,209
1757744947,2025-09-13T06:29:07Z,CPA321,"41.301708,2.590498",7025,239,208
1757744949,2025-09-13T06:29:09Z,CPA321,"41.299576,2.588754",7025,237,208
1757744951,2025-09-13T06:29:11Z,CPA321,"41.297535,2.587451",7000,236,208
1757744965,2025-09-13T06:29:25Z,CPA321,"41.283646,2.578315",6950,223,207
1757744979,2025-09-13T06:29:39Z,CPA321,"41.272064,2.570079",6900,215,207
1757744991,2025-09-13T06:29:51Z,CPA321,"41.261009,2.5621",6775,212,206
1757745004,2025-09-13T06:30:04Z,CPA321,"41.249512,2.555759",6675,219,207
1757745017,2025-09-13T06:30:17Z,CPA321,"41.237877,2.54702",6575,221,208
1757745032,2025-09-13T06:30:32Z,CPA321,"41.224136,2.538366",6450,221,207
1757745044,2025-09-13T06:30:44Z,CPA321,"41.212612,2.529493",6350,223,208
1757745057,2025-09-13T06:30:57Z,CPA321,"41.201191,2.519899",6250,218,207
1757745071,2025-09-13T06:31:11Z,CPA321,"41.189304,2.513149",6125,216,207
1757745084,2025-09-13T06:31:24Z,CPA321,"41.177155,2.505557",6025,216,207
1757745097,2025-09-13T06:31:37Z,CPA321,"41.165253,2.49731",5925,218,207
1757745110,2025-09-13T06:31:50Z,CPA321,"41.154022,2.48916",5825,220,207
1757745125,2025-09-13T06:32:05Z,CPA321,"41.140839,2.478626",5700,218,207
1757745138,2025-09-13T06:32:18Z,CPA321,"41.128998,2.470094",5575,221,208
1757745153,2025-09-13T06:32:33Z,CPA321,"41.115368,2.461765",5450,221,208
1757745168,2025-09-13T06:32:48Z,CPA321,"41.102074,2.451835",5350,221,208
1757745183,2025-09-13T06:33:03Z,CPA321,"41.088909,2.442069",5200,219,211
1757745187,2025-09-13T06:33:07Z,CPA321,"41.085484,2.439464",5175,218,218
1757745189,2025-09-13T06:33:09Z,CPA321,"41.083694,2.437703",5150,218,222
1757745191,2025-09-13T06:33:11Z,CPA321,"41.081993,2.435965",5150,217,227
1757745193,2025-09-13T06:33:13Z,CPA321,"41.08036,2.43427",5125,217,231
1757745195,2025-09-13T06:33:15Z,CPA321,"41.078926,2.432308",5100,217,236
1757745197,2025-09-13T06:33:17Z,CPA321,"41.077477,2.430313",5100,217,241
1757745200,2025-09-13T06:33:20Z,CPA321,"41.076481,2.427981",5075,217,247
1757745202,2025-09-13T06:33:22Z,CPA321,"41.07563,2.425035",5050,218,251
1757745204,2025-09-13T06:33:24Z,CPA321,"41.075062,2.422103",5050,219,255
1757745206,2025-09-13T06:33:26Z,CPA321,"41.074799,2.419008",5025,219,259
1757745208,2025-09-13T06:33:28Z,CPA321,"41.074501,2.415912",5000,220,262
1757745210,2025-09-13T06:33:30Z,CPA321,"41.07476,2.412353",4975,222,266
1757745212,2025-09-13T06:33:32Z,CPA321,"41.074657,2.409456",4950,223,269
1757745214,2025-09-13T06:33:34Z,CPA321,"41.075069,2.405334",4950,223,271
1757745217,2025-09-13T06:33:37Z,CPA321,"41.075222,2.402773",4925,224,272
1757745219,2025-09-13T06:33:39Z,CPA321,"41.075344,2.399887",4900,224,273
1757745221,2025-09-13T06:33:41Z,CPA321,"41.07539,2.397236",4875,224,274
1757745223,2025-09-13T06:33:43Z,CPA321,"41.075581,2.394319",4850,224,274
1757745225,2025-09-13T06:33:45Z,CPA321,"41.075638,2.391767",4850,224,274
1757745227,2025-09-13T06:33:47Z,CPA321,"41.07584,2.388762",4825,225,274
1757745229,2025-09-13T06:33:49Z,CPA321,"41.075993,2.385825",4800,225,275
1757745232,2025-09-13T06:33:52Z,CPA321,"41.076302,2.382908",4775,225,275
1757745234,2025-09-13T06:33:54Z,CPA321,"41.076519,2.380084",4775,226,275
1757745236,2025-09-13T06:33:56Z,CPA321,"41.076733,2.376988",4750,226,275
1757745238,2025-09-13T06:33:58Z,CPA321,"41.076996,2.373749",4725,226,274
1757745240,2025-09-13T06:34:00Z,CPA321,"41.07708,2.371213",4725,227,274
1757745242,2025-09-13T06:34:02Z,CPA321,"41.077286,2.368109",4700,227,274
1757745249,2025-09-13T06:34:09Z,CPA321,"41.078281,2.35846",4650,227,275
1757745255,2025-09-13T06:34:15Z,CPA321,"41.078697,2.350042",4575,230,281
1757745257,2025-09-13T06:34:17Z,CPA321,"41.079308,2.346883",4550,231,284
1757745259,2025-09-13T06:34:19Z,CPA321,"41.079796,2.344401",4550,232,289
1757745261,2025-09-13T06:34:21Z,CPA321,"41.080654,2.341328",4525,234,293
1757745264,2025-09-13T06:34:24Z,CPA321,"41.081627,2.338433",4525,235,297
1757745266,2025-09-13T06:34:26Z,CPA321,"41.082645,2.33564",4500,236,301
1757745268,2025-09-13T06:34:28Z,CPA321,"41.083893,2.333038",4475,237,305
1757745270,2025-09-13T06:34:30Z,CPA321,"41.085236,2.330828",4450,238,309
1757745272,2025-09-13T06:34:32Z,CPA321,"41.086994,2.328077",4425,239,312
1757745274,2025-09-13T06:34:34Z,CPA321,"41.088505,2.326131",4425,240,314
1757745276,2025-09-13T06:34:36Z,CPA321,"41.09021,2.323933",4400,241,316
1757745279,2025-09-13T06:34:39Z,CPA321,"41.092361,2.321356",4375,242,318
1757745281,2025-09-13T06:34:41Z,CPA321,"41.094341,2.319021",4350,242,319
1757745283,2025-09-13T06:34:43Z,CPA321,"41.096088,2.316879",4350,243,319
1757745285,2025-09-13T06:34:45Z,CPA321,"41.098164,2.314507",4325,242,320
1757745287,2025-09-13T06:34:47Z,CPA321,"41.099827,2.312861",4300,243,320
1757745289,2025-09-13T06:34:49Z,CPA321,"41.101665,2.311089",4275,242,320
1757745291,2025-09-13T06:34:51Z,CPA321,"41.103573,2.309082",4275,242,320
1757745294,2025-09-13T06:34:54Z,CPA321,"41.105362,2.307032",4250,241,320
1757745296,2025-09-13T06:34:56Z,CPA321,"41.107288,2.304557",4225,241,320
1757745298,2025-09-13T06:34:58Z,CPA321,"41.109272,2.302398",4225,242,321
1757745300,2025-09-13T06:35:00Z,CPA321,"41.110996,2.30078",4200,241,323
1757745302,2025-09-13T06:35:02Z,CPA321,"41.112759,2.299056",4175,241,326
1757745304,2025-09-13T06:35:04Z,CPA321,"41.114647,2.297413",4175,242,330
1757745306,2025-09-13T06:35:06Z,CPA321,"41.116688,2.296016",4150,242,333
1757745308,2025-09-13T06:35:08Z,CPA321,"41.118759,2.294551",4125,243,338
1757745310,2025-09-13T06:35:10Z,CPA321,"41.121281,2.29287",4125,243,342
1757745313,2025-09-13T06:35:13Z,CPA321,"41.123566,2.291995",4100,244,345
1757745315,2025-09-13T06:35:15Z,CPA321,"41.125843,2.29157",4075,244,348
1757745317,2025-09-13T06:35:17Z,CPA321,"41.12825,2.291219",4050,245,352
1757745319,2025-09-13T06:35:19Z,CPA321,"41.130424,2.29111",4050,245,355
1757745321,2025-09-13T06:35:21Z,CPA321,"41.132706,2.290952",4025,246,358
1757745323,2025-09-13T06:35:23Z,CPA321,"41.135284,2.290616",4000,246,1
1757745325,2025-09-13T06:35:25Z,CPA321,"41.13763,2.290664",4000,246,5
1757745327,2025-09-13T06:35:27Z,CPA321,"41.140076,2.290874",3975,247,7
1757745329,2025-09-13T06:35:29Z,CPA321,"41.142555,2.29146",3950,247,11
1757745332,2025-09-13T06:35:32Z,CPA321,"41.145184,2.291979",3950,248,14
1757745334,2025-09-13T06:35:34Z,CPA321,"41.147678,2.292917",3925,250,17
1757745336,2025-09-13T06:35:36Z,CPA321,"41.149734,2.293985",3900,249,18
1757745338,2025-09-13T06:35:38Z,CPA321,"41.152122,2.294874",3900,249,19
1757745340,2025-09-13T06:35:40Z,CPA321,"41.154362,2.2962",3900,250,20
1757745342,2025-09-13T06:35:42Z,CPA321,"41.156471,2.297642",3875,249,20
1757745344,2025-09-13T06:35:44Z,CPA321,"41.158707,2.298714",3875,249,21
1757745346,2025-09-13T06:35:46Z,CPA321,"41.161072,2.299863",3875,249,21
1757745348,2025-09-13T06:35:48Z,CPA321,"41.163387,2.301106",3875,249,21
1757745350,2025-09-13T06:35:50Z,CPA321,"41.165565,2.302397",3875,249,20
1757745353,2025-09-13T06:35:53Z,CPA321,"41.168053,2.30386",3875,250,20
1757745355,2025-09-13T06:35:55Z,CPA321,"41.169819,2.305028",3875,250,20
1757745357,2025-09-13T06:35:57Z,CPA321,"41.172318,2.306488",3875,250,20
1757745359,2025-09-13T06:35:59Z,CPA321,"41.174767,2.307948",3875,250,20
1757745362,2025-09-13T06:36:02Z,CPA321,"41.177063,2.308925",3875,251,20
1757745368,2025-09-13T06:36:08Z,CPA321,"41.184101,2.312525",3875,252,20
1757745376,2025-09-13T06:36:16Z,CPA321,"41.193626,2.316778",3875,252,20
1757745383,2025-09-13T06:36:23Z,CPA321,"41.20071,2.319613",3875,251,25
1757745385,2025-09-13T06:36:25Z,CPA321,"41.203114,2.320703",3875,251,27
1757745387,2025-09-13T06:36:27Z,CPA321,"41.205406,2.321898",3875,251,30
1757745389,2025-09-13T06:36:29Z,CPA321,"41.207626,2.323455",3875,251,32
1757745391,2025-09-13T06:36:31Z,CPA321,"41.20974,2.325295",3875,252,34
1757745393,2025-09-13T06:36:33Z,CPA321,"41.211754,2.327317",3875,251,37
1757745395,2025-09-13T06:36:35Z,CPA321,"41.213665,2.329393",3875,251,38
1757745397,2025-09-13T06:36:37Z,CPA321,"41.21563,2.331658",3875,252,39
1757745399,2025-09-13T06:36:39Z,CPA321,"41.217373,2.334002",3875,251,40
1757745402,2025-09-13T06:36:42Z,CPA321,"41.21946,2.336648",3875,251,40
1757745404,2025-09-13T06:36:44Z,CPA321,"41.221081,2.338772",3875,251,41
1757745406,2025-09-13T06:36:46Z,CPA321,"41.22287,2.341249",3875,252,41
1757745408,2025-09-13T06:36:48Z,CPA321,"41.224739,2.343475",3875,252,41
1757745410,2025-09-13T06:36:50Z,CPA321,"41.22673,2.345631",3875,252,41
1757745413,2025-09-13T06:36:53Z,CPA321,"41.22884,2.347872",3875,254,41
1757745415,2025-09-13T06:36:55Z,CPA321,"41.230827,2.350058",3875,254,41
1757745417,2025-09-13T06:36:57Z,CPA321,"41.232555,2.352371",3875,254,41
1757745419,2025-09-13T06:36:59Z,CPA321,"41.234688,2.355148",3875,254,41
1757745421,2025-09-13T06:37:01Z,CPA321,"41.236183,2.357199",3875,254,41
1757745430,2025-09-13T06:37:10Z,CPA321,"41.244133,2.36595",3900,257,42
1757745438,2025-09-13T06:37:18Z,CPA321,"41.251194,2.375677",3875,256,41
1757745447,2025-09-13T06:37:27Z,CPA321,"41.259243,2.384284",3875,255,41
1757745453,2025-09-13T06:37:33Z,CPA321,"41.264729,2.390998",3875,255,41
1757745461,2025-09-13T06:37:41Z,CPA321,"41.272022,2.399803",3875,254,41
1757745468,2025-09-13T06:37:48Z,CPA321,"41.277687,2.406031",3875,252,41
1757745476,2025-09-13T06:37:56Z,CPA321,"41.284897,2.414904",3875,250,41
1757745484,2025-09-13T06:38:04Z,CPA321,"41.29208,2.423224",3850,250,40
1757745493,2025-09-13T06:38:13Z,CPA321,"41.299664,2.431641",3900,255,39
1757745499,2025-09-13T06:38:19Z,CPA321,"41.305592,2.437952",3900,260,36
1757745501,2025-09-13T06:38:21Z,CPA321,"41.307701,2.44027",3900,259,34
1757745503,2025-09-13T06:38:23Z,CPA321,"41.309593,2.442507",3875,259,32
1757745505,2025-09-13T06:38:25Z,CPA321,"41.311737,2.444671",3875,257,31
1757745508,2025-09-13T06:38:28Z,CPA321,"41.313816,2.445997",3850,255,30
1757745510,2025-09-13T06:38:30Z,CPA321,"41.316063,2.447846",3825,254,29
1757745512,2025-09-13T06:38:32Z,CPA321,"41.31834,2.449664",3825,252,29
1757745514,2025-09-13T06:38:34Z,CPA321,"41.320343,2.451166",3775,251,28
1757745516,2025-09-13T06:38:36Z,CPA321,"41.322487,2.452747",3775,250,28
1757745518,2025-09-13T06:38:38Z,CPA321,"41.324696,2.454318",3750,248,28
1757745520,2025-09-13T06:38:40Z,CPA321,"41.32687,2.455415",3750,246,28
1757745522,2025-09-13T06:38:42Z,CPA321,"41.329212,2.456973",3750,245,27
1757745524,2025-09-13T06:38:44Z,CPA321,"41.331467,2.458302",3700,244,27
1757745527,2025-09-13T06:38:47Z,CPA321,"41.333702,2.459499",3700,242,27
1757745529,2025-09-13T06:38:49Z,CPA321,"41.336033,2.461282",3675,241,27
1757745531,2025-09-13T06:38:51Z,CPA321,"41.338112,2.462341",3675,240,28
1757745533,2025-09-13T06:38:53Z,CPA321,"41.340401,2.463492",3650,238,27
1757745541,2025-09-13T06:39:01Z,CPA321,"41.348221,2.46928",3600,234,27
1757745550,2025-09-13T06:39:10Z,CPA321,"41.356503,2.475567",3550,228,27
1757745557,2025-09-13T06:39:17Z,CPA321,"41.363171,2.480638",3525,220,20
1757745560,2025-09-13T06:39:20Z,CPA321,"41.365479,2.47965",3500,218,16
1757745563,2025-09-13T06:39:23Z,CPA321,"41.368614,2.481517",3475,215,10
1757745565,2025-09-13T06:39:25Z,CPA321,"41.371574,2.480384",3450,213,5
1757745567,2025-09-13T06:39:27Z,CPA321,"41.373516,2.481847",3425,211,2
1757745570,2025-09-13T06:39:30Z,CPA321,"41.37598,2.482142",3400,207,356
1757745572,2025-09-13T06:39:32Z,CPA321,"41.378178,2.479566",3375,205,351
1757745574,2025-09-13T06:39:34Z,CPA321,"41.380554,2.478979",3350,201,345
1757745577,2025-09-13T06:39:37Z,CPA321,"41.382286,2.482612",3325,197,338
1757745582,2025-09-13T06:39:42Z,CPA321,"41.387177,2.475121",3275,192,325
1757745585,2025-09-13T06:39:45Z,CPA321,"41.388519,2.474645",3250,190,319
1757745587,2025-09-13T06:39:47Z,CPA321,"41.390354,2.472334",3250,188,313
1757745592,2025-09-13T06:39:52Z,CPA321,"41.393459,2.469305",3200,186,302
1757745594,2025-09-13T06:39:54Z,CPA321,"41.3937,2.467643",3175,185,297
1757745599,2025-09-13T06:39:59Z,CPA321,"41.396255,2.461687",3150,184,291
1757745602,2025-09-13T06:40:02Z,CPA321,"41.396896,2.459377",3125,185,289
1757745604,2025-09-13T06:40:04Z,CPA321,"41.397133,2.455412",3125,186,288
1757745606,2025-09-13T06:40:06Z,CPA321,"41.397594,2.453664",3125,186,287
1757745612,2025-09-13T06:40:12Z,CPA321,"41.399651,2.447843",3075,186,286
1757745615,2025-09-13T06:40:15Z,CPA321,"41.400284,2.445082",3050,186,286
1757745617,2025-09-13T06:40:17Z,CPA321,"41.400265,2.442527",3050,185,286
1757745622,2025-09-13T06:40:22Z,CPA321,"41.402206,2.436905",3025,184,287
1757745625,2025-09-13T06:40:25Z,CPA321,"41.40271,2.434658",3000,183,287
1757745647,2025-09-13T06:40:47Z,CPA321,"41.407192,2.409902",2875,178,267
1757745650,2025-09-13T06:40:50Z,CPA321,"41.406818,2.406679",2850,177,262
1757745653,2025-09-13T06:40:53Z,CPA321,"41.405891,2.405185",2825,178,256
1757745655,2025-09-13T06:40:55Z,CPA321,"41.405857,2.400335",2825,177,254
1757745658,2025-09-13T06:40:58Z,CPA321,"41.404758,2.398817",2800,178,250
1757745660,2025-09-13T06:41:00Z,CPA321,"41.404594,2.394603",2800,178,248
1757745662,2025-09-13T06:41:02Z,CPA321,"41.403893,2.393563",2775,178,247
1757745665,2025-09-13T06:41:05Z,CPA321,"41.403736,2.387057",2775,178,246
1757745671,2025-09-13T06:41:11Z,CPA321,"41.401245,2.385219",2750,176,246
1757745673,2025-09-13T06:41:13Z,CPA321,"41.40065,2.383347",2750,176,246
1757745675,2025-09-13T06:41:15Z,CPA321,"41.399975,2.381287",2725,175,246
1757745684,2025-09-13T06:41:24Z,CPA321,"41.396896,2.372173",2700,174,245
1757745687,2025-09-13T06:41:27Z,CPA321,"41.396111,2.369917",2700,174,245
1757745689,2025-09-13T06:41:29Z,CPA321,"41.395477,2.368053",2700,174,245
1757745695,2025-09-13T06:41:35Z,CPA321,"41.393326,2.361748",2700,175,245
1757745702,2025-09-13T06:41:42Z,CPA321,"41.393131,2.341994",2675,177,244
1757745710,2025-09-13T06:41:50Z,CPA321,"41.388199,2.346829",2675,184,246
1757745721,2025-09-13T06:42:01Z,CPA321,"41.384335,2.335281",2625,181,245
1757745730,2025-09-13T06:42:10Z,CPA321,"41.381332,2.326233",2600,173,246
1757745741,2025-09-13T06:42:21Z,CPA321,"41.378036,2.316345",2600,168,246
1757745748,2025-09-13T06:42:28Z,CPA321,"41.375721,2.309251",2550,163,246
1757745756,2025-09-13T06:42:36Z,CPA321,"41.374287,2.297153",2550,169,245
1757745766,2025-09-13T06:42:46Z,CPA321,"41.370003,2.289569",2550,174,245
1757745773,2025-09-13T06:42:53Z,CPA321,"41.367992,2.282798",2525,172,246
1757745782,2025-09-13T06:43:02Z,CPA321,"41.365959,2.272941",2500,173,245
1757745788,2025-09-13T06:43:08Z,CPA321,"41.363785,2.266753",2475,169,245
1757745797,2025-09-13T06:43:17Z,CPA321,"41.36063,2.260566",2375,163,245
1757745805,2025-09-13T06:43:25Z,CPA321,"41.35833,2.252138",2275,169,246
1757745814,2025-09-13T06:43:34Z,CPA321,"41.354332,2.245217",2100,170,245
1757745821,2025-09-13T06:43:41Z,CPA321,"41.352497,2.238244",2000,169,244
1757745830,2025-09-13T06:43:50Z,CPA321,"41.350384,2.228999",1900,162,245
1757745838,2025-09-13T06:43:58Z,CPA321,"41.34761,2.221561",1775,157,245
1757745844,2025-09-13T06:44:04Z,CPA321,"41.34589,2.216658",1675,154,245
1757745853,2025-09-13T06:44:13Z,CPA321,"41.343201,2.209457",1575,159,245
1757745859,2025-09-13T06:44:19Z,CPA321,"41.341145,2.203898",1500,159,246
1757745868,2025-09-13T06:44:28Z,CPA321,"41.337849,2.197429",1375,164,245
1757745874,2025-09-13T06:44:34Z,CPA321,"41.336086,2.190758",1275,158,245
1757745883,2025-09-13T06:44:43Z,CPA321,"41.333431,2.183415",1150,151,245
1757745890,2025-09-13T06:44:50Z,CPA321,"41.331123,2.177915",1050,145,245
1757745897,2025-09-13T06:44:57Z,CPA321,"41.329311,2.172609",975,144,245
1757745907,2025-09-13T06:45:07Z,CPA321,"41.327442,2.159158",850,146,245
1757745915,2025-09-13T06:45:15Z,CPA321,"41.32383,2.158142",775,149,245
1757745924,2025-09-13T06:45:24Z,CPA321,"41.321312,2.149605",650,147,245
1757745934,2025-09-13T06:45:34Z,CPA321,"41.318985,2.142334",500,145,245
1757745942,2025-09-13T06:45:42Z,CPA321,"41.316692,2.135717",425,148,245
1757745949,2025-09-13T06:45:49Z,CPA321,"41.314552,2.129475",325,148,245
1757745957,2025-09-13T06:45:57Z,CPA321,"41.312576,2.123596",225,146,245
1757745967,2025-09-13T06:46:07Z,CPA321,"41.309647,2.11499",100,145,245
1757745976,2025-09-13T06:46:16Z,CPA321,"41.306965,2.107128",0,142,245
1757745984,2025-09-13T06:46:24Z,CPA321,"41.305008,2.101447",0,141,245
