Timestamp,UTC,Callsign,Position,Altitude,Speed,Direction
1757674249,2025-09-12T10:50:49Z,CPA731,"22.314047,113.927933",0,0,165
1757674306,2025-09-12T10:51:46Z,CPA731,"22.314526,113.927849",0,2,208
1757674334,2025-09-12T10:52:14Z,CPA731,"22.314756,113.927917",0,2,233
1757674379,2025-09-12T10:52:59Z,CPA731,"22.314938,113.928169",0,0,250
1757674581,2025-09-12T10:56:21Z,CPA731,"22.314869,113.927887",0,6,255
1757674587,2025-09-12T10:56:27Z,CPA731,"22.31492,113.927628",0,8,275
1757674592,2025-09-12T10:56:32Z,CPA731,"22.315052,113.927361",0,10,292
1757674602,2025-09-12T10:56:42Z,CPA731,"22.315281,113.926834",0,14,295
1757674607,2025-09-12T10:56:47Z,CPA731,"22.315453,113.926453",0,15,295
1757674628,2025-09-12T10:57:08Z,CPA731,"22.316185,113.924843",0,17,295
1757674637,2025-09-12T10:57:17Z,CPA731,"22.31646,113.924202",0,15,292
1757674640,2025-09-12T10:57:20Z,CPA731,"22.316483,113.923981",0,15,281
1757674643,2025-09-12T10:57:23Z,CPA731,"22.316456,113.923775",0,15,267
1757674647,2025-09-12T10:57:27Z,CPA731,"22.316391,113.923569",0,15,258
1757674650,2025-09-12T10:57:30Z,CPA731,"22.316305,113.923317",0,14,250
1757674654,2025-09-12T10:57:34Z,CPA731,"22.316219,113.923065",0,12,250
1757674658,2025-09-12T10:57:38Z,CPA731,"22.316154,113.922829",0,11,250
1757674663,2025-09-12T10:57:43Z,CPA731,"22.316071,113.922577",0,10,250
1757674671,2025-09-12T10:57:51Z,CPA731,"22.315956,113.922241",0,9,250
1757674679,2025-09-12T10:57:59Z,CPA731,"22.315853,113.921906",0,9,250
1757674690,2025-09-12T10:58:10Z,CPA731,"22.315758,113.921608",0,0,250
1757674727,2025-09-12T10:58:47Z,CPA731,"22.315687,113.921394",0,1,250
1757674740,2025-09-12T10:59:00Z,CPA731,"22.315613,113.921181",0,5,250
1757674747,2025-09-12T10:59:07Z,CPA731,"22.315533,113.920959",0,8,247
1757674755,2025-09-12T10:59:15Z,CPA731,"22.315304,113.920746",0,10,222
1757674759,2025-09-12T10:59:19Z,CPA731,"22.31506,113.920708",0,12,196
1757674763,2025-09-12T10:59:23Z,CPA731,"22.314816,113.920769",0,12,174
1757674768,2025-09-12T10:59:28Z,CPA731,"22.314594,113.920868",0,11,163
1757674781,2025-09-12T10:59:41Z,CPA731,"22.313931,113.92112",0,11,160
1757674786,2025-09-12T10:59:46Z,CPA731,"22.313709,113.921188",0,12,160
1757674792,2025-09-12T10:59:52Z,CPA731,"22.313408,113.921303",0,13,160
1757674795,2025-09-12T10:59:55Z,CPA731,"22.313173,113.921394",0,13,160
1757674803,2025-09-12T11:00:03Z,CPA731,"22.312763,113.921547",0,15,160
1757674809,2025-09-12T11:00:09Z,CPA731,"22.312283,113.92173",0,16,160
1757674817,2025-09-12T11:00:17Z,CPA731,"22.311665,113.921959",0,18,160
1757674823,2025-09-12T11:00:23Z,CPA731,"22.31109,113.922173",0,19,160
1757674831,2025-09-12T11:00:31Z,CPA731,"22.310417,113.922401",0,20,160
1757674838,2025-09-12T11:00:38Z,CPA731,"22.309765,113.922668",0,20,160
1757674845,2025-09-12T11:00:45Z,CPA731,"22.309158,113.922882",0,20,160
1757674853,2025-09-12T11:00:53Z,CPA731,"22.308414,113.923164",0,19,160
1757674861,2025-09-12T11:01:01Z,CPA731,"22.307854,113.923378",0,15,160
1757674866,2025-09-12T11:01:06Z,CPA731,"22.307533,113.923477",0,11,165
1757674872,2025-09-12T11:01:12Z,CPA731,"22.307236,113.923363",0,12,196
1757674878,2025-09-12T11:01:18Z,CPA731,"22.307064,113.92308",0,12,230
1757674882,2025-09-12T11:01:22Z,CPA731,"22.307007,113.922829",0,12,247
1757674886,2025-09-12T11:01:26Z,CPA731,"22.306936,113.922615",0,12,250
1757674890,2025-09-12T11:01:30Z,CPA731,"22.306858,113.922371",0,13,250
1757674893,2025-09-12T11:01:33Z,CPA731,"22.306789,113.922142",0,13,250
1757674902,2025-09-12T11:01:42Z,CPA731,"22.306583,113.921509",0,15,250
1757674911,2025-09-12T11:01:51Z,CPA731,"22.306366,113.920807",0,17,250
1757674920,2025-09-12T11:02:00Z,CPA731,"22.30608,113.919983",0,19,250
1757674928,2025-09-12T11:02:08Z,CPA731,"22.305819,113.919167",0,22,250
1757674935,2025-09-12T11:02:15Z,CPA731,"22.305599,113.918449",0,23,250
1757674942,2025-09-12T11:02:22Z,CPA731,"22.305319,113.917564",0,25,250
1757674949,2025-09-12T11:02:29Z,CPA731,"22.305027,113.916664",0,27,250
1757674956,2025-09-12T11:02:36Z,CPA731,"22.304707,113.915749",0,27,250
1757674964,2025-09-12T11:02:44Z,CPA731,"22.304388,113.914757",0,28,250
1757674972,2025-09-12T11:02:52Z,CPA731,"22.304028,113.913635",0,28,250
1757674979,2025-09-12T11:02:59Z,CPA731,"22.303759,113.912712",0,26,250
1757674986,2025-09-12T11:03:06Z,CPA731,"22.303505,113.911934",0,22,250
1757674993,2025-09-12T11:03:13Z,CPA731,"22.303293,113.91127",0,21,250
1757675001,2025-09-12T11:03:21Z,CPA731,"22.302992,113.910431",0,22,250
1757675007,2025-09-12T11:03:27Z,CPA731,"22.302782,113.909744",0,23,250
1757675014,2025-09-12T11:03:34Z,CPA731,"22.302525,113.908897",0,24,250
1757675022,2025-09-12T11:03:42Z,CPA731,"22.302258,113.908058",0,24,250
1757675029,2025-09-12T11:03:49Z,CPA731,"22.301979,113.907188",0,25,250
1757675044,2025-09-12T11:04:04Z,CPA731,"22.301388,113.905426",0,0,250
1757675056,2025-09-12T11:04:16Z,CPA731,"22.300978,113.904129",0,23,250
1757675063,2025-09-12T11:04:23Z,CPA731,"22.300711,113.903313",0,21,250
1757675071,2025-09-12T11:04:31Z,CPA731,"22.300495,113.902664",0,21,250
1757675079,2025-09-12T11:04:39Z,CPA731,"22.30022,113.901833",0,20,250
1757675085,2025-09-12T11:04:45Z,CPA731,"22.300049,113.901291",0,16,250
1757675093,2025-09-12T11:04:53Z,CPA731,"22.299883,113.900757",0,15,250
1757675100,2025-09-12T11:05:00Z,CPA731,"22.29974,113.900246",0,14,250
1757675107,2025-09-12T11:05:07Z,CPA731,"22.299593,113.899788",0,14,250
1757675114,2025-09-12T11:05:14Z,CPA731,"22.299465,113.899399",0,14,250
1757675124,2025-09-12T11:05:24Z,CPA731,"22.299259,113.898773",0,13,250
1757675133,2025-09-12T11:05:33Z,CPA731,"22.299116,113.898293",0,10,250
1757675141,2025-09-12T11:05:41Z,CPA731,"22.299034,113.898048",0,5,250
1757675150,2025-09-12T11:05:50Z,CPA731,"22.298964,113.89782",0,5,250
1757675159,2025-09-12T11:05:59Z,CPA731,"22.29887,113.897614",0,6,247
1757675172,2025-09-12T11:06:12Z,CPA731,"22.298546,113.897362",0,7,213
1757675179,2025-09-12T11:06:19Z,CPA731,"22.298321,113.897362",0,7,191
1757675189,2025-09-12T11:06:29Z,CPA731,"22.29808,113.897423",0,7,171
1757675196,2025-09-12T11:06:36Z,CPA731,"22.297794,113.897545",0,6,160
1757675212,2025-09-12T11:06:52Z,CPA731,"22.297508,113.897659",0,3,160
1757675225,2025-09-12T11:07:05Z,CPA731,"22.297279,113.897736",0,5,160
1757675236,2025-09-12T11:07:16Z,CPA731,"22.296959,113.897858",0,8,160
1757675244,2025-09-12T11:07:24Z,CPA731,"22.296696,113.897957",0,9,160
1757675253,2025-09-12T11:07:33Z,CPA731,"22.296358,113.898178",0,9,143
1757675259,2025-09-12T11:07:39Z,CPA731,"22.296333,113.898415",0,8,112
1757675265,2025-09-12T11:07:45Z,CPA731,"22.296404,113.898636",0,7,84
1757675273,2025-09-12T11:07:53Z,CPA731,"22.29649,113.898857",0,5,70
1757675338,2025-09-12T11:08:58Z,CPA731,"22.296637,113.899345",0,17,70
1757675346,2025-09-12T11:09:06Z,CPA731,"22.297195,113.900986",0,56,70
1757675354,2025-09-12T11:09:14Z,CPA731,"22.298092,113.903755",0,88,70
1757675363,2025-09-12T11:09:23Z,CPA731,"22.299774,113.908997",150,127,70
1757675371,2025-09-12T11:09:31Z,CPA731,"22.301651,113.914841",125,160,70
1757675380,2025-09-12T11:09:40Z,CPA731,"22.30394,113.921928",150,186,70
1757675386,2025-09-12T11:09:46Z,CPA731,"22.305862,113.927925",300,192,70
1757675395,2025-09-12T11:09:55Z,CPA731,"22.308298,113.935547",600,195,71
1757675403,2025-09-12T11:10:03Z,CPA731,"22.310673,113.943329",975,196,71
1757675409,2025-09-12T11:10:09Z,CPA731,"22.312487,113.949181",1250,196,71
1757675417,2025-09-12T11:10:17Z,CPA731,"22.31488,113.956635",1600,197,70
1757675426,2025-09-12T11:10:26Z,CPA731,"22.317444,113.964676",1900,202,71
1757675432,2025-09-12T11:10:32Z,CPA731,"22.319424,113.970543",2075,207,70
1757675441,2025-09-12T11:10:41Z,CPA731,"22.322296,113.979256",2250,213,70
1757675447,2025-09-12T11:10:47Z,CPA731,"22.32431,113.985649",2400,215,71
1757675455,2025-09-12T11:10:55Z,CPA731,"22.327059,113.994652",2675,217,71
1757675464,2025-09-12T11:11:04Z,CPA731,"22.329899,114.003143",2950,217,70
1757675470,2025-09-12T11:11:10Z,CPA731,"22.332047,114.009468",3125,220,69
1757675478,2025-09-12T11:11:18Z,CPA731,"22.334833,114.017998",3400,220,70
1757675485,2025-09-12T11:11:25Z,CPA731,"22.336882,114.02491",3625,220,73
1757675487,2025-09-12T11:11:27Z,CPA731,"22.337402,114.027451",3700,220,75
1757675489,2025-09-12T11:11:29Z,CPA731,"22.337769,114.029594",3750,221,78
1757675492,2025-09-12T11:11:32Z,CPA731,"22.338043,114.031891",3825,220,81
1757675494,2025-09-12T11:11:34Z,CPA731,"22.33823,114.034218",3900,221,84
1757675496,2025-09-12T11:11:36Z,CPA731,"22.338318,114.036934",3975,222,87
1757675498,2025-09-12T11:11:38Z,CPA731,"22.338226,114.039131",4025,222,90
1757675500,2025-09-12T11:11:40Z,CPA731,"22.337997,114.041435",4100,221,93
1757675502,2025-09-12T11:11:42Z,CPA731,"22.337673,114.043678",4150,222,96
1757675504,2025-09-12T11:11:44Z,CPA731,"22.337311,114.045929",4225,221,100
1757675506,2025-09-12T11:11:46Z,CPA731,"22.336761,114.048523",4300,222,102
1757675509,2025-09-12T11:11:49Z,CPA731,"22.336258,114.050423",4350,222,104
1757675511,2025-09-12T11:11:51Z,CPA731,"22.335571,114.052666",4400,222,107
1757675513,2025-09-12T11:11:53Z,CPA731,"22.334879,114.054718",4475,222,109
1757675515,2025-09-12T11:11:55Z,CPA731,"22.334042,114.056854",4525,223,112
1757675517,2025-09-12T11:11:57Z,CPA731,"22.333145,114.058807",4575,224,114
1757675519,2025-09-12T11:11:59Z,CPA731,"22.331947,114.061378",4650,224,118
1757675521,2025-09-12T11:12:01Z,CPA731,"22.33069,114.063469",4725,225,121
1757675523,2025-09-12T11:12:03Z,CPA731,"22.329712,114.065041",4775,226,123
1757675525,2025-09-12T11:12:05Z,CPA731,"22.32799,114.067482",4850,226,126
1757675527,2025-09-12T11:12:07Z,CPA731,"22.326599,114.069244",4900,226,129
1757675530,2025-09-12T11:12:10Z,CPA731,"22.325089,114.070992",4975,227,131
1757675532,2025-09-12T11:12:12Z,CPA731,"22.323614,114.072571",5025,228,134
1757675534,2025-09-12T11:12:14Z,CPA731,"22.322067,114.074043",5075,229,137
1757675536,2025-09-12T11:12:16Z,CPA731,"22.320354,114.075569",5125,230,139
1757675538,2025-09-12T11:12:18Z,CPA731,"22.318771,114.076836",5150,232,141
1757675540,2025-09-12T11:12:20Z,CPA731,"22.316895,114.078239",5200,234,144
1757675542,2025-09-12T11:12:22Z,CPA731,"22.314583,114.079796",5225,236,146
1757675544,2025-09-12T11:12:24Z,CPA731,"22.312592,114.080986",5250,240,150
1757675546,2025-09-12T11:12:26Z,CPA731,"22.310532,114.08213",5275,242,152
1757675548,2025-09-12T11:12:28Z,CPA731,"22.30838,114.083183",5300,245,154
1757675550,2025-09-12T11:12:30Z,CPA731,"22.305878,114.084267",5325,248,157
1757675553,2025-09-12T11:12:33Z,CPA731,"22.303757,114.085075",5350,250,159
1757675555,2025-09-12T11:12:35Z,CPA731,"22.301315,114.085846",5400,253,162
1757675557,2025-09-12T11:12:37Z,CPA731,"22.298447,114.086578",5425,254,164
1757675559,2025-09-12T11:12:39Z,CPA731,"22.296204,114.087029",5450,257,167
1757675561,2025-09-12T11:12:41Z,CPA731,"22.293913,114.087471",5475,262,169
1757675563,2025-09-12T11:12:43Z,CPA731,"22.291447,114.08773",5500,264,172
1757675566,2025-09-12T11:12:46Z,CPA731,"22.288055,114.087921",5525,265,176
1757675568,2025-09-12T11:12:48Z,CPA731,"22.285309,114.087975",5575,268,178
1757675570,2025-09-12T11:12:50Z,CPA731,"22.282833,114.087929",5600,272,179
1757675572,2025-09-12T11:12:52Z,CPA731,"22.280273,114.087929",5625,273,180
1757675574,2025-09-12T11:12:54Z,CPA731,"22.277527,114.087875",5650,276,181
1757675576,2025-09-12T11:12:56Z,CPA731,"22.274689,114.087822",5700,277,181
1757675578,2025-09-12T11:12:58Z,CPA731,"22.271942,114.087776",5750,280,180
1757675580,2025-09-12T11:13:00Z,CPA731,"22.269939,114.08773",5775,280,180
1757675582,2025-09-12T11:13:02Z,CPA731,"22.266449,114.087677",5850,282,180
1757675585,2025-09-12T11:13:05Z,CPA731,"22.263887,114.087677",5900,282,180
1757675587,2025-09-12T11:13:07Z,CPA731,"22.261185,114.087624",5975,283,180
1757675589,2025-09-12T11:13:09Z,CPA731,"22.258114,114.087624",6050,284,180
1757675591,2025-09-12T11:13:11Z,CPA731,"22.2556,114.087578",6100,284,180
1757675603,2025-09-12T11:13:23Z,CPA731,"22.238205,114.087273",6325,296,181
1757675616,2025-09-12T11:13:36Z,CPA731,"22.221338,114.086861",6525,308,181
1757675644,2025-09-12T11:14:04Z,CPA731,"22.179245,114.089073",7250,320,167
1757675649,2025-09-12T11:14:09Z,CPA731,"22.172646,114.091743",7400,319,159
1757675655,2025-09-12T11:14:15Z,CPA731,"22.164917,114.096123",7575,319,150
1757675660,2025-09-12T11:14:20Z,CPA731,"22.158829,114.100861",7725,320,143
1757675665,2025-09-12T11:14:25Z,CPA731,"22.153,114.106697",7900,321,137
1757675671,2025-09-12T11:14:31Z,CPA731,"22.147785,114.113518",8050,321,128
1757675676,2025-09-12T11:14:36Z,CPA731,"22.143311,114.121384",8225,321,120
1757675682,2025-09-12T11:14:42Z,CPA731,"22.1395,114.128975",8400,322,118
1757675687,2025-09-12T11:14:47Z,CPA731,"22.136007,114.136101",8575,323,117
1757675692,2025-09-12T11:14:52Z,CPA731,"22.133011,114.142357",8725,324,117
1757675697,2025-09-12T11:14:57Z,CPA731,"22.129631,114.149475",8900,324,116
1757675700,2025-09-12T11:15:00Z,CPA731,"22.12693,114.155273",9050,324,116
1757675714,2025-09-12T11:15:14Z,CPA731,"22.117805,114.17511",9500,326,116
1757675728,2025-09-12T11:15:28Z,CPA731,"22.108017,114.193245",9950,328,125
1757675730,2025-09-12T11:15:30Z,CPA731,"22.10519,114.196983",10025,330,128
1757675732,2025-09-12T11:15:32Z,CPA731,"22.102341,114.200333",10075,329,130
1757675736,2025-09-12T11:15:36Z,CPA731,"22.097763,114.205025",10125,333,135
1757675738,2025-09-12T11:15:38Z,CPA731,"22.0952,114.207275",10150,334,139
1757675742,2025-09-12T11:15:42Z,CPA731,"22.09276,114.20919",10200,334,139
1757675756,2025-09-12T11:15:56Z,CPA731,"22.086103,114.213509",10250,339,148
1757675766,2025-09-12T11:16:06Z,CPA731,"22.053843,114.22094",10625,354,181
1757675771,2025-09-12T11:16:11Z,CPA731,"22.045418,114.219872",10700,358,188
1757675777,2025-09-12T11:16:17Z,CPA731,"22.036011,114.217613",10800,363,193
1757675782,2025-09-12T11:16:22Z,CPA731,"22.028008,114.215294",10900,366,195
1757675787,2025-09-12T11:16:27Z,CPA731,"22.018602,114.212395",11000,371,196
1757675793,2025-09-12T11:16:33Z,CPA731,"22.009619,114.209496",11100,375,196
1757675809,2025-09-12T11:16:49Z,CPA731,"21.98204,114.199982",11500,384,198
1757675824,2025-09-12T11:17:04Z,CPA731,"21.956635,114.190994",12000,387,198
1757675857,2025-09-12T11:17:37Z,CPA731,"21.899872,114.171318",13175,394,197
1757675889,2025-09-12T11:18:09Z,CPA731,"21.842915,114.152428",14275,400,197
1757675922,2025-09-12T11:18:42Z,CPA731,"21.784538,114.133453",15350,407,196
1757675962,2025-09-12T11:19:22Z,CPA731,"21.712921,114.110298",16575,415,196
1757675994,2025-09-12T11:19:54Z,CPA731,"21.650375,114.090523",17525,422,195
1757676028,2025-09-12T11:20:28Z,CPA731,"21.58576,114.072975",18425,431,193
1757676067,2025-09-12T11:21:07Z,CPA731,"21.51016,114.053345",19575,436,193
1757676102,2025-09-12T11:21:42Z,CPA731,"21.443451,114.032234",20450,445,201
1757676131,2025-09-12T11:22:11Z,CPA731,"21.407227,114.012321",20900,450,211
1757676173,2025-09-12T11:22:53Z,CPA731,"21.313616,113.946434",22225,460,213
1757676203,2025-09-12T11:23:23Z,CPA731,"21.260313,113.908539",22925,464,213
1757676248,2025-09-12T11:24:08Z,CPA731,"21.211805,113.849892",23575,476,245
1757676278,2025-09-12T11:24:38Z,CPA731,"21.19038,113.7845",24050,484,255
1757676302,2025-09-12T11:25:02Z,CPA731,"21.176426,113.699493",24775,492,263
1757676334,2025-09-12T11:25:34Z,CPA731,"21.166651,113.620705",25400,498,262
1757676366,2025-09-12T11:26:06Z,CPA731,"21.155991,113.543648",26025,502,261
1757676399,2025-09-12T11:26:39Z,CPA731,"21.144287,113.462852",26650,507,261
1757676431,2025-09-12T11:27:11Z,CPA731,"21.132935,113.385246",27325,510,261
1757676468,2025-09-12T11:27:48Z,CPA731,"21.123497,113.321938",27825,512,261
1757676503,2025-09-12T11:28:23Z,CPA731,"21.109859,113.22998",28525,516,261
1757676537,2025-09-12T11:28:57Z,CPA731,"21.09701,113.143822",29175,518,261
1757676567,2025-09-12T11:29:27Z,CPA731,"21.085461,113.066643",29700,522,261
1757676603,2025-09-12T11:30:03Z,CPA731,"21.067308,112.945763",30300,532,260
1757676635,2025-09-12T11:30:35Z,CPA731,"21.054794,112.862747",30975,530,260
1757676667,2025-09-12T11:31:07Z,CPA731,"21.042297,112.780403",31875,522,260
1757676699,2025-09-12T11:31:39Z,CPA731,"21.030159,112.699837",32125,519,260
1757676728,2025-09-12T11:32:08Z,CPA731,"21.023621,112.656898",32100,520,261
1757676756,2025-09-12T11:32:36Z,CPA731,"21.01321,112.588593",32100,520,261
1757676792,2025-09-12T11:33:12Z,CPA731,"20.994232,112.464836",32100,521,260
1757676827,2025-09-12T11:33:47Z,CPA731,"20.980316,112.374001",32100,521,260
1757676857,2025-09-12T11:34:17Z,CPA731,"20.968781,112.29911",32100,522,260
1757676890,2025-09-12T11:34:50Z,CPA731,"20.955688,112.214699",32100,523,260
1757676916,2025-09-12T11:35:16Z,CPA731,"20.945801,112.15123",32100,522,260
1757677276,2025-09-12T11:41:16Z,CPA731,"20.910004,111.232353",32100,522,284
1757677287,2025-09-12T11:41:27Z,CPA731,"20.91687,111.204742",32100,521,284
1757677369,2025-09-12T11:42:49Z,CPA731,"20.966988,111.00296",32100,519,285
1757677401,2025-09-12T11:43:21Z,CPA731,"20.987869,110.920815",32100,520,285
1757677435,2025-09-12T11:43:55Z,CPA731,"21.00214,110.864441",32100,519,286
1757677462,2025-09-12T11:44:22Z,CPA731,"21.035294,110.774048",32100,514,302
1757677465,2025-09-12T11:44:25Z,CPA731,"21.037888,110.769958",32100,513,303
1757677468,2025-09-12T11:44:28Z,CPA731,"21.04335,110.761864",32100,513,304
1757677470,2025-09-12T11:44:30Z,CPA731,"21.045685,110.758667",32100,512,307
1757677472,2025-09-12T11:44:32Z,CPA731,"21.048735,110.754601",32100,511,308
1757677481,2025-09-12T11:44:41Z,CPA731,"21.062187,110.738625",32100,510,313
1757677483,2025-09-12T11:44:43Z,CPA731,"21.067017,110.733246",32100,510,313
1757677485,2025-09-12T11:44:45Z,CPA731,"21.070084,110.729752",32100,510,313
1757677487,2025-09-12T11:44:47Z,CPA731,"21.073406,110.72596",32100,512,313
1757677490,2025-09-12T11:44:50Z,CPA731,"21.078388,110.720161",32100,511,312
1757677511,2025-09-12T11:45:11Z,CPA731,"21.108673,110.678268",32100,515,303
1757677513,2025-09-12T11:45:13Z,CPA731,"21.111208,110.67408",32100,516,303
1757677515,2025-09-12T11:45:15Z,CPA731,"21.113581,110.66996",32100,515,301
1757677517,2025-09-12T11:45:17Z,CPA731,"21.117096,110.663734",32100,515,301
1757677521,2025-09-12T11:45:21Z,CPA731,"21.120529,110.657295",32100,516,300
1757677523,2025-09-12T11:45:23Z,CPA731,"21.124289,110.649971",32100,516,299
1757677526,2025-09-12T11:45:26Z,CPA731,"21.126343,110.645805",32100,516,298
1757677528,2025-09-12T11:45:28Z,CPA731,"21.128571,110.641121",32100,517,297
1757677530,2025-09-12T11:45:30Z,CPA731,"21.131607,110.634575",32100,518,296
1757677532,2025-09-12T11:45:32Z,CPA731,"21.133598,110.630035",32100,518,295
1757677536,2025-09-12T11:45:36Z,CPA731,"21.136858,110.622612",32100,518,294
1757677538,2025-09-12T11:45:38Z,CPA731,"21.138748,110.618042",32100,518,294
1757677540,2025-09-12T11:45:40Z,CPA731,"21.141541,110.611198",32100,520,293
1757677543,2025-09-12T11:45:43Z,CPA731,"21.144333,110.604111",32100,519,293
1757677547,2025-09-12T11:45:47Z,CPA731,"21.148123,110.593971",32100,519,291
1757677585,2025-09-12T11:46:25Z,CPA731,"21.176985,110.503082",32100,522,286
1757677603,2025-09-12T11:46:43Z,CPA731,"21.189415,110.457458",32100,522,286
1757677629,2025-09-12T11:47:09Z,CPA731,"21.199039,110.421341",32100,522,286
1757677688,2025-09-12T11:48:08Z,CPA731,"21.267059,110.259392",32100,518,298
1757677721,2025-09-12T11:48:41Z,CPA731,"21.305283,110.183563",32100,520,298
1757677771,2025-09-12T11:49:31Z,CPA731,"21.36245,110.070496",32100,519,298
1757677796,2025-09-12T11:49:56Z,CPA731,"21.378662,110.038162",32100,520,298
1757677831,2025-09-12T11:50:31Z,CPA731,"21.41853,109.958656",32100,520,299
1757677866,2025-09-12T11:51:06Z,CPA731,"21.45863,109.878662",32100,520,298
1757677896,2025-09-12T11:51:36Z,CPA731,"21.491678,109.812523",32100,520,298
1757677931,2025-09-12T11:52:11Z,CPA731,"21.532877,109.730019",32100,521,298
1757677966,2025-09-12T11:52:46Z,CPA731,"21.572121,109.651237",32100,523,298
1757677995,2025-09-12T11:53:15Z,CPA731,"21.605392,109.584427",32100,523,298
1757678033,2025-09-12T11:53:53Z,CPA731,"21.650249,109.498779",32100,522,303
1757678068,2025-09-12T11:54:28Z,CPA731,"21.700607,109.425423",32100,521,309
1757678101,2025-09-12T11:55:01Z,CPA731,"21.751831,109.359711",32100,520,310
1757678125,2025-09-12T11:55:25Z,CPA731,"21.788681,109.312515",32100,520,310
1757678167,2025-09-12T11:56:07Z,CPA731,"21.854004,109.228973",32100,520,310
1757678201,2025-09-12T11:56:41Z,CPA731,"21.906326,109.161858",32100,520,310
1757678231,2025-09-12T11:57:11Z,CPA731,"21.953018,109.101982",32100,520,310
1757678266,2025-09-12T11:57:46Z,CPA731,"22.007521,109.032539",32100,523,310
1757678290,2025-09-12T11:58:10Z,CPA731,"22.044811,108.984779",32100,524,310
1757678335,2025-09-12T11:58:55Z,CPA731,"22.127163,108.879395",32100,523,309
1757678364,2025-09-12T11:59:24Z,CPA731,"22.161163,108.835808",32100,522,310
1757678400,2025-09-12T12:00:00Z,CPA731,"22.233444,108.743172",32100,521,310
1757678435,2025-09-12T12:00:35Z,CPA731,"22.27084,108.695427",32100,521,311
1757678475,2025-09-12T12:01:15Z,CPA731,"22.333111,108.615723",32100,520,311
1757678510,2025-09-12T12:01:50Z,CPA731,"22.38702,108.5466",32100,521,310
1757678540,2025-09-12T12:02:20Z,CPA731,"22.43441,108.485718",32100,520,310
1757678570,2025-09-12T12:02:50Z,CPA731,"22.479126,108.428268",32100,521,310
1757678617,2025-09-12T12:03:37Z,CPA731,"22.570293,108.310905",32100,521,309
1757678652,2025-09-12T12:04:12Z,CPA731,"22.624342,108.241371",32100,521,310
1757678683,2025-09-12T12:04:43Z,CPA731,"22.673996,108.181274",32100,521,312
1757678714,2025-09-12T12:05:14Z,CPA731,"22.726105,108.121239",32100,521,313
1757678746,2025-09-12T12:05:46Z,CPA731,"22.777817,108.062126",32100,522,313
1757678777,2025-09-12T12:06:17Z,CPA731,"22.829868,108.002525",32100,522,313
1757678810,2025-09-12T12:06:50Z,CPA731,"22.880539,107.944519",32100,524,313
1757678842,2025-09-12T12:07:22Z,CPA731,"22.938721,107.8778",32100,522,313
1757678868,2025-09-12T12:07:48Z,CPA731,"22.963301,107.849586",32100,523,313
1757678903,2025-09-12T12:08:23Z,CPA731,"23.021244,107.783051",32100,524,313
1757678939,2025-09-12T12:08:59Z,CPA731,"23.07571,107.720337",32100,523,314
1757678982,2025-09-12T12:09:42Z,CPA731,"23.170212,107.611481",32100,523,313
1757679009,2025-09-12T12:10:09Z,CPA731,"23.19558,107.582191",32100,525,313
1757679043,2025-09-12T12:10:43Z,CPA731,"23.254841,107.513832",32100,524,314
1757679071,2025-09-12T12:11:11Z,CPA731,"23.30035,107.461273",32100,525,313
1757679106,2025-09-12T12:11:46Z,CPA731,"23.35894,107.393539",32100,526,314
1757679135,2025-09-12T12:12:15Z,CPA731,"23.40564,107.33683",32100,527,307
1757679140,2025-09-12T12:12:20Z,CPA731,"23.413727,107.323708",32100,527,303
1757679153,2025-09-12T12:12:33Z,CPA731,"23.42746,107.295631",32100,527,296
1757679158,2025-09-12T12:12:38Z,CPA731,"23.433151,107.281044",32100,528,293
1757679163,2025-09-12T12:12:43Z,CPA731,"23.434959,107.275948",32100,529,291
1757679166,2025-09-12T12:12:46Z,CPA731,"23.43961,107.261101",32100,529,289
1757679171,2025-09-12T12:12:51Z,CPA731,"23.442627,107.250534",32100,529,288
1757679176,2025-09-12T12:12:56Z,CPA731,"23.446289,107.237251",32100,530,286
1757679181,2025-09-12T12:13:01Z,CPA731,"23.44986,107.223717",32100,530,286
1757679210,2025-09-12T12:13:30Z,CPA731,"23.469223,107.149757",32100,528,286
1757679251,2025-09-12T12:14:11Z,CPA731,"23.503992,107.01757",32100,526,285
1757679294,2025-09-12T12:14:54Z,CPA731,"23.52536,106.936745",32100,524,287
1757679328,2025-09-12T12:15:28Z,CPA731,"23.548187,106.850281",32100,523,286
1757679363,2025-09-12T12:16:03Z,CPA731,"23.571449,106.762604",32100,523,286
1757679385,2025-09-12T12:16:25Z,CPA731,"23.586479,106.705643",32100,523,286
1757679439,2025-09-12T12:17:19Z,CPA731,"23.62999,106.575012",32100,524,291
1757679458,2025-09-12T12:17:38Z,CPA731,"23.651367,106.527962",32100,521,303
1757679463,2025-09-12T12:17:43Z,CPA731,"23.658369,106.517029",32125,520,305
1757679468,2025-09-12T12:17:48Z,CPA731,"23.664783,106.506699",32125,521,304
1757679494,2025-09-12T12:18:14Z,CPA731,"23.693527,106.447548",32100,524,293
1757679498,2025-09-12T12:18:18Z,CPA731,"23.697647,106.435951",32100,523,291
1757679503,2025-09-12T12:18:23Z,CPA731,"23.700069,106.428337",32100,524,289
1757679508,2025-09-12T12:18:28Z,CPA731,"23.702955,106.417976",32100,524,287
1757679513,2025-09-12T12:18:33Z,CPA731,"23.706493,106.403419",32100,524,285
1757679518,2025-09-12T12:18:38Z,CPA731,"23.709614,106.388184",32100,524,283
1757679523,2025-09-12T12:18:43Z,CPA731,"23.71184,106.377457",32100,525,283
1757679552,2025-09-12T12:19:12Z,CPA731,"23.728559,106.296349",32100,526,282
1757679585,2025-09-12T12:19:45Z,CPA731,"23.74564,106.210953",32100,526,282
1757679639,2025-09-12T12:20:39Z,CPA731,"23.773041,106.073608",32100,526,283
1757679706,2025-09-12T12:21:46Z,CPA731,"23.807098,105.903419",32100,526,282
1757679738,2025-09-12T12:22:18Z,CPA731,"23.82427,105.813469",32100,526,280
1757679765,2025-09-12T12:22:45Z,CPA731,"23.83321,105.744293",32100,527,278
1757679805,2025-09-12T12:23:25Z,CPA731,"23.84569,105.637642",32100,526,278
1757679849,2025-09-12T12:24:09Z,CPA731,"23.858959,105.52282",32100,525,278
1757679879,2025-09-12T12:24:39Z,CPA731,"23.868259,105.443367",32100,526,278
1757679899,2025-09-12T12:24:59Z,CPA731,"23.873751,105.397293",32100,527,278
1757679959,2025-09-12T12:25:59Z,CPA731,"23.893629,105.231659",32100,527,278
1757679993,2025-09-12T12:26:33Z,CPA731,"23.90414,105.142967",32100,526,278
1757680023,2025-09-12T12:27:03Z,CPA731,"23.9133,105.063728",32100,526,278
1757680058,2025-09-12T12:27:38Z,CPA731,"23.924379,104.972229",32100,526,278
1757680093,2025-09-12T12:28:13Z,CPA731,"23.92767,104.880219",32100,528,268
1757680127,2025-09-12T12:28:47Z,CPA731,"23.924471,104.789886",32100,529,269
1757680156,2025-09-12T12:29:16Z,CPA731,"23.92189,104.711891",32100,531,269
1757680193,2025-09-12T12:29:53Z,CPA731,"23.91861,104.612831",32100,531,268
1757680221,2025-09-12T12:30:21Z,CPA731,"23.915951,104.53801",32100,531,268
1757680250,2025-09-12T12:30:50Z,CPA731,"23.913349,104.459839",32100,531,268
1757680293,2025-09-12T12:31:33Z,CPA731,"23.91691,104.315964",32100,529,272
1757680330,2025-09-12T12:32:10Z,CPA731,"23.921219,104.216408",32100,528,272
1757680361,2025-09-12T12:32:41Z,CPA731,"23.924313,104.13324",32100,527,272
1757680397,2025-09-12T12:33:17Z,CPA731,"23.928177,104.03875",32100,528,273
1757680432,2025-09-12T12:33:52Z,CPA731,"23.932878,103.944504",32100,532,273
1757680463,2025-09-12T12:34:23Z,CPA731,"23.936966,103.861542",32100,533,272
1757680499,2025-09-12T12:34:59Z,CPA731,"23.94191,103.765205",32100,534,273
1757680534,2025-09-12T12:35:34Z,CPA731,"23.947449,103.670464",32100,532,275
1757680549,2025-09-12T12:35:49Z,CPA731,"23.953949,103.631287",32100,532,283
1757680554,2025-09-12T12:35:54Z,CPA731,"23.957291,103.617805",32100,532,285
1757680564,2025-09-12T12:36:04Z,CPA731,"23.964674,103.591278",32100,531,287
1757680599,2025-09-12T12:36:39Z,CPA731,"23.990602,103.503128",32100,529,287
1757680635,2025-09-12T12:37:15Z,CPA731,"24.017441,103.411201",32100,527,287
1757680670,2025-09-12T12:37:50Z,CPA731,"24.042984,103.323669",32100,521,287
1757680696,2025-09-12T12:38:16Z,CPA731,"24.054798,103.257126",32100,519,275
1757680700,2025-09-12T12:38:20Z,CPA731,"24.055311,103.24614",32100,519,272
1757680705,2025-09-12T12:38:25Z,CPA731,"24.055481,103.232628",32100,520,270
1757680710,2025-09-12T12:38:30Z,CPA731,"24.055264,103.218575",32100,520,269
1757680712,2025-09-12T12:38:32Z,CPA731,"24.055124,103.213028",32100,520,269
1757680741,2025-09-12T12:39:01Z,CPA731,"24.053448,103.16758",32100,520,268
1757680776,2025-09-12T12:39:36Z,CPA731,"24.05014,103.07637",32100,519,268
1757680811,2025-09-12T12:40:11Z,CPA731,"24.046881,102.984673",32100,520,268
1757680854,2025-09-12T12:40:54Z,CPA731,"24.04307,102.870903",32100,520,268
1757680888,2025-09-12T12:41:28Z,CPA731,"24.040091,102.781708",32100,521,269
1757680923,2025-09-12T12:42:03Z,CPA731,"24.037201,102.69014",32100,521,269
1757680958,2025-09-12T12:42:38Z,CPA731,"24.034651,102.598061",32100,522,268
1757680987,2025-09-12T12:43:07Z,CPA731,"24.03273,102.520844",32100,523,268
1757681022,2025-09-12T12:43:42Z,CPA731,"24.03035,102.429253",32100,522,269
1757681052,2025-09-12T12:44:12Z,CPA731,"24.028336,102.349449",32100,522,268
1757681086,2025-09-12T12:44:46Z,CPA731,"24.0264,102.259651",32100,523,269
1757681121,2025-09-12T12:45:21Z,CPA731,"24.02449,102.167824",32100,524,269
1757681130,2025-09-12T12:45:30Z,CPA731,"24.024031,102.145439",32100,525,269
1757681186,2025-09-12T12:46:26Z,CPA731,"24.021002,101.995155",32100,525,269
1757681216,2025-09-12T12:46:56Z,CPA731,"24.019409,101.918236",32100,524,269
1757681264,2025-09-12T12:47:44Z,CPA731,"24.016857,101.789055",32100,522,269
1757681303,2025-09-12T12:48:23Z,CPA731,"24.014832,101.688133",32100,523,269
1757681330,2025-09-12T12:48:50Z,CPA731,"24.013273,101.616745",32100,523,269
1757681368,2025-09-12T12:49:28Z,CPA731,"24.01095,101.51284",32100,522,267
1757681398,2025-09-12T12:49:58Z,CPA731,"24.00271,101.437439",32100,522,261
1757681427,2025-09-12T12:50:27Z,CPA731,"23.98691,101.361389",32100,523,255
1757681462,2025-09-12T12:51:02Z,CPA731,"23.965302,101.271309",32100,524,256
1757681492,2025-09-12T12:51:32Z,CPA731,"23.946899,101.194153",32100,524,255
1757681528,2025-09-12T12:52:08Z,CPA731,"23.925619,101.105782",32100,523,255
1757681556,2025-09-12T12:52:36Z,CPA731,"23.907322,101.030792",32100,522,256
1757681591,2025-09-12T12:53:11Z,CPA731,"23.885599,100.942329",32100,521,256
1757681620,2025-09-12T12:53:40Z,CPA731,"23.86734,100.868279",32000,523,255
1757681655,2025-09-12T12:54:15Z,CPA731,"23.845173,100.778885",32000,522,255
1757681690,2025-09-12T12:54:50Z,CPA731,"23.823339,100.6912",32000,521,255
1757681705,2025-09-12T12:55:05Z,CPA731,"23.813751,100.652901",32000,521,255
1757681764,2025-09-12T12:56:04Z,CPA731,"23.776699,100.503143",32000,522,255
1757681798,2025-09-12T12:56:38Z,CPA731,"23.75519,100.416313",32000,522,255
1757681833,2025-09-12T12:57:13Z,CPA731,"23.733259,100.327721",32000,524,255
1757681863,2025-09-12T12:57:43Z,CPA731,"23.713989,100.250504",32000,524,255
1757681898,2025-09-12T12:58:18Z,CPA731,"23.691925,100.161949",32000,524,255
1757681925,2025-09-12T12:58:45Z,CPA731,"23.674839,100.093376",32000,523,255
1757681944,2025-09-12T12:59:04Z,CPA731,"23.662689,100.044823",32000,523,255
1757681996,2025-09-12T12:59:56Z,CPA731,"23.62949,99.913231",32000,521,255
1757682025,2025-09-12T13:00:25Z,CPA731,"23.610828,99.839134",32000,519,255
1757682054,2025-09-12T13:00:54Z,CPA731,"23.59264,99.766899",32000,519,255
1757682113,2025-09-12T13:01:53Z,CPA731,"23.554729,99.617363",32000,520,255
1757682143,2025-09-12T13:02:23Z,CPA731,"23.535549,99.541931",32000,521,255
1757682178,2025-09-12T13:02:58Z,CPA731,"23.512529,99.451538",32000,522,255
1757682208,2025-09-12T13:03:28Z,CPA731,"23.49342,99.376831",32000,522,255
1757682238,2025-09-12T13:03:58Z,CPA731,"23.474291,99.30201",32000,521,255
1757682268,2025-09-12T13:04:28Z,CPA731,"23.454575,99.225121",32000,521,255
1757682302,2025-09-12T13:05:02Z,CPA731,"23.43277,99.140472",32000,521,255
1757682337,2025-09-12T13:05:37Z,CPA731,"23.409531,99.05024",32000,521,255
1757682370,2025-09-12T13:06:10Z,CPA731,"23.38817,98.967743",32000,520,255
1757682405,2025-09-12T13:06:45Z,CPA731,"23.36294,98.881432",32000,521,252
1757682441,2025-09-12T13:07:21Z,CPA731,"23.333469,98.792671",32000,522,251
1757682476,2025-09-12T13:07:56Z,CPA731,"23.305071,98.70816",32000,523,251
1757682495,2025-09-12T13:08:15Z,CPA731,"23.288679,98.659218",32000,523,251
1757682557,2025-09-12T13:09:17Z,CPA731,"23.228403,98.480125",32000,519,249
1757682588,2025-09-12T13:09:48Z,CPA731,"23.202055,98.402458",32000,520,249
1757682619,2025-09-12T13:10:19Z,CPA731,"23.176483,98.32679",32000,520,249
1757682652,2025-09-12T13:10:52Z,CPA731,"23.149961,98.248802",32000,523,249
1757682683,2025-09-12T13:11:23Z,CPA731,"23.123102,98.169914",32000,524,249
1757682715,2025-09-12T13:11:55Z,CPA731,"23.096428,98.091431",32000,526,249
1757682747,2025-09-12T13:12:27Z,CPA731,"23.069939,98.013863",32000,524,249
1757682779,2025-09-12T13:12:59Z,CPA731,"23.042404,97.933281",32000,523,249
1757682809,2025-09-12T13:13:29Z,CPA731,"23.016678,97.858269",32000,523,249
1757682844,2025-09-12T13:14:04Z,CPA731,"22.99205,97.774277",32000,521,259
1757682846,2025-09-12T13:14:06Z,CPA731,"22.99118,97.768883",32000,520,260
1757682848,2025-09-12T13:14:08Z,CPA731,"22.990427,97.763573",32000,521,261
1757682851,2025-09-12T13:14:11Z,CPA731,"22.989532,97.756195",32000,520,262
1757682853,2025-09-12T13:14:13Z,CPA731,"22.988985,97.750854",32000,522,263
1757682855,2025-09-12T13:14:15Z,CPA731,"22.988333,97.743324",32000,521,264
1757682857,2025-09-12T13:14:17Z,CPA731,"22.988022,97.738274",32000,520,265
1757682859,2025-09-12T13:14:19Z,CPA731,"22.987793,97.733078",32000,520,266
1757682861,2025-09-12T13:14:21Z,CPA731,"22.987635,97.727715",32000,520,267
1757682864,2025-09-12T13:14:24Z,CPA731,"22.987589,97.722267",32000,520,269
1757682866,2025-09-12T13:14:26Z,CPA731,"22.987656,97.7146",32000,520,270
1757682869,2025-09-12T13:14:29Z,CPA731,"22.987839,97.707008",32000,520,271
1757682871,2025-09-12T13:14:31Z,CPA731,"22.988194,97.701469",32000,519,272
1757682874,2025-09-12T13:14:34Z,CPA731,"22.988472,97.696533",32000,520,274
1757682877,2025-09-12T13:14:37Z,CPA731,"22.989166,97.688881",32000,519,275
1757682880,2025-09-12T13:14:40Z,CPA731,"22.990036,97.681145",32000,519,276
1757682882,2025-09-12T13:14:42Z,CPA731,"22.990707,97.675575",32000,519,277
1757682884,2025-09-12T13:14:44Z,CPA731,"22.991409,97.670006",32000,519,277
1757682887,2025-09-12T13:14:47Z,CPA731,"22.992384,97.662148",32000,520,277
1757682889,2025-09-12T13:14:49Z,CPA731,"22.993174,97.655434",32000,520,277
1757682921,2025-09-12T13:15:21Z,CPA731,"23.002903,97.573647",32000,522,277
1757682952,2025-09-12T13:15:52Z,CPA731,"23.012959,97.492775",32000,522,277
1757682984,2025-09-12T13:16:24Z,CPA731,"23.023132,97.410431",32000,524,277
1757683016,2025-09-12T13:16:56Z,CPA731,"23.033348,97.326103",32000,525,277
1757683048,2025-09-12T13:17:28Z,CPA731,"23.043312,97.243195",32000,524,277
1757683079,2025-09-12T13:17:59Z,CPA731,"23.053226,97.160698",32000,526,277
1757683110,2025-09-12T13:18:30Z,CPA731,"23.062775,97.080437",32000,527,277
1757683141,2025-09-12T13:19:01Z,CPA731,"23.072159,97.00119",32000,528,277
1757683172,2025-09-12T13:19:32Z,CPA731,"23.081949,96.918388",32000,528,277
1757683202,2025-09-12T13:20:02Z,CPA731,"23.091202,96.839485",32000,527,277
1757683265,2025-09-12T13:21:05Z,CPA731,"23.110382,96.675644",32000,528,277
1757683296,2025-09-12T13:21:36Z,CPA731,"23.120262,96.591187",32000,528,277
1757683329,2025-09-12T13:22:09Z,CPA731,"23.129992,96.506859",32000,529,277
1757683366,2025-09-12T13:22:46Z,CPA731,"23.141785,96.40638",32000,529,277
1757683398,2025-09-12T13:23:18Z,CPA731,"23.151405,96.323799",32000,529,277
1757683437,2025-09-12T13:23:57Z,CPA731,"23.163162,96.222008",32000,529,277
1757683467,2025-09-12T13:24:27Z,CPA731,"23.172401,96.14151",32000,530,277
1757683501,2025-09-12T13:25:01Z,CPA731,"23.182755,96.051216",32000,529,277
1757683533,2025-09-12T13:25:33Z,CPA731,"23.192139,95.968422",32000,525,276
1757683564,2025-09-12T13:26:04Z,CPA731,"23.201077,95.888725",32000,523,276
1757683588,2025-09-12T13:26:28Z,CPA731,"23.207977,95.8265",32000,523,276
1757683733,2025-09-12T13:28:53Z,CPA731,"23.25005,95.444084",32000,526,276
1757683764,2025-09-12T13:29:24Z,CPA731,"23.258743,95.363976",32000,525,276
1757683795,2025-09-12T13:29:55Z,CPA731,"23.26774,95.280609",32000,527,276
1757683826,2025-09-12T13:30:26Z,CPA731,"23.276459,95.19928",32000,526,276
1757683858,2025-09-12T13:30:58Z,CPA731,"23.285339,95.115234",32000,527,276
1757683891,2025-09-12T13:31:31Z,CPA731,"23.294449,95.029091",32000,528,276
1757683921,2025-09-12T13:32:01Z,CPA731,"23.302839,94.948219",32000,529,276
1757683952,2025-09-12T13:32:32Z,CPA731,"23.311249,94.86779",32000,528,276
1757683983,2025-09-12T13:33:03Z,CPA731,"23.319534,94.787544",32000,527,276
1757684016,2025-09-12T13:33:36Z,CPA731,"23.328537,94.700417",32000,526,276
1757684046,2025-09-12T13:34:06Z,CPA731,"23.336777,94.620262",32000,526,276
1757684079,2025-09-12T13:34:39Z,CPA731,"23.34549,94.534958",32000,526,276
1757684110,2025-09-12T13:35:10Z,CPA731,"23.353729,94.452911",32000,527,276
1757684143,2025-09-12T13:35:43Z,CPA731,"23.362518,94.365471",32000,528,276
1757684176,2025-09-12T13:36:16Z,CPA731,"23.373093,94.279823",32000,524,281
1757684184,2025-09-12T13:36:24Z,CPA731,"23.378632,94.257751",32000,522,286
1757684187,2025-09-12T13:36:27Z,CPA731,"23.380209,94.252678",32000,522,287
1757684189,2025-09-12T13:36:29Z,CPA731,"23.382065,94.246819",32000,522,288
1757684191,2025-09-12T13:36:31Z,CPA731,"23.383667,94.242172",32000,521,290
1757684193,2025-09-12T13:36:33Z,CPA731,"23.385818,94.236328",32000,521,291
1757684195,2025-09-12T13:36:35Z,CPA731,"23.388124,94.2304",32000,521,292
1757684197,2025-09-12T13:36:37Z,CPA731,"23.389755,94.22644",32000,520,293
1757684200,2025-09-12T13:36:40Z,CPA731,"23.391769,94.221695",32000,520,294
1757684202,2025-09-12T13:36:42Z,CPA731,"23.394268,94.215904",32000,521,295
1757684204,2025-09-12T13:36:44Z,CPA731,"23.396759,94.210358",32000,521,295
1757684206,2025-09-12T13:36:46Z,CPA731,"23.398865,94.205666",32000,521,296
1757684208,2025-09-12T13:36:48Z,CPA731,"23.401154,94.200722",32000,521,296
1757684211,2025-09-12T13:36:51Z,CPA731,"23.403946,94.194633",32000,521,296
1757684213,2025-09-12T13:36:53Z,CPA731,"23.406052,94.190186",32000,521,296
1757684246,2025-09-12T13:37:26Z,CPA731,"23.442032,94.113831",32000,521,297
1757684277,2025-09-12T13:37:57Z,CPA731,"23.476868,94.040169",32000,520,297
1757684309,2025-09-12T13:38:29Z,CPA731,"23.517912,93.968102",32000,521,302
1757684340,2025-09-12T13:39:00Z,CPA731,"23.558365,93.900406",32000,519,302
1757684372,2025-09-12T13:39:32Z,CPA731,"23.600401,93.830086",32000,518,303
1757684404,2025-09-12T13:40:04Z,CPA731,"23.642395,93.759766",32000,517,303
1757684436,2025-09-12T13:40:36Z,CPA731,"23.683731,93.690628",32000,517,302
1757684457,2025-09-12T13:40:57Z,CPA731,"23.707764,93.641304",32000,518,293
1757684460,2025-09-12T13:41:00Z,CPA731,"23.710007,93.635559",32000,517,293
1757684464,2025-09-12T13:41:04Z,CPA731,"23.714128,93.624817",32000,518,292
1757684466,2025-09-12T13:41:06Z,CPA731,"23.716095,93.619637",32000,518,292
1757684468,2025-09-12T13:41:08Z,CPA731,"23.717926,93.614807",32000,518,292
1757684499,2025-09-12T13:41:39Z,CPA731,"23.742874,93.539375",32000,522,285
1757684530,2025-09-12T13:42:10Z,CPA731,"23.761414,93.459778",32000,525,284
1757684561,2025-09-12T13:42:41Z,CPA731,"23.779442,93.38089",32000,526,284
1757684593,2025-09-12T13:43:13Z,CPA731,"23.798622,93.297249",32000,528,284
1757684626,2025-09-12T13:43:46Z,CPA731,"23.817902,93.213196",32000,528,284
1757684656,2025-09-12T13:44:16Z,CPA731,"23.83577,93.13546",32000,526,284
1757684688,2025-09-12T13:44:48Z,CPA731,"23.854811,93.052643",32000,528,284
1757684721,2025-09-12T13:45:21Z,CPA731,"23.874161,92.96875",32000,528,284
1757684753,2025-09-12T13:45:53Z,CPA731,"23.893753,92.883858",32000,528,284
1757684786,2025-09-12T13:46:26Z,CPA731,"23.912933,92.800804",32000,529,284
1757684816,2025-09-12T13:46:56Z,CPA731,"23.930191,92.72039",32000,527,281
1757684848,2025-09-12T13:47:28Z,CPA731,"23.945984,92.638649",32000,525,282
1757684880,2025-09-12T13:48:00Z,CPA731,"23.963509,92.555359",32000,527,282
1757684911,2025-09-12T13:48:31Z,CPA731,"23.982782,92.475243",32000,525,289
1757684918,2025-09-12T13:48:38Z,CPA731,"23.988741,92.459068",32000,524,292
1757684920,2025-09-12T13:48:40Z,CPA731,"23.990648,92.45446",32000,523,294
1757684922,2025-09-12T13:48:42Z,CPA731,"23.993303,92.448555",32000,523,294
1757684924,2025-09-12T13:48:44Z,CPA731,"23.995443,92.443832",32000,523,296
1757684926,2025-09-12T13:48:46Z,CPA731,"23.997818,92.438911",32000,522,297
1757684928,2025-09-12T13:48:48Z,CPA731,"24,92.434639",32000,522,298
1757684930,2025-09-12T13:48:50Z,CPA731,"24.002518,92.42981",32000,522,299
1757684933,2025-09-12T13:48:53Z,CPA731,"24.005539,92.424416",32000,522,300
1757684935,2025-09-12T13:48:55Z,CPA731,"24.008293,92.419632",32000,522,301
1757684937,2025-09-12T13:48:57Z,CPA731,"24.010433,92.416115",32000,521,302
1757684939,2025-09-12T13:48:59Z,CPA731,"24.013971,92.410408",32000,521,303
1757684941,2025-09-12T13:49:01Z,CPA731,"24.016718,92.406113",32000,521,304
1757684943,2025-09-12T13:49:03Z,CPA731,"24.019606,92.40155",32000,521,305
1757684946,2025-09-12T13:49:06Z,CPA731,"24.022676,92.396835",32000,521,305
1757684948,2025-09-12T13:49:08Z,CPA731,"24.026354,92.391289",32000,521,305
1757684950,2025-09-12T13:49:10Z,CPA731,"24.028564,92.388",32000,521,305
1757684952,2025-09-12T13:49:12Z,CPA731,"24.03241,92.382256",32000,521,305
1757684954,2025-09-12T13:49:14Z,CPA731,"24.03511,92.378235",32000,521,306
1757684986,2025-09-12T13:49:46Z,CPA731,"24.081161,92.310028",32000,522,306
1757685019,2025-09-12T13:50:19Z,CPA731,"24.128677,92.239555",32050,524,306
1757685049,2025-09-12T13:50:49Z,CPA731,"24.171524,92.175957",32700,521,306
1757685083,2025-09-12T13:51:23Z,CPA731,"24.219082,92.105278",33350,520,305
1757685113,2025-09-12T13:51:53Z,CPA731,"24.260885,92.037239",33850,519,303
1757685144,2025-09-12T13:52:24Z,CPA731,"24.297867,91.968941",34025,518,295
1757685153,2025-09-12T13:52:33Z,CPA731,"24.30632,91.948463",34025,518,293
1757685185,2025-09-12T13:53:05Z,CPA731,"24.337143,91.869865",34000,522,292
1757685204,2025-09-12T13:53:24Z,CPA731,"24.351151,91.819794",34000,525,283
1757685206,2025-09-12T13:53:26Z,CPA731,"24.352314,91.814354",34000,525,283
1757685209,2025-09-12T13:53:29Z,CPA731,"24.353197,91.810204",34000,526,283
1757685211,2025-09-12T13:53:31Z,CPA731,"24.354492,91.803841",34000,526,282
1757685242,2025-09-12T13:54:02Z,CPA731,"24.370934,91.721176",34000,528,282
1757685273,2025-09-12T13:54:33Z,CPA731,"24.386808,91.641624",34000,529,282
1757685306,2025-09-12T13:55:06Z,CPA731,"24.404068,91.555382",34000,529,282
1757685336,2025-09-12T13:55:36Z,CPA731,"24.420139,91.475845",34000,530,283
1757685368,2025-09-12T13:56:08Z,CPA731,"24.442886,91.3946",34000,528,288
1757685399,2025-09-12T13:56:39Z,CPA731,"24.466919,91.315559",34000,526,288
1757685430,2025-09-12T13:57:10Z,CPA731,"24.491365,91.238503",34000,524,287
1757685462,2025-09-12T13:57:42Z,CPA731,"24.510498,91.157143",34000,525,281
1757685492,2025-09-12T13:58:12Z,CPA731,"24.522554,91.077179",34000,526,276
1757685524,2025-09-12T13:58:44Z,CPA731,"24.531006,90.990654",34000,527,276
1757685556,2025-09-12T13:59:16Z,CPA731,"24.539732,90.906631",34000,523,276
1757685589,2025-09-12T13:59:49Z,CPA731,"24.548676,90.820618",34000,523,276
1757685620,2025-09-12T14:00:20Z,CPA731,"24.557096,90.739197",34000,524,276
1757685650,2025-09-12T14:00:50Z,CPA731,"24.565567,90.658211",34000,526,276
1757685677,2025-09-12T14:01:17Z,CPA731,"24.567032,90.586189",34000,524,266
1757685679,2025-09-12T14:01:19Z,CPA731,"24.566687,90.580513",34000,525,266
1757685682,2025-09-12T14:01:22Z,CPA731,"24.566315,90.574142",34000,526,266
1757685684,2025-09-12T14:01:24Z,CPA731,"24.565941,90.568802",34000,525,265
1757685686,2025-09-12T14:01:26Z,CPA731,"24.565567,90.563354",34000,526,265
1757685688,2025-09-12T14:01:28Z,CPA731,"24.565197,90.557922",34000,525,265
1757685719,2025-09-12T14:01:59Z,CPA731,"24.560028,90.473686",34000,526,266
1757685750,2025-09-12T14:02:30Z,CPA731,"24.55545,90.394035",34000,527,266
1757685782,2025-09-12T14:03:02Z,CPA731,"24.550369,90.307312",34000,525,266
1757685814,2025-09-12T14:03:34Z,CPA731,"24.545225,90.221901",34000,525,266
1757685846,2025-09-12T14:04:06Z,CPA731,"24.54007,90.136665",34000,524,266
1757685879,2025-09-12T14:04:39Z,CPA731,"24.53476,90.05056",34000,524,266
1757685911,2025-09-12T14:05:11Z,CPA731,"24.529449,89.965569",34000,523,266
1757685943,2025-09-12T14:05:43Z,CPA731,"24.524137,89.880547",34000,522,266
1757685974,2025-09-12T14:06:14Z,CPA731,"24.518925,89.798409",34000,522,265
1757686007,2025-09-12T14:06:47Z,CPA731,"24.51329,89.711296",34000,522,265
1757686040,2025-09-12T14:07:20Z,CPA731,"24.507891,89.626617",34000,521,265
1757686070,2025-09-12T14:07:50Z,CPA731,"24.50267,89.546104",34000,521,265
1757686102,2025-09-12T14:08:22Z,CPA731,"24.497185,89.462967",34000,518,265
1757686133,2025-09-12T14:08:53Z,CPA731,"24.491737,89.380775",34000,518,265
1757686165,2025-09-12T14:09:25Z,CPA731,"24.486105,89.295265",34000,518,265
1757686197,2025-09-12T14:09:57Z,CPA731,"24.480564,89.212509",34000,518,265
1757686227,2025-09-12T14:10:27Z,CPA731,"24.475159,89.132591",34000,520,265
1757686260,2025-09-12T14:11:00Z,CPA731,"24.469391,89.048103",34000,520,265
1757686292,2025-09-12T14:11:32Z,CPA731,"24.463387,88.962311",34000,520,265
1757686323,2025-09-12T14:12:03Z,CPA731,"24.457848,88.883179",34000,520,265
1757686354,2025-09-12T14:12:34Z,CPA731,"24.451935,88.799118",34000,519,265
1757686387,2025-09-12T14:13:07Z,CPA731,"24.445976,88.713768",34000,517,265
1757686419,2025-09-12T14:13:39Z,CPA731,"24.440094,88.629967",34000,518,265
1757686451,2025-09-12T14:14:11Z,CPA731,"24.434246,88.545815",34000,516,265
1757686482,2025-09-12T14:14:42Z,CPA731,"24.422424,88.467461",34000,517,257
1757686514,2025-09-12T14:15:14Z,CPA731,"24.403793,88.38562",34000,517,252
1757686545,2025-09-12T14:15:45Z,CPA731,"24.380804,88.30909",34000,516,251
1757686577,2025-09-12T14:16:17Z,CPA731,"24.354996,88.230186",34000,517,249
1757686609,2025-09-12T14:16:49Z,CPA731,"24.326384,88.150047",34000,518,248
1757686642,2025-09-12T14:17:22Z,CPA731,"24.297684,88.070168",34000,518,248
1757686675,2025-09-12T14:17:55Z,CPA731,"24.269165,87.990471",34000,519,248
1757686706,2025-09-12T14:18:26Z,CPA731,"24.241798,87.914047",34000,518,248
1757686736,2025-09-12T14:18:56Z,CPA731,"24.215332,87.840271",34000,518,248
1757686769,2025-09-12T14:19:29Z,CPA731,"24.183243,87.761841",34000,516,240
1757686771,2025-09-12T14:19:31Z,CPA731,"24.180908,87.757698",34000,516,238
1757686773,2025-09-12T14:19:33Z,CPA731,"24.178349,87.753296",34000,516,237
1757686776,2025-09-12T14:19:36Z,CPA731,"24.175554,87.748734",34000,516,236
1757686778,2025-09-12T14:19:38Z,CPA731,"24.172016,87.743187",34000,516,235
1757686780,2025-09-12T14:19:40Z,CPA731,"24.169317,87.739197",34000,516,233
1757686782,2025-09-12T14:19:42Z,CPA731,"24.165207,87.733253",34000,516,232
1757686785,2025-09-12T14:19:45Z,CPA731,"24.162148,87.729095",34000,516,231
1757686787,2025-09-12T14:19:47Z,CPA731,"24.159073,87.724915",34000,516,231
1757686789,2025-09-12T14:19:49Z,CPA731,"24.155817,87.720543",34000,516,230
1757686791,2025-09-12T14:19:51Z,CPA731,"24.152069,87.71566",34000,516,230
1757686794,2025-09-12T14:19:54Z,CPA731,"24.149002,87.711639",34000,516,230
1757686796,2025-09-12T14:19:56Z,CPA731,"24.145668,87.707329",34000,516,229
1757686828,2025-09-12T14:20:28Z,CPA731,"24.094894,87.642464",34000,517,229
1757686859,2025-09-12T14:20:59Z,CPA731,"24.04693,87.581139",34000,518,229
1757686892,2025-09-12T14:21:32Z,CPA731,"23.996796,87.515564",34000,516,233
1757686912,2025-09-12T14:21:52Z,CPA731,"23.970678,87.47242",34000,515,239
1757686934,2025-09-12T14:22:14Z,CPA731,"23.946703,87.420959",34000,516,246
1757686944,2025-09-12T14:22:24Z,CPA731,"23.93779,87.396904",34000,516,249
1757686950,2025-09-12T14:22:30Z,CPA731,"23.932831,87.381577",34000,516,251
1757686965,2025-09-12T14:22:45Z,CPA731,"23.922684,87.342834",34000,518,256
1757686998,2025-09-12T14:23:18Z,CPA731,"23.904108,87.261711",34000,516,255
1757687030,2025-09-12T14:23:50Z,CPA731,"23.882368,87.178848",34000,518,253
1757687061,2025-09-12T14:24:21Z,CPA731,"23.860977,87.102203",34000,520,252
1757687093,2025-09-12T14:24:53Z,CPA731,"23.838226,87.022652",34000,522,252
1757687126,2025-09-12T14:25:26Z,CPA731,"23.81575,86.93914",34000,522,256
1757687158,2025-09-12T14:25:58Z,CPA731,"23.8022,86.854607",34000,526,263
1757687191,2025-09-12T14:26:31Z,CPA731,"23.795792,86.767982",34000,527,265
1757687223,2025-09-12T14:27:03Z,CPA731,"23.789474,86.682991",34000,526,265
1757687255,2025-09-12T14:27:35Z,CPA731,"23.783213,86.598335",34000,526,265
1757687288,2025-09-12T14:28:08Z,CPA731,"23.777023,86.512657",34000,525,265
1757687320,2025-09-12T14:28:40Z,CPA731,"23.76757,86.427834",34000,525,258
1757687352,2025-09-12T14:29:12Z,CPA731,"23.752441,86.3442",34000,526,261
1757687383,2025-09-12T14:29:43Z,CPA731,"23.742247,86.262733",34000,528,262
1757687415,2025-09-12T14:30:15Z,CPA731,"23.732145,86.177948",34000,528,262
1757687447,2025-09-12T14:30:47Z,CPA731,"23.722183,86.094673",34000,527,262
1757687480,2025-09-12T14:31:20Z,CPA731,"23.711838,86.007439",34000,527,262
1757687511,2025-09-12T14:31:51Z,CPA731,"23.701933,85.924179",34000,528,262
1757687544,2025-09-12T14:32:24Z,CPA731,"23.691833,85.839485",34000,529,262
1757687576,2025-09-12T14:32:56Z,CPA731,"23.68158,85.753227",34000,527,262
1757687608,2025-09-12T14:33:28Z,CPA731,"23.673065,85.668335",34000,529,265
1757687641,2025-09-12T14:34:01Z,CPA731,"23.667204,85.583183",34000,528,265
1757687673,2025-09-12T14:34:33Z,CPA731,"23.662674,85.497131",34000,527,266
1757687705,2025-09-12T14:35:05Z,CPA731,"23.658188,85.411934",34000,524,266
1757687735,2025-09-12T14:35:35Z,CPA731,"23.653891,85.332466",34000,523,266
1757687767,2025-09-12T14:36:07Z,CPA731,"23.650223,85.248055",34000,526,267
1757687798,2025-09-12T14:36:38Z,CPA731,"23.64711,85.16581",34000,525,268
1757687830,2025-09-12T14:37:10Z,CPA731,"23.647467,85.080872",34000,524,270
1757687860,2025-09-12T14:37:40Z,CPA731,"23.650452,85.001373",34000,524,272
1757687893,2025-09-12T14:38:13Z,CPA731,"23.651096,84.914627",34000,525,268
1757687924,2025-09-12T14:38:44Z,CPA731,"23.647888,84.834389",34000,523,266
1757687956,2025-09-12T14:39:16Z,CPA731,"23.642252,84.749054",34000,523,265
1757687987,2025-09-12T14:39:47Z,CPA731,"23.636032,84.667511",34000,521,265
1757688018,2025-09-12T14:40:18Z,CPA731,"23.629669,84.587097",34000,519,265
1757688049,2025-09-12T14:40:49Z,CPA731,"23.622932,84.505074",34000,521,264
1757688081,2025-09-12T14:41:21Z,CPA731,"23.616257,84.424034",34000,521,264
1757688114,2025-09-12T14:41:54Z,CPA731,"23.608932,84.337463",34000,523,264
1757688144,2025-09-12T14:42:24Z,CPA731,"23.602171,84.258507",34000,525,264
1757688176,2025-09-12T14:42:56Z,CPA731,"23.594955,84.173981",34000,525,264
1757688207,2025-09-12T14:43:27Z,CPA731,"23.58783,84.092506",34000,523,264
1757688239,2025-09-12T14:43:59Z,CPA731,"23.580688,84.010521",34000,522,264
1757688272,2025-09-12T14:44:32Z,CPA731,"23.573029,83.92321",34000,524,264
1757688303,2025-09-12T14:45:03Z,CPA731,"23.565907,83.841797",34000,525,264
1757688336,2025-09-12T14:45:36Z,CPA731,"23.558167,83.753967",34000,529,264
1757688368,2025-09-12T14:46:08Z,CPA731,"23.550522,83.668465",34000,530,264
1757688400,2025-09-12T14:46:40Z,CPA731,"23.543049,83.585258",34000,529,264
1757688432,2025-09-12T14:47:12Z,CPA731,"23.535368,83.499046",34000,527,264
1757688464,2025-09-12T14:47:44Z,CPA731,"23.52792,83.417107",34000,525,264
1757688495,2025-09-12T14:48:15Z,CPA731,"23.520565,83.336082",34000,526,264
1757688526,2025-09-12T14:48:46Z,CPA731,"23.512802,83.252396",34000,525,264
1757688557,2025-09-12T14:49:17Z,CPA731,"23.505388,83.171692",34000,526,264
1757688588,2025-09-12T14:49:48Z,CPA731,"23.497513,83.087105",34000,528,264
1757688621,2025-09-12T14:50:21Z,CPA731,"23.489655,83.003029",34000,529,264
1757688652,2025-09-12T14:50:52Z,CPA731,"23.481766,82.91851",34000,530,264
1757688686,2025-09-12T14:51:26Z,CPA731,"23.473408,82.829079",34000,531,264
1757688716,2025-09-12T14:51:56Z,CPA731,"23.465727,82.748924",34000,533,264
1757688749,2025-09-12T14:52:29Z,CPA731,"23.457367,82.661484",34000,533,264
1757688780,2025-09-12T14:53:00Z,CPA731,"23.449173,82.576385",34000,532,264
1757688813,2025-09-12T14:53:33Z,CPA731,"23.44096,82.491707",34000,533,264
1757688843,2025-09-12T14:54:03Z,CPA731,"23.433001,82.410484",34000,531,263
1757688874,2025-09-12T14:54:34Z,CPA731,"23.4249,82.326813",34000,528,263
1757688905,2025-09-12T14:55:05Z,CPA731,"23.41708,82.247063",34000,528,263
1757688937,2025-09-12T14:55:37Z,CPA731,"23.408615,82.161804",34000,528,263
1757688968,2025-09-12T14:56:08Z,CPA731,"23.400604,82.080902",34000,529,263
1757689000,2025-09-12T14:56:40Z,CPA731,"23.391953,81.994713",34000,527,263
1757689032,2025-09-12T14:57:12Z,CPA731,"23.383438,81.909821",34000,528,263
1757689063,2025-09-12T14:57:43Z,CPA731,"23.375229,81.828514",34000,528,263
1757689095,2025-09-12T14:58:15Z,CPA731,"23.366756,81.745148",34000,528,263
1757689127,2025-09-12T14:58:47Z,CPA731,"23.357941,81.658577",34000,528,263
1757689158,2025-09-12T14:59:18Z,CPA731,"23.349609,81.578232",34000,528,263
1757689190,2025-09-12T14:59:50Z,CPA731,"23.34082,81.492836",34000,528,263
1757689221,2025-09-12T15:00:21Z,CPA731,"23.332352,81.410835",34000,528,263
1757689254,2025-09-12T15:00:54Z,CPA731,"23.323509,81.326195",34000,528,263
1757689284,2025-09-12T15:01:24Z,CPA731,"23.314957,81.245392",34000,528,263
1757689317,2025-09-12T15:01:57Z,CPA731,"23.30596,81.159668",34000,530,263
1757689347,2025-09-12T15:02:27Z,CPA731,"23.297487,81.079765",34000,530,263
1757689380,2025-09-12T15:03:00Z,CPA731,"23.288269,80.993294",34000,530,263
1757689410,2025-09-12T15:03:30Z,CPA731,"23.279751,80.913696",34000,530,263
1757689441,2025-09-12T15:04:01Z,CPA731,"23.270859,80.831146",34000,529,263
1757689473,2025-09-12T15:04:33Z,CPA731,"23.261673,80.745514",34000,529,263
1757689504,2025-09-12T15:05:04Z,CPA731,"23.252747,80.663719",34000,530,263
1757689535,2025-09-12T15:05:35Z,CPA731,"23.243858,80.582428",34000,532,263
1757689568,2025-09-12T15:06:08Z,CPA731,"23.234482,80.497223",34000,532,263
1757689600,2025-09-12T15:06:40Z,CPA731,"23.224915,80.409882",34000,530,263
1757689633,2025-09-12T15:07:13Z,CPA731,"23.215368,80.323997",34000,528,263
1757689664,2025-09-12T15:07:44Z,CPA731,"23.206238,80.241997",34000,527,263
1757689696,2025-09-12T15:08:16Z,CPA731,"23.196671,80.15625",34000,525,263
1757689728,2025-09-12T15:08:48Z,CPA731,"23.189346,80.075249",34000,525,266
1757689758,2025-09-12T15:09:18Z,CPA731,"23.188797,79.994598",34000,526,271
1757689790,2025-09-12T15:09:50Z,CPA731,"23.192459,79.909904",34000,526,272
1757689821,2025-09-12T15:10:21Z,CPA731,"23.195955,79.829308",34000,528,272
1757689854,2025-09-12T15:10:54Z,CPA731,"23.19968,79.741875",34000,526,272
1757689886,2025-09-12T15:11:26Z,CPA731,"23.203312,79.655663",34000,525,272
1757689917,2025-09-12T15:11:57Z,CPA731,"23.206696,79.573524",34000,526,272
1757689948,2025-09-12T15:12:28Z,CPA731,"23.20903,79.491875",34000,527,270
1757689979,2025-09-12T15:12:59Z,CPA731,"23.210154,79.411873",34000,528,270
1757690011,2025-09-12T15:13:31Z,CPA731,"23.211273,79.325531",34000,530,270
1757690042,2025-09-12T15:14:02Z,CPA731,"23.212555,79.244286",34000,529,270
1757690074,2025-09-12T15:14:34Z,CPA731,"23.214018,79.158325",34000,529,271
1757690106,2025-09-12T15:15:06Z,CPA731,"23.215393,79.073746",34000,529,271
1757690137,2025-09-12T15:15:37Z,CPA731,"23.216812,78.992058",34000,529,271
1757690168,2025-09-12T15:16:08Z,CPA731,"23.218115,78.90976",34000,529,270
1757690200,2025-09-12T15:16:40Z,CPA731,"23.219372,78.824104",34000,529,270
1757690233,2025-09-12T15:17:13Z,CPA731,"23.220629,78.738098",34000,529,270
1757690266,2025-09-12T15:17:46Z,CPA731,"23.223841,78.650261",34000,529,273
1757690299,2025-09-12T15:18:19Z,CPA731,"23.22876,78.563034",34000,528,273
1757690331,2025-09-12T15:18:51Z,CPA731,"23.233524,78.475594",34000,530,273
1757690362,2025-09-12T15:19:22Z,CPA731,"23.237549,78.394745",34000,531,273
1757690394,2025-09-12T15:19:54Z,CPA731,"23.241623,78.309097",34000,532,272
1757690426,2025-09-12T15:20:26Z,CPA731,"23.24556,78.222557",34000,530,272
1757690457,2025-09-12T15:20:57Z,CPA731,"23.249165,78.141785",34000,530,272
1757690489,2025-09-12T15:21:29Z,CPA731,"23.25293,78.055466",34000,530,272
1757690522,2025-09-12T15:22:02Z,CPA731,"23.256706,77.968697",34000,529,272
1757690555,2025-09-12T15:22:35Z,CPA731,"23.259521,77.88253",34000,530,270
1757690587,2025-09-12T15:23:07Z,CPA731,"23.259501,77.79673",34000,530,269
1757690617,2025-09-12T15:23:37Z,CPA731,"23.257782,77.715637",34000,531,268
1757690649,2025-09-12T15:24:09Z,CPA731,"23.255032,77.632545",34000,532,267
1757690681,2025-09-12T15:24:41Z,CPA731,"23.251511,77.545898",34000,530,267
1757690713,2025-09-12T15:25:13Z,CPA731,"23.247768,77.4617",34000,530,267
1757690745,2025-09-12T15:25:45Z,CPA731,"23.243866,77.374962",34000,532,267
1757690776,2025-09-12T15:26:16Z,CPA731,"23.240181,77.292076",34000,532,267
1757690808,2025-09-12T15:26:48Z,CPA731,"23.236643,77.206215",34000,533,267
1757690840,2025-09-12T15:27:20Z,CPA731,"23.23315,77.121735",34000,533,267
1757690870,2025-09-12T15:27:50Z,CPA731,"23.229799,77.040405",34000,534,267
1757690901,2025-09-12T15:28:21Z,CPA731,"23.226261,76.956841",34000,534,267
1757690933,2025-09-12T15:28:53Z,CPA731,"23.222809,76.873184",34000,534,267
1757690965,2025-09-12T15:29:25Z,CPA731,"23.219193,76.786346",34000,534,267
1757690995,2025-09-12T15:29:55Z,CPA731,"23.215805,76.705696",34000,534,267
1757691028,2025-09-12T15:30:28Z,CPA731,"23.211969,76.617027",34000,533,267
1757691060,2025-09-12T15:31:00Z,CPA731,"23.208344,76.533958",34000,531,267
1757691092,2025-09-12T15:31:32Z,CPA731,"23.204521,76.447655",34000,532,267
1757691122,2025-09-12T15:32:02Z,CPA731,"23.200928,76.366913",34000,532,267
1757691153,2025-09-12T15:32:33Z,CPA731,"23.197212,76.284027",34000,532,267
1757691185,2025-09-12T15:33:05Z,CPA731,"23.193209,76.198479",34000,530,267
1757691217,2025-09-12T15:33:37Z,CPA731,"23.189255,76.11348",34000,528,267
1757691250,2025-09-12T15:34:10Z,CPA731,"23.185318,76.027786",34000,529,267
1757691280,2025-09-12T15:34:40Z,CPA731,"23.181976,75.946091",34000,528,267
1757691313,2025-09-12T15:35:13Z,CPA731,"23.177103,75.860748",34000,528,265
1757691345,2025-09-12T15:35:45Z,CPA731,"23.17161,75.77494",34000,527,266
1757691376,2025-09-12T15:36:16Z,CPA731,"23.166595,75.694954",34000,526,266
1757691408,2025-09-12T15:36:48Z,CPA731,"23.161423,75.608856",34000,526,266
1757691441,2025-09-12T15:37:21Z,CPA731,"23.156296,75.522469",34000,526,266
1757691474,2025-09-12T15:37:54Z,CPA731,"23.15126,75.435577",34000,526,266
1757691506,2025-09-12T15:38:26Z,CPA731,"23.146284,75.351921",34000,527,266
1757691538,2025-09-12T15:38:58Z,CPA731,"23.141235,75.267685",34000,527,266
1757691570,2025-09-12T15:39:30Z,CPA731,"23.136017,75.181694",34000,527,266
1757691602,2025-09-12T15:40:02Z,CPA731,"23.130877,75.098366",34000,528,266
1757691635,2025-09-12T15:40:35Z,CPA731,"23.125443,75.010551",34000,528,266
1757691666,2025-09-12T15:41:06Z,CPA731,"23.120449,74.930267",34000,529,266
1757691697,2025-09-12T15:41:37Z,CPA731,"23.115189,74.847816",34000,531,266
1757691729,2025-09-12T15:42:09Z,CPA731,"23.10965,74.760765",34000,532,266
1757691762,2025-09-12T15:42:42Z,CPA731,"23.104019,74.673721",34000,532,266
1757691794,2025-09-12T15:43:14Z,CPA731,"23.098526,74.58918",34000,531,265
1757691825,2025-09-12T15:43:45Z,CPA731,"23.093079,74.506531",34000,531,265
1757691855,2025-09-12T15:44:15Z,CPA731,"23.087723,74.425102",34000,532,265
1757691887,2025-09-12T15:44:47Z,CPA731,"23.082136,74.341583",34000,532,265
1757691918,2025-09-12T15:45:18Z,CPA731,"23.076599,74.259087",34000,531,265
1757691950,2025-09-12T15:45:50Z,CPA731,"23.070869,74.173988",34000,531,265
1757691981,2025-09-12T15:46:21Z,CPA731,"23.065292,74.091797",34000,531,265
1757692013,2025-09-12T15:46:53Z,CPA731,"23.059387,74.006004",34000,531,265
1757692044,2025-09-12T15:47:24Z,CPA731,"23.053831,73.925629",34000,532,265
1757692075,2025-09-12T15:47:55Z,CPA731,"23.047897,73.841408",34000,532,265
1757692106,2025-09-12T15:48:26Z,CPA731,"23.042147,73.759712",34000,534,265
1757692138,2025-09-12T15:48:58Z,CPA731,"23.03595,73.672371",34000,533,265
1757692171,2025-09-12T15:49:31Z,CPA731,"23.02977,73.586426",34000,532,265
1757692203,2025-09-12T15:50:03Z,CPA731,"23.02359,73.49958",34000,531,265
1757692236,2025-09-12T15:50:36Z,CPA731,"23.017336,73.413086",34000,531,265
1757692269,2025-09-12T15:51:09Z,CPA731,"23.011003,73.326973",34000,532,265
1757692302,2025-09-12T15:51:42Z,CPA731,"23.004501,73.238861",34000,532,265
1757692332,2025-09-12T15:52:12Z,CPA731,"22.998528,73.158363",34000,532,265
1757692362,2025-09-12T15:52:42Z,CPA731,"22.992599,73.078362",34000,533,265
1757692394,2025-09-12T15:53:14Z,CPA731,"22.986099,72.992615",34000,533,265
1757692426,2025-09-12T15:53:46Z,CPA731,"22.979782,72.908669",34000,534,265
1757692458,2025-09-12T15:54:18Z,CPA731,"22.973236,72.823326",34000,533,265
1757692489,2025-09-12T15:54:49Z,CPA731,"22.966919,72.740227",34000,534,265
1757692522,2025-09-12T15:55:22Z,CPA731,"22.960169,72.652992",34000,534,265
1757692553,2025-09-12T15:55:53Z,CPA731,"22.953745,72.570549",34000,534,265
1757692585,2025-09-12T15:56:25Z,CPA731,"22.946856,72.483467",34000,534,265
1757692616,2025-09-12T15:56:56Z,CPA731,"22.940414,72.401749",34000,533,265
1757692647,2025-09-12T15:57:27Z,CPA731,"22.933867,72.319183",34000,532,265
1757692680,2025-09-12T15:58:00Z,CPA731,"22.926956,72.23291",34000,532,265
1757692710,2025-09-12T15:58:30Z,CPA731,"22.920366,72.151489",34000,533,264
1757692741,2025-09-12T15:59:01Z,CPA731,"22.913635,72.068665",34000,534,264
1757692774,2025-09-12T15:59:34Z,CPA731,"22.906588,71.982063",34000,533,264
1757692804,2025-09-12T16:00:04Z,CPA731,"22.899977,71.900993",34000,533,264
1757692835,2025-09-12T16:00:35Z,CPA731,"22.893133,71.818031",34000,533,264
1757692866,2025-09-12T16:01:06Z,CPA731,"22.88629,71.736603",34000,534,264
1757692897,2025-09-12T16:01:37Z,CPA731,"22.879494,71.655525",34000,536,264
1757692929,2025-09-12T16:02:09Z,CPA731,"22.872025,71.567688",34000,537,264
1757692962,2025-09-12T16:02:42Z,CPA731,"22.864655,71.4804",34000,537,264
1757692995,2025-09-12T16:03:15Z,CPA731,"22.857239,71.393303",34000,538,264
1757693027,2025-09-12T16:03:47Z,CPA731,"22.849794,71.306511",34000,539,264
1757693059,2025-09-12T16:04:19Z,CPA731,"22.842253,71.219536",34000,538,264
1757693092,2025-09-12T16:04:52Z,CPA731,"22.834431,71.129608",34000,538,264
1757693124,2025-09-12T16:05:24Z,CPA731,"22.827118,71.046036",34000,538,264
1757693155,2025-09-12T16:05:55Z,CPA731,"22.819702,70.962044",34000,538,264
1757693186,2025-09-12T16:06:26Z,CPA731,"22.812744,70.879044",34000,539,266
1757693217,2025-09-12T16:06:57Z,CPA731,"22.811434,70.794777",34000,540,271
1757693248,2025-09-12T16:07:28Z,CPA731,"22.816135,70.711311",34000,538,273
1757693279,2025-09-12T16:07:59Z,CPA731,"22.821257,70.62912",34000,538,273
1757693312,2025-09-12T16:08:32Z,CPA731,"22.826843,70.541634",34000,538,273
1757693342,2025-09-12T16:09:02Z,CPA731,"22.832016,70.459564",34000,538,273
1757693374,2025-09-12T16:09:34Z,CPA731,"22.837234,70.374573",34000,540,273
1757693406,2025-09-12T16:10:06Z,CPA731,"22.842682,70.285385",34000,542,273
1757693437,2025-09-12T16:10:37Z,CPA731,"22.847763,70.201439",34000,543,273
1757693468,2025-09-12T16:11:08Z,CPA731,"22.852753,70.118393",34000,544,273
1757693499,2025-09-12T16:11:39Z,CPA731,"22.857697,70.034744",34000,544,273
1757693532,2025-09-12T16:12:12Z,CPA731,"22.862968,69.945526",34000,544,273
1757693562,2025-09-12T16:12:42Z,CPA731,"22.867809,69.863487",34000,544,273
1757693594,2025-09-12T16:13:14Z,CPA731,"22.872976,69.775391",34000,541,273
1757693625,2025-09-12T16:13:45Z,CPA731,"22.877771,69.692482",34000,540,273
1757693658,2025-09-12T16:14:18Z,CPA731,"22.88324,69.605133",34000,538,274
1757693692,2025-09-12T16:14:52Z,CPA731,"22.889269,69.513649",34000,535,274
1757693723,2025-09-12T16:15:23Z,CPA731,"22.894638,69.430695",34000,535,274
1757693753,2025-09-12T16:15:53Z,CPA731,"22.899857,69.348549",34000,536,274
1757693785,2025-09-12T16:16:25Z,CPA731,"22.905144,69.264374",34000,536,273
1757693818,2025-09-12T16:16:58Z,CPA731,"22.910498,69.176842",34000,536,273
1757693851,2025-09-12T16:17:31Z,CPA731,"22.915924,69.088676",34000,536,273
1757693883,2025-09-12T16:18:03Z,CPA731,"22.921251,69.000801",34000,536,273
1757693917,2025-09-12T16:18:37Z,CPA731,"22.926636,68.911446",34000,537,273
1757693948,2025-09-12T16:19:08Z,CPA731,"22.931725,68.826599",34000,537,273
1757693979,2025-09-12T16:19:39Z,CPA731,"22.936567,68.744812",34000,536,273
1757694011,2025-09-12T16:20:11Z,CPA731,"22.941641,68.658394",34000,535,273
1757694044,2025-09-12T16:20:44Z,CPA731,"22.946669,68.571419",34000,535,273
1757694075,2025-09-12T16:21:15Z,CPA731,"22.951538,68.488068",34000,535,273
1757694105,2025-09-12T16:21:45Z,CPA731,"22.955793,68.406166",34000,536,272
1757694136,2025-09-12T16:22:16Z,CPA731,"22.957764,68.324127",34000,537,270
1757694167,2025-09-12T16:22:47Z,CPA731,"22.957888,68.24173",34000,537,270
1757694200,2025-09-12T16:23:20Z,CPA731,"22.957981,68.153381",34000,539,270
1757694230,2025-09-12T16:23:50Z,CPA731,"22.957947,68.070541",34000,540,270
1757694263,2025-09-12T16:24:23Z,CPA731,"22.957901,67.982147",34000,540,270
1757694295,2025-09-12T16:24:55Z,CPA731,"22.957809,67.895256",34000,538,269
1757694328,2025-09-12T16:25:28Z,CPA731,"22.957809,67.806969",34000,537,270
1757694358,2025-09-12T16:25:58Z,CPA731,"22.958075,67.725983",34000,536,270
1757694390,2025-09-12T16:26:30Z,CPA731,"22.958307,67.640327",34000,536,270
1757694421,2025-09-12T16:27:01Z,CPA731,"22.958405,67.556229",34000,535,270
1757694452,2025-09-12T16:27:32Z,CPA731,"22.958447,67.473297",34000,535,270
1757694485,2025-09-12T16:28:05Z,CPA731,"22.958447,67.38607",34000,534,270
1757694516,2025-09-12T16:28:36Z,CPA731,"22.958401,67.301384",34000,533,270
1757694547,2025-09-12T16:29:07Z,CPA731,"22.958313,67.2183",34000,532,269
1757694578,2025-09-12T16:29:38Z,CPA731,"22.958176,67.137299",34000,532,269
1757694609,2025-09-12T16:30:09Z,CPA731,"22.958027,67.054085",34000,532,269
1757694642,2025-09-12T16:30:42Z,CPA731,"22.957794,66.967216",34000,532,269
1757694674,2025-09-12T16:31:14Z,CPA731,"22.958075,66.881256",34000,534,270
1757694707,2025-09-12T16:31:47Z,CPA731,"22.958773,66.793419",34000,535,270
1757694739,2025-09-12T16:32:19Z,CPA731,"22.959412,66.706886",34000,536,270
1757694772,2025-09-12T16:32:52Z,CPA731,"22.95989,66.620277",34000,536,270
1757694805,2025-09-12T16:33:25Z,CPA731,"22.960262,66.531776",34000,535,270
1757694835,2025-09-12T16:33:55Z,CPA731,"22.96051,66.449158",34000,535,270
1757694866,2025-09-12T16:34:26Z,CPA731,"22.960785,66.367958",34000,535,270
1757694898,2025-09-12T16:34:58Z,CPA731,"22.961006,66.280876",34000,534,270
1757694931,2025-09-12T16:35:31Z,CPA731,"22.961147,66.19339",34000,534,270
1757694961,2025-09-12T16:36:01Z,CPA731,"22.961239,66.112724",34000,533,270
1757694992,2025-09-12T16:36:32Z,CPA731,"22.961334,66.030182",34000,532,270
1757695023,2025-09-12T16:37:03Z,CPA731,"22.96138,65.947983",34000,531,270
1757695055,2025-09-12T16:37:35Z,CPA731,"22.96138,65.862221",34000,531,270
1757695088,2025-09-12T16:38:08Z,CPA731,"22.961332,65.775246",34000,531,269
1757695119,2025-09-12T16:38:39Z,CPA731,"22.961239,65.693054",34000,532,269
1757695152,2025-09-12T16:39:12Z,CPA731,"22.9611,65.604958",34000,531,269
1757695184,2025-09-12T16:39:44Z,CPA731,"22.960876,65.519516",34000,530,269
1757695217,2025-09-12T16:40:17Z,CPA731,"22.960728,65.431267",34000,530,269
1757695249,2025-09-12T16:40:49Z,CPA731,"22.960419,65.35202",34000,530,269
1757695282,2025-09-12T16:41:22Z,CPA731,"22.960215,65.28524",34000,530,269
1757695313,2025-09-12T16:41:53Z,CPA731,"22.959749,65.175835",34000,529,269
1757695360,2025-09-12T16:42:40Z,CPA731,"22.95932,65.090698",34000,30,269
1757695392,2025-09-12T16:43:12Z,CPA731,"22.958679,64.966225",34000,528,269
1757695428,2025-09-12T16:43:48Z,CPA731,"22.958542,64.874763",34000,527,270
1757695459,2025-09-12T16:44:19Z,CPA731,"22.962662,64.792267",34000,527,274
1757695491,2025-09-12T16:44:51Z,CPA731,"22.971249,64.707947",34000,526,276
1757695501,2025-09-12T16:45:01Z,CPA731,"22.973694,64.684502",34000,526,276
1757695665,2025-09-12T16:47:45Z,CPA731,"23.019104,64.251099",34000,526,276
1757696215,2025-09-12T16:56:55Z,CPA731,"23.164579,62.820637",34000,519,276
1757696247,2025-09-12T16:57:27Z,CPA731,"23.172592,62.739376",34000,519,276
1757696280,2025-09-12T16:58:00Z,CPA731,"23.180878,62.654331",34000,519,275
1757696312,2025-09-12T16:58:32Z,CPA731,"23.188972,62.570648",34000,520,275
1757696347,2025-09-12T16:59:07Z,CPA731,"23.197495,62.482395",34000,521,275
1757696379,2025-09-12T16:59:39Z,CPA731,"23.205826,62.395428",34000,522,275
1757696412,2025-09-12T17:00:12Z,CPA731,"23.213791,62.311558",34000,522,275
1757696441,2025-09-12T17:00:41Z,CPA731,"23.221188,62.233734",34000,521,275
1757696475,2025-09-12T17:01:15Z,CPA731,"23.22924,62.147724",34000,521,275
1757696505,2025-09-12T17:01:45Z,CPA731,"23.236736,62.067211",34000,521,275
1757696538,2025-09-12T17:02:18Z,CPA731,"23.244556,61.983337",34000,521,275
1757696569,2025-09-12T17:02:49Z,CPA731,"23.252243,61.900719",34000,521,275
1757696601,2025-09-12T17:03:21Z,CPA731,"23.259796,61.818668",34000,521,275
1757696632,2025-09-12T17:03:52Z,CPA731,"23.267181,61.737011",34000,521,275
1757696665,2025-09-12T17:04:25Z,CPA731,"23.274908,61.651714",34000,520,275
1757696696,2025-09-12T17:04:56Z,CPA731,"23.282124,61.572266",34000,519,275
1757696726,2025-09-12T17:05:26Z,CPA731,"23.289368,61.491478",34000,518,275
1757696758,2025-09-12T17:05:58Z,CPA731,"23.2966,61.410828",34000,517,275
1757696789,2025-09-12T17:06:29Z,CPA731,"23.303696,61.330776",34000,518,275
1757696822,2025-09-12T17:07:02Z,CPA731,"23.311295,61.245132",34000,518,275
1757696852,2025-09-12T17:07:32Z,CPA731,"23.318207,61.165882",34000,518,275
1757696886,2025-09-12T17:08:06Z,CPA731,"23.328909,61.078846",34000,518,278
1757696906,2025-09-12T17:08:26Z,CPA731,"23.335098,61.032848",34000,518,278
1757696962,2025-09-12T17:09:22Z,CPA731,"23.354324,60.886131",34000,520,277
1757697021,2025-09-12T17:10:21Z,CPA731,"23.373962,60.728077",34000,522,277
1757697073,2025-09-12T17:11:13Z,CPA731,"23.402508,60.596363",34000,522,287
1757697104,2025-09-12T17:11:44Z,CPA731,"23.429602,60.521088",34000,522,291
1757697135,2025-09-12T17:12:15Z,CPA731,"23.457394,60.444897",34000,520,291
1757697166,2025-09-12T17:12:46Z,CPA731,"23.48444,60.370941",34000,520,291
1757697198,2025-09-12T17:13:18Z,CPA731,"23.513582,60.290783",34000,518,291
1757697231,2025-09-12T17:13:51Z,CPA731,"23.541321,60.214218",34000,519,291
1757697262,2025-09-12T17:14:22Z,CPA731,"23.569817,60.135689",34000,519,291
1757697296,2025-09-12T17:14:56Z,CPA731,"23.59989,60.052567",34000,518,291
1757697327,2025-09-12T17:15:27Z,CPA731,"23.626373,59.979046",34000,518,291
1757697360,2025-09-12T17:16:00Z,CPA731,"23.653936,59.902386",34000,518,291
1757697396,2025-09-12T17:16:36Z,CPA731,"23.685965,59.813766",34000,517,291
1757697426,2025-09-12T17:17:06Z,CPA731,"23.713104,59.738419",34000,516,291
1757697457,2025-09-12T17:17:37Z,CPA731,"23.740198,59.663017",34000,516,291
1757697489,2025-09-12T17:18:09Z,CPA731,"23.766907,59.58847",34000,517,291
1757697520,2025-09-12T17:18:40Z,CPA731,"23.793966,59.51268",34000,516,291
1757697551,2025-09-12T17:19:11Z,CPA731,"23.821991,59.434116",34000,515,291
1757697583,2025-09-12T17:19:43Z,CPA731,"23.848804,59.358925",34000,514,291
1757697616,2025-09-12T17:20:16Z,CPA731,"23.877714,59.277615",34000,514,291
1757697647,2025-09-12T17:20:47Z,CPA731,"23.903687,59.204407",34000,514,291
1757697678,2025-09-12T17:21:18Z,CPA731,"23.930603,59.128368",34000,514,291
1757697710,2025-09-12T17:21:50Z,CPA731,"23.956467,59.049732",34000,513,288
1757697743,2025-09-12T17:22:23Z,CPA731,"23.981461,58.969982",34000,514,288
1757697774,2025-09-12T17:22:54Z,CPA731,"24.005264,58.894398",34000,513,288
1757697805,2025-09-12T17:23:25Z,CPA731,"24.029755,58.817394",34000,514,289
1757697836,2025-09-12T17:23:56Z,CPA731,"24.054146,58.741047",34000,516,289
1757697867,2025-09-12T17:24:27Z,CPA731,"24.078186,58.665417",34000,516,289
1757697897,2025-09-12T17:24:57Z,CPA731,"24.10231,58.589886",34000,515,289
1757697931,2025-09-12T17:25:31Z,CPA731,"24.128397,58.508053",34000,516,289
1757697962,2025-09-12T17:26:02Z,CPA731,"24.153122,58.430126",34000,516,289
1757697993,2025-09-12T17:26:33Z,CPA731,"24.176718,58.355591",34000,516,289
1757698026,2025-09-12T17:27:06Z,CPA731,"24.202606,58.273315",34000,518,288
1757698057,2025-09-12T17:27:37Z,CPA731,"24.226959,58.196056",34000,518,288
1757698088,2025-09-12T17:28:08Z,CPA731,"24.251266,58.118793",34000,517,288
1757698120,2025-09-12T17:28:40Z,CPA731,"24.275736,58.040512",34000,516,288
1757698152,2025-09-12T17:29:12Z,CPA731,"24.300734,57.960655",34000,516,288
1757698183,2025-09-12T17:29:43Z,CPA731,"24.324102,57.885719",34000,515,288
1757698215,2025-09-12T17:30:15Z,CPA731,"24.348682,57.806793",34000,514,288
1757698246,2025-09-12T17:30:46Z,CPA731,"24.372982,57.728645",34000,513,288
1757698279,2025-09-12T17:31:19Z,CPA731,"24.397469,57.649876",34000,514,288
1757698310,2025-09-12T17:31:50Z,CPA731,"24.421692,57.571564",33875,513,288
1757698341,2025-09-12T17:32:21Z,CPA731,"24.445038,57.49593",32900,507,288
1757698375,2025-09-12T17:32:55Z,CPA731,"24.470764,57.412365",31225,509,288
1757698406,2025-09-12T17:33:26Z,CPA731,"24.494293,57.335968",30075,501,288
1757698438,2025-09-12T17:33:58Z,CPA731,"24.517319,57.261303",28950,494,288
1757698470,2025-09-12T17:34:30Z,CPA731,"24.540344,57.186176",27825,486,288
1757698501,2025-09-12T17:35:01Z,CPA731,"24.562729,57.112782",26725,479,288
1757698533,2025-09-12T17:35:33Z,CPA731,"24.584747,57.040607",25625,473,288
1757698566,2025-09-12T17:36:06Z,CPA731,"24.607361,56.966553",24500,466,288
1757698598,2025-09-12T17:36:38Z,CPA731,"24.628876,56.895397",23400,460,288
1757698629,2025-09-12T17:37:09Z,CPA731,"24.655197,56.827343",22950,460,296
1757698661,2025-09-12T17:37:41Z,CPA731,"24.688932,56.763351",23000,461,300
1757698693,2025-09-12T17:38:13Z,CPA731,"24.724266,56.699142",23000,463,301
1757698724,2025-09-12T17:38:44Z,CPA731,"24.759506,56.635403",23000,463,301
1757698755,2025-09-12T17:39:15Z,CPA731,"24.794083,56.57262",23000,462,301
1757698787,2025-09-12T17:39:47Z,CPA731,"24.828918,56.509247",22850,453,300
1757698819,2025-09-12T17:40:19Z,CPA731,"24.862806,56.447392",22250,436,300
1757698840,2025-09-12T17:40:40Z,CPA731,"24.881882,56.406605",21900,422,288
1757698842,2025-09-12T17:40:42Z,CPA731,"24.882963,56.4021",21850,422,286
1757698844,2025-09-12T17:40:44Z,CPA731,"24.884033,56.39679",21825,420,283
1757698847,2025-09-12T17:40:47Z,CPA731,"24.884686,56.392666",21775,420,280
1757698849,2025-09-12T17:40:49Z,CPA731,"24.885103,56.389713",21775,418,278
1757698851,2025-09-12T17:40:51Z,CPA731,"24.885569,56.384426",21725,417,276
1757698853,2025-09-12T17:40:53Z,CPA731,"24.885773,56.381176",21700,416,274
1757698855,2025-09-12T17:40:55Z,CPA731,"24.886034,56.375565",21675,414,272
1757698857,2025-09-12T17:40:57Z,CPA731,"24.886093,56.370441",21625,413,270
1757698859,2025-09-12T17:40:59Z,CPA731,"24.886047,56.366222",21600,412,270
1757698861,2025-09-12T17:41:01Z,CPA731,"24.885895,56.361782",21575,411,268
1757698863,2025-09-12T17:41:03Z,CPA731,"24.885635,56.357525",21550,409,266
1757698865,2025-09-12T17:41:05Z,CPA731,"24.885315,56.353352",21525,408,265
1757698867,2025-09-12T17:41:07Z,CPA731,"24.884857,56.348419",21500,406,264
1757698870,2025-09-12T17:41:10Z,CPA731,"24.884491,56.344757",21475,406,263
1757698872,2025-09-12T17:41:12Z,CPA731,"24.884079,56.340435",21425,404,263
1757698874,2025-09-12T17:41:14Z,CPA731,"24.883661,56.336491",21400,403,263
1757698876,2025-09-12T17:41:16Z,CPA731,"24.883287,56.332191",21375,402,264
1757698878,2025-09-12T17:41:18Z,CPA731,"24.882915,56.328148",21350,401,264
1757698880,2025-09-12T17:41:20Z,CPA731,"24.882498,56.32312",21325,399,264
1757698882,2025-09-12T17:41:22Z,CPA731,"24.882124,56.318665",21300,398,264
1757698907,2025-09-12T17:41:47Z,CPA731,"24.88092,56.270294",20975,384,275
1757698909,2025-09-12T17:41:49Z,CPA731,"24.881426,56.266323",20950,383,277
1757698911,2025-09-12T17:41:51Z,CPA731,"24.882111,56.261852",20925,382,278
1757698913,2025-09-12T17:41:53Z,CPA731,"24.882776,56.25798",20900,380,280
1757698916,2025-09-12T17:41:56Z,CPA731,"24.883522,56.254196",20900,380,282
1757698918,2025-09-12T17:41:58Z,CPA731,"24.884592,56.249535",20875,378,283
1757698920,2025-09-12T17:42:00Z,CPA731,"24.885544,56.245777",20850,376,285
1757698922,2025-09-12T17:42:02Z,CPA731,"24.886505,56.242321",20825,375,286
1757698924,2025-09-12T17:42:04Z,CPA731,"24.88765,56.238708",20825,374,287
1757698926,2025-09-12T17:42:06Z,CPA731,"24.888874,56.234921",20800,372,289
1757698928,2025-09-12T17:42:08Z,CPA731,"24.890259,56.231129",20775,372,290
1757698930,2025-09-12T17:42:10Z,CPA731,"24.891668,56.227665",20750,369,293
1757698932,2025-09-12T17:42:12Z,CPA731,"24.893143,56.224163",20750,368,293
1757698934,2025-09-12T17:42:14Z,CPA731,"24.894699,56.220654",20725,365,295
1757698937,2025-09-12T17:42:17Z,CPA731,"24.896835,56.21616",20675,364,297
1757698939,2025-09-12T17:42:19Z,CPA731,"24.898911,56.212006",20650,363,298
1757698941,2025-09-12T17:42:21Z,CPA731,"24.900187,56.209526",20650,361,298
1757698943,2025-09-12T17:42:23Z,CPA731,"24.901932,56.206055",20625,360,298
1757698946,2025-09-12T17:42:26Z,CPA731,"24.903864,56.202168",20600,358,298
1757698948,2025-09-12T17:42:28Z,CPA731,"24.905502,56.198883",20575,358,298
1757698950,2025-09-12T17:42:30Z,CPA731,"24.90703,56.195744",20550,357,298
1757698952,2025-09-12T17:42:32Z,CPA731,"24.90852,56.192738",20525,356,298
1757698954,2025-09-12T17:42:34Z,CPA731,"24.910336,56.18911",20500,354,298
1757698985,2025-09-12T17:43:05Z,CPA731,"24.935381,56.140499",20025,342,299
1757699017,2025-09-12T17:43:37Z,CPA731,"24.959774,56.093964",19500,334,299
1757699044,2025-09-12T17:44:04Z,CPA731,"24.98291,56.055248",19200,330,311
1757699046,2025-09-12T17:44:06Z,CPA731,"24.985016,56.053112",19175,329,315
1757699048,2025-09-12T17:44:08Z,CPA731,"24.987473,56.050949",19175,328,320
1757699050,2025-09-12T17:44:10Z,CPA731,"24.990404,56.048618",19150,328,321
1757699052,2025-09-12T17:44:12Z,CPA731,"24.992935,56.046955",19125,327,327
1757699054,2025-09-12T17:44:14Z,CPA731,"24.995224,56.045582",19125,326,330
1757699056,2025-09-12T17:44:16Z,CPA731,"24.998178,56.04406",19100,326,333
1757699058,2025-09-12T17:44:18Z,CPA731,"25.000488,56.043041",19075,325,337
1757699061,2025-09-12T17:44:21Z,CPA731,"25.003998,56.041725",19075,326,340
1757699063,2025-09-12T17:44:23Z,CPA731,"25.006256,56.041058",19050,325,343
1757699065,2025-09-12T17:44:25Z,CPA731,"25.010239,56.040089",19025,324,348
1757699067,2025-09-12T17:44:27Z,CPA731,"25.01413,56.039581",19000,324,352
1757699069,2025-09-12T17:44:29Z,CPA731,"25.017288,56.039379",19000,324,353
1757699071,2025-09-12T17:44:31Z,CPA731,"25.019714,56.039379",19000,323,359
1757699073,2025-09-12T17:44:33Z,CPA731,"25.023363,56.0396",19000,323,2
1757699075,2025-09-12T17:44:35Z,CPA731,"25.026529,56.040016",19000,322,6
1757699078,2025-09-12T17:44:38Z,CPA731,"25.029556,56.040699",19000,322,9
1757699080,2025-09-12T17:44:40Z,CPA731,"25.032255,56.041466",19000,322,13
1757699082,2025-09-12T17:44:42Z,CPA731,"25.035515,56.042557",18975,323,16
1757699084,2025-09-12T17:44:44Z,CPA731,"25.038254,56.043751",18975,322,19
1757699086,2025-09-12T17:44:46Z,CPA731,"25.0411,56.045147",18975,323,24
1757699088,2025-09-12T17:44:48Z,CPA731,"25.043976,56.046803",18950,324,26
1757699090,2025-09-12T17:44:50Z,CPA731,"25.046997,56.048939",18950,324,31
1757699092,2025-09-12T17:44:52Z,CPA731,"25.049387,56.050846",18925,324,33
1757699094,2025-09-12T17:44:54Z,CPA731,"25.052227,56.053333",18925,324,38
1757699096,2025-09-12T17:44:56Z,CPA731,"25.054367,56.055553",18900,324,42
1757699100,2025-09-12T17:45:00Z,CPA731,"25.057114,56.058857",18900,325,47
1757699102,2025-09-12T17:45:02Z,CPA731,"25.059443,56.062042",18875,325,50
1757699104,2025-09-12T17:45:04Z,CPA731,"25.061188,56.064808",18850,325,54
1757699106,2025-09-12T17:45:06Z,CPA731,"25.062607,56.067402",18850,326,57
1757699108,2025-09-12T17:45:08Z,CPA731,"25.063679,56.06971",18825,326,61
1757699110,2025-09-12T17:45:10Z,CPA731,"25.065353,56.073505",18825,326,64
1757699112,2025-09-12T17:45:12Z,CPA731,"25.066681,56.077576",18800,326,69
1757699115,2025-09-12T17:45:15Z,CPA731,"25.067589,56.080853",18775,327,72
1757699117,2025-09-12T17:45:17Z,CPA731,"25.068466,56.084797",18750,327,76
1757699119,2025-09-12T17:45:19Z,CPA731,"25.068752,56.086708",18750,327,79
1757699121,2025-09-12T17:45:21Z,CPA731,"25.069061,56.090088",18750,327,82
1757699123,2025-09-12T17:45:23Z,CPA731,"25.069382,56.094868",18725,327,87
1757699125,2025-09-12T17:45:25Z,CPA731,"25.06929,56.098022",18700,327,91
1757699127,2025-09-12T17:45:27Z,CPA731,"25.069061,56.101177",18675,326,92
1757699129,2025-09-12T17:45:29Z,CPA731,"25.068649,56.104633",18675,326,96
1757699132,2025-09-12T17:45:32Z,CPA731,"25.067688,56.109669",18650,327,102
1757699134,2025-09-12T17:45:34Z,CPA731,"25.06661,56.113499",18625,326,106
1757699137,2025-09-12T17:45:37Z,CPA731,"25.065033,56.118061",18600,328,110
1757699140,2025-09-12T17:45:40Z,CPA731,"25.063614,56.121418",18600,326,114
1757699142,2025-09-12T17:45:42Z,CPA731,"25.062328,56.124123",18575,326,116
1757699144,2025-09-12T17:45:44Z,CPA731,"25.060318,56.12793",18575,326,118
1757699146,2025-09-12T17:45:46Z,CPA731,"25.058744,56.130859",18550,325,120
1757699148,2025-09-12T17:45:48Z,CPA731,"25.057571,56.133068",18550,326,120
1757699150,2025-09-12T17:45:50Z,CPA731,"25.055649,56.136627",18525,325,120
1757699153,2025-09-12T17:45:53Z,CPA731,"25.053019,56.141537",18500,324,120
1757699156,2025-09-12T17:45:56Z,CPA731,"25.05162,56.144207",18475,324,120
1757699158,2025-09-12T17:45:58Z,CPA731,"25.050018,56.147205",18475,324,119
1757699160,2025-09-12T17:46:00Z,CPA731,"25.048595,56.150036",18450,324,119
1757699162,2025-09-12T17:46:02Z,CPA731,"25.046677,56.153717",18425,324,119
1757699164,2025-09-12T17:46:04Z,CPA731,"25.045151,56.15667",18425,324,119
1757699196,2025-09-12T17:46:36Z,CPA731,"25.021921,56.201389",18125,316,119
1757699228,2025-09-12T17:47:08Z,CPA731,"24.99925,56.246166",17875,314,118
1757699241,2025-09-12T17:47:21Z,CPA731,"24.988636,56.263527",17725,319,129
1757699243,2025-09-12T17:47:23Z,CPA731,"24.986481,56.265919",17725,321,133
1757699245,2025-09-12T17:47:25Z,CPA731,"24.983747,56.268501",17700,322,138
1757699247,2025-09-12T17:47:27Z,CPA731,"24.981308,56.270496",17675,322,142
1757699249,2025-09-12T17:47:29Z,CPA731,"24.978561,56.27248",17650,324,145
1757699252,2025-09-12T17:47:32Z,CPA731,"24.975649,56.274357",17650,324,149
1757699254,2025-09-12T17:47:34Z,CPA731,"24.972948,56.275806",17625,324,152
1757699256,2025-09-12T17:47:36Z,CPA731,"24.970993,56.276688",17625,324,155
1757699258,2025-09-12T17:47:38Z,CPA731,"24.967255,56.278278",17600,325,158
1757699260,2025-09-12T17:47:40Z,CPA731,"24.964325,56.279247",17575,326,161
1757699262,2025-09-12T17:47:42Z,CPA731,"24.960663,56.280163",17550,326,164
1757699264,2025-09-12T17:47:44Z,CPA731,"24.958191,56.280678",17550,327,169
1757699266,2025-09-12T17:47:46Z,CPA731,"24.95484,56.28104",17525,327,172
1757699268,2025-09-12T17:47:48Z,CPA731,"24.951534,56.28125",17500,327,176
1757699271,2025-09-12T17:47:51Z,CPA731,"24.94931,56.281281",17500,328,179
1757699273,2025-09-12T17:47:53Z,CPA731,"24.946106,56.281078",17475,328,181
1757699275,2025-09-12T17:47:55Z,CPA731,"24.941339,56.280369",17450,328,186
1757699277,2025-09-12T17:47:57Z,CPA731,"24.938278,56.279552",17450,328,190
1757699279,2025-09-12T17:47:59Z,CPA731,"24.935427,56.278709",17425,328,195
1757699281,2025-09-12T17:48:01Z,CPA731,"24.931982,56.277309",17400,328,199
1757699283,2025-09-12T17:48:03Z,CPA731,"24.92926,56.27599",17375,327,202
1757699285,2025-09-12T17:48:05Z,CPA731,"24.926422,56.274414",17375,328,206
1757699287,2025-09-12T17:48:07Z,CPA731,"24.92395,56.272785",17350,327,209
1757699290,2025-09-12T17:48:10Z,CPA731,"24.922066,56.271454",17350,327,213
1757699292,2025-09-12T17:48:12Z,CPA731,"24.918947,56.26881",17325,326,216
1757699294,2025-09-12T17:48:14Z,CPA731,"24.916666,56.266636",17300,327,220
1757699296,2025-09-12T17:48:16Z,CPA731,"24.913919,56.26368",17275,326,223
1757699298,2025-09-12T17:48:18Z,CPA731,"24.912003,56.261242",17275,326,227
1757699300,2025-09-12T17:48:20Z,CPA731,"24.910103,56.258553",17250,326,230
1757699302,2025-09-12T17:48:22Z,CPA731,"24.907915,56.254925",17225,325,236
1757699304,2025-09-12T17:48:24Z,CPA731,"24.906565,56.252384",17225,326,239
1757699306,2025-09-12T17:48:26Z,CPA731,"24.905502,56.250103",17200,324,242
1757699308,2025-09-12T17:48:28Z,CPA731,"24.903957,56.246216",17175,324,246
1757699310,2025-09-12T17:48:30Z,CPA731,"24.902939,56.243031",17175,324,249
1757699313,2025-09-12T17:48:33Z,CPA731,"24.902048,56.239635",17150,323,253
1757699315,2025-09-12T17:48:35Z,CPA731,"24.901337,56.236217",17125,324,256
1757699317,2025-09-12T17:48:37Z,CPA731,"24.900879,56.23296",17125,322,259
1757699319,2025-09-12T17:48:39Z,CPA731,"24.900558,56.229633",17100,322,263
1757699321,2025-09-12T17:48:41Z,CPA731,"24.900467,56.226215",17075,322,266
1757699323,2025-09-12T17:48:43Z,CPA731,"24.900513,56.223553",17075,321,269
1757699325,2025-09-12T17:48:45Z,CPA731,"24.900833,56.219379",17050,320,273
1757699327,2025-09-12T17:48:47Z,CPA731,"24.901117,56.216885",17050,320,276
1757699329,2025-09-12T17:48:49Z,CPA731,"24.901863,56.212948",17025,318,281
1757699331,2025-09-12T17:48:51Z,CPA731,"24.902664,56.209766",17000,318,284
1757699333,2025-09-12T17:48:53Z,CPA731,"24.903625,56.206562",16975,316,287
1757699336,2025-09-12T17:48:56Z,CPA731,"24.904861,56.203156",16975,316,289
1757699338,2025-09-12T17:48:58Z,CPA731,"24.906099,56.200302",16950,315,293
1757699340,2025-09-12T17:49:00Z,CPA731,"24.907745,56.196899",16950,314,296
1757699342,2025-09-12T17:49:02Z,CPA731,"24.909119,56.194256",16925,313,298
1757699344,2025-09-12T17:49:04Z,CPA731,"24.910721,56.191254",16925,312,300
1757699346,2025-09-12T17:49:06Z,CPA731,"24.912506,56.188",16900,311,300
1757699348,2025-09-12T17:49:08Z,CPA731,"24.913971,56.185253",16875,312,300
1757699351,2025-09-12T17:49:11Z,CPA731,"24.915316,56.182682",16875,311,300
1757699353,2025-09-12T17:49:13Z,CPA731,"24.916759,56.179935",16850,312,299
1757699355,2025-09-12T17:49:15Z,CPA731,"24.918249,56.177032",16850,312,299
1757699357,2025-09-12T17:49:17Z,CPA731,"24.919739,56.174133",16825,312,299
1757699359,2025-09-12T17:49:19Z,CPA731,"24.921461,56.170765",16800,312,299
1757699361,2025-09-12T17:49:21Z,CPA731,"24.922857,56.168018",16800,313,299
1757699363,2025-09-12T17:49:23Z,CPA731,"24.924179,56.165417",16775,313,299
1757699365,2025-09-12T17:49:25Z,CPA731,"24.925278,56.16325",16775,313,299
1757699396,2025-09-12T17:49:56Z,CPA731,"24.948257,56.11903",16500,313,299
1757699428,2025-09-12T17:50:28Z,CPA731,"24.970528,56.075409",16250,311,299
1757699443,2025-09-12T17:50:43Z,CPA731,"24.982445,56.05608",16100,308,311
1757699445,2025-09-12T17:50:45Z,CPA731,"24.9844,56.054058",16075,305,315
1757699448,2025-09-12T17:50:48Z,CPA731,"24.9879,56.051075",16050,302,321
1757699450,2025-09-12T17:50:50Z,CPA731,"24.990404,56.04924",16025,302,324
1757699452,2025-09-12T17:50:52Z,CPA731,"24.99357,56.047321",16025,300,330
1757699455,2025-09-12T17:50:55Z,CPA731,"24.996178,56.045975",16000,298,333
1757699457,2025-09-12T17:50:57Z,CPA731,"24.998932,56.044769",16000,298,336
1757699459,2025-09-12T17:50:59Z,CPA731,"25.001404,56.043854",15975,298,339
1757699461,2025-09-12T17:51:01Z,CPA731,"25.004196,56.042988",15950,296,343
1757699463,2025-09-12T17:51:03Z,CPA731,"25.007584,56.042278",15925,296,346
1757699465,2025-09-12T17:51:05Z,CPA731,"25.010098,56.041828",15925,296,349
1757699467,2025-09-12T17:51:07Z,CPA731,"25.013216,56.041676",15900,294,353
1757699469,2025-09-12T17:51:09Z,CPA731,"25.016052,56.041615",15875,294,358
1757699471,2025-09-12T17:51:11Z,CPA731,"25.01889,56.041767",15875,294,1
1757699473,2025-09-12T17:51:13Z,CPA731,"25.021637,56.042126",15850,294,5
1757699475,2025-09-12T17:51:15Z,CPA731,"25.024338,56.042633",15825,293,8
1757699478,2025-09-12T17:51:18Z,CPA731,"25.02746,56.043438",15825,294,12
1757699480,2025-09-12T17:51:20Z,CPA731,"25.030014,56.044312",15800,293,15
1757699482,2025-09-12T17:51:22Z,CPA731,"25.032488,56.045303",15775,294,18
1757699484,2025-09-12T17:51:24Z,CPA731,"25.035282,56.04665",15775,294,22
1757699486,2025-09-12T17:51:26Z,CPA731,"25.037155,56.047718",15750,294,25
1757699488,2025-09-12T17:51:28Z,CPA731,"25.040077,56.049553",15725,294,29
1757699490,2025-09-12T17:51:30Z,CPA731,"25.042217,56.051159",15725,295,32
1757699492,2025-09-12T17:51:32Z,CPA731,"25.044342,56.052959",15700,295,35
1757699494,2025-09-12T17:51:34Z,CPA731,"25.046501,56.054993",15700,296,40
1757699496,2025-09-12T17:51:36Z,CPA731,"25.048645,56.057232",15675,297,44
1757699498,2025-09-12T17:51:38Z,CPA731,"25.050829,56.059917",15650,297,45
1757699500,2025-09-12T17:51:40Z,CPA731,"25.052738,56.062508",15650,297,50
1757699502,2025-09-12T17:51:42Z,CPA731,"25.054321,56.064995",15625,298,54
1757699504,2025-09-12T17:51:44Z,CPA731,"25.055811,56.067585",15600,299,57
1757699507,2025-09-12T17:51:47Z,CPA731,"25.057255,56.070538",15600,299,60
1757699509,2025-09-12T17:51:49Z,CPA731,"25.058046,56.072353",15575,300,64
1757699511,2025-09-12T17:51:51Z,CPA731,"25.059582,56.0765",15550,302,67
1757699513,2025-09-12T17:51:53Z,CPA731,"25.060419,56.079399",15550,302,70
1757699515,2025-09-12T17:51:55Z,CPA731,"25.061142,56.082458",15525,302,73
1757699517,2025-09-12T17:51:57Z,CPA731,"25.061724,56.085518",15500,302,77
1757699519,2025-09-12T17:51:59Z,CPA731,"25.062096,56.088573",15500,302,80
1757699521,2025-09-12T17:52:01Z,CPA731,"25.062283,56.091839",15475,302,83
1757699523,2025-09-12T17:52:03Z,CPA731,"25.062424,56.094513",15475,304,88
1757699525,2025-09-12T17:52:05Z,CPA731,"25.062241,56.097919",15450,304,91
1757699527,2025-09-12T17:52:07Z,CPA731,"25.062012,56.100971",15425,305,95
1757699529,2025-09-12T17:52:09Z,CPA731,"25.061491,56.104897",15400,306,98
1757699531,2025-09-12T17:52:11Z,CPA731,"25.060978,56.107334",15375,305,101
1757699534,2025-09-12T17:52:14Z,CPA731,"25.060226,56.110535",15350,305,104
1757699536,2025-09-12T17:52:16Z,CPA731,"25.059162,56.114017",15325,306,107
1757699538,2025-09-12T17:52:18Z,CPA731,"25.058121,56.116791",15275,306,110
1757699540,2025-09-12T17:52:20Z,CPA731,"25.056974,56.119564",15250,306,113
1757699542,2025-09-12T17:52:22Z,CPA731,"25.055191,56.122997",15200,306,118
1757699544,2025-09-12T17:52:24Z,CPA731,"25.053717,56.125523",15150,306,121
1757699546,2025-09-12T17:52:26Z,CPA731,"25.052124,56.127979",15125,305,123
1757699548,2025-09-12T17:52:28Z,CPA731,"25.050318,56.130497",15075,306,126
1757699550,2025-09-12T17:52:30Z,CPA731,"25.04837,56.132862",15025,306,131
1757699552,2025-09-12T17:52:32Z,CPA731,"25.046314,56.135109",14975,306,134
1757699555,2025-09-12T17:52:35Z,CPA731,"25.043755,56.137547",14925,308,138
1757699557,2025-09-12T17:52:37Z,CPA731,"25.041458,56.139526",14900,308,141
1757699559,2025-09-12T17:52:39Z,CPA731,"25.039053,56.141327",14850,308,144
1757699561,2025-09-12T17:52:41Z,CPA731,"25.036652,56.142883",14800,308,147
1757699563,2025-09-12T17:52:43Z,CPA731,"25.034225,56.144257",14775,307,150
1757699565,2025-09-12T17:52:45Z,CPA731,"25.031662,56.145527",14725,308,154
1757699567,2025-09-12T17:52:47Z,CPA731,"25.029007,56.146698",14675,308,157
1757699569,2025-09-12T17:52:49Z,CPA731,"25.026031,56.147766",14625,307,160
1757699571,2025-09-12T17:52:51Z,CPA731,"25.022964,56.148632",14575,308,163
1757699573,2025-09-12T17:52:53Z,CPA731,"25.01944,56.149342",14525,308,168
1757699576,2025-09-12T17:52:56Z,CPA731,"25.016521,56.149776",14450,309,171
1757699578,2025-09-12T17:52:58Z,CPA731,"25.013542,56.150036",14375,310,172
1757699580,2025-09-12T17:53:00Z,CPA731,"25.010376,56.150139",14275,311,177
1757699582,2025-09-12T17:53:02Z,CPA731,"25.007355,56.150005",14200,312,180
1757699584,2025-09-12T17:53:04Z,CPA731,"25.004333,56.1497",14100,314,183
1757699587,2025-09-12T17:53:07Z,CPA731,"24.999939,56.148884",13975,316,188
1757699589,2025-09-12T17:53:09Z,CPA731,"24.996231,56.147816",13875,317,193
1757699591,2025-09-12T17:53:11Z,CPA731,"24.993477,56.146873",13800,319,196
1757699593,2025-09-12T17:53:13Z,CPA731,"24.990875,56.145782",13750,320,198
1757699596,2025-09-12T17:53:16Z,CPA731,"24.987705,56.14423",13675,320,203
1757699598,2025-09-12T17:53:18Z,CPA731,"24.985052,56.142677",13600,321,206
1757699600,2025-09-12T17:53:20Z,CPA731,"24.982351,56.140915",13550,321,209
1757699602,2025-09-12T17:53:22Z,CPA731,"24.979837,56.139099",13500,322,212
1757699604,2025-09-12T17:53:24Z,CPA731,"24.977463,56.137077",13425,322,215
1757699606,2025-09-12T17:53:26Z,CPA731,"24.974762,56.134594",13375,322,218
1757699608,2025-09-12T17:53:28Z,CPA731,"24.972622,56.132465",13325,322,221
1757699610,2025-09-12T17:53:30Z,CPA731,"24.970505,56.130219",13275,322,224
1757699613,2025-09-12T17:53:33Z,CPA731,"24.967688,56.126923",13225,322,226
1757699615,2025-09-12T17:53:35Z,CPA731,"24.965881,56.12442",13200,322,228
1757699617,2025-09-12T17:53:37Z,CPA731,"24.964096,56.121826",13150,320,232
1757699619,2025-09-12T17:53:39Z,CPA731,"24.962566,56.119305",13125,320,233
1757699621,2025-09-12T17:53:41Z,CPA731,"24.961077,56.116505",13100,319,238
1757699623,2025-09-12T17:53:43Z,CPA731,"24.959656,56.113586",13075,318,241
1757699625,2025-09-12T17:53:45Z,CPA731,"24.958328,56.110332",13050,317,244
1757699627,2025-09-12T17:53:47Z,CPA731,"24.957138,56.10672",13025,315,249
1757699629,2025-09-12T17:53:49Z,CPA731,"24.956236,56.103603",13000,313,252
1757699632,2025-09-12T17:53:52Z,CPA731,"24.955538,56.100338",12975,313,256
1757699634,2025-09-12T17:53:54Z,CPA731,"24.954987,56.097157",12950,312,258
1757699636,2025-09-12T17:53:56Z,CPA731,"24.954559,56.093342",12925,310,262
1757699638,2025-09-12T17:53:58Z,CPA731,"24.954374,56.090179",12875,310,265
1757699640,2025-09-12T17:54:00Z,CPA731,"24.954391,56.087494",12875,308,268
1757699642,2025-09-12T17:54:02Z,CPA731,"24.954607,56.08334",12825,307,271
1757699644,2025-09-12T17:54:04Z,CPA731,"24.954933,56.08028",12800,306,276
1757699646,2025-09-12T17:54:06Z,CPA731,"24.955444,56.077168",12750,305,279
1757699648,2025-09-12T17:54:08Z,CPA731,"24.95619,56.074116",12725,304,281
1757699650,2025-09-12T17:54:10Z,CPA731,"24.957001,56.07127",12700,303,285
1757699652,2025-09-12T17:54:12Z,CPA731,"24.958191,56.068165",12650,301,291
1757699655,2025-09-12T17:54:15Z,CPA731,"24.959215,56.065926",12625,300,295
1757699657,2025-09-12T17:54:17Z,CPA731,"24.960751,56.063076",12600,298,299
1757699659,2025-09-12T17:54:19Z,CPA731,"24.962381,56.060486",12550,297,303
1757699661,2025-09-12T17:54:21Z,CPA731,"24.964233,56.057995",12525,295,307
1757699663,2025-09-12T17:54:23Z,CPA731,"24.966059,56.055874",12475,293,311
1757699665,2025-09-12T17:54:25Z,CPA731,"24.96792,56.054008",12450,293,315
1757699667,2025-09-12T17:54:27Z,CPA731,"24.970001,56.052197",12425,291,319
1757699669,2025-09-12T17:54:29Z,CPA731,"24.97267,56.050068",12400,290,323
1757699671,2025-09-12T17:54:31Z,CPA731,"24.974997,56.048412",12375,288,326
1757699673,2025-09-12T17:54:33Z,CPA731,"24.977234,56.046955",12350,286,327
1757699675,2025-09-12T17:54:35Z,CPA731,"24.979477,56.045483",12325,285,328
1757699677,2025-09-12T17:54:37Z,CPA731,"24.98172,56.043957",12300,284,328
1757699679,2025-09-12T17:54:39Z,CPA731,"24.984055,56.042278",12250,284,327
1757699681,2025-09-12T17:54:41Z,CPA731,"24.98616,56.040802",12225,284,326
1757699683,2025-09-12T17:54:43Z,CPA731,"24.988312,56.039173",12175,283,325
1757699685,2025-09-12T17:54:45Z,CPA731,"24.990498,56.037426",12150,283,324
1757699687,2025-09-12T17:54:47Z,CPA731,"24.993164,56.035206",12100,283,323
1757699690,2025-09-12T17:54:50Z,CPA731,"24.995108,56.033588",12075,282,322
1757699692,2025-09-12T17:54:52Z,CPA731,"24.997248,56.031673",12050,282,321
1757699704,2025-09-12T17:55:04Z,CPA731,"25.009415,56.0201",11825,280,318
1757699706,2025-09-12T17:55:06Z,CPA731,"25.011429,56.018066",11775,280,317
1757699708,2025-09-12T17:55:08Z,CPA731,"25.013535,56.01593",11750,280,317
1757699710,2025-09-12T17:55:10Z,CPA731,"25.015032,56.014416",11700,280,316
1757699723,2025-09-12T17:55:23Z,CPA731,"25.027039,56.001385",11500,281,314
1757699737,2025-09-12T17:55:37Z,CPA731,"25.039843,55.986641",11375,280,313
1757699752,2025-09-12T17:55:52Z,CPA731,"25.052738,55.971298",11300,280,312
1757699766,2025-09-12T17:56:06Z,CPA731,"25.06572,55.955658",11200,282,312
1757699781,2025-09-12T17:56:21Z,CPA731,"25.078062,55.940571",11025,280,311
1757699794,2025-09-12T17:56:34Z,CPA731,"25.089752,55.926208",10875,278,311
1757699809,2025-09-12T17:56:49Z,CPA731,"25.102158,55.910999",10700,277,311
1757699821,2025-09-12T17:57:01Z,CPA731,"25.113235,55.897472",10525,276,312
1757699836,2025-09-12T17:57:16Z,CPA731,"25.125366,55.882618",10350,274,311
1757699850,2025-09-12T17:57:30Z,CPA731,"25.137371,55.86776",10175,275,311
1757699862,2025-09-12T17:57:42Z,CPA731,"25.147844,55.854805",10025,273,311
1757699876,2025-09-12T17:57:56Z,CPA731,"25.1586,55.839588",9850,274,306
1757699888,2025-09-12T17:58:08Z,CPA731,"25.167164,55.825058",9725,274,301
1757699890,2025-09-12T17:58:10Z,CPA731,"25.168488,55.822552",9700,274,301
1757699892,2025-09-12T17:58:12Z,CPA731,"25.169817,55.820084",9675,274,300
1757699894,2025-09-12T17:58:14Z,CPA731,"25.171051,55.817871",9650,276,300
1757699907,2025-09-12T17:58:27Z,CPA731,"25.179749,55.802357",9475,274,301
1757699920,2025-09-12T17:58:40Z,CPA731,"25.187668,55.786945",9325,272,296
1757699926,2025-09-12T17:58:46Z,CPA731,"25.190672,55.778728",9250,273,291
1757699928,2025-09-12T17:58:48Z,CPA731,"25.191513,55.776012",9250,273,289
1757699930,2025-09-12T17:58:50Z,CPA731,"25.192245,55.773315",9225,274,287
1757699932,2025-09-12T17:58:52Z,CPA731,"25.193115,55.769958",9200,273,285
1757699935,2025-09-12T17:58:55Z,CPA731,"25.193886,55.766499",9200,274,283
1757699938,2025-09-12T17:58:58Z,CPA731,"25.194534,55.763142",9200,273,282
1757699940,2025-09-12T17:59:00Z,CPA731,"25.194992,55.760395",9200,272,280
1757699942,2025-09-12T17:59:02Z,CPA731,"25.195467,55.757584",9175,273,280
1757699944,2025-09-12T17:59:04Z,CPA731,"25.195908,55.754749",9175,273,280
1757699946,2025-09-12T17:59:06Z,CPA731,"25.196398,55.751522",9150,273,280
1757699948,2025-09-12T17:59:08Z,CPA731,"25.196911,55.748672",9125,273,280
1757699951,2025-09-12T17:59:11Z,CPA731,"25.19747,55.745407",9125,272,280
1757699953,2025-09-12T17:59:13Z,CPA731,"25.197968,55.742443",9100,272,280
1757699955,2025-09-12T17:59:15Z,CPA731,"25.19854,55.739498",9100,273,281
1757699968,2025-09-12T17:59:28Z,CPA731,"25.201612,55.72245",9025,273,281
1757699982,2025-09-12T17:59:42Z,CPA731,"25.205154,55.702106",8925,273,280
1757699995,2025-09-12T17:59:55Z,CPA731,"25.207947,55.68578",8875,273,280
1757700009,2025-09-12T18:00:09Z,CPA731,"25.211388,55.665703",8775,273,280
1757700022,2025-09-12T18:00:22Z,CPA731,"25.214401,55.648346",8700,273,280
1757700037,2025-09-12T18:00:37Z,CPA731,"25.218018,55.627544",8600,272,280
1757700049,2025-09-12T18:00:49Z,CPA731,"25.220856,55.611164",8550,272,280
1757700063,2025-09-12T18:01:03Z,CPA731,"25.224237,55.591339",8450,272,280
1757700076,2025-09-12T18:01:16Z,CPA731,"25.227219,55.57373",8375,274,280
1757700089,2025-09-12T18:01:29Z,CPA731,"25.229782,55.55669",8300,272,278
1757700103,2025-09-12T18:01:43Z,CPA731,"25.231405,55.535786",8275,270,272
1757700116,2025-09-12T18:01:56Z,CPA731,"25.231796,55.518902",8275,270,271
1757700130,2025-09-12T18:02:10Z,CPA731,"25.232391,55.499165",8225,268,271
1757700145,2025-09-12T18:02:25Z,CPA731,"25.232849,55.479889",7925,268,271
1757700159,2025-09-12T18:02:39Z,CPA731,"25.233315,55.459969",7675,268,271
1757700172,2025-09-12T18:02:52Z,CPA731,"25.23381,55.441334",7425,267,271
1757700185,2025-09-12T18:03:05Z,CPA731,"25.234222,55.424549",7250,264,271
1757700199,2025-09-12T18:03:19Z,CPA731,"25.234772,55.404968",6975,263,271
1757700214,2025-09-12T18:03:34Z,CPA731,"25.235229,55.385895",6700,263,271
1757700228,2025-09-12T18:03:48Z,CPA731,"25.235641,55.366516",6550,256,271
1757700243,2025-09-12T18:04:03Z,CPA731,"25.236099,55.348206",6550,246,271
1757700255,2025-09-12T18:04:15Z,CPA731,"25.236694,55.332897",6450,240,273
1757700267,2025-09-12T18:04:27Z,CPA731,"25.238708,55.317791",6225,239,281
1757700269,2025-09-12T18:04:29Z,CPA731,"25.239075,55.31596",6200,240,281
1757700271,2025-09-12T18:04:31Z,CPA731,"25.239578,55.313618",6150,239,283
1757700273,2025-09-12T18:04:33Z,CPA731,"25.240158,55.311031",6125,239,284
1757700275,2025-09-12T18:04:35Z,CPA731,"25.240768,55.308636",6075,240,284
1757700278,2025-09-12T18:04:38Z,CPA731,"25.241461,55.305744",6025,239,285
1757700280,2025-09-12T18:04:40Z,CPA731,"25.24205,55.303448",6000,240,285
1757700282,2025-09-12T18:04:42Z,CPA731,"25.242645,55.301361",5975,240,286
1757700284,2025-09-12T18:04:44Z,CPA731,"25.24324,55.29887",5925,239,285
1757700286,2025-09-12T18:04:46Z,CPA731,"25.243835,55.296574",5900,238,285
1757700288,2025-09-12T18:04:48Z,CPA731,"25.244488,55.294136",5850,238,285
1757700300,2025-09-12T18:05:00Z,CPA731,"25.247955,55.279949",5675,236,284
1757700315,2025-09-12T18:05:15Z,CPA731,"25.252262,55.262733",5475,232,285
1757700329,2025-09-12T18:05:29Z,CPA731,"25.256311,55.24646",5375,222,285
1757700344,2025-09-12T18:05:44Z,CPA731,"25.260128,55.231071",5225,215,285
1757700356,2025-09-12T18:05:56Z,CPA731,"25.263336,55.218048",5075,210,285
1757700370,2025-09-12T18:06:10Z,CPA731,"25.266998,55.20335",4875,206,285
1757700379,2025-09-12T18:06:19Z,CPA731,"25.269516,55.19521",4725,207,290
1757700381,2025-09-12T18:06:21Z,CPA731,"25.27034,55.193176",4675,206,292
1757700383,2025-09-12T18:06:23Z,CPA731,"25.271208,55.191116",4650,207,294
1757700385,2025-09-12T18:06:25Z,CPA731,"25.272047,55.189198",4600,207,296
1757700387,2025-09-12T18:06:27Z,CPA731,"25.272949,55.187428",4575,208,297
1757700389,2025-09-12T18:06:29Z,CPA731,"25.273815,55.185726",4550,207,299
1757700391,2025-09-12T18:06:31Z,CPA731,"25.275101,55.183411",4500,208,300
1757700393,2025-09-12T18:06:33Z,CPA731,"25.275909,55.182045",4475,207,301
1757700395,2025-09-12T18:06:35Z,CPA731,"25.276978,55.180103",4425,207,302
1757700397,2025-09-12T18:06:37Z,CPA731,"25.278238,55.177898",4375,208,302
1757700399,2025-09-12T18:06:39Z,CPA731,"25.279263,55.176086",4325,207,302
1757700401,2025-09-12T18:06:41Z,CPA731,"25.280365,55.174152",4300,208,301
1757700404,2025-09-12T18:06:44Z,CPA731,"25.281403,55.172302",4250,207,301
1757700406,2025-09-12T18:06:46Z,CPA731,"25.282381,55.17049",4225,207,301
1757700408,2025-09-12T18:06:48Z,CPA731,"25.283295,55.168812",4175,208,301
1757700410,2025-09-12T18:06:50Z,CPA731,"25.284475,55.166706",4125,207,301
1757700412,2025-09-12T18:06:52Z,CPA731,"25.285545,55.164787",4100,208,301
1757700414,2025-09-12T18:06:54Z,CPA731,"25.286545,55.163067",4075,207,301
1757700422,2025-09-12T18:07:02Z,CPA731,"25.290806,55.155563",3925,208,302
1757700430,2025-09-12T18:07:10Z,CPA731,"25.294903,55.148464",3850,206,302
1757700439,2025-09-12T18:07:19Z,CPA731,"25.299179,55.141041",3750,205,302
1757700445,2025-09-12T18:07:25Z,CPA731,"25.302246,55.1357",3700,205,302
1757700453,2025-09-12T18:07:33Z,CPA731,"25.306549,55.128174",3625,205,302
1757700461,2025-09-12T18:07:41Z,CPA731,"25.310623,55.121105",3550,205,302
1757700469,2025-09-12T18:07:49Z,CPA731,"25.314875,55.113693",3475,204,302
1757700478,2025-09-12T18:07:58Z,CPA731,"25.319138,55.106354",3425,204,303
1757700482,2025-09-12T18:08:02Z,CPA731,"25.321531,55.102913",3375,205,308
1757700484,2025-09-12T18:08:04Z,CPA731,"25.322601,55.101723",3350,206,313
1757700486,2025-09-12T18:08:06Z,CPA731,"25.32431,55.099945",3350,208,317
1757700488,2025-09-12T18:08:08Z,CPA731,"25.325958,55.098621",3325,208,319
1757700490,2025-09-12T18:08:10Z,CPA731,"25.327789,55.097301",3300,207,326
1757700492,2025-09-12T18:08:12Z,CPA731,"25.329437,55.096386",3275,208,330
1757700494,2025-09-12T18:08:14Z,CPA731,"25.331085,55.09557",3275,208,335
1757700497,2025-09-12T18:08:17Z,CPA731,"25.33382,55.094624",3250,210,337
1757700499,2025-09-12T18:08:19Z,CPA731,"25.335451,55.094208",3250,210,345
1757700501,2025-09-12T18:08:21Z,CPA731,"25.336893,55.094002",3225,210,349
1757700503,2025-09-12T18:08:23Z,CPA731,"25.339733,55.093845",3200,210,354
1757700505,2025-09-12T18:08:25Z,CPA731,"25.341595,55.093895",3200,210,1
1757700507,2025-09-12T18:08:27Z,CPA731,"25.344015,55.094208",3175,210,5
1757700513,2025-09-12T18:08:33Z,CPA731,"25.348438,55.095501",3125,209,16
1757700515,2025-09-12T18:08:35Z,CPA731,"25.350632,55.096485",3125,208,22
1757700517,2025-09-12T18:08:37Z,CPA731,"25.352646,55.097553",3100,208,24
1757700519,2025-09-12T18:08:39Z,CPA731,"25.353977,55.098354",3100,207,26
1757700521,2025-09-12T18:08:41Z,CPA731,"25.356445,55.100048",3050,206,30
1757700524,2025-09-12T18:08:44Z,CPA731,"25.357702,55.101101",3050,205,35
1757700526,2025-09-12T18:08:46Z,CPA731,"25.359512,55.102741",3025,205,39
1757700528,2025-09-12T18:08:48Z,CPA731,"25.360565,55.103962",3000,204,43
1757700530,2025-09-12T18:08:50Z,CPA731,"25.362171,55.105919",3000,203,47
1757700532,2025-09-12T18:08:52Z,CPA731,"25.362946,55.107166",2975,202,52
1757700534,2025-09-12T18:08:54Z,CPA731,"25.364227,55.109455",2975,202,60
1757700536,2025-09-12T18:08:56Z,CPA731,"25.365143,55.111744",2950,201,64
1757700538,2025-09-12T18:08:58Z,CPA731,"25.365692,55.113476",2925,200,69
1757700540,2025-09-12T18:09:00Z,CPA731,"25.366241,55.115509",2925,200,74
1757700542,2025-09-12T18:09:02Z,CPA731,"25.366547,55.117474",2900,198,78
1757700545,2025-09-12T18:09:05Z,CPA731,"25.366873,55.120636",2875,196,82
1757700547,2025-09-12T18:09:07Z,CPA731,"25.366966,55.122658",2850,196,86
1757700549,2025-09-12T18:09:09Z,CPA731,"25.366974,55.124256",2850,194,88
1757700551,2025-09-12T18:09:11Z,CPA731,"25.366966,55.126389",2825,194,90
1757700553,2025-09-12T18:09:13Z,CPA731,"25.36692,55.128567",2825,193,91
1757700555,2025-09-12T18:09:15Z,CPA731,"25.366882,55.130054",2825,192,92
1757700557,2025-09-12T18:09:17Z,CPA731,"25.366745,55.132599",2800,192,92
1757700560,2025-09-12T18:09:20Z,CPA731,"25.366653,55.134632",2800,191,92
1757700562,2025-09-12T18:09:22Z,CPA731,"25.366547,55.13665",2775,191,92
1757700564,2025-09-12T18:09:24Z,CPA731,"25.36647,55.13855",2775,191,93
1757700566,2025-09-12T18:09:26Z,CPA731,"25.366362,55.140484",2750,191,93
1757700568,2025-09-12T18:09:28Z,CPA731,"25.36622,55.142815",2750,191,93
1757700570,2025-09-12T18:09:30Z,CPA731,"25.36615,55.144299",2725,191,93
1757700572,2025-09-12T18:09:32Z,CPA731,"25.366035,55.146702",2725,192,93
1757700574,2025-09-12T18:09:34Z,CPA731,"25.365942,55.148674",2700,192,93
1757700576,2025-09-12T18:09:36Z,CPA731,"25.365829,55.150654",2700,192,92
1757700585,2025-09-12T18:09:45Z,CPA731,"25.365383,55.15992",2650,190,93
1757700592,2025-09-12T18:09:52Z,CPA731,"25.364502,55.166065",2600,192,99
1757700594,2025-09-12T18:09:54Z,CPA731,"25.363998,55.16795",2600,192,105
1757700596,2025-09-12T18:09:56Z,CPA731,"25.363335,55.170025",2575,192,107
1757700598,2025-09-12T18:09:58Z,CPA731,"25.362869,55.171474",2575,192,110
1757700600,2025-09-12T18:10:00Z,CPA731,"25.361938,55.173748",2575,192,112
1757700603,2025-09-12T18:10:03Z,CPA731,"25.361389,55.175121",2550,192,113
1757700605,2025-09-12T18:10:05Z,CPA731,"25.360291,55.17746",2550,192,113
1757700607,2025-09-12T18:10:07Z,CPA731,"25.359192,55.179714",2525,191,118
1757700609,2025-09-12T18:10:09Z,CPA731,"25.358505,55.181019",2525,192,119
1757700611,2025-09-12T18:10:11Z,CPA731,"25.357544,55.1828",2525,192,120
1757700613,2025-09-12T18:10:13Z,CPA731,"25.356306,55.185001",2500,192,121
1757700616,2025-09-12T18:10:16Z,CPA731,"25.355347,55.186665",2500,192,122
1757700618,2025-09-12T18:10:18Z,CPA731,"25.354397,55.18837",2475,192,122
1757700620,2025-09-12T18:10:20Z,CPA731,"25.35347,55.189972",2475,191,122
1757700622,2025-09-12T18:10:22Z,CPA731,"25.352371,55.191853",2450,190,122
1757700624,2025-09-12T18:10:24Z,CPA731,"25.351501,55.193378",2450,189,122
1757700626,2025-09-12T18:10:26Z,CPA731,"25.350586,55.195007",2425,187,122
1757700628,2025-09-12T18:10:28Z,CPA731,"25.349625,55.196686",2425,186,121
1757700630,2025-09-12T18:10:30Z,CPA731,"25.348717,55.198372",2425,184,121
1757700632,2025-09-12T18:10:32Z,CPA731,"25.347601,55.20034",2400,182,121
1757700634,2025-09-12T18:10:34Z,CPA731,"25.346809,55.20179",2375,181,121
1757700643,2025-09-12T18:10:43Z,CPA731,"25.343084,55.20858",2350,181,121
1757700649,2025-09-12T18:10:49Z,CPA731,"25.340292,55.213604",2350,182,121
1757700657,2025-09-12T18:10:57Z,CPA731,"25.336761,55.220032",2325,178,121
1757700665,2025-09-12T18:11:05Z,CPA731,"25.333403,55.226147",2325,171,121
1757700674,2025-09-12T18:11:14Z,CPA731,"25.330124,55.232136",2300,170,120
1757700682,2025-09-12T18:11:22Z,CPA731,"25.326698,55.238377",2275,167,121
1757700690,2025-09-12T18:11:30Z,CPA731,"25.323393,55.244335",2275,164,121
1757700698,2025-09-12T18:11:38Z,CPA731,"25.320053,55.250347",2200,165,121
1757700707,2025-09-12T18:11:47Z,CPA731,"25.316895,55.256042",2100,164,121
1757700715,2025-09-12T18:11:55Z,CPA731,"25.31369,55.261791",2000,162,121
1757700721,2025-09-12T18:12:01Z,CPA731,"25.311264,55.266216",1925,160,121
1757700729,2025-09-12T18:12:09Z,CPA731,"25.308077,55.27206",1825,160,121
1757700738,2025-09-12T18:12:18Z,CPA731,"25.30481,55.277863",1700,157,121
1757700746,2025-09-12T18:12:26Z,CPA731,"25.301697,55.283459",1600,155,121
1757700754,2025-09-12T18:12:34Z,CPA731,"25.298492,55.289257",1475,154,121
1757700761,2025-09-12T18:12:41Z,CPA731,"25.296249,55.293324",1400,149,121
1757700769,2025-09-12T18:12:49Z,CPA731,"25.293457,55.298412",1300,147,121
1757700775,2025-09-12T18:12:55Z,CPA731,"25.291351,55.302174",1225,145,121
1757700783,2025-09-12T18:13:03Z,CPA731,"25.28834,55.30761",1125,146,121
1757700791,2025-09-12T18:13:11Z,CPA731,"25.285538,55.312702",1025,148,121
1757700799,2025-09-12T18:13:19Z,CPA731,"25.282562,55.318096",925,149,121
1757700806,2025-09-12T18:13:26Z,CPA731,"25.280333,55.322071",850,148,121
1757700814,2025-09-12T18:13:34Z,CPA731,"25.27726,55.327614",750,149,121
1757700820,2025-09-12T18:13:40Z,CPA731,"25.275026,55.331657",675,150,121
1757700828,2025-09-12T18:13:48Z,CPA731,"25.271999,55.337151",575,152,121
1757700837,2025-09-12T18:13:57Z,CPA731,"25.26902,55.342541",475,153,121
1757700863,2025-09-12T18:14:23Z,CPA731,"25.266083,55.347797",375,152,121
1757700983,2025-09-12T18:16:23Z,CPA731,"25.253162,55.367443",0,17,300
