Timestamp,UTC,Callsign,Position,Altitude,Speed,Direction
1757696980,2025-09-12T17:09:40Z,CPA749,"22.31432,113.92775",0,2,191
1757696997,2025-09-12T17:09:57Z,CPA749,"22.314526,113.927711",0,3,210
1757697016,2025-09-12T17:10:16Z,CPA749,"22.314754,113.927734",0,0,239
1757697056,2025-09-12T17:10:56Z,CPA749,"22.314926,113.92807",0,0,250
1757697233,2025-09-12T17:13:53Z,CPA749,"22.314861,113.927864",0,0,250
1757697246,2025-09-12T17:14:06Z,CPA749,"22.314869,113.927635",0,4,264
1757697261,2025-09-12T17:14:21Z,CPA749,"22.314972,113.927422",0,3,284
1757697275,2025-09-12T17:14:35Z,CPA749,"22.31513,113.92717",0,5,295
1757697285,2025-09-12T17:14:45Z,CPA749,"22.315233,113.926964",0,6,295
1757697293,2025-09-12T17:14:53Z,CPA749,"22.315351,113.926697",0,7,295
1757697301,2025-09-12T17:15:01Z,CPA749,"22.315464,113.926437",0,8,295
1757697315,2025-09-12T17:15:15Z,CPA749,"22.315704,113.925911",0,9,295
1757697323,2025-09-12T17:15:23Z,CPA749,"22.315828,113.925644",0,8,295
1757697441,2025-09-12T17:17:21Z,CPA749,"22.315968,113.925339",0,0,295
1757697450,2025-09-12T17:17:30Z,CPA749,"22.316061,113.925133",0,7,295
1757697456,2025-09-12T17:17:36Z,CPA749,"22.316162,113.924904",0,9,295
1757697463,2025-09-12T17:17:43Z,CPA749,"22.316299,113.924614",0,10,295
1757697471,2025-09-12T17:17:51Z,CPA749,"22.316479,113.924194",0,11,295
1757697475,2025-09-12T17:17:55Z,CPA749,"22.316538,113.923988",0,11,289
1757697481,2025-09-12T17:18:01Z,CPA749,"22.31649,113.923683",0,12,270
1757697484,2025-09-12T17:18:04Z,CPA749,"22.316422,113.923477",0,12,255
1757697490,2025-09-12T17:18:10Z,CPA749,"22.316294,113.923225",0,12,247
1757697493,2025-09-12T17:18:13Z,CPA749,"22.316219,113.923019",0,12,247
1757697497,2025-09-12T17:18:17Z,CPA749,"22.316151,113.922783",0,13,250
1757697500,2025-09-12T17:18:20Z,CPA749,"22.316084,113.922577",0,13,250
1757697508,2025-09-12T17:18:28Z,CPA749,"22.315933,113.922104",0,13,250
1757697512,2025-09-12T17:18:32Z,CPA749,"22.315851,113.921852",0,14,250
1757697522,2025-09-12T17:18:42Z,CPA749,"22.315641,113.921204",0,13,250
1757697529,2025-09-12T17:18:49Z,CPA749,"22.315533,113.920883",0,7,250
1757697538,2025-09-12T17:18:58Z,CPA749,"22.315363,113.92067",0,8,233
1757697543,2025-09-12T17:19:03Z,CPA749,"22.315144,113.920647",0,9,208
1757697548,2025-09-12T17:19:08Z,CPA749,"22.314909,113.920692",0,9,182
1757697556,2025-09-12T17:19:16Z,CPA749,"22.31464,113.92083",0,8,163
1757697568,2025-09-12T17:19:28Z,CPA749,"22.314354,113.920959",0,6,160
1757697576,2025-09-12T17:19:36Z,CPA749,"22.314091,113.921059",0,6,160
1757697585,2025-09-12T17:19:45Z,CPA749,"22.313885,113.921127",0,5,160
1757697594,2025-09-12T17:19:54Z,CPA749,"22.313652,113.921219",0,6,160
1757697604,2025-09-12T17:20:04Z,CPA749,"22.313431,113.921303",0,5,160
1757697612,2025-09-12T17:20:12Z,CPA749,"22.313221,113.921379",0,7,160
1757697620,2025-09-12T17:20:20Z,CPA749,"22.312969,113.921478",0,9,160
1757697629,2025-09-12T17:20:29Z,CPA749,"22.312569,113.921623",0,11,160
1757697636,2025-09-12T17:20:36Z,CPA749,"22.31222,113.921753",0,13,160
1757697643,2025-09-12T17:20:43Z,CPA749,"22.311848,113.92189",0,13,160
1757697650,2025-09-12T17:20:50Z,CPA749,"22.311382,113.922066",0,13,160
1757697657,2025-09-12T17:20:57Z,CPA749,"22.310997,113.922211",0,14,160
1757697665,2025-09-12T17:21:05Z,CPA749,"22.310509,113.922386",0,14,160
1757697671,2025-09-12T17:21:11Z,CPA749,"22.31012,113.922531",0,14,160
1757697678,2025-09-12T17:21:18Z,CPA749,"22.309694,113.922691",0,15,160
1757697685,2025-09-12T17:21:25Z,CPA749,"22.309216,113.922867",0,15,160
1757697692,2025-09-12T17:21:32Z,CPA749,"22.308758,113.923027",0,15,160
1757697700,2025-09-12T17:21:40Z,CPA749,"22.30817,113.923248",0,15,160
1757697707,2025-09-12T17:21:47Z,CPA749,"22.307798,113.923393",0,10,160
1757697715,2025-09-12T17:21:55Z,CPA749,"22.307529,113.923492",0,7,160
1757697722,2025-09-12T17:22:02Z,CPA749,"22.30732,113.92347",0,8,177
1757697729,2025-09-12T17:22:09Z,CPA749,"22.307123,113.923264",0,8,208
1757697734,2025-09-12T17:22:14Z,CPA749,"22.30703,113.923058",0,9,227
1757697740,2025-09-12T17:22:20Z,CPA749,"22.306984,113.922806",0,9,247
1757697745,2025-09-12T17:22:25Z,CPA749,"22.306927,113.922577",0,9,250
1757697750,2025-09-12T17:22:30Z,CPA749,"22.306854,113.922363",0,11,250
1757697754,2025-09-12T17:22:34Z,CPA749,"22.306774,113.922119",0,12,250
1757697765,2025-09-12T17:22:45Z,CPA749,"22.306564,113.921432",0,15,250
1757697773,2025-09-12T17:22:53Z,CPA749,"22.306366,113.920837",0,17,250
1757697779,2025-09-12T17:22:59Z,CPA749,"22.306204,113.920349",0,18,250
1757697786,2025-09-12T17:23:06Z,CPA749,"22.305994,113.919678",0,19,250
1757697793,2025-09-12T17:23:13Z,CPA749,"22.305782,113.919022",0,19,250
1757697801,2025-09-12T17:23:21Z,CPA749,"22.30554,113.918282",0,19,250
1757697808,2025-09-12T17:23:28Z,CPA749,"22.305325,113.91761",0,19,250
1757697816,2025-09-12T17:23:36Z,CPA749,"22.305086,113.91687",0,20,250
1757697823,2025-09-12T17:23:43Z,CPA749,"22.304853,113.916145",0,20,250
1757697830,2025-09-12T17:23:50Z,CPA749,"22.304638,113.915466",0,20,250
1757697837,2025-09-12T17:23:57Z,CPA749,"22.304411,113.914772",0,21,250
1757697844,2025-09-12T17:24:04Z,CPA749,"22.30419,113.91407",0,21,250
1757697852,2025-09-12T17:24:12Z,CPA749,"22.303968,113.913383",0,21,250
1757697860,2025-09-12T17:24:20Z,CPA749,"22.30369,113.912521",0,21,250
1757697866,2025-09-12T17:24:26Z,CPA749,"22.303459,113.911781",0,22,250
1757697873,2025-09-12T17:24:33Z,CPA749,"22.303219,113.911041",0,22,250
1757697880,2025-09-12T17:24:40Z,CPA749,"22.302979,113.910316",0,23,250
1757697888,2025-09-12T17:24:48Z,CPA749,"22.302704,113.90947",0,23,250
1757697895,2025-09-12T17:24:55Z,CPA749,"22.302456,113.908676",0,24,250
1757697902,2025-09-12T17:25:02Z,CPA749,"22.302212,113.907944",0,24,250
1757697910,2025-09-12T17:25:10Z,CPA749,"22.301886,113.906914",0,24,250
1757697917,2025-09-12T17:25:17Z,CPA749,"22.301731,113.906441",0,24,250
1757697924,2025-09-12T17:25:24Z,CPA749,"22.301373,113.905312",0,24,250
1757697933,2025-09-12T17:25:33Z,CPA749,"22.301125,113.904549",0,25,250
1757697940,2025-09-12T17:25:40Z,CPA749,"22.300745,113.903366",0,25,250
1757697947,2025-09-12T17:25:47Z,CPA749,"22.300501,113.902611",0,25,250
1757697954,2025-09-12T17:25:54Z,CPA749,"22.300175,113.901611",0,25,250
1757697961,2025-09-12T17:26:01Z,CPA749,"22.2999,113.900772",0,25,250
1757697968,2025-09-12T17:26:08Z,CPA749,"22.299648,113.900009",0,23,250
1757697976,2025-09-12T17:26:16Z,CPA749,"22.299406,113.899231",0,18,250
1757697985,2025-09-12T17:26:25Z,CPA749,"22.299196,113.898582",0,13,250
1757697993,2025-09-12T17:26:33Z,CPA749,"22.299053,113.898125",0,10,250
1757698000,2025-09-12T17:26:40Z,CPA749,"22.29895,113.89782",0,10,250
1757698008,2025-09-12T17:26:48Z,CPA749,"22.298824,113.897499",0,10,247
1757698013,2025-09-12T17:26:53Z,CPA749,"22.298592,113.897285",0,11,225
1757698018,2025-09-12T17:26:58Z,CPA749,"22.298355,113.897285",0,11,196
1757698023,2025-09-12T17:27:03Z,CPA749,"22.298149,113.897385",0,9,171
1757698031,2025-09-12T17:27:11Z,CPA749,"22.297834,113.897537",0,8,160
1757698037,2025-09-12T17:27:17Z,CPA749,"22.297611,113.897621",0,9,160
1757698044,2025-09-12T17:27:24Z,CPA749,"22.297394,113.897705",0,9,160
1757698048,2025-09-12T17:27:28Z,CPA749,"22.297176,113.897789",0,10,160
1757698056,2025-09-12T17:27:36Z,CPA749,"22.296879,113.897896",0,10,160
1757698062,2025-09-12T17:27:42Z,CPA749,"22.296591,113.898033",0,9,154
1757698071,2025-09-12T17:27:51Z,CPA749,"22.296387,113.898346",0,8,129
1757698078,2025-09-12T17:27:58Z,CPA749,"22.296358,113.898582",0,7,112
1757698084,2025-09-12T17:28:04Z,CPA749,"22.296415,113.898788",0,7,90
1757698091,2025-09-12T17:28:11Z,CPA749,"22.296532,113.899025",0,6,73
1757698146,2025-09-12T17:29:06Z,CPA749,"22.296616,113.899261",0,9,70
1757698154,2025-09-12T17:29:14Z,CPA749,"22.296915,113.900169",0,46,70
1757698161,2025-09-12T17:29:21Z,CPA749,"22.2976,113.902283",0,76,70
1757698169,2025-09-12T17:29:29Z,CPA749,"22.29863,113.905548",100,108,70
1757698175,2025-09-12T17:29:35Z,CPA749,"22.299871,113.909355",75,132,70
1757698182,2025-09-12T17:29:42Z,CPA749,"22.301222,113.913521",75,156,70
1757698190,2025-09-12T17:29:50Z,CPA749,"22.303549,113.920692",50,181,70
1757698199,2025-09-12T17:29:59Z,CPA749,"22.305771,113.927521",325,183,70
1757698205,2025-09-12T17:30:05Z,CPA749,"22.307648,113.93322",600,181,70
1757698213,2025-09-12T17:30:13Z,CPA749,"22.309975,113.940224",975,180,69
1757698222,2025-09-12T17:30:22Z,CPA749,"22.312395,113.947395",1325,179,70
1757698228,2025-09-12T17:30:28Z,CPA749,"22.314163,113.953094",1625,179,71
1757698235,2025-09-12T17:30:35Z,CPA749,"22.315704,113.957939",1825,181,71
1757698243,2025-09-12T17:30:43Z,CPA749,"22.318167,113.965858",1975,190,71
1757698249,2025-09-12T17:30:49Z,CPA749,"22.319937,113.971558",2050,198,71
1757698258,2025-09-12T17:30:58Z,CPA749,"22.322451,113.979591",2125,207,71
1757698266,2025-09-12T17:31:06Z,CPA749,"22.325197,113.988495",2275,215,71
1757698273,2025-09-12T17:31:13Z,CPA749,"22.327152,113.994652",2400,217,70
1757698281,2025-09-12T17:31:21Z,CPA749,"22.329987,114.003426",2650,219,70
1757698288,2025-09-12T17:31:28Z,CPA749,"22.332039,114.009804",2850,219,70
1757698296,2025-09-12T17:31:36Z,CPA749,"22.334793,114.018257",3175,217,70
1757698304,2025-09-12T17:31:44Z,CPA749,"22.337393,114.027306",3450,217,76
1757698307,2025-09-12T17:31:47Z,CPA749,"22.33786,114.029846",3525,216,79
1757698309,2025-09-12T17:31:49Z,CPA749,"22.33823,114.032082",3600,217,82
1757698311,2025-09-12T17:31:51Z,CPA749,"22.338463,114.034218",3650,218,85
1757698313,2025-09-12T17:31:53Z,CPA749,"22.338593,114.036736",3725,217,88
1757698315,2025-09-12T17:31:55Z,CPA749,"22.338593,114.039337",3800,218,91
1757698317,2025-09-12T17:31:57Z,CPA749,"22.338455,114.04158",3850,218,93
1757698320,2025-09-12T17:32:00Z,CPA749,"22.338226,114.044075",3925,217,97
1757698322,2025-09-12T17:32:02Z,CPA749,"22.337906,114.046074",3975,216,100
1757698324,2025-09-12T17:32:04Z,CPA749,"22.337494,114.048271",4050,217,103
1757698326,2025-09-12T17:32:06Z,CPA749,"22.336788,114.050957",4150,217,106
1757698328,2025-09-12T17:32:08Z,CPA749,"22.336212,114.052917",4200,216,110
1757698331,2025-09-12T17:32:11Z,CPA749,"22.335251,114.055481",4275,216,112
1757698333,2025-09-12T17:32:13Z,CPA749,"22.334459,114.057465",4350,216,115
1757698335,2025-09-12T17:32:15Z,CPA749,"22.333511,114.059456",4400,218,117
1757698337,2025-09-12T17:32:17Z,CPA749,"22.332504,114.061378",4450,217,121
1757698339,2025-09-12T17:32:19Z,CPA749,"22.331247,114.063515",4525,218,123
1757698341,2025-09-12T17:32:21Z,CPA749,"22.330215,114.065155",4575,218,126
1757698343,2025-09-12T17:32:23Z,CPA749,"22.328705,114.0672",4650,218,129
1757698346,2025-09-12T17:32:26Z,CPA749,"22.327377,114.068848",4700,218,132
1757698348,2025-09-12T17:32:28Z,CPA749,"22.325729,114.070694",4775,219,135
1757698350,2025-09-12T17:32:30Z,CPA749,"22.324265,114.072197",4825,220,138
1757698352,2025-09-12T17:32:32Z,CPA749,"22.322729,114.073639",4900,220,139
1757698354,2025-09-12T17:32:34Z,CPA749,"22.321007,114.075111",4950,221,142
1757698356,2025-09-12T17:32:36Z,CPA749,"22.319229,114.076538",5000,221,144
1757698358,2025-09-12T17:32:38Z,CPA749,"22.317444,114.077835",5050,222,147
1757698360,2025-09-12T17:32:40Z,CPA749,"22.315613,114.079086",5100,224,148
1757698362,2025-09-12T17:32:42Z,CPA749,"22.313782,114.080185",5150,226,150
1757698365,2025-09-12T17:32:45Z,CPA749,"22.311768,114.081329",5150,230,152
1757698367,2025-09-12T17:32:47Z,CPA749,"22.309601,114.082489",5175,231,154
1757698369,2025-09-12T17:32:49Z,CPA749,"22.307693,114.083382",5200,234,157
1757698371,2025-09-12T17:32:51Z,CPA749,"22.305504,114.08432",5225,237,159
1757698373,2025-09-12T17:32:53Z,CPA749,"22.302979,114.085228",5250,239,162
1757698375,2025-09-12T17:32:55Z,CPA749,"22.30085,114.085899",5250,242,164
1757698377,2025-09-12T17:32:57Z,CPA749,"22.298662,114.08651",5275,244,166
1757698379,2025-09-12T17:32:59Z,CPA749,"22.296021,114.087074",5300,246,169
1757698381,2025-09-12T17:33:01Z,CPA749,"22.293869,114.087425",5325,250,171
1757698383,2025-09-12T17:33:03Z,CPA749,"22.291632,114.08773",5350,250,174
1757698386,2025-09-12T17:33:06Z,CPA749,"22.2892,114.087921",5400,252,176
1757698388,2025-09-12T17:33:08Z,CPA749,"22.286325,114.088081",5450,254,178
1757698390,2025-09-12T17:33:10Z,CPA749,"22.284027,114.088127",5475,256,180
1757698392,2025-09-12T17:33:12Z,CPA749,"22.281189,114.088074",5525,257,181
1757698394,2025-09-12T17:33:14Z,CPA749,"22.279343,114.087982",5550,259,181
1757698396,2025-09-12T17:33:16Z,CPA749,"22.27627,114.087883",5600,260,182
1757698398,2025-09-12T17:33:18Z,CPA749,"22.273819,114.087776",5625,262,181
1757698400,2025-09-12T17:33:20Z,CPA749,"22.271196,114.087677",5675,264,181
1757698402,2025-09-12T17:33:22Z,CPA749,"22.269148,114.087624",5700,265,181
1757698404,2025-09-12T17:33:24Z,CPA749,"22.266174,114.087578",5725,267,180
1757698407,2025-09-12T17:33:27Z,CPA749,"22.263702,114.087524",5750,270,180
1757698409,2025-09-12T17:33:29Z,CPA749,"22.260864,114.087524",5775,271,180
1757698422,2025-09-12T17:33:42Z,CPA749,"22.244894,114.087776",6075,276,178
1757698434,2025-09-12T17:33:54Z,CPA749,"22.228317,114.088272",6475,278,178
1757698447,2025-09-12T17:34:07Z,CPA749,"22.211563,114.088776",6800,283,178
1757698460,2025-09-12T17:34:20Z,CPA749,"22.194664,114.08905",7225,284,179
1757698474,2025-09-12T17:34:34Z,CPA749,"22.175997,114.089256",7700,284,179
1757698488,2025-09-12T17:34:48Z,CPA749,"22.157776,114.089325",8125,286,180
1757698501,2025-09-12T17:35:01Z,CPA749,"22.139826,114.089355",8500,289,180
1757698517,2025-09-12T17:35:17Z,CPA749,"22.119553,114.089325",8925,292,180
1757698531,2025-09-12T17:35:31Z,CPA749,"22.100349,114.089302",9375,292,180
1757698544,2025-09-12T17:35:44Z,CPA749,"22.082054,114.089203",9850,290,180
1757698568,2025-09-12T17:36:08Z,CPA749,"22.04837,114.089073",10325,302,180
1757698581,2025-09-12T17:36:21Z,CPA749,"22.029776,114.089104",10475,314,180
1757698595,2025-09-12T17:36:35Z,CPA749,"22.011154,114.089119",10625,324,180
1757698607,2025-09-12T17:36:47Z,CPA749,"21.991379,114.089119",10750,334,180
1757698623,2025-09-12T17:37:03Z,CPA749,"21.965973,114.089119",10925,346,180
1757698644,2025-09-12T17:37:24Z,CPA749,"21.931736,114.089104",11125,358,180
1757698657,2025-09-12T17:37:37Z,CPA749,"21.910044,114.08905",11250,371,180
1757698687,2025-09-12T17:38:07Z,CPA749,"21.857487,114.088951",11925,378,180
1757698706,2025-09-12T17:38:26Z,CPA749,"21.824945,114.088898",12425,380,180
1757698753,2025-09-12T17:39:13Z,CPA749,"21.739426,114.088776",13600,386,180
1757698784,2025-09-12T17:39:44Z,CPA749,"21.685043,114.088676",14300,392,180
1757698813,2025-09-12T17:40:13Z,CPA749,"21.631943,114.085625",14950,397,191
1757698815,2025-09-12T17:40:15Z,CPA749,"21.626633,114.084427",15025,397,192
1757698817,2025-09-12T17:40:17Z,CPA749,"21.623468,114.083611",15075,397,193
1757698820,2025-09-12T17:40:20Z,CPA749,"21.618767,114.082336",15125,397,194
1757698822,2025-09-12T17:40:22Z,CPA749,"21.615461,114.081421",15175,398,194
1757698824,2025-09-12T17:40:24Z,CPA749,"21.611755,114.080383",15200,398,194
1757698826,2025-09-12T17:40:26Z,CPA749,"21.606995,114.078987",15250,400,194
1757698829,2025-09-12T17:40:29Z,CPA749,"21.603882,114.078087",15300,399,194
1757698831,2025-09-12T17:40:31Z,CPA749,"21.599258,114.07679",15350,400,194
1757698833,2025-09-12T17:40:33Z,CPA749,"21.595963,114.07589",15400,400,194
1757698864,2025-09-12T17:41:04Z,CPA749,"21.538742,114.060661",15975,406,193
1757698897,2025-09-12T17:41:37Z,CPA749,"21.480553,114.045769",16575,411,193
1757698921,2025-09-12T17:42:01Z,CPA749,"21.433411,114.031097",16975,416,203
1757698929,2025-09-12T17:42:09Z,CPA749,"21.431534,114.030243",16975,416,203
1757698954,2025-09-12T17:42:34Z,CPA749,"21.382933,113.991646",17000,420,230
1757698957,2025-09-12T17:42:37Z,CPA749,"21.379257,113.986702",17000,420,231
1757698965,2025-09-12T17:42:45Z,CPA749,"21.382931,113.991653",17000,420,231
1757698970,2025-09-12T17:42:50Z,CPA749,"21.376881,113.9832",17000,420,235
1757698980,2025-09-12T17:43:00Z,CPA749,"21.366711,113.96463",17000,421,244
1757698992,2025-09-12T17:43:12Z,CPA749,"21.348495,113.921478",17375,424,245
1757699004,2025-09-12T17:43:24Z,CPA749,"21.338242,113.898361",17650,424,244
1757699048,2025-09-12T17:44:08Z,CPA749,"21.300339,113.814415",18450,431,244
1757699080,2025-09-12T17:44:40Z,CPA749,"21.272186,113.751045",19075,433,244
1757699119,2025-09-12T17:45:19Z,CPA749,"21.238495,113.674934",19725,439,244
1757699152,2025-09-12T17:45:52Z,CPA749,"21.209244,113.609467",20300,443,244
1757699187,2025-09-12T17:46:27Z,CPA749,"21.178661,113.541161",20800,447,244
1757699222,2025-09-12T17:47:02Z,CPA749,"21.147766,113.472092",21325,449,244
1757699253,2025-09-12T17:47:33Z,CPA749,"21.119064,113.408173",21725,454,244
1757699288,2025-09-12T17:48:08Z,CPA749,"21.086674,113.33593",22275,456,244
1757699324,2025-09-12T17:48:44Z,CPA749,"21.054565,113.26445",22900,456,244
1757699348,2025-09-12T17:49:08Z,CPA749,"21.042618,113.237984",23050,460,244
1757699406,2025-09-12T17:50:06Z,CPA749,"20.978165,113.094933",23750,469,244
1757699439,2025-09-12T17:50:39Z,CPA749,"20.947111,113.026192",24150,472,244
1757699470,2025-09-12T17:51:10Z,CPA749,"20.916433,112.958328",24475,478,244
1757699503,2025-09-12T17:51:43Z,CPA749,"20.884506,112.887711",24800,482,244
1757699536,2025-09-12T17:52:16Z,CPA749,"20.852371,112.816841",25150,486,244
1757699569,2025-09-12T17:52:49Z,CPA749,"20.821426,112.746895",25575,487,248
1757699580,2025-09-12T17:53:00Z,CPA749,"20.813507,112.719337",25700,488,256
1757699586,2025-09-12T17:53:06Z,CPA749,"20.811722,112.709671",25725,486,261
1757699591,2025-09-12T17:53:11Z,CPA749,"20.809982,112.695206",25775,487,264
1757699596,2025-09-12T17:53:16Z,CPA749,"20.809269,112.681572",25825,486,268
1757699601,2025-09-12T17:53:21Z,CPA749,"20.809387,112.669258",25875,487,271
1757699607,2025-09-12T17:53:27Z,CPA749,"20.810106,112.654854",25925,488,273
1757699612,2025-09-12T17:53:32Z,CPA749,"20.810759,112.644119",25975,488,273
1757699645,2025-09-12T17:54:05Z,CPA749,"20.81337,112.591316",26250,489,273
1757699689,2025-09-12T17:54:49Z,CPA749,"20.81694,112.457428",27000,489,271
1757699723,2025-09-12T17:55:23Z,CPA749,"20.81863,112.40284",27300,488,273
1757699751,2025-09-12T17:55:51Z,CPA749,"20.82069,112.336281",27575,490,272
1757699792,2025-09-12T17:56:32Z,CPA749,"20.824631,112.21051",27600,496,271
1757699823,2025-09-12T17:57:03Z,CPA749,"20.826965,112.133629",27600,505,271
1757699853,2025-09-12T17:57:33Z,CPA749,"20.829025,112.058289",27600,507,271
1757699882,2025-09-12T17:58:02Z,CPA749,"20.830215,112.012627",27600,507,272
1757699912,2025-09-12T17:58:32Z,CPA749,"20.832092,111.94043",27600,509,272
1757699940,2025-09-12T17:59:00Z,CPA749,"20.834015,111.86721",27600,507,272
1757699975,2025-09-12T17:59:35Z,CPA749,"20.836321,111.779953",27600,510,272
1757700000,2025-09-12T18:00:00Z,CPA749,"20.83786,111.719528",27600,509,272
1757700093,2025-09-12T18:01:33Z,CPA749,"20.84207,111.485779",27600,508,268
1757700127,2025-09-12T18:02:07Z,CPA749,"20.835211,111.398422",27600,506,266
1757700162,2025-09-12T18:02:42Z,CPA749,"20.828609,111.310242",27600,506,267
1757700197,2025-09-12T18:03:17Z,CPA749,"20.819962,111.194832",27600,508,265
1757700237,2025-09-12T18:03:57Z,CPA749,"20.806988,111.095001",27800,508,258
1757700265,2025-09-12T18:04:25Z,CPA749,"20.797859,111.055199",27975,509,255
1757700306,2025-09-12T18:05:06Z,CPA749,"20.757689,110.930351",28550,509,249
1757700345,2025-09-12T18:05:45Z,CPA749,"20.727663,110.840668",29125,505,250
1757700377,2025-09-12T18:06:17Z,CPA749,"20.703457,110.767952",29550,502,250
1757700410,2025-09-12T18:06:50Z,CPA749,"20.676083,110.686409",29875,504,250
1757700440,2025-09-12T18:07:20Z,CPA749,"20.661512,110.643265",30050,505,251
1757700480,2025-09-12T18:08:00Z,CPA749,"20.62995,110.549728",30525,503,250
1757700520,2025-09-12T18:08:40Z,CPA749,"20.59108,110.458687",31000,502,242
1757700530,2025-09-12T18:08:50Z,CPA749,"20.58128,110.440163",31075,504,240
1757700633,2025-09-12T18:10:33Z,CPA749,"20.43379,110.23304",31825,509,232
1757700663,2025-09-12T18:11:03Z,CPA749,"20.38925,110.174629",32125,507,231
1757700698,2025-09-12T18:11:38Z,CPA749,"20.33709,110.105881",32375,507,233
1757700732,2025-09-12T18:12:12Z,CPA749,"20.28747,110.039261",32625,509,233
1757700774,2025-09-12T18:12:54Z,CPA749,"20.209076,109.934692",32875,513,231
1757700806,2025-09-12T18:13:26Z,CPA749,"20.162426,109.872673",32975,516,231
1757700836,2025-09-12T18:13:56Z,CPA749,"20.133751,109.834518",33050,518,231
1757700874,2025-09-12T18:14:34Z,CPA749,"20.059639,109.736191",33250,521,231
1757700895,2025-09-12T18:14:55Z,CPA749,"20.04674,109.719063",33325,522,232
1757700939,2025-09-12T18:15:39Z,CPA749,"19.960785,109.605202",33575,525,231
1757700968,2025-09-12T18:16:08Z,CPA749,"19.93396,109.56974",33650,526,231
1757701002,2025-09-12T18:16:42Z,CPA749,"19.882181,109.501282",33850,526,231
1757701037,2025-09-12T18:17:17Z,CPA749,"19.828787,109.43087",34100,525,231
1757701067,2025-09-12T18:17:47Z,CPA749,"19.783541,109.37114",34100,520,232
1757701101,2025-09-12T18:18:21Z,CPA749,"19.731857,109.303123",34100,518,231
1757701136,2025-09-12T18:18:56Z,CPA749,"19.662176,109.211441",34100,517,231
1757701183,2025-09-12T18:19:43Z,CPA749,"19.591648,109.118805",34100,500,231
1757701217,2025-09-12T18:20:17Z,CPA749,"19.54303,109.055542",34100,516,230
1757701249,2025-09-12T18:20:49Z,CPA749,"19.492584,108.990356",34100,516,230
1757701280,2025-09-12T18:21:20Z,CPA749,"19.44459,108.928291",34100,516,230
1757701313,2025-09-12T18:21:53Z,CPA749,"19.396225,108.865829",34100,516,230
1757701347,2025-09-12T18:22:27Z,CPA749,"19.343033,108.79702",34000,518,230
1757701378,2025-09-12T18:22:58Z,CPA749,"19.296158,108.736542",34025,514,230
1757701409,2025-09-12T18:23:29Z,CPA749,"19.250048,108.676956",34000,514,230
1757701441,2025-09-12T18:24:01Z,CPA749,"19.20163,108.614616",34000,513,230
1757701473,2025-09-12T18:24:33Z,CPA749,"19.1535,108.552666",34000,513,230
1757701505,2025-09-12T18:25:05Z,CPA749,"19.105499,108.490921",34000,515,230
1757701538,2025-09-12T18:25:38Z,CPA749,"19.055414,108.426567",34000,518,230
1757701568,2025-09-12T18:26:08Z,CPA749,"19.009233,108.367294",34000,520,230
1757701601,2025-09-12T18:26:41Z,CPA749,"18.95842,108.302147",34000,522,230
1757701634,2025-09-12T18:27:14Z,CPA749,"18.906967,108.236275",34000,524,230
1757701667,2025-09-12T18:27:47Z,CPA749,"18.856888,108.172173",34000,525,230
1757701699,2025-09-12T18:28:19Z,CPA749,"18.807175,108.108604",34000,524,230
1757701731,2025-09-12T18:28:51Z,CPA749,"18.757433,108.045143",34000,524,230
1757701762,2025-09-12T18:29:22Z,CPA749,"18.708832,107.983124",34000,523,230
1757701795,2025-09-12T18:29:55Z,CPA749,"18.658695,107.91925",34000,522,230
1757701826,2025-09-12T18:30:26Z,CPA749,"18.611305,107.858879",34000,523,230
1757701858,2025-09-12T18:30:58Z,CPA749,"18.56168,107.795807",34000,522,230
1757701889,2025-09-12T18:31:29Z,CPA749,"18.513824,107.734978",34000,522,230
1757701920,2025-09-12T18:32:00Z,CPA749,"18.466574,107.674309",34000,523,232
1757701950,2025-09-12T18:32:30Z,CPA749,"18.423885,107.610687",34000,525,236
1757701983,2025-09-12T18:33:03Z,CPA749,"18.3778,107.540718",34000,526,234
1757702014,2025-09-12T18:33:34Z,CPA749,"18.334505,107.477402",34000,523,234
1757702046,2025-09-12T18:34:06Z,CPA749,"18.288757,107.411026",34000,521,234
1757702079,2025-09-12T18:34:39Z,CPA749,"18.243031,107.344612",34000,520,234
1757702111,2025-09-12T18:35:11Z,CPA749,"18.198481,107.279846",34000,518,234
1757702142,2025-09-12T18:35:42Z,CPA749,"18.154587,107.216202",34000,517,234
1757702175,2025-09-12T18:36:15Z,CPA749,"18.10762,107.148117",34000,516,234
1757702206,2025-09-12T18:36:46Z,CPA749,"18.064363,107.085411",34000,515,234
1757702238,2025-09-12T18:37:18Z,CPA749,"18.018835,107.019684",34000,515,234
1757702271,2025-09-12T18:37:51Z,CPA749,"17.973358,106.953926",34000,517,234
1757702303,2025-09-12T18:38:23Z,CPA749,"17.927902,106.888344",34000,517,234
1757702335,2025-09-12T18:38:55Z,CPA749,"17.88253,106.822914",34000,516,234
1757702366,2025-09-12T18:39:26Z,CPA749,"17.838678,106.759789",34000,514,234
1757702397,2025-09-12T18:39:57Z,CPA749,"17.795517,106.697632",34000,514,234
1757702428,2025-09-12T18:40:28Z,CPA749,"17.752371,106.635605",34000,514,234
1757702460,2025-09-12T18:41:00Z,CPA749,"17.707214,106.570717",34000,516,233
1757702493,2025-09-12T18:41:33Z,CPA749,"17.660843,106.504166",34000,518,234
1757702525,2025-09-12T18:42:05Z,CPA749,"17.616158,106.440109",34000,518,234
1757702557,2025-09-12T18:42:37Z,CPA749,"17.569746,106.373604",34000,518,234
1757702588,2025-09-12T18:43:08Z,CPA749,"17.526993,106.312386",34000,517,233
1757702621,2025-09-12T18:43:41Z,CPA749,"17.480621,106.246132",34000,516,233
1757702653,2025-09-12T18:44:13Z,CPA749,"17.435163,106.181244",34000,516,233
1757702685,2025-09-12T18:44:45Z,CPA749,"17.389572,106.116127",34000,516,233
1757702718,2025-09-12T18:45:18Z,CPA749,"17.345877,106.049797",34000,516,238
1757702750,2025-09-12T18:45:50Z,CPA749,"17.305561,105.982063",34000,516,237
1757702780,2025-09-12T18:46:20Z,CPA749,"17.266205,105.917458",34000,517,237
1757702813,2025-09-12T18:46:53Z,CPA749,"17.224503,105.848839",34000,516,237
1757702845,2025-09-12T18:47:25Z,CPA749,"17.182938,105.780418",34000,514,237
1757702877,2025-09-12T18:47:57Z,CPA749,"17.142197,105.713295",34000,511,237
1757702908,2025-09-12T18:48:28Z,CPA749,"17.102966,105.648918",34000,510,237
1757702941,2025-09-12T18:49:01Z,CPA749,"17.061581,105.580971",34000,511,237
1757702971,2025-09-12T18:49:31Z,CPA749,"17.022711,105.517159",34000,515,237
1757703002,2025-09-12T18:50:02Z,CPA749,"16.98317,105.452316",34000,516,237
1757703035,2025-09-12T18:50:35Z,CPA749,"16.941429,105.383995",34000,514,237
1757703067,2025-09-12T18:51:07Z,CPA749,"16.900557,105.317146",34000,511,237
1757703097,2025-09-12T18:51:37Z,CPA749,"16.862503,105.254997",34000,504,237
1757703129,2025-09-12T18:52:09Z,CPA749,"16.82193,105.188797",34000,504,237
1757703162,2025-09-12T18:52:42Z,CPA749,"16.779615,105.122536",34000,505,230
1757703166,2025-09-12T18:52:46Z,CPA749,"16.772957,105.114586",34000,505,227
1757703168,2025-09-12T18:52:48Z,CPA749,"16.76976,105.111069",34000,506,225
1757703171,2025-09-12T18:52:51Z,CPA749,"16.765228,105.106346",34000,506,224
1757703173,2025-09-12T18:52:53Z,CPA749,"16.762115,105.10331",34000,505,222
1757703175,2025-09-12T18:52:55Z,CPA749,"16.758759,105.100166",34000,506,220
1757703177,2025-09-12T18:52:57Z,CPA749,"16.754288,105.096275",34000,505,219
1757703179,2025-09-12T18:52:59Z,CPA749,"16.750799,105.093353",34000,505,217
1757703181,2025-09-12T18:53:01Z,CPA749,"16.747192,105.090492",34000,506,216
1757703183,2025-09-12T18:53:03Z,CPA749,"16.742466,105.087021",34000,506,214
1757703185,2025-09-12T18:53:05Z,CPA749,"16.738556,105.084274",34000,506,213
1757703187,2025-09-12T18:53:07Z,CPA749,"16.734413,105.081581",34000,505,211
1757703189,2025-09-12T18:53:09Z,CPA749,"16.730223,105.078979",34000,506,210
1757703191,2025-09-12T18:53:11Z,CPA749,"16.726126,105.076576",34025,506,208
1757703194,2025-09-12T18:53:14Z,CPA749,"16.721832,105.074158",34025,506,207
1757703196,2025-09-12T18:53:16Z,CPA749,"16.717484,105.071846",34000,507,206
1757703198,2025-09-12T18:53:18Z,CPA749,"16.712719,105.069466",34025,507,205
1757703200,2025-09-12T18:53:20Z,CPA749,"16.70932,105.067795",34025,507,204
1757703202,2025-09-12T18:53:22Z,CPA749,"16.704025,105.065292",34025,508,204
1757703204,2025-09-12T18:53:24Z,CPA749,"16.69866,105.062843",34025,507,203
1757703206,2025-09-12T18:53:26Z,CPA749,"16.694191,105.060783",34025,508,203
1757703208,2025-09-12T18:53:28Z,CPA749,"16.689861,105.058868",34000,508,203
1757703210,2025-09-12T18:53:30Z,CPA749,"16.685719,105.057007",34000,507,203
1757703213,2025-09-12T18:53:33Z,CPA749,"16.681183,105.054977",34000,508,203
1757703215,2025-09-12T18:53:35Z,CPA749,"16.677059,105.053131",34025,508,203
1757703247,2025-09-12T18:54:07Z,CPA749,"16.607437,105.021973",34000,508,203
1757703277,2025-09-12T18:54:37Z,CPA749,"16.540428,104.991776",34000,510,203
1757703309,2025-09-12T18:55:09Z,CPA749,"16.471857,104.960831",34000,512,203
1757703342,2025-09-12T18:55:42Z,CPA749,"16.401609,104.927628",33975,512,209
1757703346,2025-09-12T18:55:46Z,CPA749,"16.391876,104.921509",34000,509,213
1757703349,2025-09-12T18:55:49Z,CPA749,"16.386841,104.918037",34000,509,214
1757703351,2025-09-12T18:55:51Z,CPA749,"16.38271,104.91497",34000,508,215
1757703353,2025-09-12T18:55:53Z,CPA749,"16.378473,104.911682",34000,508,217
1757703355,2025-09-12T18:55:55Z,CPA749,"16.37475,104.908646",34000,508,219
1757703357,2025-09-12T18:55:57Z,CPA749,"16.371025,104.905403",34000,508,220
1757703360,2025-09-12T18:56:00Z,CPA749,"16.36665,104.901382",34000,507,221
1757703362,2025-09-12T18:56:02Z,CPA749,"16.363205,104.898102",34000,506,223
1757703364,2025-09-12T18:56:04Z,CPA749,"16.359806,104.894714",34000,505,224
1757703366,2025-09-12T18:56:06Z,CPA749,"16.355337,104.890007",34000,505,225
1757703369,2025-09-12T18:56:09Z,CPA749,"16.352219,104.88662",34000,506,226
1757703371,2025-09-12T18:56:11Z,CPA749,"16.348389,104.882378",34000,504,227
1757703373,2025-09-12T18:56:13Z,CPA749,"16.34523,104.878815",34000,504,227
1757703375,2025-09-12T18:56:15Z,CPA749,"16.342209,104.875343",34000,504,227
1757703377,2025-09-12T18:56:17Z,CPA749,"16.338318,104.870865",34000,504,228
1757703379,2025-09-12T18:56:19Z,CPA749,"16.335205,104.867249",34000,503,228
1757703381,2025-09-12T18:56:21Z,CPA749,"16.331829,104.863327",34000,504,228
1757703384,2025-09-12T18:56:24Z,CPA749,"16.327972,104.858864",34000,503,228
1757703415,2025-09-12T18:56:55Z,CPA749,"16.280594,104.802971",34000,503,228
1757703446,2025-09-12T18:57:26Z,CPA749,"16.231602,104.744827",34000,504,228
1757703477,2025-09-12T18:57:57Z,CPA749,"16.184862,104.689362",34000,505,229
1757703509,2025-09-12T18:58:29Z,CPA749,"16.135483,104.629738",34000,507,229
1757703541,2025-09-12T18:59:01Z,CPA749,"16.08687,104.571259",34000,509,229
1757703573,2025-09-12T18:59:33Z,CPA749,"16.03706,104.511765",34000,510,229
1757703604,2025-09-12T19:00:04Z,CPA749,"15.988646,104.453934",34000,511,229
1757703637,2025-09-12T19:00:37Z,CPA749,"15.938416,104.393761",34000,512,229
1757703669,2025-09-12T19:01:09Z,CPA749,"15.888371,104.333527",34000,509,229
1757703701,2025-09-12T19:01:41Z,CPA749,"15.839584,104.27317",34000,508,233
1757703732,2025-09-12T19:02:12Z,CPA749,"15.801133,104.210228",34000,507,240
1757703765,2025-09-12T19:02:45Z,CPA749,"15.762497,104.14119",34000,508,239
1757703795,2025-09-12T19:03:15Z,CPA749,"15.726137,104.076233",34000,508,240
1757703827,2025-09-12T19:03:47Z,CPA749,"15.68843,104.008698",34000,510,240
1757703858,2025-09-12T19:04:18Z,CPA749,"15.657566,103.941261",34000,512,248
1757703890,2025-09-12T19:04:50Z,CPA749,"15.629169,103.869408",34000,511,247
1757703922,2025-09-12T19:05:22Z,CPA749,"15.599236,103.796326",34000,510,247
1757703954,2025-09-12T19:05:54Z,CPA749,"15.569733,103.724091",34000,509,247
1757703986,2025-09-12T19:06:26Z,CPA749,"15.540255,103.651588",34000,508,247
1757704019,2025-09-12T19:06:59Z,CPA749,"15.510461,103.578461",34000,508,247
1757704049,2025-09-12T19:07:29Z,CPA749,"15.482208,103.509186",34000,510,247
1757704080,2025-09-12T19:08:00Z,CPA749,"15.454514,103.441383",34000,510,247
1757704112,2025-09-12T19:08:32Z,CPA749,"15.424805,103.36869",34000,512,247
1757704144,2025-09-12T19:09:04Z,CPA749,"15.395279,103.296638",34000,514,246
1757704174,2025-09-12T19:09:34Z,CPA749,"15.367081,103.227829",34000,516,247
1757704206,2025-09-12T19:10:06Z,CPA749,"15.336639,103.153481",34000,518,247
1757704237,2025-09-12T19:10:37Z,CPA749,"15.308212,103.084236",34000,517,247
1757704270,2025-09-12T19:11:10Z,CPA749,"15.277817,103.010315",34000,518,247
1757704302,2025-09-12T19:11:42Z,CPA749,"15.247559,102.936836",34000,515,247
1757704334,2025-09-12T19:12:14Z,CPA749,"15.21788,102.864746",34000,513,246
1757704366,2025-09-12T19:12:46Z,CPA749,"15.187912,102.792137",34000,513,246
1757704397,2025-09-12T19:13:17Z,CPA749,"15.158112,102.721107",34000,511,244
1757704429,2025-09-12T19:13:49Z,CPA749,"15.119608,102.653946",34000,511,237
1757704461,2025-09-12T19:14:21Z,CPA749,"15.081299,102.589661",34000,512,238
1757704493,2025-09-12T19:14:53Z,CPA749,"15.041245,102.521278",34000,514,238
1757704526,2025-09-12T19:15:26Z,CPA749,"15.00087,102.452713",34000,514,238
1757704558,2025-09-12T19:15:58Z,CPA749,"14.960679,102.384636",34000,518,238
1757704588,2025-09-12T19:16:28Z,CPA749,"14.922553,102.320137",34000,522,238
1757704619,2025-09-12T19:16:59Z,CPA749,"14.883775,102.254562",34000,522,238
1757704651,2025-09-12T19:17:31Z,CPA749,"14.842712,102.185234",34000,522,238
1757704683,2025-09-12T19:18:03Z,CPA749,"14.80282,102.117874",34000,520,238
1757704716,2025-09-12T19:18:36Z,CPA749,"14.761917,102.048782",34000,518,238
1757704748,2025-09-12T19:19:08Z,CPA749,"14.721819,101.981117",34000,517,238
1757704780,2025-09-12T19:19:40Z,CPA749,"14.68211,101.914192",34000,517,238
1757704812,2025-09-12T19:20:12Z,CPA749,"14.641708,101.8461",34000,519,238
1757704844,2025-09-12T19:20:44Z,CPA749,"14.601203,101.778069",34000,520,238
1757704876,2025-09-12T19:21:16Z,CPA749,"14.561554,101.711426",34000,518,238
1757704908,2025-09-12T19:21:48Z,CPA749,"14.520905,101.643044",34000,516,238
1757704941,2025-09-12T19:22:21Z,CPA749,"14.480988,101.575943",34000,515,238
1757704971,2025-09-12T19:22:51Z,CPA749,"14.442459,101.511406",34000,516,238
1757705003,2025-09-12T19:23:23Z,CPA749,"14.405869,101.442879",34000,515,248
1757705005,2025-09-12T19:23:25Z,CPA749,"14.404129,101.438286",34000,514,249
1757705007,2025-09-12T19:23:27Z,CPA749,"14.402517,101.433876",34000,514,250
1757705009,2025-09-12T19:23:29Z,CPA749,"14.400469,101.427948",34000,514,250
1757705011,2025-09-12T19:23:31Z,CPA749,"14.398956,101.423317",34000,514,251
1757705013,2025-09-12T19:23:33Z,CPA749,"14.397722,101.419418",34000,514,251
1757705015,2025-09-12T19:23:35Z,CPA749,"14.396164,101.414558",34000,514,252
1757705017,2025-09-12T19:23:37Z,CPA749,"14.394379,101.408783",34000,514,252
1757705019,2025-09-12T19:23:39Z,CPA749,"14.392835,101.403763",34000,514,252
1757705022,2025-09-12T19:23:42Z,CPA749,"14.391495,101.399452",34000,513,252
1757705053,2025-09-12T19:24:13Z,CPA749,"14.367599,101.326477",34000,510,250
1757705084,2025-09-12T19:24:44Z,CPA749,"14.342931,101.254623",34000,508,250
1757705117,2025-09-12T19:25:17Z,CPA749,"14.317793,101.181091",34000,508,250
1757705149,2025-09-12T19:25:49Z,CPA749,"14.292572,101.107506",34000,507,250
1757705181,2025-09-12T19:26:21Z,CPA749,"14.267075,101.033165",34000,506,250
1757705213,2025-09-12T19:26:53Z,CPA749,"14.242447,100.961182",34000,507,250
1757705244,2025-09-12T19:27:24Z,CPA749,"14.218217,100.890488",34000,508,250
1757705276,2025-09-12T19:27:56Z,CPA749,"14.193126,100.81739",34000,510,250
1757705308,2025-09-12T19:28:28Z,CPA749,"14.167708,100.743523",34000,512,250
1757705341,2025-09-12T19:29:01Z,CPA749,"14.142104,100.669029",34000,509,250
1757705372,2025-09-12T19:29:32Z,CPA749,"14.117569,100.597969",34000,511,250
1757705404,2025-09-12T19:30:04Z,CPA749,"14.092072,100.523911",34000,513,250
1757705437,2025-09-12T19:30:37Z,CPA749,"14.06641,100.44944",34000,514,250
1757705467,2025-09-12T19:31:07Z,CPA749,"14.042633,100.37886",34000,516,253
1757705500,2025-09-12T19:31:40Z,CPA749,"14.024963,100.300819",34000,517,257
1757705531,2025-09-12T19:32:11Z,CPA749,"14.007889,100.225952",34250,514,256
1757705563,2025-09-12T19:32:43Z,CPA749,"13.990438,100.150452",34575,512,256
1757705594,2025-09-12T19:33:14Z,CPA749,"13.973373,100.075928",34850,510,256
1757705627,2025-09-12T19:33:47Z,CPA749,"13.955756,99.99881",35100,509,256
1757705659,2025-09-12T19:34:19Z,CPA749,"13.938485,99.923302",35275,508,256
1757705691,2025-09-12T19:34:51Z,CPA749,"13.92128,99.848251",35400,510,256
1757705723,2025-09-12T19:35:23Z,CPA749,"13.903702,99.771774",35450,512,256
1757705755,2025-09-12T19:35:55Z,CPA749,"13.886393,99.69664",35475,515,256
1757705788,2025-09-12T19:36:28Z,CPA749,"13.868317,99.618103",35550,516,256
1757705818,2025-09-12T19:36:58Z,CPA749,"13.851334,99.544937",35725,516,256
1757705850,2025-09-12T19:37:30Z,CPA749,"13.833789,99.4692",35900,515,256
1757705882,2025-09-12T19:38:02Z,CPA749,"13.816052,99.392586",36000,516,256
1757705914,2025-09-12T19:38:34Z,CPA749,"13.79805,99.314796",36000,515,256
1757705945,2025-09-12T19:39:05Z,CPA749,"13.780998,99.241623",36000,515,256
1757705978,2025-09-12T19:39:38Z,CPA749,"13.762848,99.163734",36000,512,256
1757706011,2025-09-12T19:40:11Z,CPA749,"13.744921,99.0868",36000,509,256
1757706041,2025-09-12T19:40:41Z,CPA749,"13.728255,99.015533",36000,507,256
1757706074,2025-09-12T19:41:14Z,CPA749,"13.710205,98.938423",36000,508,256
1757706104,2025-09-12T19:41:44Z,CPA749,"13.692581,98.86734",36000,508,254
1757706135,2025-09-12T19:42:15Z,CPA749,"13.671042,98.794365",36000,508,253
1757706166,2025-09-12T19:42:46Z,CPA749,"13.650652,98.724449",36000,508,253
1757706199,2025-09-12T19:43:19Z,CPA749,"13.62941,98.649269",36000,508,254
1757706232,2025-09-12T19:43:52Z,CPA749,"13.607483,98.571465",36000,508,253
1757706263,2025-09-12T19:44:23Z,CPA749,"13.587158,98.49939",36000,509,253
1757706294,2025-09-12T19:44:54Z,CPA749,"13.566742,98.427269",36000,510,253
1757706326,2025-09-12T19:45:26Z,CPA749,"13.545444,98.35202",36000,512,253
1757706357,2025-09-12T19:45:57Z,CPA749,"13.52504,98.280045",36000,513,253
1757706388,2025-09-12T19:46:28Z,CPA749,"13.504664,98.208092",36000,512,253
1757706419,2025-09-12T19:46:59Z,CPA749,"13.484161,98.135895",36000,509,253
1757706450,2025-09-12T19:47:30Z,CPA749,"13.463792,98.06411",36000,507,253
1757706483,2025-09-12T19:48:03Z,CPA749,"13.442139,97.988197",36000,507,253
1757706515,2025-09-12T19:48:35Z,CPA749,"13.42131,97.915131",36000,508,253
1757706547,2025-09-12T19:49:07Z,CPA749,"13.399521,97.838791",36000,508,253
1757706582,2025-09-12T19:49:42Z,CPA749,"13.376907,97.759567",36000,508,253
1757706614,2025-09-12T19:50:14Z,CPA749,"13.355557,97.684891",36000,509,253
1757706650,2025-09-12T19:50:50Z,CPA749,"13.331955,97.602394",36000,510,253
1757706681,2025-09-12T19:51:21Z,CPA749,"13.310257,97.52729",36000,512,253
1757706692,2025-09-12T19:51:32Z,CPA749,"13.302979,97.501907",36000,512,253
1757706752,2025-09-12T19:52:32Z,CPA749,"13.263245,97.363297",36000,512,253
1757706787,2025-09-12T19:53:07Z,CPA749,"13.239643,97.281479",36000,512,253
1757706821,2025-09-12T19:53:41Z,CPA749,"13.216739,97.201973",36000,513,253
1757706875,2025-09-12T19:54:35Z,CPA749,"13.180521,97.076447",36000,515,253
1757707590,2025-09-12T20:06:30Z,CPA749,"12.693027,95.411728",36000,513,253
1757707651,2025-09-12T20:07:31Z,CPA749,"12.650253,95.267708",36000,509,253
1757707683,2025-09-12T20:08:03Z,CPA749,"12.628505,95.194412",36000,507,253
1757707713,2025-09-12T20:08:33Z,CPA749,"12.608002,95.125641",36000,506,253
1757707769,2025-09-12T20:09:29Z,CPA749,"12.568954,94.994751",36000,507,252
1757707801,2025-09-12T20:10:01Z,CPA749,"12.547178,94.921776",36000,506,253
1757707833,2025-09-12T20:10:33Z,CPA749,"12.526611,94.852974",36000,506,253
1757707866,2025-09-12T20:11:06Z,CPA749,"12.502945,94.773796",36000,504,253
1757707887,2025-09-12T20:11:27Z,CPA749,"12.489314,94.72831",36000,504,253
1757707951,2025-09-12T20:12:31Z,CPA749,"12.444437,94.578796",36000,505,252
1757707985,2025-09-12T20:13:05Z,CPA749,"12.419174,94.50425",36000,504,243
1757707988,2025-09-12T20:13:08Z,CPA749,"12.416061,94.498146",36000,505,242
1757707990,2025-09-12T20:13:10Z,CPA749,"12.413573,94.493652",36000,505,240
1757707992,2025-09-12T20:13:12Z,CPA749,"12.411199,94.489555",36000,504,239
1757707994,2025-09-12T20:13:14Z,CPA749,"12.410019,94.487633",36000,504,237
1757707996,2025-09-12T20:13:16Z,CPA749,"12.405899,94.481239",36000,504,235
1757707999,2025-09-12T20:13:19Z,CPA749,"12.403238,94.477318",36000,503,234
1757708002,2025-09-12T20:13:22Z,CPA749,"12.397698,94.46965",36000,504,232
1757708004,2025-09-12T20:13:24Z,CPA749,"12.39505,94.466179",36000,503,231
1757708007,2025-09-12T20:13:27Z,CPA749,"12.390747,94.460686",36000,503,231
1757708009,2025-09-12T20:13:29Z,CPA749,"12.388046,94.457275",36000,503,230
1757708012,2025-09-12T20:13:32Z,CPA749,"12.383194,94.451218",36000,503,230
1757708014,2025-09-12T20:13:34Z,CPA749,"12.380219,94.447571",36000,503,230
1757708016,2025-09-12T20:13:36Z,CPA749,"12.375819,94.442139",36000,503,230
1757708019,2025-09-12T20:13:39Z,CPA749,"12.372234,94.437752",36000,503,230
1757708050,2025-09-12T20:14:10Z,CPA749,"12.32547,94.379898",36000,505,230
1757708082,2025-09-12T20:14:42Z,CPA749,"12.278824,94.322365",36000,506,230
1757708113,2025-09-12T20:15:13Z,CPA749,"12.231973,94.264771",36000,506,230
1757708144,2025-09-12T20:15:44Z,CPA749,"12.185793,94.207664",36000,505,230
1757708176,2025-09-12T20:16:16Z,CPA749,"12.141998,94.146294",36000,507,238
1757708207,2025-09-12T20:16:47Z,CPA749,"12.106748,94.079063",36000,509,244
1757708238,2025-09-12T20:17:18Z,CPA749,"12.075439,94.012756",36000,510,244
1757708270,2025-09-12T20:17:50Z,CPA749,"12.042984,93.944283",36000,509,244
1757708301,2025-09-12T20:18:21Z,CPA749,"12.010712,93.876656",36000,510,244
1757708332,2025-09-12T20:18:52Z,CPA749,"11.978577,93.809319",36000,509,244
1757708363,2025-09-12T20:19:23Z,CPA749,"11.946442,93.741653",36000,510,244
1757708398,2025-09-12T20:19:58Z,CPA749,"11.909971,93.664566",36000,510,244
1757708429,2025-09-12T20:20:29Z,CPA749,"11.878549,93.597832",36000,509,244
1757708461,2025-09-12T20:21:01Z,CPA749,"11.846329,93.529404",36000,509,244
1757708493,2025-09-12T20:21:33Z,CPA749,"11.814423,93.461357",36000,508,245
1757708518,2025-09-12T20:21:58Z,CPA749,"11.794009,93.403259",36000,508,254
1757708520,2025-09-12T20:22:00Z,CPA749,"11.792706,93.398682",36000,508,254
1757708552,2025-09-12T20:22:32Z,CPA749,"11.771711,93.326256",36000,508,252
1757708584,2025-09-12T20:23:04Z,CPA749,"11.748596,93.250488",36000,508,252
1757708615,2025-09-12T20:23:35Z,CPA749,"11.72716,93.179962",36000,508,252
1757708647,2025-09-12T20:24:07Z,CPA749,"11.705292,93.107666",36000,510,252
1757708679,2025-09-12T20:24:39Z,CPA749,"11.683273,93.034782",36000,511,252
1757708710,2025-09-12T20:25:10Z,CPA749,"11.661758,92.963799",36000,509,252
1757708743,2025-09-12T20:25:43Z,CPA749,"11.638184,92.88623",36000,508,252
1757708774,2025-09-12T20:26:14Z,CPA749,"11.616692,92.815346",36000,508,252
1757708805,2025-09-12T20:26:45Z,CPA749,"11.594859,92.7435",36000,508,252
1757708837,2025-09-12T20:27:17Z,CPA749,"11.57309,92.672096",36000,508,252
1757708870,2025-09-12T20:27:50Z,CPA749,"11.550293,92.597511",36000,509,252
1757708901,2025-09-12T20:28:21Z,CPA749,"11.52832,92.525482",36000,509,252
1757708933,2025-09-12T20:28:53Z,CPA749,"11.506485,92.454262",35700,512,252
1757708965,2025-09-12T20:29:25Z,CPA749,"11.48318,92.378105",35175,516,252
1757708996,2025-09-12T20:29:56Z,CPA749,"11.460892,92.305283",34650,513,252
1757709028,2025-09-12T20:30:28Z,CPA749,"11.438676,92.232971",34150,516,252
1757709059,2025-09-12T20:30:59Z,CPA749,"11.416306,92.160141",34000,516,252
1757709091,2025-09-12T20:31:31Z,CPA749,"11.393463,92.085701",34000,516,252
1757709122,2025-09-12T20:32:02Z,CPA749,"11.371124,92.0131",34000,516,252
1757709155,2025-09-12T20:32:35Z,CPA749,"11.347961,91.937759",34000,516,252
1757709186,2025-09-12T20:33:06Z,CPA749,"11.325601,91.86541",34000,516,252
1757709219,2025-09-12T20:33:39Z,CPA749,"11.302094,91.789116",34000,517,252
1757709250,2025-09-12T20:34:10Z,CPA749,"11.279663,91.716423",34000,517,252
1757709282,2025-09-12T20:34:42Z,CPA749,"11.256821,91.642601",34000,517,252
1757709313,2025-09-12T20:35:13Z,CPA749,"11.235988,91.569405",34000,519,259
1757709318,2025-09-12T20:35:18Z,CPA749,"11.234299,91.558167",34000,519,263
1757709320,2025-09-12T20:35:20Z,CPA749,"11.23366,91.552155",34000,520,264
1757709322,2025-09-12T20:35:22Z,CPA749,"11.233241,91.547096",34000,520,266
1757709325,2025-09-12T20:35:25Z,CPA749,"11.232962,91.541603",34000,520,267
1757709327,2025-09-12T20:35:27Z,CPA749,"11.23288,91.536713",34000,520,269
1757709329,2025-09-12T20:35:29Z,CPA749,"11.232869,91.530663",34000,520,271
1757709331,2025-09-12T20:35:31Z,CPA749,"11.233102,91.524788",34000,520,272
1757709334,2025-09-12T20:35:34Z,CPA749,"11.233383,91.520088",34000,520,274
1757709336,2025-09-12T20:35:36Z,CPA749,"11.233887,91.51403",34000,520,275
1757709338,2025-09-12T20:35:38Z,CPA749,"11.234436,91.509201",34000,520,277
1757709340,2025-09-12T20:35:40Z,CPA749,"11.235196,91.503967",34000,520,279
1757709342,2025-09-12T20:35:42Z,CPA749,"11.236084,91.498543",34000,520,279
1757709345,2025-09-12T20:35:45Z,CPA749,"11.237105,91.493126",34000,521,281
1757709347,2025-09-12T20:35:47Z,CPA749,"11.238373,91.486992",34000,520,282
1757709349,2025-09-12T20:35:49Z,CPA749,"11.23938,91.482399",34000,521,282
1757709351,2025-09-12T20:35:51Z,CPA749,"11.240433,91.477852",34000,521,283
1757709353,2025-09-12T20:35:53Z,CPA749,"11.241667,91.472694",34000,521,283
1757709355,2025-09-12T20:35:55Z,CPA749,"11.243203,91.466576",34000,520,284
1757709357,2025-09-12T20:35:57Z,CPA749,"11.244368,91.461853",34000,521,284
1757709360,2025-09-12T20:36:00Z,CPA749,"11.245743,91.456352",34000,521,284
1757709362,2025-09-12T20:36:02Z,CPA749,"11.246927,91.451782",34000,521,284
1757709393,2025-09-12T20:36:33Z,CPA749,"11.265656,91.376228",34000,521,283
1757709424,2025-09-12T20:37:04Z,CPA749,"11.283646,91.302589",34000,522,283
1757709455,2025-09-12T20:37:35Z,CPA749,"11.301453,91.229568",34000,523,283
1757709486,2025-09-12T20:38:06Z,CPA749,"11.319351,91.15593",34000,523,283
1757709518,2025-09-12T20:38:38Z,CPA749,"11.338531,91.077652",34000,523,283
1757709550,2025-09-12T20:39:10Z,CPA749,"11.357162,91.002266",34000,524,284
1757709581,2025-09-12T20:39:41Z,CPA749,"11.37561,90.927353",34000,524,284
1757709613,2025-09-12T20:40:13Z,CPA749,"11.394379,90.851295",34000,526,284
1757709644,2025-09-12T20:40:44Z,CPA749,"11.412872,90.776054",34000,527,284
1757709677,2025-09-12T20:41:17Z,CPA749,"11.43219,90.696823",34000,525,283
1757709709,2025-09-12T20:41:49Z,CPA749,"11.450733,90.620056",34000,524,282
1757709722,2025-09-12T20:42:02Z,CPA749,"11.455399,90.588478",34000,524,273
1757709725,2025-09-12T20:42:05Z,CPA749,"11.455765,90.581947",34000,524,272
1757709727,2025-09-12T20:42:07Z,CPA749,"11.4559,90.577408",34000,524,270
1757709729,2025-09-12T20:42:09Z,CPA749,"11.455902,90.572098",34000,524,269
1757709731,2025-09-12T20:42:11Z,CPA749,"11.455719,90.565987",34000,524,267
1757709734,2025-09-12T20:42:14Z,CPA749,"11.455353,90.559875",34000,524,265
1757709736,2025-09-12T20:42:16Z,CPA749,"11.454941,90.554955",34000,523,264
1757709738,2025-09-12T20:42:18Z,CPA749,"11.454208,90.548889",34000,524,262
1757709741,2025-09-12T20:42:21Z,CPA749,"11.453386,90.543007",34000,524,261
1757709743,2025-09-12T20:42:23Z,CPA749,"11.45256,90.538139",34000,523,259
1757709745,2025-09-12T20:42:25Z,CPA749,"11.451279,90.531982",34000,523,257
1757709747,2025-09-12T20:42:27Z,CPA749,"11.450454,90.528305",34000,523,256
1757709750,2025-09-12T20:42:30Z,CPA749,"11.448624,90.521286",34000,523,254
1757709752,2025-09-12T20:42:32Z,CPA749,"11.446655,90.514656",34000,523,252
1757709755,2025-09-12T20:42:35Z,CPA749,"11.445145,90.509964",34000,523,250
1757709757,2025-09-12T20:42:37Z,CPA749,"11.443145,90.504211",34000,523,249
1757709759,2025-09-12T20:42:39Z,CPA749,"11.441563,90.499977",34000,522,248
1757709761,2025-09-12T20:42:41Z,CPA749,"11.439102,90.493576",34000,522,248
1757709764,2025-09-12T20:42:44Z,CPA749,"11.43714,90.488647",34000,522,247
1757709766,2025-09-12T20:42:46Z,CPA749,"11.435349,90.484253",34000,523,247
1757709768,2025-09-12T20:42:48Z,CPA749,"11.432997,90.47863",34000,523,247
1757709770,2025-09-12T20:42:50Z,CPA749,"11.430948,90.473763",34000,523,247
1757709773,2025-09-12T20:42:53Z,CPA749,"11.429123,90.469383",34000,522,246
1757709775,2025-09-12T20:42:55Z,CPA749,"11.426852,90.463982",34000,522,246
1757709777,2025-09-12T20:42:57Z,CPA749,"11.424571,90.458534",34000,522,246
1757709808,2025-09-12T20:43:28Z,CPA749,"11.395522,90.389053",34000,523,247
1757709840,2025-09-12T20:44:00Z,CPA749,"11.364716,90.315239",34000,525,247
1757709872,2025-09-12T20:44:32Z,CPA749,"11.334679,90.243385",34000,524,247
1757709905,2025-09-12T20:45:05Z,CPA749,"11.303055,90.167397",34000,524,247
1757709936,2025-09-12T20:45:36Z,CPA749,"11.273804,90.097359",34000,523,247
1757709968,2025-09-12T20:46:08Z,CPA749,"11.243111,90.023514",34000,523,247
1757709999,2025-09-12T20:46:39Z,CPA749,"11.215272,89.956581",34000,525,247
1757710030,2025-09-12T20:47:10Z,CPA749,"11.1852,89.884117",34000,524,247
1757710046,2025-09-12T20:47:26Z,CPA749,"11.171814,89.85173",34000,523,247
1757710105,2025-09-12T20:48:25Z,CPA749,"11.115143,89.714973",34000,521,247
1757710154,2025-09-12T20:49:14Z,CPA749,"11.069916,89.605438",34000,521,247
1757710188,2025-09-12T20:49:48Z,CPA749,"11.036957,89.526215",34000,522,247
1757710222,2025-09-12T20:50:22Z,CPA749,"11.005507,89.451164",34000,522,247
1757710253,2025-09-12T20:50:53Z,CPA749,"10.977081,89.383301",34000,522,246
1757710286,2025-09-12T20:51:26Z,CPA749,"10.945502,89.308151",34000,524,246
1757710317,2025-09-12T20:51:57Z,CPA749,"10.914459,89.237732",34000,524,245
1757710352,2025-09-12T20:52:32Z,CPA749,"10.886215,89.17598",34000,524,245
1757710381,2025-09-12T20:53:01Z,CPA749,"10.850464,89.096756",34000,524,245
1757712177,2025-09-12T21:22:57Z,CPA749,"9.025818,85.100746",34000,519,244
1757712235,2025-09-12T21:23:55Z,CPA749,"8.966101,84.972527",34000,519,244
1757712265,2025-09-12T21:24:25Z,CPA749,"8.93573,84.907188",34000,521,244
1757712323,2025-09-12T21:25:23Z,CPA749,"8.878396,84.779175",34000,521,249
1757712329,2025-09-12T21:25:29Z,CPA749,"8.875045,84.770035",34000,520,250
1757712419,2025-09-12T21:26:59Z,CPA749,"8.803345,84.556923",34000,521,251
1757712429,2025-09-12T21:27:09Z,CPA749,"8.795654,84.534302",34000,521,251
1757712492,2025-09-12T21:28:12Z,CPA749,"8.746399,84.388824",34000,522,251
1757712523,2025-09-12T21:28:43Z,CPA749,"8.721451,84.317741",34050,523,249
1757712555,2025-09-12T21:29:15Z,CPA749,"8.692559,84.245956",34425,521,247
1757712587,2025-09-12T21:29:47Z,CPA749,"8.663418,84.17308",34775,520,248
1757712619,2025-09-12T21:30:19Z,CPA749,"8.635437,84.101181",35125,518,248
1757712651,2025-09-12T21:30:51Z,CPA749,"8.607605,84.029633",35475,517,248
1757712683,2025-09-12T21:31:23Z,CPA749,"8.579112,83.956429",35775,517,248
1757712714,2025-09-12T21:31:54Z,CPA749,"8.552018,83.886864",36075,516,248
1757712745,2025-09-12T21:32:25Z,CPA749,"8.524832,83.817116",36375,514,248
1757712778,2025-09-12T21:32:58Z,CPA749,"8.49646,83.744263",36725,512,248
1757712809,2025-09-12T21:33:29Z,CPA749,"8.469818,83.676109",37000,511,248
1757712840,2025-09-12T21:34:00Z,CPA749,"8.442673,83.606606",37000,512,248
1757712871,2025-09-12T21:34:31Z,CPA749,"8.41571,83.537666",37000,513,248
1757712904,2025-09-12T21:35:04Z,CPA749,"8.38741,83.465363",37000,513,248
1757712934,2025-09-12T21:35:34Z,CPA749,"8.360316,83.39608",37000,512,248
1757712966,2025-09-12T21:36:06Z,CPA749,"8.333359,83.327248",37000,512,248
1757712998,2025-09-12T21:36:38Z,CPA749,"8.305105,83.255104",37000,512,248
1757713028,2025-09-12T21:37:08Z,CPA749,"8.278336,83.186798",37000,512,248
1757713059,2025-09-12T21:37:39Z,CPA749,"8.251556,83.118645",37000,512,248
1757713090,2025-09-12T21:38:10Z,CPA749,"8.224823,83.050446",37000,513,248
1757713121,2025-09-12T21:38:41Z,CPA749,"8.197337,82.980446",37000,513,248
1757713153,2025-09-12T21:39:13Z,CPA749,"8.169173,82.908798",37000,514,248
1757713184,2025-09-12T21:39:44Z,CPA749,"8.142452,82.840843",37000,514,248
1757713215,2025-09-12T21:40:15Z,CPA749,"8.115372,82.772018",37000,514,248
1757713246,2025-09-12T21:40:46Z,CPA749,"8.088181,82.702888",37000,514,248
1757713277,2025-09-12T21:41:17Z,CPA749,"8.060939,82.633759",37000,514,248
1757713308,2025-09-12T21:41:48Z,CPA749,"8.033386,82.563835",37000,514,248
1757713340,2025-09-12T21:42:20Z,CPA749,"8.005076,82.491936",37000,515,248
1757713373,2025-09-12T21:42:53Z,CPA749,"7.97699,82.420784",37000,516,248
1757713404,2025-09-12T21:43:24Z,CPA749,"7.949446,82.351006",37000,516,248
1757713434,2025-09-12T21:43:54Z,CPA749,"7.922058,82.281639",37000,516,248
1757713466,2025-09-12T21:44:26Z,CPA749,"7.894049,82.210838",37000,516,248
1757713499,2025-09-12T21:44:59Z,CPA749,"7.865466,82.138474",37000,515,248
1757713530,2025-09-12T21:45:30Z,CPA749,"7.837535,82.06778",37000,515,248
1757713561,2025-09-12T21:46:01Z,CPA749,"7.810272,81.998924",37000,515,248
1757713594,2025-09-12T21:46:34Z,CPA749,"7.781393,81.926041",37000,516,248
1757713625,2025-09-12T21:47:05Z,CPA749,"7.754425,81.857918",37000,516,248
1757713655,2025-09-12T21:47:35Z,CPA749,"7.727051,81.788887",37000,516,248
1757713686,2025-09-12T21:48:06Z,CPA749,"7.699647,81.71981",37000,515,248
1757713717,2025-09-12T21:48:37Z,CPA749,"7.672228,81.650719",37000,515,248
1757713748,2025-09-12T21:49:08Z,CPA749,"7.645041,81.582344",37000,517,248
1757713780,2025-09-12T21:49:40Z,CPA749,"7.616784,81.511215",37000,518,248
1757713810,2025-09-12T21:50:10Z,CPA749,"7.589691,81.443024",37000,518,248
1757713841,2025-09-12T21:50:41Z,CPA749,"7.561752,81.372849",37000,518,248
1757713874,2025-09-12T21:51:14Z,CPA749,"7.53299,81.300438",37000,517,248
1757713906,2025-09-12T21:51:46Z,CPA749,"7.504081,81.227844",37000,517,248
1757713938,2025-09-12T21:52:18Z,CPA749,"7.47615,81.157852",37000,517,248
1757713968,2025-09-12T21:52:48Z,CPA749,"7.448637,81.088806",37000,519,248
1757714000,2025-09-12T21:53:20Z,CPA749,"7.420054,81.017113",37000,520,248
1757714031,2025-09-12T21:53:51Z,CPA749,"7.392123,80.947075",37000,521,248
1757714063,2025-09-12T21:54:23Z,CPA749,"7.363586,80.875526",37000,521,248
1757714096,2025-09-12T21:54:56Z,CPA749,"7.333923,80.801277",37000,521,248
1757714126,2025-09-12T21:55:26Z,CPA749,"7.306653,80.732986",37000,521,248
1757714158,2025-09-12T21:55:58Z,CPA749,"7.277744,80.660721",37225,519,248
1757714189,2025-09-12T21:56:29Z,CPA749,"7.249999,80.591393",37500,518,248
1757714221,2025-09-12T21:57:01Z,CPA749,"7.221556,80.520264",37625,519,248
1757714253,2025-09-12T21:57:33Z,CPA749,"7.19252,80.447762",37775,520,248
1757714284,2025-09-12T21:58:04Z,CPA749,"7.164642,80.378258",37925,521,248
1757714315,2025-09-12T21:58:35Z,CPA749,"7.136924,80.309067",38000,520,248
1757714348,2025-09-12T21:59:08Z,CPA749,"7.107697,80.236183",38000,518,248
1757714379,2025-09-12T21:59:39Z,CPA749,"7.079757,80.166618",38000,518,248
1757714412,2025-09-12T22:00:12Z,CPA749,"7.050247,80.093079",38000,518,248
1757714445,2025-09-12T22:00:45Z,CPA749,"7.02095,80.020134",38000,517,248
1757714475,2025-09-12T22:01:15Z,CPA749,"6.993393,79.951607",38000,517,248
1757714508,2025-09-12T22:01:48Z,CPA749,"6.963935,79.878281",38000,517,247
1757714539,2025-09-12T22:02:19Z,CPA749,"6.935911,79.808662",38000,518,248
1757714571,2025-09-12T22:02:51Z,CPA749,"6.906921,79.736534",38000,518,248
1757714602,2025-09-12T22:03:22Z,CPA749,"6.879913,79.669456",38000,518,248
1757714635,2025-09-12T22:03:55Z,CPA749,"6.850021,79.59539",38000,518,248
1757714666,2025-09-12T22:04:26Z,CPA749,"6.82196,79.52565",38000,518,248
1757714698,2025-09-12T22:04:58Z,CPA749,"6.793533,79.455223",38000,518,248
1757714729,2025-09-12T22:05:29Z,CPA749,"6.764925,79.384369",38000,519,248
1757714760,2025-09-12T22:06:00Z,CPA749,"6.73732,79.315933",38000,519,248
1757714791,2025-09-12T22:06:31Z,CPA749,"6.708572,79.244759",38000,522,248
1757714823,2025-09-12T22:07:03Z,CPA749,"6.68113,79.176857",38000,521,248
1757714855,2025-09-12T22:07:35Z,CPA749,"6.650825,79.101845",38000,523,248
1757714894,2025-09-12T22:08:14Z,CPA749,"6.61528,79.013954",38000,523,248
1757714931,2025-09-12T22:08:51Z,CPA749,"6.580994,78.92923",38000,523,247
1757714963,2025-09-12T22:09:23Z,CPA749,"6.55246,78.858772",38000,523,247
1757714994,2025-09-12T22:09:54Z,CPA749,"6.523598,78.787506",38000,522,247
1757715032,2025-09-12T22:10:32Z,CPA749,"6.503115,78.737022",38000,10,247
1757715064,2025-09-12T22:11:04Z,CPA749,"6.461031,78.633034",38000,522,247
1757715096,2025-09-12T22:11:36Z,CPA749,"6.43203,78.561531",38000,522,247
1757715126,2025-09-12T22:12:06Z,CPA749,"6.403772,78.491966",38000,522,247
1757715158,2025-09-12T22:12:38Z,CPA749,"6.374496,78.419899",38000,522,247
1757715191,2025-09-12T22:13:11Z,CPA749,"6.344558,78.346207",38000,523,247
1757715222,2025-09-12T22:13:42Z,CPA749,"6.31636,78.276794",38000,522,247
1757715253,2025-09-12T22:14:13Z,CPA749,"6.287392,78.205559",38000,523,247
1757715285,2025-09-12T22:14:45Z,CPA749,"6.25882,78.135277",38000,524,247
1757715317,2025-09-12T22:15:17Z,CPA749,"6.228699,78.061256",38000,525,247
1757715349,2025-09-12T22:15:49Z,CPA749,"6.200729,77.992645",38000,527,247
1757715382,2025-09-12T22:16:22Z,CPA749,"6.172577,77.923561",38000,527,247
1757715414,2025-09-12T22:16:54Z,CPA749,"6.140167,77.84391",38000,528,247
1757715448,2025-09-12T22:17:28Z,CPA749,"6.11743,77.788078",38000,50,247
1757715478,2025-09-12T22:17:58Z,CPA749,"6.081253,77.699364",38000,529,247
1757715530,2025-09-12T22:18:50Z,CPA749,"6.038086,77.593643",38000,370,247
1757715561,2025-09-12T22:19:21Z,CPA749,"6.003159,77.508125",38000,527,247
1757715599,2025-09-12T22:19:59Z,CPA749,"5.967019,77.424019",38000,526,245
1757715629,2025-09-12T22:20:29Z,CPA749,"5.935131,77.355637",38000,526,245
1757715673,2025-09-12T22:21:13Z,CPA749,"5.891418,77.259628",38000,525,245
1757715704,2025-09-12T22:21:44Z,CPA749,"5.860107,77.190125",38000,525,245
1757715736,2025-09-12T22:22:16Z,CPA749,"5.827502,77.117722",38000,526,245
1757715767,2025-09-12T22:22:47Z,CPA749,"5.796545,77.049202",38000,526,245
1757715805,2025-09-12T22:23:25Z,CPA749,"5.759257,76.966614",38000,528,245
1757715840,2025-09-12T22:24:00Z,CPA749,"5.723969,76.888519",38000,527,245
1757715872,2025-09-12T22:24:32Z,CPA749,"5.692245,76.818314",38000,526,245
1757715904,2025-09-12T22:25:04Z,CPA749,"5.6586,76.743927",38000,525,245
1757715936,2025-09-12T22:25:36Z,CPA749,"5.627421,76.675102",38000,526,245
1757715966,2025-09-12T22:26:06Z,CPA749,"5.596985,76.607903",38000,526,245
1757715998,2025-09-12T22:26:38Z,CPA749,"5.564575,76.536255",38000,525,245
1757716030,2025-09-12T22:27:10Z,CPA749,"5.532175,76.464699",38000,525,245
1757716062,2025-09-12T22:27:42Z,CPA749,"5.500799,76.395424",38000,525,245
1757716094,2025-09-12T22:28:14Z,CPA749,"5.467188,76.321312",38000,526,245
1757716126,2025-09-12T22:28:46Z,CPA749,"5.435349,76.25103",38000,526,245
1757716158,2025-09-12T22:29:18Z,CPA749,"5.403831,76.181564",38000,526,245
1757716189,2025-09-12T22:29:49Z,CPA749,"5.372269,76.111931",38000,528,245
1757716220,2025-09-12T22:30:20Z,CPA749,"5.341003,76.043037",38000,529,245
1757716251,2025-09-12T22:30:51Z,CPA749,"5.309555,75.973907",38000,530,245
1757716283,2025-09-12T22:31:23Z,CPA749,"5.277301,75.90284",38000,530,245
1757716313,2025-09-12T22:31:53Z,CPA749,"5.245651,75.833176",38000,530,245
1757716344,2025-09-12T22:32:24Z,CPA749,"5.214203,75.764046",38000,531,245
1757716375,2025-09-12T22:32:55Z,CPA749,"5.182893,75.695236",38000,530,245
1757716407,2025-09-12T22:33:27Z,CPA749,"5.149888,75.622734",38000,530,245
1757716438,2025-09-12T22:33:58Z,CPA749,"5.118651,75.554024",38000,529,245
1757716469,2025-09-12T22:34:29Z,CPA749,"5.087631,75.485847",38000,528,245
1757716501,2025-09-12T22:35:01Z,CPA749,"5.054306,75.412811",38000,528,245
1757716532,2025-09-12T22:35:32Z,CPA749,"5.023773,75.345726",38000,527,245
1757716563,2025-09-12T22:36:03Z,CPA749,"4.992233,75.276596",38000,527,245
1757716596,2025-09-12T22:36:36Z,CPA749,"4.958512,75.202553",38000,528,245
1757716629,2025-09-12T22:37:09Z,CPA749,"4.925134,75.129341",38000,528,245
1757716661,2025-09-12T22:37:41Z,CPA749,"4.892349,75.057571",38000,528,245
1757716692,2025-09-12T22:38:12Z,CPA749,"4.861404,74.989746",38000,527,245
1757716723,2025-09-12T22:38:43Z,CPA749,"4.829636,74.920197",38000,527,245
1757716756,2025-09-12T22:39:16Z,CPA749,"4.796402,74.847389",38000,528,245
1757716788,2025-09-12T22:39:48Z,CPA749,"4.76397,74.776451",38000,529,245
1757716818,2025-09-12T22:40:18Z,CPA749,"4.73259,74.707779",38000,529,245
1757716849,2025-09-12T22:40:49Z,CPA749,"4.701096,74.638878",38000,529,245
1757716881,2025-09-12T22:41:21Z,CPA749,"4.668594,74.567795",38000,530,245
1757716912,2025-09-12T22:41:52Z,CPA749,"4.636459,74.497589",38000,529,245
1757716943,2025-09-12T22:42:23Z,CPA749,"4.605413,74.429672",38000,528,245
1757716976,2025-09-12T22:42:56Z,CPA749,"4.572128,74.356888",38000,527,245
1757717007,2025-09-12T22:43:27Z,CPA749,"4.539597,74.285873",38000,526,245
1757717038,2025-09-12T22:43:58Z,CPA749,"4.509143,74.217758",38000,527,246
1757717069,2025-09-12T22:44:29Z,CPA749,"4.479172,74.148453",38000,528,246
1757717101,2025-09-12T22:45:01Z,CPA749,"4.448113,74.077255",38000,526,246
1757717132,2025-09-12T22:45:32Z,CPA749,"4.41774,74.008141",38000,527,246
1757717163,2025-09-12T22:46:03Z,CPA749,"4.386978,73.938271",38000,529,246
1757717194,2025-09-12T22:46:34Z,CPA749,"4.356079,73.867928",38000,529,246
1757717225,2025-09-12T22:47:05Z,CPA749,"4.325355,73.798058",38000,528,246
1757717256,2025-09-12T22:47:36Z,CPA749,"4.295197,73.729485",38000,527,246
1757717287,2025-09-12T22:48:07Z,CPA749,"4.264709,73.660255",38000,528,246
1757717319,2025-09-12T22:48:39Z,CPA749,"4.23346,73.589172",38000,530,246
1757717352,2025-09-12T22:49:12Z,CPA749,"4.19985,73.516197",38000,529,242
1757717385,2025-09-12T22:49:45Z,CPA749,"4.159722,73.445213",38000,529,240
1757717416,2025-09-12T22:50:16Z,CPA749,"4.121922,73.378204",38000,530,240
1757717447,2025-09-12T22:50:47Z,CPA749,"4.084959,73.312286",38000,529,240
1757717478,2025-09-12T22:51:18Z,CPA749,"4.047409,73.245567",38000,530,240
1757717510,2025-09-12T22:51:50Z,CPA749,"4.009735,73.178818",38000,531,240
1757717540,2025-09-12T22:52:20Z,CPA749,"3.973047,73.113823",38000,532,240
1757717571,2025-09-12T22:52:51Z,CPA749,"3.934828,73.046013",38000,531,240
1757717603,2025-09-12T22:53:23Z,CPA749,"3.897034,72.979057",38000,533,240
1757717635,2025-09-12T22:53:55Z,CPA749,"3.857162,72.90844",38000,533,240
1757717666,2025-09-12T22:54:26Z,CPA749,"3.819471,72.841629",38000,534,240
1757717698,2025-09-12T22:54:58Z,CPA749,"3.781578,72.774384",38000,535,241
1757717730,2025-09-12T22:55:30Z,CPA749,"3.74469,72.705147",38000,536,242
1757717762,2025-09-12T22:56:02Z,CPA749,"3.706489,72.631989",38000,535,242
1757717793,2025-09-12T22:56:33Z,CPA749,"3.671109,72.565125",38000,536,242
1757717825,2025-09-12T22:57:05Z,CPA749,"3.633868,72.495277",38000,537,242
1757717855,2025-09-12T22:57:35Z,CPA749,"3.598861,72.429451",38000,536,242
1757717888,2025-09-12T22:58:08Z,CPA749,"3.560548,72.357422",38000,536,242
1757717919,2025-09-12T22:58:39Z,CPA749,"3.52446,72.289665",38000,535,242
1757717951,2025-09-12T22:59:11Z,CPA749,"3.487135,72.21962",38000,535,242
1757717982,2025-09-12T22:59:42Z,CPA749,"3.450452,72.150581",38000,534,242
1757718013,2025-09-12T23:00:13Z,CPA749,"3.414932,72.083954",38000,534,241
1757718044,2025-09-12T23:00:44Z,CPA749,"3.379028,72.016731",38000,532,241
1757718076,2025-09-12T23:01:16Z,CPA749,"3.340449,71.946953",38000,530,241
1757718107,2025-09-12T23:01:47Z,CPA749,"3.304138,71.881447",38000,529,241
1757718138,2025-09-12T23:02:18Z,CPA749,"3.267059,71.813995",38000,528,241
1757718170,2025-09-12T23:02:50Z,CPA749,"3.229841,71.746262",38000,528,241
1757718203,2025-09-12T23:03:23Z,CPA749,"3.191575,71.676651",38000,528,241
1757718234,2025-09-12T23:03:54Z,CPA749,"3.154816,71.609818",38000,528,241
1757718265,2025-09-12T23:04:25Z,CPA749,"3.117142,71.541336",38000,529,241
1757718297,2025-09-12T23:04:57Z,CPA749,"3.079617,71.473022",38000,531,241
1757718330,2025-09-12T23:05:30Z,CPA749,"3.041245,71.403313",38000,532,241
1757718362,2025-09-12T23:06:02Z,CPA749,"3.002992,71.333801",38000,534,241
1757718393,2025-09-12T23:06:33Z,CPA749,"2.96575,71.266182",38000,534,241
1757718426,2025-09-12T23:07:06Z,CPA749,"2.927124,71.196014",38000,533,241
1757718456,2025-09-12T23:07:36Z,CPA749,"2.890228,71.128983",38000,532,241
1757718489,2025-09-12T23:08:09Z,CPA749,"2.852116,71.059715",38000,531,241
1757718519,2025-09-12T23:08:39Z,CPA749,"2.816736,70.995499",38000,531,241
1757718552,2025-09-12T23:09:12Z,CPA749,"2.777344,70.924057",38000,531,241
1757718584,2025-09-12T23:09:44Z,CPA749,"2.73967,70.855675",38000,531,241
1757718614,2025-09-12T23:10:14Z,CPA749,"2.702728,70.788544",38000,531,241
1757718645,2025-09-12T23:10:45Z,CPA749,"2.666838,70.723442",38000,529,241
1757718676,2025-09-12T23:11:16Z,CPA749,"2.630219,70.657036",38000,528,241
1757718707,2025-09-12T23:11:47Z,CPA749,"2.593185,70.589859",38000,528,241
1757718740,2025-09-12T23:12:20Z,CPA749,"2.555191,70.520958",38000,528,241
1757718770,2025-09-12T23:12:50Z,CPA749,"2.519211,70.455742",38000,528,241
1757718803,2025-09-12T23:13:23Z,CPA749,"2.481374,70.387131",38000,528,241
1757718834,2025-09-12T23:13:54Z,CPA749,"2.443946,70.319321",38000,528,241
1757718865,2025-09-12T23:14:25Z,CPA749,"2.407333,70.25296",38000,528,241
1757718896,2025-09-12T23:14:56Z,CPA749,"2.370758,70.186668",38000,530,241
1757718927,2025-09-12T23:15:27Z,CPA749,"2.333757,70.119675",38000,531,241
1757718960,2025-09-12T23:16:00Z,CPA749,"2.295491,70.050293",38000,531,241
1757718994,2025-09-12T23:16:34Z,CPA749,"2.254715,69.976395",38000,529,241
1757719027,2025-09-12T23:17:07Z,CPA749,"2.216125,69.906517",38000,525,241
1757719057,2025-09-12T23:17:37Z,CPA749,"2.180228,69.841507",38000,524,241
1757719089,2025-09-12T23:18:09Z,CPA749,"2.142101,69.772415",38000,524,241
1757719120,2025-09-12T23:18:40Z,CPA749,"2.106256,69.707588",38000,524,241
1757719153,2025-09-12T23:19:13Z,CPA749,"2.067897,69.638168",38000,524,241
1757719185,2025-09-12T23:19:45Z,CPA749,"2.030329,69.570114",38000,524,241
1757719231,2025-09-12T23:20:31Z,CPA749,"1.976257,69.472328",38000,523,241
1757719263,2025-09-12T23:21:03Z,CPA749,"1.938295,69.403664",38000,524,241
1757719294,2025-09-12T23:21:34Z,CPA749,"1.903009,69.339828",38000,524,241
1757719325,2025-09-12T23:22:05Z,CPA749,"1.866465,69.273727",38000,525,241
1757719357,2025-09-12T23:22:37Z,CPA749,"1.828903,69.205765",38000,527,241
1757719389,2025-09-12T23:23:09Z,CPA749,"1.791779,69.137199",38000,528,243
1757719421,2025-09-12T23:23:41Z,CPA749,"1.757673,69.066879",38000,529,244
1757719452,2025-09-12T23:24:12Z,CPA749,"1.723663,68.996933",38000,528,243
1757719489,2025-09-12T23:24:49Z,CPA749,"1.704758,68.958809",38000,20,243
1757719520,2025-09-12T23:25:20Z,CPA749,"1.649643,68.84848",38000,526,243
1757720556,2025-09-12T23:42:36Z,CPA749,"0.514641,66.57457",38000,528,243
1757724093,2025-09-13T00:41:33Z,CPA749,"-2.979698,58.762436",38000,524,246
1757724700,2025-09-13T00:51:40Z,CPA749,"-3.567019,57.415165",38000,528,246
1757724731,2025-09-13T00:52:11Z,CPA749,"-3.596859,57.3465",38000,528,246
1757724762,2025-09-13T00:52:42Z,CPA749,"-3.628049,57.274807",38000,529,246
1757724793,2025-09-13T00:53:13Z,CPA749,"-3.65744,57.207161",38000,530,246
1757724826,2025-09-13T00:53:46Z,CPA749,"-3.690262,57.131653",38000,530,246
1757724858,2025-09-13T00:54:18Z,CPA749,"-3.721525,57.059719",38000,531,246
1757724890,2025-09-13T00:54:50Z,CPA749,"-3.752701,56.987854",38000,531,246
1757724922,2025-09-13T00:55:22Z,CPA749,"-3.784241,56.915279",38000,531,246
1757724954,2025-09-13T00:55:54Z,CPA749,"-3.815323,56.843636",38000,531,246
1757724987,2025-09-13T00:56:27Z,CPA749,"-3.847682,56.769104",38000,531,246
1757725018,2025-09-13T00:56:58Z,CPA749,"-3.878174,56.698734",38000,531,246
1757725050,2025-09-13T00:57:30Z,CPA749,"-3.910217,56.624931",38000,533,246
1757725081,2025-09-13T00:58:01Z,CPA749,"-3.940109,56.556034",37975,534,246
1757725112,2025-09-13T00:58:32Z,CPA749,"-3.970114,56.48682",38000,534,246
1757725143,2025-09-13T00:59:03Z,CPA749,"-4.000946,56.415634",38000,534,246
1757725176,2025-09-13T00:59:36Z,CPA749,"-4.033844,56.339737",38000,534,246
1757725207,2025-09-13T01:00:07Z,CPA749,"-4.064104,56.26984",38000,533,246
1757725240,2025-09-13T01:00:40Z,CPA749,"-4.095945,56.196396",38000,533,246
1757725273,2025-09-13T01:01:13Z,CPA749,"-4.128253,56.12167",38000,533,246
1757725305,2025-09-13T01:01:45Z,CPA749,"-4.160374,56.047512",38000,533,246
1757725337,2025-09-13T01:02:17Z,CPA749,"-4.192154,55.974037",38000,533,246
1757725370,2025-09-13T01:02:50Z,CPA749,"-4.223731,55.900993",38000,533,246
1757725402,2025-09-13T01:03:22Z,CPA749,"-4.255805,55.826744",38000,533,246
1757725433,2025-09-13T01:03:53Z,CPA749,"-4.286902,55.758362",38000,531,243
1757725464,2025-09-13T01:04:24Z,CPA749,"-4.324448,55.693748",38000,530,237
1757725495,2025-09-13T01:04:55Z,CPA749,"-4.3693,55.631355",38000,527,231
1757725526,2025-09-13T01:05:26Z,CPA749,"-4.417342,55.572872",38000,527,231
1757725558,2025-09-13T01:05:58Z,CPA749,"-4.467572,55.510647",38000,527,231
1757725589,2025-09-13T01:06:29Z,CPA749,"-4.51474,55.452328",38000,526,231
1757725620,2025-09-13T01:07:00Z,CPA749,"-4.562347,55.393764",38000,526,231
1757725653,2025-09-13T01:07:33Z,CPA749,"-4.611511,55.333305",37975,524,231
1757725684,2025-09-13T01:08:04Z,CPA749,"-4.659972,55.273685",38000,523,231
1757725716,2025-09-13T01:08:36Z,CPA749,"-4.709656,55.21249",38000,523,231
1757725748,2025-09-13T01:09:08Z,CPA749,"-4.758523,55.152313",38000,522,231
1757725779,2025-09-13T01:09:39Z,CPA749,"-4.806239,55.093548",37975,521,231
1757725811,2025-09-13T01:10:11Z,CPA749,"-4.853027,55.035919",37975,521,231
1757725842,2025-09-13T01:10:42Z,CPA749,"-4.900223,54.977776",38000,516,231
1757725874,2025-09-13T01:11:14Z,CPA749,"-4.946501,54.92075",38000,512,231
1757726023,2025-09-13T01:13:43Z,CPA749,"-5.172729,54.641666",38000,510,231
1757726066,2025-09-13T01:14:26Z,CPA749,"-5.234207,54.565739",38000,511,230
1757726351,2025-09-13T01:19:11Z,CPA749,"-5.657959,54.041843",38000,512,231
1757726407,2025-09-13T01:20:07Z,CPA749,"-5.742451,53.937283",38000,513,231
1757726431,2025-09-13T01:20:31Z,CPA749,"-5.761414,53.913776",38025,160,231
1757726465,2025-09-13T01:21:05Z,CPA749,"-5.826664,53.832962",38000,509,231
1757726551,2025-09-13T01:22:31Z,CPA749,"-5.955894,53.67271",38000,504,231
1757726928,2025-09-13T01:28:48Z,CPA749,"-6.492416,53.005215",38000,483,231
1757727451,2025-09-13T01:37:31Z,CPA749,"-7.220261,52.088139",38000,590,231
1757728268,2025-09-13T01:51:08Z,CPA749,"-8.358536,50.643196",40004,488,231
1757729481,2025-09-13T02:11:21Z,CPA749,"-10.055786,48.474705",40000,498,224
1757729516,2025-09-13T02:11:56Z,CPA749,"-10.112549,48.416656",40000,498,225
1757729526,2025-09-13T02:12:06Z,CPA749,"-10.127021,48.401688",40000,498,225
1757729584,2025-09-13T02:13:04Z,CPA749,"-10.220673,48.305115",40000,499,225
1757729615,2025-09-13T02:13:35Z,CPA749,"-10.27352,48.250721",40000,501,225
1757729647,2025-09-13T02:14:07Z,CPA749,"-10.324495,48.198204",40000,501,225
1757729677,2025-09-13T02:14:37Z,CPA749,"-10.374481,48.146744",40000,501,225
1757729715,2025-09-13T02:15:15Z,CPA749,"-10.416343,48.103638",40000,30,225
1757729752,2025-09-13T02:15:52Z,CPA749,"-10.496086,48.021336",40000,502,225
1757729785,2025-09-13T02:16:25Z,CPA749,"-10.548365,47.967419",40000,501,225
1757729816,2025-09-13T02:16:56Z,CPA749,"-10.599884,47.914219",40000,499,225
1757729848,2025-09-13T02:17:28Z,CPA749,"-10.651478,47.860928",40000,497,225
1757729879,2025-09-13T02:17:59Z,CPA749,"-10.70256,47.808098",40000,496,225
1757729922,2025-09-13T02:18:42Z,CPA749,"-10.753555,47.75539",40000,170,225
1757729953,2025-09-13T02:19:13Z,CPA749,"-10.820183,47.686398",40000,493,225
1757729984,2025-09-13T02:19:44Z,CPA749,"-10.870739,47.634068",40000,492,225
1757730016,2025-09-13T02:20:16Z,CPA749,"-10.920914,47.582069",40000,493,225
1757730046,2025-09-13T02:20:46Z,CPA749,"-10.970352,47.53088",40000,493,225
1757730077,2025-09-13T02:21:17Z,CPA749,"-11.019974,47.4795",40000,492,225
1757730109,2025-09-13T02:21:49Z,CPA749,"-11.069733,47.427883",40000,491,225
1757730140,2025-09-13T02:22:20Z,CPA749,"-11.119492,47.376221",40000,490,225
1757730172,2025-09-13T02:22:52Z,CPA749,"-11.170258,47.323563",40000,490,225
1757730203,2025-09-13T02:23:23Z,CPA749,"-11.220626,47.271229",40000,490,225
1757730235,2025-09-13T02:23:55Z,CPA749,"-11.270691,47.219193",40000,491,225
1757730266,2025-09-13T02:24:26Z,CPA749,"-11.32034,47.167679",40000,492,225
1757730298,2025-09-13T02:24:58Z,CPA749,"-11.371124,47.114822",40000,492,225
1757730330,2025-09-13T02:25:30Z,CPA749,"-11.421266,47.062634",40000,494,225
1757730361,2025-09-13T02:26:01Z,CPA749,"-11.471558,47.010307",40000,495,225
1757730394,2025-09-13T02:26:34Z,CPA749,"-11.524658,46.954941",40000,495,225
1757730424,2025-09-13T02:27:04Z,CPA749,"-11.574051,46.903522",40000,495,225
1757730457,2025-09-13T02:27:37Z,CPA749,"-11.626099,46.849209",40000,493,225
1757730489,2025-09-13T02:28:09Z,CPA749,"-11.675034,46.798161",40000,494,225
1757730522,2025-09-13T02:28:42Z,CPA749,"-11.728324,46.742489",40000,494,225
1757730554,2025-09-13T02:29:14Z,CPA749,"-11.781021,46.687462",40000,493,225
1757730586,2025-09-13T02:29:46Z,CPA749,"-11.831406,46.634739",40000,493,225
1757730618,2025-09-13T02:30:18Z,CPA749,"-11.881714,46.582176",40000,493,225
1757730650,2025-09-13T02:30:50Z,CPA749,"-11.93454,46.526863",40000,495,225
1757730681,2025-09-13T02:31:21Z,CPA749,"-11.983795,46.475292",40000,494,225
1757730713,2025-09-13T02:31:53Z,CPA749,"-12.03479,46.421879",40000,492,225
1757730745,2025-09-13T02:32:25Z,CPA749,"-12.085473,46.368809",40000,490,225
1757730777,2025-09-13T02:32:57Z,CPA749,"-12.136826,46.314949",40000,490,225
1757730812,2025-09-13T02:33:32Z,CPA749,"-12.18718,46.2621",40000,490,225
1757730845,2025-09-13T02:34:05Z,CPA749,"-12.24282,46.203629",40000,490,225
1757730876,2025-09-13T02:34:36Z,CPA749,"-12.290314,46.151482",40000,490,230
1757730908,2025-09-13T02:35:08Z,CPA749,"-12.334853,46.090008",40000,491,236
1757730940,2025-09-13T02:35:40Z,CPA749,"-12.372189,46.026836",40000,489,239
1757730971,2025-09-13T02:36:11Z,CPA749,"-12.40794,45.966412",40000,488,238
1757731004,2025-09-13T02:36:44Z,CPA749,"-12.446718,45.901215",40000,488,238
1757731036,2025-09-13T02:37:16Z,CPA749,"-12.484222,45.837662",40000,489,239
1757731068,2025-09-13T02:37:48Z,CPA749,"-12.52218,45.77314",40000,490,239
1757731100,2025-09-13T02:38:20Z,CPA749,"-12.559514,45.709728",40000,489,239
1757731132,2025-09-13T02:38:52Z,CPA749,"-12.597519,45.645164",40000,488,239
1757731163,2025-09-13T02:39:23Z,CPA749,"-12.632741,45.585117",40000,487,239
1757731194,2025-09-13T02:39:54Z,CPA749,"-12.668819,45.523731",40000,485,239
1757731227,2025-09-13T02:40:27Z,CPA749,"-12.706146,45.460194",40000,483,239
1757731259,2025-09-13T02:40:59Z,CPA749,"-12.743546,45.396408",40000,484,239
1757731291,2025-09-13T02:41:31Z,CPA749,"-12.780807,45.332714",40000,483,239
1757731322,2025-09-13T02:42:02Z,CPA749,"-12.816715,45.273067",40000,484,236
1757731353,2025-09-13T02:42:33Z,CPA749,"-12.858627,45.214279",40000,482,233
1757731385,2025-09-13T02:43:05Z,CPA749,"-12.900044,45.156315",40000,481,234
1757731418,2025-09-13T02:43:38Z,CPA749,"-12.942352,45.096462",40000,479,234
1757731449,2025-09-13T02:44:09Z,CPA749,"-12.983505,45.038406",40000,479,234
1757731481,2025-09-13T02:44:41Z,CPA749,"-13.023331,44.982338",40000,478,234
1757731511,2025-09-13T02:45:11Z,CPA749,"-13.063442,44.925697",40000,479,234
1757731545,2025-09-13T02:45:45Z,CPA749,"-13.107239,44.863853",40000,481,234
1757731575,2025-09-13T02:46:15Z,CPA749,"-13.148209,44.806034",40000,482,234
1757731607,2025-09-13T02:46:47Z,CPA749,"-13.190369,44.74651",40000,482,234
1757731639,2025-09-13T02:47:19Z,CPA749,"-13.231979,44.687599",40000,480,234
1757731648,2025-09-13T02:47:28Z,CPA749,"-13.242435,44.672821",40000,480,234
1757731705,2025-09-13T02:48:25Z,CPA749,"-13.31827,44.56546",40000,479,234
1757731736,2025-09-13T02:48:56Z,CPA749,"-13.356216,44.511723",40000,480,234
1757731747,2025-09-13T02:49:07Z,CPA749,"-13.372782,44.48822",40000,480,234
1757731791,2025-09-13T02:49:51Z,CPA749,"-13.428406,44.409817",40000,480,233
1757731895,2025-09-13T02:51:35Z,CPA749,"-13.56602,44.215778",40000,470,234
1757731927,2025-09-13T02:52:07Z,CPA749,"-13.608104,44.156364",40000,481,234
1757731937,2025-09-13T02:52:17Z,CPA749,"-13.61909,44.14085",40000,480,234
1757731998,2025-09-13T02:53:18Z,CPA749,"-13.701022,44.025013",40000,477,234
1757732031,2025-09-13T02:53:51Z,CPA749,"-13.743347,43.965061",40000,477,234
1757732063,2025-09-13T02:54:23Z,CPA749,"-13.785965,43.904728",40000,478,234
1757732095,2025-09-13T02:54:55Z,CPA749,"-13.825333,43.848804",40000,478,234
1757732127,2025-09-13T02:55:27Z,CPA749,"-13.868317,43.787907",40000,478,234
1757732158,2025-09-13T02:55:58Z,CPA749,"-13.908924,43.730213",40000,478,234
1757732189,2025-09-13T02:56:29Z,CPA749,"-13.948913,43.673401",40000,478,234
1757732224,2025-09-13T02:57:04Z,CPA749,"-13.99498,43.607956",40000,479,234
1757732257,2025-09-13T02:57:37Z,CPA749,"-14.035314,43.550575",40000,479,234
1757732288,2025-09-13T02:58:08Z,CPA749,"-14.077769,43.49015",40000,480,234
1757732321,2025-09-13T02:58:41Z,CPA749,"-14.119308,43.430897",40000,481,234
1757732351,2025-09-13T02:59:11Z,CPA749,"-14.159748,43.373302",40000,480,234
1757732385,2025-09-13T02:59:45Z,CPA749,"-14.193832,43.32468",40000,478,234
1757732418,2025-09-13T03:00:18Z,CPA749,"-14.247033,43.248692",40000,477,234
1757732463,2025-09-13T03:01:03Z,CPA749,"-14.303467,43.16803",40000,472,234
1757732494,2025-09-13T03:01:34Z,CPA749,"-14.344374,43.109631",40000,470,234
1757732525,2025-09-13T03:02:05Z,CPA749,"-14.383152,43.054119",40000,469,234
1757732557,2025-09-13T03:02:37Z,CPA749,"-14.423094,42.996826",40000,468,234
1757732587,2025-09-13T03:03:07Z,CPA749,"-14.462383,42.940498",40000,468,234
1757732618,2025-09-13T03:03:38Z,CPA749,"-14.501587,42.884232",40000,468,234
1757732651,2025-09-13T03:04:11Z,CPA749,"-14.543152,42.824661",40000,469,234
1757732682,2025-09-13T03:04:42Z,CPA749,"-14.581651,42.76833",40000,469,235
1757732716,2025-09-13T03:05:16Z,CPA749,"-14.622162,42.707314",40000,469,235
1757732746,2025-09-13T03:05:46Z,CPA749,"-14.659951,42.650806",40000,468,235
1757732780,2025-09-13T03:06:20Z,CPA749,"-14.70163,42.588783",40000,467,235
1757732811,2025-09-13T03:06:51Z,CPA749,"-14.74086,42.53035",40000,468,235
1757732842,2025-09-13T03:07:22Z,CPA749,"-14.778763,42.473808",40000,468,235
1757732875,2025-09-13T03:07:55Z,CPA749,"-14.819579,42.412865",40000,467,235
1757732907,2025-09-13T03:08:27Z,CPA749,"-14.859467,42.353355",40000,467,235
1757732943,2025-09-13T03:09:03Z,CPA749,"-14.903001,42.288193",40000,466,235
1757732975,2025-09-13T03:09:35Z,CPA749,"-14.942477,42.229191",40000,466,235
1757733008,2025-09-13T03:10:08Z,CPA749,"-14.98186,42.170235",40000,466,235
1757733040,2025-09-13T03:10:40Z,CPA749,"-15.020918,42.111725",40000,467,235
1757733071,2025-09-13T03:11:11Z,CPA749,"-15.059692,42.053543",40000,468,235
1757733102,2025-09-13T03:11:42Z,CPA749,"-15.098055,41.996025",40000,468,235
1757733135,2025-09-13T03:12:15Z,CPA749,"-15.137624,41.936581",40000,469,235
1757733172,2025-09-13T03:12:52Z,CPA749,"-15.184616,41.865955",40000,469,235
1757733204,2025-09-13T03:13:24Z,CPA749,"-15.22403,41.806641",40000,470,235
1757733235,2025-09-13T03:13:55Z,CPA749,"-15.26207,41.749348",40000,470,235
1757733267,2025-09-13T03:14:27Z,CPA749,"-15.302139,41.688995",40000,471,235
1757733299,2025-09-13T03:14:59Z,CPA749,"-15.340759,41.630714",40000,472,235
1757733329,2025-09-13T03:15:29Z,CPA749,"-15.377701,41.575062",40000,472,235
1757733361,2025-09-13T03:16:01Z,CPA749,"-15.416286,41.516747",40000,473,235
1757733393,2025-09-13T03:16:33Z,CPA749,"-15.457205,41.454899",40000,474,235
1757733424,2025-09-13T03:17:04Z,CPA749,"-15.495575,41.39687",40000,474,235
1757733455,2025-09-13T03:17:35Z,CPA749,"-15.534714,41.33765",40000,475,235
1757733486,2025-09-13T03:18:06Z,CPA749,"-15.572794,41.279949",40000,475,235
1757733519,2025-09-13T03:18:39Z,CPA749,"-15.612808,41.219307",40000,475,235
1757733549,2025-09-13T03:19:09Z,CPA749,"-15.650986,41.161434",40000,474,235
1757733582,2025-09-13T03:19:42Z,CPA749,"-15.691223,41.100296",40000,474,235
1757733614,2025-09-13T03:20:14Z,CPA749,"-15.730728,41.040295",40000,473,235
1757733645,2025-09-13T03:20:45Z,CPA749,"-15.769105,40.981899",40000,473,235
1757733676,2025-09-13T03:21:16Z,CPA749,"-15.80751,40.923435",40000,473,235
1757733707,2025-09-13T03:21:47Z,CPA749,"-15.84545,40.865658",40000,474,235
1757733740,2025-09-13T03:22:20Z,CPA749,"-15.886091,40.803616",40000,475,235
1757733770,2025-09-13T03:22:50Z,CPA749,"-15.923904,40.746075",40000,475,235
1757733802,2025-09-13T03:23:22Z,CPA749,"-15.96286,40.686565",40000,476,235
1757733833,2025-09-13T03:23:53Z,CPA749,"-16.001865,40.626904",40000,478,235
1757733863,2025-09-13T03:24:23Z,CPA749,"-16.038876,40.570351",40000,478,235
1757733896,2025-09-13T03:24:56Z,CPA749,"-16.080231,40.507027",40000,478,235
1757733927,2025-09-13T03:25:27Z,CPA749,"-16.119415,40.447033",40000,478,235
1757733958,2025-09-13T03:25:58Z,CPA749,"-16.157639,40.388439",40000,477,236
1757733990,2025-09-13T03:26:30Z,CPA749,"-16.19692,40.328114",40000,478,235
1757734021,2025-09-13T03:27:01Z,CPA749,"-16.236145,40.267929",40000,478,235
1757734052,2025-09-13T03:27:32Z,CPA749,"-16.274506,40.20895",40000,479,236
1757734083,2025-09-13T03:28:03Z,CPA749,"-16.312462,40.150566",40000,479,236
1757734114,2025-09-13T03:28:34Z,CPA749,"-16.350998,40.091232",40000,479,236
1757734145,2025-09-13T03:29:05Z,CPA749,"-16.389879,40.031284",40000,479,236
1757734177,2025-09-13T03:29:37Z,CPA749,"-16.429138,39.970768",40000,480,236
1757734207,2025-09-13T03:30:07Z,CPA749,"-16.466225,39.913479",40000,481,236
1757734238,2025-09-13T03:30:38Z,CPA749,"-16.504864,39.853836",40000,480,236
1757734269,2025-09-13T03:31:09Z,CPA749,"-16.542942,39.795033",40000,479,236
1757734300,2025-09-13T03:31:40Z,CPA749,"-16.58194,39.734657",40000,477,236
1757734331,2025-09-13T03:32:11Z,CPA749,"-16.619846,39.6759",40000,476,236
1757734362,2025-09-13T03:32:42Z,CPA749,"-16.65844,39.616112",40000,476,236
1757734393,2025-09-13T03:33:13Z,CPA749,"-16.696472,39.55714",40000,476,236
1757734426,2025-09-13T03:33:46Z,CPA749,"-16.736115,39.49556",40000,476,236
1757734456,2025-09-13T03:34:16Z,CPA749,"-16.773926,39.43639",40000,477,236
1757734488,2025-09-13T03:34:48Z,CPA749,"-16.812057,39.376396",40000,479,236
1757734518,2025-09-13T03:35:18Z,CPA749,"-16.849823,39.316986",40000,480,236
1757734550,2025-09-13T03:35:50Z,CPA749,"-16.889198,39.25518",40000,480,236
1757734581,2025-09-13T03:36:21Z,CPA749,"-16.927139,39.195541",40000,480,236
1757734612,2025-09-13T03:36:52Z,CPA749,"-16.965126,39.135704",40000,480,236
1757734643,2025-09-13T03:37:23Z,CPA749,"-17.003494,39.075188",40000,480,236
1757734675,2025-09-13T03:37:55Z,CPA749,"-17.042221,39.014187",40000,480,236
1757734708,2025-09-13T03:38:28Z,CPA749,"-17.082001,38.951351",40000,480,236
1757734739,2025-09-13T03:38:59Z,CPA749,"-17.120682,38.890205",40000,481,236
1757734772,2025-09-13T03:39:32Z,CPA749,"-17.161102,38.826263",40000,483,236
1757734803,2025-09-13T03:40:03Z,CPA749,"-17.198776,38.766655",40000,484,236
1757734835,2025-09-13T03:40:35Z,CPA749,"-17.239365,38.702332",40000,484,236
1757734867,2025-09-13T03:41:07Z,CPA749,"-17.278376,38.640533",40000,484,236
1757734898,2025-09-13T03:41:38Z,CPA749,"-17.316408,38.580402",40000,484,236
1757734929,2025-09-13T03:42:09Z,CPA749,"-17.355698,38.519146",40000,485,236
1757734961,2025-09-13T03:42:41Z,CPA749,"-17.395222,38.457447",40000,484,236
1757734992,2025-09-13T03:43:12Z,CPA749,"-17.434525,38.395916",40000,483,236
1757735023,2025-09-13T03:43:43Z,CPA749,"-17.472498,38.336449",40000,482,236
1757735055,2025-09-13T03:44:15Z,CPA749,"-17.512344,38.273861",40000,482,236
1757735086,2025-09-13T03:44:46Z,CPA749,"-17.550846,38.213345",40000,482,236
1757735118,2025-09-13T03:45:18Z,CPA749,"-17.590647,38.150761",40000,482,236
1757735151,2025-09-13T03:45:51Z,CPA749,"-17.628681,38.090923",40000,483,236
1757735182,2025-09-13T03:46:22Z,CPA749,"-17.66988,38.025986",40000,484,236
1757735214,2025-09-13T03:46:54Z,CPA749,"-17.708517,37.965122",40000,485,236
1757735245,2025-09-13T03:47:25Z,CPA749,"-17.747063,37.904255",40000,486,236
1757735277,2025-09-13T03:47:57Z,CPA749,"-17.787191,37.840885",40000,486,236
1757735308,2025-09-13T03:48:28Z,CPA749,"-17.825039,37.781052",40000,485,236
1757735356,2025-09-13T03:49:16Z,CPA749,"-17.885925,37.685467",40000,490,236
1757735388,2025-09-13T03:49:48Z,CPA749,"-17.92804,37.626007",40000,482,232
1757735419,2025-09-13T03:50:19Z,CPA749,"-17.969118,37.568535",40000,482,233
1757735451,2025-09-13T03:50:51Z,CPA749,"-18.011806,37.507275",40000,484,233
1757735483,2025-09-13T03:51:23Z,CPA749,"-18.054474,37.445789",40000,485,234
1757735515,2025-09-13T03:51:55Z,CPA749,"-18.097136,37.384315",40000,486,233
1757735546,2025-09-13T03:52:26Z,CPA749,"-18.137449,37.326199",40000,486,233
1757735578,2025-09-13T03:52:58Z,CPA749,"-18.179859,37.265038",40000,486,234
1757735610,2025-09-13T03:53:30Z,CPA749,"-18.22143,37.204952",40000,485,234
1757735640,2025-09-13T03:54:00Z,CPA749,"-18.261841,37.146542",40000,484,234
1757735677,2025-09-13T03:54:37Z,CPA749,"-18.309088,37.078159",40000,484,234
1757735708,2025-09-13T03:55:08Z,CPA749,"-18.351078,37.017384",40000,483,234
1757735751,2025-09-13T03:55:51Z,CPA749,"-18.406128,36.937458",40000,484,234
1757735782,2025-09-13T03:56:22Z,CPA749,"-18.448242,36.876347",40000,485,234
1757735815,2025-09-13T03:56:55Z,CPA749,"-18.491154,36.813988",40000,486,234
1757735845,2025-09-13T03:57:25Z,CPA749,"-18.531935,36.754662",40000,487,234
1757735877,2025-09-13T03:57:57Z,CPA749,"-18.57369,36.693886",40000,487,234
1757735918,2025-09-13T03:58:38Z,CPA749,"-18.627831,36.614933",40000,485,234
1757735949,2025-09-13T03:59:09Z,CPA749,"-18.668379,36.555759",40000,484,234
1757735981,2025-09-13T03:59:41Z,CPA749,"-18.710403,36.494423",40000,482,234
1757736013,2025-09-13T04:00:13Z,CPA749,"-18.751427,36.43441",40000,481,234
1757736045,2025-09-13T04:00:45Z,CPA749,"-18.792984,36.373623",40000,480,234
1757736076,2025-09-13T04:01:16Z,CPA749,"-18.833862,36.312954",40000,480,234
1757736108,2025-09-13T04:01:48Z,CPA749,"-18.874046,36.252537",40000,481,234
1757736138,2025-09-13T04:02:18Z,CPA749,"-18.913467,36.193478",40000,483,234
1757736169,2025-09-13T04:02:49Z,CPA749,"-18.95435,36.132236",40000,485,234
1757736200,2025-09-13T04:03:20Z,CPA749,"-18.993484,36.073608",40000,486,234
1757736232,2025-09-13T04:03:52Z,CPA749,"-19.034883,36.011486",40000,487,234
1757736274,2025-09-13T04:04:34Z,CPA749,"-19.088512,35.930984",40000,488,235
1757736305,2025-09-13T04:05:05Z,CPA749,"-19.129486,35.869331",40000,487,235
1757736338,2025-09-13T04:05:38Z,CPA749,"-19.172562,35.804493",40000,489,235
1757736370,2025-09-13T04:06:10Z,CPA749,"-19.213486,35.742744",40000,489,235
1757736401,2025-09-13T04:06:41Z,CPA749,"-19.253773,35.681995",40000,489,235
1757736432,2025-09-13T04:07:12Z,CPA749,"-19.29451,35.620522",40000,489,235
1757736465,2025-09-13T04:07:45Z,CPA749,"-19.335938,35.557999",40000,486,235
1757736495,2025-09-13T04:08:15Z,CPA749,"-19.376251,35.496925",40000,484,235
1757736528,2025-09-13T04:08:48Z,CPA749,"-19.418335,35.433117",40000,483,235
1757736560,2025-09-13T04:09:20Z,CPA749,"-19.459396,35.370926",40000,482,235
1757736592,2025-09-13T04:09:52Z,CPA749,"-19.500313,35.308762",40000,482,235
1757736624,2025-09-13T04:10:24Z,CPA749,"-19.541336,35.246494",40000,479,235
1757736657,2025-09-13T04:10:57Z,CPA749,"-19.582384,35.184116",40000,478,235
1757736689,2025-09-13T04:11:29Z,CPA749,"-19.623583,35.121292",40000,477,235
1757736721,2025-09-13T04:12:01Z,CPA749,"-19.663239,35.060856",40000,479,235
1757736751,2025-09-13T04:12:31Z,CPA749,"-19.702103,35.00156",40000,480,235
1757736783,2025-09-13T04:13:03Z,CPA749,"-19.742111,34.940495",40000,480,235
1757736815,2025-09-13T04:13:35Z,CPA749,"-19.784454,34.881691",40000,480,229
1757736846,2025-09-13T04:14:06Z,CPA749,"-19.832932,34.828526",40000,481,222
1757736878,2025-09-13T04:14:38Z,CPA749,"-19.887817,34.777416",40000,483,221
1757736909,2025-09-13T04:15:09Z,CPA749,"-19.938354,34.7295",40000,481,221
1757736940,2025-09-13T04:15:40Z,CPA749,"-19.989252,34.68119",40000,481,221
1757736971,2025-09-13T04:16:11Z,CPA749,"-20.041622,34.631752",40000,479,221
1757737003,2025-09-13T04:16:43Z,CPA749,"-20.093399,34.582901",40000,478,221
1757737035,2025-09-13T04:17:15Z,CPA749,"-20.146179,34.533024",40000,477,221
1757737065,2025-09-13T04:17:45Z,CPA749,"-20.19776,34.484188",40000,476,221
1757737097,2025-09-13T04:18:17Z,CPA749,"-20.249479,34.435196",40000,477,221
1757737128,2025-09-13T04:18:48Z,CPA749,"-20.301058,34.386257",40000,477,221
1757737161,2025-09-13T04:19:21Z,CPA749,"-20.354082,34.336021",40000,478,221
1757737191,2025-09-13T04:19:51Z,CPA749,"-20.405319,34.28735",40000,478,221
1757737222,2025-09-13T04:20:22Z,CPA749,"-20.456171,34.238991",40000,478,221
1757737253,2025-09-13T04:20:53Z,CPA749,"-20.508362,34.189304",40000,478,221
1757737286,2025-09-13T04:21:26Z,CPA749,"-20.561659,34.138515",40000,479,221
1757737316,2025-09-13T04:21:56Z,CPA749,"-20.611908,34.090675",40000,478,221
1757737349,2025-09-13T04:22:29Z,CPA749,"-20.665888,34.039139",40000,477,221
1757737381,2025-09-13T04:23:01Z,CPA749,"-20.718538,33.988853",40000,476,221
1757737414,2025-09-13T04:23:34Z,CPA749,"-20.77327,33.940006",40000,476,218
1757737444,2025-09-13T04:24:04Z,CPA749,"-20.827377,33.894096",40000,477,218
1757737477,2025-09-13T04:24:37Z,CPA749,"-20.883316,33.845592",40000,478,219
1757737508,2025-09-13T04:25:08Z,CPA749,"-20.937008,33.798489",40000,479,219
1757737539,2025-09-13T04:25:39Z,CPA749,"-20.988914,33.752945",40000,480,219
1757737571,2025-09-13T04:26:11Z,CPA749,"-21.044357,33.704308",40000,480,219
1757737604,2025-09-13T04:26:44Z,CPA749,"-21.10199,33.653671",40000,482,219
1757737635,2025-09-13T04:27:15Z,CPA749,"-21.1539,33.608028",40000,483,219
1757737668,2025-09-13T04:27:48Z,CPA749,"-21.211075,33.55769",40000,484,219
1757737699,2025-09-13T04:28:19Z,CPA749,"-21.265667,33.509624",40000,483,219
1757737730,2025-09-13T04:28:50Z,CPA749,"-21.319435,33.46217",40000,482,219
1757737762,2025-09-13T04:29:22Z,CPA749,"-21.374321,33.413696",40000,481,219
1757737793,2025-09-13T04:29:53Z,CPA749,"-21.427389,33.366852",40000,479,219
1757737824,2025-09-13T04:30:24Z,CPA749,"-21.480469,33.319885",40000,477,219
1757737855,2025-09-13T04:30:55Z,CPA749,"-21.533432,33.272995",40000,477,219
1757737887,2025-09-13T04:31:27Z,CPA749,"-21.588507,33.224182",40000,475,219
1757737919,2025-09-13T04:31:59Z,CPA749,"-21.640732,33.177811",40000,472,219
1757737949,2025-09-13T04:32:29Z,CPA749,"-21.692644,33.131763",40000,471,219
1757737980,2025-09-13T04:33:00Z,CPA749,"-21.744968,33.085224",40000,471,219
1757738012,2025-09-13T04:33:32Z,CPA749,"-21.797806,33.038177",40000,472,219
1757738044,2025-09-13T04:34:04Z,CPA749,"-21.852737,32.988434",40000,472,220
1757738075,2025-09-13T04:34:35Z,CPA749,"-21.90427,32.94154",40000,473,220
1757738108,2025-09-13T04:35:08Z,CPA749,"-21.958237,32.892567",40000,474,220
1757738139,2025-09-13T04:35:39Z,CPA749,"-22.010193,32.845425",40000,476,220
1757738170,2025-09-13T04:36:10Z,CPA749,"-22.062927,32.797585",40000,478,220
1757738202,2025-09-13T04:36:42Z,CPA749,"-22.117805,32.748821",40000,477,219
1757738233,2025-09-13T04:37:13Z,CPA749,"-22.172104,32.700855",40000,477,219
1757738264,2025-09-13T04:37:44Z,CPA749,"-22.224411,32.654316",40000,476,219
1757738296,2025-09-13T04:38:16Z,CPA749,"-22.277206,32.607323",40000,476,219
1757738326,2025-09-13T04:38:46Z,CPA749,"-22.329895,32.56028",40000,476,219
1757738357,2025-09-13T04:39:17Z,CPA749,"-22.382767,32.513039",40000,477,219
1757738390,2025-09-13T04:39:50Z,CPA749,"-22.437527,32.464092",40000,478,219
1757738421,2025-09-13T04:40:21Z,CPA749,"-22.490782,32.416485",40000,478,219
1757738452,2025-09-13T04:40:52Z,CPA749,"-22.543396,32.36937",40000,480,219
1757738485,2025-09-13T04:41:25Z,CPA749,"-22.599995,32.318623",40000,481,219
1757738515,2025-09-13T04:41:55Z,CPA749,"-22.652506,32.271526",40000,481,219
1757738546,2025-09-13T04:42:26Z,CPA749,"-22.705124,32.224247",40000,480,219
1757738579,2025-09-13T04:42:59Z,CPA749,"-22.761475,32.173611",40000,479,219
1757738612,2025-09-13T04:43:32Z,CPA749,"-22.817812,32.122852",40000,478,219
1757738643,2025-09-13T04:44:03Z,CPA749,"-22.871017,32.074886",40000,477,219
1757738674,2025-09-13T04:44:34Z,CPA749,"-22.924072,32.027042",40000,475,219
1757738705,2025-09-13T04:45:05Z,CPA749,"-22.975624,31.980438",40000,473,219
1757738738,2025-09-13T04:45:38Z,CPA749,"-23.031372,31.931463",40000,472,218
1757738769,2025-09-13T04:46:09Z,CPA749,"-23.084091,31.88619",40000,471,218
1757738802,2025-09-13T04:46:42Z,CPA749,"-23.140549,31.837181",40000,471,218
1757738832,2025-09-13T04:47:12Z,CPA749,"-23.192326,31.791992",40000,472,218
1757738863,2025-09-13T04:47:43Z,CPA749,"-23.245394,31.745657",40000,472,218
1757738894,2025-09-13T04:48:14Z,CPA749,"-23.297836,31.6998",40000,473,218
1757738925,2025-09-13T04:48:45Z,CPA749,"-23.351534,31.652832",40000,474,218
1757738956,2025-09-13T04:49:16Z,CPA749,"-23.40316,31.606039",40000,472,222
1757738988,2025-09-13T04:49:48Z,CPA749,"-23.451782,31.550837",40000,467,229
1757739019,2025-09-13T04:50:19Z,CPA749,"-23.493471,31.494089",40000,467,231
1757739052,2025-09-13T04:50:52Z,CPA749,"-23.537384,31.434832",40000,468,231
1757739083,2025-09-13T04:51:23Z,CPA749,"-23.579872,31.377367",40000,469,231
1757739115,2025-09-13T04:51:55Z,CPA749,"-23.622711,31.31897",40000,471,231
1757739146,2025-09-13T04:52:26Z,CPA749,"-23.665237,31.260935",40000,473,231
1757739178,2025-09-13T04:52:58Z,CPA749,"-23.709229,31.200815",40000,472,231
1757739210,2025-09-13T04:53:30Z,CPA749,"-23.753174,31.140696",40000,471,231
1757739241,2025-09-13T04:54:01Z,CPA749,"-23.794571,31.08395",40000,469,231
1757739274,2025-09-13T04:54:34Z,CPA749,"-23.839005,31.02305",40000,468,231
1757739305,2025-09-13T04:55:05Z,CPA749,"-23.880646,30.965847",40000,469,231
1757739336,2025-09-13T04:55:36Z,CPA749,"-23.922546,30.908255",40000,469,231
1757739369,2025-09-13T04:56:09Z,CPA749,"-23.966908,30.847225",40000,468,231
1757739399,2025-09-13T04:56:39Z,CPA749,"-24.007595,30.791206",40000,466,231
1757739432,2025-09-13T04:57:12Z,CPA749,"-24.051865,30.730106",40000,464,231
1757739463,2025-09-13T04:57:43Z,CPA749,"-24.092514,30.673981",40000,464,231
1757739495,2025-09-13T04:58:15Z,CPA749,"-24.13472,30.615591",40000,463,231
1757739525,2025-09-13T04:58:45Z,CPA749,"-24.175461,30.559235",40000,462,231
1757739558,2025-09-13T04:59:18Z,CPA749,"-24.219128,30.498617",40000,462,231
1757739590,2025-09-13T04:59:50Z,CPA749,"-24.261154,30.440317",40000,461,231
1757739620,2025-09-13T05:00:20Z,CPA749,"-24.301392,30.38442",40000,460,231
1757739652,2025-09-13T05:00:52Z,CPA749,"-24.344376,30.324656",40000,461,231
1757739684,2025-09-13T05:01:24Z,CPA749,"-24.385086,30.267801",40000,462,231
1757739715,2025-09-13T05:01:55Z,CPA749,"-24.426378,30.210329",40000,462,231
1757739748,2025-09-13T05:02:28Z,CPA749,"-24.469997,30.149387",40000,462,231
1757739781,2025-09-13T05:03:01Z,CPA749,"-24.513384,30.088858",40000,461,232
1757739812,2025-09-13T05:03:32Z,CPA749,"-24.553894,30.032095",40000,461,232
1757739842,2025-09-13T05:04:02Z,CPA749,"-24.594955,29.974518",40000,462,232
1757739873,2025-09-13T05:04:33Z,CPA749,"-24.635584,29.917585",40000,461,232
1757739904,2025-09-13T05:05:04Z,CPA749,"-24.676117,29.860636",40000,461,232
1757739937,2025-09-13T05:05:37Z,CPA749,"-24.719425,29.799793",40000,462,232
1757739970,2025-09-13T05:06:10Z,CPA749,"-24.762451,29.739176",40000,463,232
1757740000,2025-09-13T05:06:40Z,CPA749,"-24.803009,29.682007",39725,463,232
1757740031,2025-09-13T05:07:11Z,CPA749,"-24.843201,29.625244",38425,463,232
1757740062,2025-09-13T05:07:42Z,CPA749,"-24.88504,29.566193",36750,469,232
1757740093,2025-09-13T05:08:13Z,CPA749,"-24.925743,29.508604",34875,479,232
1757740126,2025-09-13T05:08:46Z,CPA749,"-24.971737,29.443462",32700,493,232
1757740157,2025-09-13T05:09:17Z,CPA749,"-25.014799,29.382521",31625,481,232
1757740187,2025-09-13T05:09:47Z,CPA749,"-25.05574,29.324392",30900,470,232
1757740218,2025-09-13T05:10:18Z,CPA749,"-25.096298,29.266815",29975,464,232
1757740250,2025-09-13T05:10:50Z,CPA749,"-25.138954,29.205961",28825,457,232
1757740281,2025-09-13T05:11:21Z,CPA749,"-25.178284,29.149933",27750,454,232
1757740312,2025-09-13T05:11:52Z,CPA749,"-25.217999,29.093197",26675,450,232
1757740345,2025-09-13T05:12:25Z,CPA749,"-25.258942,29.034678",25575,444,232
1757740375,2025-09-13T05:12:55Z,CPA749,"-25.29751,28.979549",24550,437,232
1757740407,2025-09-13T05:13:27Z,CPA749,"-25.336428,28.923841",23475,430,232
1757740440,2025-09-13T05:14:00Z,CPA749,"-25.375671,28.867544",22425,422,232
1757740470,2025-09-13T05:14:30Z,CPA749,"-25.411564,28.815792",21425,416,232
1757740502,2025-09-13T05:15:02Z,CPA749,"-25.448959,28.762003",20425,410,232
1757740515,2025-09-13T05:15:15Z,CPA749,"-25.465843,28.741167",20000,409,222
1757740518,2025-09-13T05:15:18Z,CPA749,"-25.468689,28.738403",19950,409,220
1757740520,2025-09-13T05:15:20Z,CPA749,"-25.471615,28.735725",19875,408,218
1757740522,2025-09-13T05:15:22Z,CPA749,"-25.473999,28.733673",19825,408,216
1757740524,2025-09-13T05:15:24Z,CPA749,"-25.478273,28.730232",19750,408,215
1757740526,2025-09-13T05:15:26Z,CPA749,"-25.481415,28.727875",19675,408,213
1757740528,2025-09-13T05:15:28Z,CPA749,"-25.485069,28.725206",19600,408,212
1757740530,2025-09-13T05:15:30Z,CPA749,"-25.488792,28.722614",19525,407,212
1757740533,2025-09-13T05:15:33Z,CPA749,"-25.491726,28.720541",19475,407,212
1757740535,2025-09-13T05:15:35Z,CPA749,"-25.494919,28.718313",19400,405,212
1757740537,2025-09-13T05:15:37Z,CPA749,"-25.498104,28.716085",19350,405,212
1757740539,2025-09-13T05:15:39Z,CPA749,"-25.502386,28.713079",19250,406,212
1757740541,2025-09-13T05:15:41Z,CPA749,"-25.505459,28.710955",19200,404,212
1757740543,2025-09-13T05:15:43Z,CPA749,"-25.508205,28.708986",19150,404,212
1757740546,2025-09-13T05:15:46Z,CPA749,"-25.512255,28.706083",19075,403,212
1757740577,2025-09-13T05:16:17Z,CPA749,"-25.560577,28.670637",18075,396,214
1757740609,2025-09-13T05:16:49Z,CPA749,"-25.60849,28.634848",17100,387,213
1757740640,2025-09-13T05:17:20Z,CPA749,"-25.655182,28.600363",16125,378,213
1757740672,2025-09-13T05:17:52Z,CPA749,"-25.701096,28.566437",15175,371,213
1757740704,2025-09-13T05:18:24Z,CPA749,"-25.747019,28.532427",14225,366,213
1757740717,2025-09-13T05:18:37Z,CPA749,"-25.76564,28.521027",13850,365,202
1757740719,2025-09-13T05:18:39Z,CPA749,"-25.768799,28.519644",13800,364,199
1757740721,2025-09-13T05:18:41Z,CPA749,"-25.771729,28.518576",13725,364,197
1757740723,2025-09-13T05:18:43Z,CPA749,"-25.775742,28.517242",13675,363,194
1757740725,2025-09-13T05:18:45Z,CPA749,"-25.778767,28.516415",13600,364,193
1757740727,2025-09-13T05:18:47Z,CPA749,"-25.782166,28.515574",13550,363,191
1757740729,2025-09-13T05:18:49Z,CPA749,"-25.786541,28.514601",13475,363,191
1757740732,2025-09-13T05:18:52Z,CPA749,"-25.789055,28.514082",13425,364,190
1757740734,2025-09-13T05:18:54Z,CPA749,"-25.792641,28.513304",13350,363,190
1757740736,2025-09-13T05:18:56Z,CPA749,"-25.796085,28.512579",13300,364,190
1757740738,2025-09-13T05:18:58Z,CPA749,"-25.80018,28.511749",13225,363,190
1757740740,2025-09-13T05:19:00Z,CPA749,"-25.803534,28.511024",13175,363,190
1757740742,2025-09-13T05:19:02Z,CPA749,"-25.807722,28.510143",13100,362,191
1757740744,2025-09-13T05:19:04Z,CPA749,"-25.811188,28.509369",13025,364,191
1757740777,2025-09-13T05:19:37Z,CPA749,"-25.862747,28.49658",12550,346,193
1757740808,2025-09-13T05:20:08Z,CPA749,"-25.91066,28.484129",12275,324,193
1757740839,2025-09-13T05:20:39Z,CPA749,"-25.954651,28.472883",12050,304,192
1757740871,2025-09-13T05:21:11Z,CPA749,"-25.99791,28.461897",11475,308,192
1757740885,2025-09-13T05:21:25Z,CPA749,"-26.01907,28.456545",11150,311,192
1757740898,2025-09-13T05:21:38Z,CPA749,"-26.036062,28.452213",10900,310,193
1757740911,2025-09-13T05:21:51Z,CPA749,"-26.054306,28.447594",10625,309,192
1757740924,2025-09-13T05:22:04Z,CPA749,"-26.073853,28.442671",10325,307,192
1757740937,2025-09-13T05:22:17Z,CPA749,"-26.090424,28.438473",10075,306,192
1757740950,2025-09-13T05:22:30Z,CPA749,"-26.108551,28.433861",9875,303,192
1757740965,2025-09-13T05:22:45Z,CPA749,"-26.128784,28.428679",9700,296,192
1757740977,2025-09-13T05:22:57Z,CPA749,"-26.145859,28.424377",9550,291,192
1757740992,2025-09-13T05:23:12Z,CPA749,"-26.164398,28.419662",9400,284,192
1757741006,2025-09-13T05:23:26Z,CPA749,"-26.182468,28.414501",9275,276,196
1757741021,2025-09-13T05:23:41Z,CPA749,"-26.199783,28.408001",9125,270,199
1757741035,2025-09-13T05:23:55Z,CPA749,"-26.21608,28.40156",9000,264,199
1757741049,2025-09-13T05:24:09Z,CPA749,"-26.232193,28.395201",9000,251,199
1757741061,2025-09-13T05:24:21Z,CPA749,"-26.245359,28.389517",9000,238,206
1757741065,2025-09-13T05:24:25Z,CPA749,"-26.248991,28.387352",9000,234,210
1757741067,2025-09-13T05:24:27Z,CPA749,"-26.250807,28.386084",9000,231,212
1757741069,2025-09-13T05:24:29Z,CPA749,"-26.252518,28.384836",9000,229,214
1757741071,2025-09-13T05:24:31Z,CPA749,"-26.254395,28.383387",9000,227,215
1757741073,2025-09-13T05:24:33Z,CPA749,"-26.256088,28.381987",8975,226,216
1757741075,2025-09-13T05:24:35Z,CPA749,"-26.257965,28.380432",8975,223,217
1757741077,2025-09-13T05:24:37Z,CPA749,"-26.259512,28.379059",8975,220,218
1757741079,2025-09-13T05:24:39Z,CPA749,"-26.261141,28.377686",8975,219,218
1757741081,2025-09-13T05:24:41Z,CPA749,"-26.262772,28.376207",8975,217,218
1757741083,2025-09-13T05:24:43Z,CPA749,"-26.264374,28.374836",8975,214,218
1757741085,2025-09-13T05:24:45Z,CPA749,"-26.265701,28.373644",8975,213,218
1757741087,2025-09-13T05:24:47Z,CPA749,"-26.267286,28.372297",8975,212,218
1757741089,2025-09-13T05:24:49Z,CPA749,"-26.268915,28.370819",9000,212,218
1757741091,2025-09-13T05:24:51Z,CPA749,"-26.270592,28.369341",9000,212,218
1757741093,2025-09-13T05:24:53Z,CPA749,"-26.271881,28.368202",9000,212,218
1757741107,2025-09-13T05:25:07Z,CPA749,"-26.283207,28.358301",9000,217,218
1757741122,2025-09-13T05:25:22Z,CPA749,"-26.294613,28.348265",8800,215,218
1757741136,2025-09-13T05:25:36Z,CPA749,"-26.305847,28.338455",8575,214,218
1757741150,2025-09-13T05:25:50Z,CPA749,"-26.316238,28.328091",8325,210,230
1757741152,2025-09-13T05:25:52Z,CPA749,"-26.317291,28.326536",8300,209,234
1757741154,2025-09-13T05:25:54Z,CPA749,"-26.318436,28.324671",8275,207,238
1757741157,2025-09-13T05:25:57Z,CPA749,"-26.31958,28.322546",8225,206,240
1757741159,2025-09-13T05:25:59Z,CPA749,"-26.320404,28.320786",8200,207,242
1757741161,2025-09-13T05:26:01Z,CPA749,"-26.321274,28.318867",8150,206,244
1757741163,2025-09-13T05:26:03Z,CPA749,"-26.322124,28.316891",8125,206,245
1757741165,2025-09-13T05:26:05Z,CPA749,"-26.32287,28.315042",8100,206,246
1757741167,2025-09-13T05:26:07Z,CPA749,"-26.323608,28.313063",8050,206,246
1757741169,2025-09-13T05:26:09Z,CPA749,"-26.324387,28.311094",8000,206,247
1757741171,2025-09-13T05:26:11Z,CPA749,"-26.325119,28.309177",7975,205,247
1757741173,2025-09-13T05:26:13Z,CPA749,"-26.325806,28.307207",7950,205,247
1757741175,2025-09-13T05:26:15Z,CPA749,"-26.326548,28.305218",7900,205,247
1757741177,2025-09-13T05:26:17Z,CPA749,"-26.327408,28.302958",7875,205,247
1757741179,2025-09-13T05:26:19Z,CPA749,"-26.328094,28.301092",7825,204,247
1757741181,2025-09-13T05:26:21Z,CPA749,"-26.328781,28.299227",7800,204,247
1757741183,2025-09-13T05:26:23Z,CPA749,"-26.329514,28.29731",7775,203,247
1757741195,2025-09-13T05:26:35Z,CPA749,"-26.334135,28.285147",7650,202,247
1757741203,2025-09-13T05:26:43Z,CPA749,"-26.336184,28.277382",7650,197,260
1757741205,2025-09-13T05:26:45Z,CPA749,"-26.336416,28.27548",7650,197,263
1757741207,2025-09-13T05:26:47Z,CPA749,"-26.336555,28.273369",7650,195,266
1757741209,2025-09-13T05:26:49Z,CPA749,"-26.336609,28.271347",7650,195,269
1757741211,2025-09-13T05:26:51Z,CPA749,"-26.336603,28.269354",7650,193,272
1757741213,2025-09-13T05:26:53Z,CPA749,"-26.336517,28.267355",7650,192,273
1757741215,2025-09-13T05:26:55Z,CPA749,"-26.33637,28.265181",7650,191,274
1757741217,2025-09-13T05:26:57Z,CPA749,"-26.336184,28.263174",7650,190,275
1757741219,2025-09-13T05:26:59Z,CPA749,"-26.335997,28.261219",7650,191,276
1757741221,2025-09-13T05:27:01Z,CPA749,"-26.335812,28.259371",7650,190,276
1757741223,2025-09-13T05:27:03Z,CPA749,"-26.335579,28.257418",7650,190,276
1757741225,2025-09-13T05:27:05Z,CPA749,"-26.335327,28.255178",7650,190,276
1757741227,2025-09-13T05:27:07Z,CPA749,"-26.335144,28.25326",7650,191,276
1757741229,2025-09-13T05:27:09Z,CPA749,"-26.334961,28.251654",7650,191,276
1757741231,2025-09-13T05:27:11Z,CPA749,"-26.33474,28.249599",7650,191,276
1757741233,2025-09-13T05:27:13Z,CPA749,"-26.334507,28.247328",7650,191,276
1757741235,2025-09-13T05:27:15Z,CPA749,"-26.33432,28.245539",7650,191,276
1757741237,2025-09-13T05:27:17Z,CPA749,"-26.334089,28.243578",7650,192,276
1757741251,2025-09-13T05:27:31Z,CPA749,"-26.332367,28.22974",7650,189,284
1757741253,2025-09-13T05:27:33Z,CPA749,"-26.331902,28.227839",7650,189,288
1757741255,2025-09-13T05:27:35Z,CPA749,"-26.331299,28.226105",7650,188,293
1757741257,2025-09-13T05:27:37Z,CPA749,"-26.330475,28.224239",7650,187,299
1757741259,2025-09-13T05:27:39Z,CPA749,"-26.329666,28.22282",7650,185,304
1757741261,2025-09-13T05:27:41Z,CPA749,"-26.328735,28.22139",7650,186,309
1757741263,2025-09-13T05:27:43Z,CPA749,"-26.327454,28.219784",7650,185,313
1757741265,2025-09-13T05:27:45Z,CPA749,"-26.326218,28.218487",7650,184,318
1757741267,2025-09-13T05:27:47Z,CPA749,"-26.324825,28.217327",7650,185,324
1757741270,2025-09-13T05:27:50Z,CPA749,"-26.323471,28.216311",7650,185,328
1757741272,2025-09-13T05:27:52Z,CPA749,"-26.321613,28.215162",7650,184,331
1757741274,2025-09-13T05:27:54Z,CPA749,"-26.319937,28.214211",7650,185,335
1757741276,2025-09-13T05:27:56Z,CPA749,"-26.318436,28.213512",7650,185,337
1757741278,2025-09-13T05:27:58Z,CPA749,"-26.316971,28.212839",7650,185,338
1757741280,2025-09-13T05:28:00Z,CPA749,"-26.315422,28.212204",7650,185,340
1757741282,2025-09-13T05:28:02Z,CPA749,"-26.313513,28.211464",7650,185,341
1757741284,2025-09-13T05:28:04Z,CPA749,"-26.31193,28.210884",7650,185,342
1757741286,2025-09-13T05:28:06Z,CPA749,"-26.310347,28.210356",7650,186,343
1757741288,2025-09-13T05:28:08Z,CPA749,"-26.308777,28.209885",7675,186,345
1757741290,2025-09-13T05:28:10Z,CPA749,"-26.307129,28.209419",7675,186,347
1757741292,2025-09-13T05:28:12Z,CPA749,"-26.305389,28.209003",7675,187,349
1757741294,2025-09-13T05:28:14Z,CPA749,"-26.303596,28.208717",7675,188,352
1757741296,2025-09-13T05:28:16Z,CPA749,"-26.302002,28.208538",7675,189,355
1757741298,2025-09-13T05:28:18Z,CPA749,"-26.299919,28.208401",7650,190,359
1757741300,2025-09-13T05:28:20Z,CPA749,"-26.298151,28.208401",7650,190,1
1757741302,2025-09-13T05:28:22Z,CPA749,"-26.296429,28.208508",7650,188,4
1757741304,2025-09-13T05:28:24Z,CPA749,"-26.29438,28.208717",7650,187,6
1757741307,2025-09-13T05:28:27Z,CPA749,"-26.292471,28.208982",7625,185,9
1757741309,2025-09-13T05:28:29Z,CPA749,"-26.290609,28.209352",7600,183,10
1757741311,2025-09-13T05:28:31Z,CPA749,"-26.289047,28.209677",7575,182,11
1757741313,2025-09-13T05:28:33Z,CPA749,"-26.28735,28.210091",7550,181,12
1757741315,2025-09-13T05:28:35Z,CPA749,"-26.285627,28.210514",7525,180,13
1757741317,2025-09-13T05:28:37Z,CPA749,"-26.284058,28.210974",7500,179,14
1757741319,2025-09-13T05:28:39Z,CPA749,"-26.281998,28.211571",7450,179,15
1757741321,2025-09-13T05:28:41Z,CPA749,"-26.280533,28.212009",7425,177,15
1757741323,2025-09-13T05:28:43Z,CPA749,"-26.278971,28.212521",7400,176,15
1757741325,2025-09-13T05:28:45Z,CPA749,"-26.277283,28.213047",7350,175,15
1757741327,2025-09-13T05:28:47Z,CPA749,"-26.275759,28.213524",7325,173,16
1757741329,2025-09-13T05:28:49Z,CPA749,"-26.274223,28.214001",7300,171,16
1757741331,2025-09-13T05:28:51Z,CPA749,"-26.272659,28.214548",7275,169,16
1757741333,2025-09-13T05:28:53Z,CPA749,"-26.271332,28.214964",7250,168,16
1757741347,2025-09-13T05:29:07Z,CPA749,"-26.26063,28.218437",7050,164,15
1757741360,2025-09-13T05:29:20Z,CPA749,"-26.251411,28.221289",6850,164,15
1757741374,2025-09-13T05:29:34Z,CPA749,"-26.241497,28.224352",6650,152,15
1757741389,2025-09-13T05:29:49Z,CPA749,"-26.231918,28.227348",6475,142,15
1757741401,2025-09-13T05:30:01Z,CPA749,"-26.224136,28.229733",6350,139,15
1757741415,2025-09-13T05:30:15Z,CPA749,"-26.215195,28.232487",6175,139,15
1757741429,2025-09-13T05:30:29Z,CPA749,"-26.206741,28.235123",6025,137,15
1757741443,2025-09-13T05:30:43Z,CPA749,"-26.197723,28.237921",5850,139,15
1757741456,2025-09-13T05:30:56Z,CPA749,"-26.189941,28.240305",5725,139,15
1757741470,2025-09-13T05:31:10Z,CPA749,"-26.181198,28.243",5550,140,15
1757741483,2025-09-13T05:31:23Z,CPA749,"-26.173437,28.245426",5400,139,15
1757741497,2025-09-13T05:31:37Z,CPA749,"-26.164261,28.248234",5200,140,15
1757741512,2025-09-13T05:31:52Z,CPA749,"-26.155888,28.250868",5150,113,15
1757741524,2025-09-13T05:32:04Z,CPA749,"-26.150288,28.252573",0,84,16
1757741531,2025-09-13T05:32:11Z,CPA749,"-26.14802,28.253191",0,57,8
1757741532,2025-09-13T05:32:12Z,CPA749,"-26.14781,28.253218",0,54,8
1757741533,2025-09-13T05:32:13Z,CPA749,"-26.147554,28.253244",0,50,5
1757741535,2025-09-13T05:32:15Z,CPA749,"-26.147049,28.253246",0,41,2
1757741537,2025-09-13T05:32:17Z,CPA749,"-26.146717,28.253208",0,36,354
1757741539,2025-09-13T05:32:19Z,CPA749,"-26.146496,28.253164",0,32,351
1757741541,2025-09-13T05:32:21Z,CPA749,"-26.146215,28.253099",0,29,345
1757741543,2025-09-13T05:32:23Z,CPA749,"-26.145994,28.253019",0,26,343
1757741545,2025-09-13T05:32:25Z,CPA749,"-26.145733,28.252911",0,22,340
1757741548,2025-09-13T05:32:28Z,CPA749,"-26.145494,28.252808",0,17,340
1757741551,2025-09-13T05:32:31Z,CPA749,"-26.145287,28.252703",0,13,337
1757741556,2025-09-13T05:32:36Z,CPA749,"-26.145081,28.252508",0,13,323
1757741561,2025-09-13T05:32:41Z,CPA749,"-26.144875,28.252262",0,13,315
1757741565,2025-09-13T05:32:45Z,CPA749,"-26.144691,28.252056",0,14,315
1757741569,2025-09-13T05:32:49Z,CPA749,"-26.144485,28.251835",0,15,315
1757741573,2025-09-13T05:32:53Z,CPA749,"-26.144279,28.251602",0,15,315
1757741580,2025-09-13T05:33:00Z,CPA749,"-26.143888,28.251184",0,17,315
1757741587,2025-09-13T05:33:07Z,CPA749,"-26.143456,28.250721",0,19,315
1757741594,2025-09-13T05:33:14Z,CPA749,"-26.142986,28.250216",0,20,315
1757741601,2025-09-13T05:33:21Z,CPA749,"-26.142506,28.249685",0,22,315
1757741609,2025-09-13T05:33:29Z,CPA749,"-26.141933,28.249071",0,23,315
1757741616,2025-09-13T05:33:36Z,CPA749,"-26.141363,28.248451",0,24,315
1757741622,2025-09-13T05:33:42Z,CPA749,"-26.140858,28.247896",0,25,315
1757741629,2025-09-13T05:33:49Z,CPA749,"-26.140228,28.247223",0,27,315
1757741637,2025-09-13T05:33:57Z,CPA749,"-26.13953,28.246458",0,28,315
1757741643,2025-09-13T05:34:03Z,CPA749,"-26.138988,28.245876",0,22,315
1757741650,2025-09-13T05:34:10Z,CPA749,"-26.138546,28.245382",0,14,315
1757741658,2025-09-13T05:34:18Z,CPA749,"-26.138191,28.245007",0,15,315
1757741665,2025-09-13T05:34:25Z,CPA749,"-26.137814,28.244593",0,15,315
1757741672,2025-09-13T05:34:32Z,CPA749,"-26.137447,28.244204",0,16,315
1757741679,2025-09-13T05:34:39Z,CPA749,"-26.137035,28.243763",0,17,315
1757741685,2025-09-13T05:34:45Z,CPA749,"-26.136707,28.243406",0,17,315
1757741692,2025-09-13T05:34:52Z,CPA749,"-26.136288,28.242945",0,17,315
1757741699,2025-09-13T05:34:59Z,CPA749,"-26.135914,28.242533",0,16,315
1757741706,2025-09-13T05:35:06Z,CPA749,"-26.135509,28.2421",0,17,315
1757741714,2025-09-13T05:35:14Z,CPA749,"-26.135056,28.241611",0,18,315
1757741721,2025-09-13T05:35:21Z,CPA749,"-26.134624,28.241135",0,17,315
1757741728,2025-09-13T05:35:28Z,CPA749,"-26.13422,28.240694",0,17,315
1757741735,2025-09-13T05:35:35Z,CPA749,"-26.13382,28.240265",0,16,315
1757741741,2025-09-13T05:35:41Z,CPA749,"-26.133484,28.239895",0,16,315
1757741748,2025-09-13T05:35:48Z,CPA749,"-26.133076,28.239458",0,16,315
1757741755,2025-09-13T05:35:55Z,CPA749,"-26.132687,28.239035",0,17,315
1757741762,2025-09-13T05:36:02Z,CPA749,"-26.132273,28.238586",0,17,315
1757741770,2025-09-13T05:36:10Z,CPA749,"-26.13183,28.238111",0,18,315
1757741777,2025-09-13T05:36:17Z,CPA749,"-26.13147,28.237701",0,13,315
1757741782,2025-09-13T05:36:22Z,CPA749,"-26.13133,28.237452",0,10,303
1757741786,2025-09-13T05:36:26Z,CPA749,"-26.131308,28.23724",0,10,289
1757741791,2025-09-13T05:36:31Z,CPA749,"-26.131319,28.237015",0,9,275
1757741797,2025-09-13T05:36:37Z,CPA749,"-26.131319,28.236792",0,8,272
1757741803,2025-09-13T05:36:43Z,CPA749,"-26.131308,28.236567",0,7,272
1757741810,2025-09-13T05:36:50Z,CPA749,"-26.131285,28.236303",0,7,275
1757741817,2025-09-13T05:36:57Z,CPA749,"-26.13126,28.236065",0,6,275
1757741824,2025-09-13T05:37:04Z,CPA749,"-26.131237,28.235826",0,7,275
1757741831,2025-09-13T05:37:11Z,CPA749,"-26.131214,28.235563",0,8,275
1757741839,2025-09-13T05:37:19Z,CPA749,"-26.131187,28.235252",0,8,275
1757741846,2025-09-13T05:37:26Z,CPA749,"-26.131153,28.23498",0,8,275
1757741854,2025-09-13T05:37:34Z,CPA749,"-26.13113,28.234669",0,8,275
1757741861,2025-09-13T05:37:41Z,CPA749,"-26.131096,28.234409",0,6,275
1757741869,2025-09-13T05:37:49Z,CPA749,"-26.130947,28.234203",0,7,298
1757741876,2025-09-13T05:37:56Z,CPA749,"-26.130741,28.234074",0,7,317
1757741884,2025-09-13T05:38:04Z,CPA749,"-26.130501,28.233917",0,6,323
1757741894,2025-09-13T05:38:14Z,CPA749,"-26.130295,28.233736",0,6,323
1757741908,2025-09-13T05:38:28Z,CPA749,"-26.130077,28.233541",0,2,320
