Timestamp,UTC,Callsign,Position,Altitude,Speed,Direction
1757608549,2025-09-11T16:35:49Z,CPA315,"22.315029,113.931358",0,3,160
1757608565,2025-09-11T16:36:05Z,CPA315,"22.315235,113.931259",0,3,165
1757608584,2025-09-11T16:36:24Z,CPA315,"22.315453,113.931129",0,3,191
1757608600,2025-09-11T16:36:40Z,CPA315,"22.315664,113.931084",0,3,216
1757608618,2025-09-11T16:36:58Z,CPA315,"22.315899,113.931145",0,3,244
1757608687,2025-09-11T16:38:07Z,CPA315,"22.315796,113.930779",0,0,250
1757608883,2025-09-11T16:41:23Z,CPA315,"22.315664,113.930359",0,0,250
1757608909,2025-09-11T16:41:49Z,CPA315,"22.315475,113.929756",0,0,250
1757608918,2025-09-11T16:41:58Z,CPA315,"22.315397,113.92952",0,0,250
1757608926,2025-09-11T16:42:06Z,CPA315,"22.315327,113.929306",0,6,250
1757608948,2025-09-11T16:42:28Z,CPA315,"22.315086,113.928574",0,0,250
1757608973,2025-09-11T16:42:53Z,CPA315,"22.31492,113.927628",0,0,270
1757608978,2025-09-11T16:42:58Z,CPA315,"22.315001,113.927422",0,8,281
1757608991,2025-09-11T16:43:11Z,CPA315,"22.315233,113.926949",0,9,295
1757608999,2025-09-11T16:43:19Z,CPA315,"22.315372,113.926651",0,9,295
1757609011,2025-09-11T16:43:31Z,CPA315,"22.315596,113.92614",0,10,295
1757609020,2025-09-11T16:43:40Z,CPA315,"22.315792,113.925705",0,10,295
1757609027,2025-09-11T16:43:47Z,CPA315,"22.315933,113.9254",0,11,295
1757609039,2025-09-11T16:43:59Z,CPA315,"22.316185,113.924843",0,11,295
1757609048,2025-09-11T16:44:08Z,CPA315,"22.316399,113.924385",0,12,295
1757609053,2025-09-11T16:44:13Z,CPA315,"22.316505,113.924026",0,13,289
1757609058,2025-09-11T16:44:18Z,CPA315,"22.316483,113.923752",0,13,272
1757609062,2025-09-11T16:44:22Z,CPA315,"22.316391,113.923492",0,13,258
1757609066,2025-09-11T16:44:26Z,CPA315,"22.316311,113.923256",0,13,253
1757609069,2025-09-11T16:44:29Z,CPA315,"22.316235,113.92305",0,13,250
1757609073,2025-09-11T16:44:33Z,CPA315,"22.316166,113.922821",0,14,250
1757609080,2025-09-11T16:44:40Z,CPA315,"22.316095,113.9226",0,14,250
1757609087,2025-09-11T16:44:47Z,CPA315,"22.315874,113.921913",0,15,250
1757609090,2025-09-11T16:44:50Z,CPA315,"22.315804,113.921684",0,15,250
1757609096,2025-09-11T16:44:56Z,CPA315,"22.315653,113.921257",0,14,250
1757609103,2025-09-11T16:45:03Z,CPA315,"22.315514,113.920845",0,11,247
1757609108,2025-09-11T16:45:08Z,CPA315,"22.315281,113.920654",0,13,225
1757609113,2025-09-11T16:45:13Z,CPA315,"22.315006,113.920647",0,13,196
1757609120,2025-09-11T16:45:20Z,CPA315,"22.314756,113.920761",0,12,171
1757609132,2025-09-11T16:45:32Z,CPA315,"22.314068,113.921043",0,11,160
1757609139,2025-09-11T16:45:39Z,CPA315,"22.31377,113.921158",0,11,160
1757609143,2025-09-11T16:45:43Z,CPA315,"22.313547,113.921227",0,11,160
1757609152,2025-09-11T16:45:52Z,CPA315,"22.313162,113.921379",0,12,160
1757609159,2025-09-11T16:45:59Z,CPA315,"22.312778,113.921524",0,13,160
1757609166,2025-09-11T16:46:06Z,CPA315,"22.312283,113.921707",0,15,160
1757609174,2025-09-11T16:46:14Z,CPA315,"22.311754,113.921906",0,16,160
1757609181,2025-09-11T16:46:21Z,CPA315,"22.311264,113.922096",0,16,160
1757609188,2025-09-11T16:46:28Z,CPA315,"22.310741,113.922287",0,17,160
1757609196,2025-09-11T16:46:36Z,CPA315,"22.310171,113.922485",0,17,160
1757609204,2025-09-11T16:46:44Z,CPA315,"22.309521,113.922745",0,17,160
1757609211,2025-09-11T16:46:51Z,CPA315,"22.308962,113.922935",0,18,160
1757609218,2025-09-11T16:46:58Z,CPA315,"22.308367,113.923164",0,18,160
1757609225,2025-09-11T16:47:05Z,CPA315,"22.307819,113.923363",0,16,160
1757609232,2025-09-11T16:47:12Z,CPA315,"22.307407,113.923492",0,11,165
1757609238,2025-09-11T16:47:18Z,CPA315,"22.307144,113.923355",0,12,196
1757609242,2025-09-11T16:47:22Z,CPA315,"22.307041,113.923111",0,13,227
1757609246,2025-09-11T16:47:26Z,CPA315,"22.307007,113.922867",0,13,244
1757609250,2025-09-11T16:47:30Z,CPA315,"22.30695,113.922646",0,14,250
1757609252,2025-09-11T16:47:32Z,CPA315,"22.306881,113.92244",0,15,250
1757609256,2025-09-11T16:47:36Z,CPA315,"22.306801,113.922195",0,15,250
1757609259,2025-09-11T16:47:39Z,CPA315,"22.306715,113.921913",0,16,250
1757609271,2025-09-11T16:47:51Z,CPA315,"22.306423,113.921005",0,17,250
1757609275,2025-09-11T16:47:55Z,CPA315,"22.306297,113.920631",0,17,250
1757609282,2025-09-11T16:48:02Z,CPA315,"22.306133,113.920113",0,17,250
1757609290,2025-09-11T16:48:10Z,CPA315,"22.30592,113.919472",0,18,250
1757609297,2025-09-11T16:48:17Z,CPA315,"22.305714,113.918839",0,18,250
1757609304,2025-09-11T16:48:24Z,CPA315,"22.305517,113.918228",0,18,250
1757609310,2025-09-11T16:48:30Z,CPA315,"22.305325,113.91761",0,19,250
1757609317,2025-09-11T16:48:37Z,CPA315,"22.30513,113.917015",0,19,250
1757609324,2025-09-11T16:48:44Z,CPA315,"22.304934,113.916382",0,19,250
1757609332,2025-09-11T16:48:52Z,CPA315,"22.304678,113.915611",0,20,250
1757609340,2025-09-11T16:49:00Z,CPA315,"22.304432,113.914841",0,20,250
1757609347,2025-09-11T16:49:07Z,CPA315,"22.304178,113.914055",0,21,250
1757609354,2025-09-11T16:49:14Z,CPA315,"22.303963,113.913376",0,21,250
1757609361,2025-09-11T16:49:21Z,CPA315,"22.303734,113.912666",0,21,250
1757609368,2025-09-11T16:49:28Z,CPA315,"22.303503,113.911957",0,22,250
1757609376,2025-09-11T16:49:36Z,CPA315,"22.303259,113.911186",0,22,250
1757609383,2025-09-11T16:49:43Z,CPA315,"22.303003,113.910408",0,23,250
1757609390,2025-09-11T16:49:50Z,CPA315,"22.302734,113.909584",0,23,250
1757609398,2025-09-11T16:49:58Z,CPA315,"22.302464,113.908707",0,24,250
1757609404,2025-09-11T16:50:04Z,CPA315,"22.302235,113.908035",0,24,250
1757609411,2025-09-11T16:50:11Z,CPA315,"22.302017,113.907349",0,22,250
1757609418,2025-09-11T16:50:18Z,CPA315,"22.301788,113.906639",0,19,250
1757609426,2025-09-11T16:50:26Z,CPA315,"22.301537,113.905861",0,16,250
1757609433,2025-09-11T16:50:33Z,CPA315,"22.301376,113.905365",0,16,250
1757609441,2025-09-11T16:50:41Z,CPA315,"22.301188,113.904762",0,15,250
1757609448,2025-09-11T16:50:48Z,CPA315,"22.301022,113.904243",0,14,250
1757609455,2025-09-11T16:50:55Z,CPA315,"22.300884,113.903839",0,12,250
1757609467,2025-09-11T16:51:07Z,CPA315,"22.300644,113.903114",0,12,250
1757609475,2025-09-11T16:51:15Z,CPA315,"22.300512,113.902687",0,13,250
1757609481,2025-09-11T16:51:21Z,CPA315,"22.300392,113.90229",0,13,250
1757609489,2025-09-11T16:51:29Z,CPA315,"22.300257,113.901886",0,13,250
1757609496,2025-09-11T16:51:36Z,CPA315,"22.300095,113.901382",0,14,250
1757609503,2025-09-11T16:51:43Z,CPA315,"22.299942,113.900894",0,14,250
1757609510,2025-09-11T16:51:50Z,CPA315,"22.299791,113.900452",0,14,250
1757609518,2025-09-11T16:51:58Z,CPA315,"22.299625,113.899933",0,14,250
1757609525,2025-09-11T16:52:05Z,CPA315,"22.299454,113.899399",0,15,250
1757609532,2025-09-11T16:52:12Z,CPA315,"22.29929,113.898888",0,15,250
1757609540,2025-09-11T16:52:20Z,CPA315,"22.299116,113.898331",0,14,250
1757609547,2025-09-11T16:52:27Z,CPA315,"22.298975,113.897919",0,12,250
1757609554,2025-09-11T16:52:34Z,CPA315,"22.298836,113.897522",0,10,247
1757609562,2025-09-11T16:52:42Z,CPA315,"22.298615,113.897308",0,8,227
1757609569,2025-09-11T16:52:49Z,CPA315,"22.298378,113.897301",0,7,199
1757609578,2025-09-11T16:52:58Z,CPA315,"22.298126,113.897385",0,6,174
1757609587,2025-09-11T16:53:07Z,CPA315,"22.297882,113.897514",0,7,163
1757609595,2025-09-11T16:53:15Z,CPA315,"22.297649,113.897606",0,7,160
1757609601,2025-09-11T16:53:21Z,CPA315,"22.297428,113.897682",0,7,160
1757609607,2025-09-11T16:53:27Z,CPA315,"22.297195,113.897766",0,10,160
1757609612,2025-09-11T16:53:32Z,CPA315,"22.296974,113.897842",0,12,160
1757609625,2025-09-11T16:53:45Z,CPA315,"22.296318,113.898125",0,10,157
1757609631,2025-09-11T16:53:51Z,CPA315,"22.296217,113.898354",0,9,129
1757609637,2025-09-11T16:53:57Z,CPA315,"22.296329,113.898598",0,8,90
1757609646,2025-09-11T16:54:06Z,CPA315,"22.296478,113.898834",0,4,70
1757609756,2025-09-11T16:55:56Z,CPA315,"22.29657,113.899094",0,0,70
1757609762,2025-09-11T16:56:02Z,CPA315,"22.296858,113.899979",0,44,70
1757609769,2025-09-11T16:56:09Z,CPA315,"22.297405,113.901657",0,72,70
1757609776,2025-09-11T16:56:16Z,CPA315,"22.298401,113.904701",75,104,71
1757609784,2025-09-11T16:56:24Z,CPA315,"22.300011,113.909706",75,138,71
1757609791,2025-09-11T16:56:31Z,CPA315,"22.301455,113.914185",75,160,71
1757609799,2025-09-11T16:56:39Z,CPA315,"22.303829,113.921509",25,186,70
1757609808,2025-09-11T16:56:48Z,CPA315,"22.306156,113.928734",275,191,71
1757609816,2025-09-11T16:56:56Z,CPA315,"22.308609,113.936615",725,187,72
1757609825,2025-09-11T16:57:05Z,CPA315,"22.31076,113.943756",1125,184,71
1757609831,2025-09-11T16:57:11Z,CPA315,"22.312487,113.949181",1400,183,70
1757609839,2025-09-11T16:57:19Z,CPA315,"22.314909,113.956398",1775,184,70
1757609848,2025-09-11T16:57:28Z,CPA315,"22.317375,113.964081",2050,191,70
1757609856,2025-09-11T16:57:36Z,CPA315,"22.319733,113.971268",2250,198,70
1757609864,2025-09-11T16:57:44Z,CPA315,"22.322433,113.979507",2450,200,71
1757609871,2025-09-11T16:57:51Z,CPA315,"22.324356,113.985603",2600,203,70
1757609879,2025-09-11T16:57:59Z,CPA315,"22.326965,113.993744",2775,207,70
1757609886,2025-09-11T16:58:06Z,CPA315,"22.329014,114.000038",2925,210,70
1757609892,2025-09-11T16:58:12Z,CPA315,"22.331247,114.006905",3100,213,70
1757609901,2025-09-11T16:58:21Z,CPA315,"22.333994,114.01535",3300,217,70
1757609910,2025-09-11T16:58:30Z,CPA315,"22.336927,114.024712",3525,218,73
1757609912,2025-09-11T16:58:32Z,CPA315,"22.337448,114.026649",3575,219,75
1757609914,2025-09-11T16:58:34Z,CPA315,"22.337997,114.029289",3625,219,78
1757609916,2025-09-11T16:58:36Z,CPA315,"22.338371,114.031525",3675,220,81
1757609918,2025-09-11T16:58:38Z,CPA315,"22.338638,114.033592",3725,219,83
1757609920,2025-09-11T16:58:40Z,CPA315,"22.338837,114.036201",3800,219,87
1757609922,2025-09-11T16:58:42Z,CPA315,"22.338882,114.038445",3825,220,90
1757609924,2025-09-11T16:58:44Z,CPA315,"22.338821,114.040535",3875,220,92
1757609927,2025-09-11T16:58:47Z,CPA315,"22.338684,114.042732",3925,220,96
1757609929,2025-09-11T16:58:49Z,CPA315,"22.338455,114.04493",3975,220,98
1757609931,2025-09-11T16:58:51Z,CPA315,"22.338045,114.047241",4025,220,101
1757609933,2025-09-11T16:58:53Z,CPA315,"22.33758,114.049477",4075,220,104
1757609935,2025-09-11T16:58:55Z,CPA315,"22.336945,114.051872",4125,221,107
1757609937,2025-09-11T16:58:57Z,CPA315,"22.336275,114.054054",4175,222,110
1757609939,2025-09-11T16:58:59Z,CPA315,"22.335342,114.056412",4200,222,112
1757609941,2025-09-11T16:59:01Z,CPA315,"22.334427,114.05851",4250,223,116
1757609943,2025-09-11T16:59:03Z,CPA315,"22.333511,114.06041",4300,224,118
1757609945,2025-09-11T16:59:05Z,CPA315,"22.332272,114.062653",4350,224,122
1757609947,2025-09-11T16:59:07Z,CPA315,"22.331131,114.064507",4400,224,125
1757609950,2025-09-11T16:59:10Z,CPA315,"22.32999,114.066162",4425,224,127
1757609952,2025-09-11T16:59:12Z,CPA315,"22.328548,114.068047",4500,224,130
1757609954,2025-09-11T16:59:14Z,CPA315,"22.327011,114.069824",4550,225,133
1757609956,2025-09-11T16:59:16Z,CPA315,"22.325226,114.071693",4625,225,136
1757609958,2025-09-11T16:59:18Z,CPA315,"22.323624,114.073189",4675,225,140
1757609960,2025-09-11T16:59:20Z,CPA315,"22.321747,114.074837",4750,225,143
1757609963,2025-09-11T16:59:23Z,CPA315,"22.319824,114.076286",4800,226,145
1757609965,2025-09-11T16:59:25Z,CPA315,"22.317993,114.077538",4850,226,148
1757609967,2025-09-11T16:59:27Z,CPA315,"22.316025,114.078789",4925,227,151
1757609969,2025-09-11T16:59:29Z,CPA315,"22.314211,114.079796",4950,228,153
1757609971,2025-09-11T16:59:31Z,CPA315,"22.312042,114.080879",5000,229,155
1757609973,2025-09-11T16:59:33Z,CPA315,"22.309753,114.081932",5050,230,157
1757609975,2025-09-11T16:59:35Z,CPA315,"22.308105,114.08268",5075,233,159
1757609978,2025-09-11T16:59:38Z,CPA315,"22.305725,114.08358",5125,234,161
1757609980,2025-09-11T16:59:40Z,CPA315,"22.303116,114.084427",5150,235,163
1757609982,2025-09-11T16:59:42Z,CPA315,"22.301514,114.084877",5200,238,165
1757609984,2025-09-11T16:59:44Z,CPA315,"22.299088,114.085526",5225,239,167
1757609986,2025-09-11T16:59:46Z,CPA315,"22.296986,114.085999",5250,241,169
1757609988,2025-09-11T16:59:48Z,CPA315,"22.294426,114.086456",5300,242,171
1757609990,2025-09-11T16:59:50Z,CPA315,"22.291763,114.086876",5325,244,172
1757609992,2025-09-11T16:59:52Z,CPA315,"22.289583,114.087166",5375,246,174
1757609994,2025-09-11T16:59:54Z,CPA315,"22.287186,114.087372",5400,248,176
1757609996,2025-09-11T16:59:56Z,CPA315,"22.284975,114.087471",5425,250,177
1757609998,2025-09-11T16:59:58Z,CPA315,"22.282368,114.087578",5450,252,178
1757610000,2025-09-11T17:00:00Z,CPA315,"22.280273,114.087624",5475,254,178
1757610003,2025-09-11T17:00:03Z,CPA315,"22.277248,114.08773",5525,256,178
1757610005,2025-09-11T17:00:05Z,CPA315,"22.274963,114.087776",5550,258,179
1757610007,2025-09-11T17:00:07Z,CPA315,"22.272079,114.087776",5575,260,179
1757610009,2025-09-11T17:00:09Z,CPA315,"22.269562,114.087822",5600,262,179
1757610011,2025-09-11T17:00:11Z,CPA315,"22.267286,114.08783",5625,264,180
1757610013,2025-09-11T17:00:13Z,CPA315,"22.264618,114.087822",5675,266,180
1757610015,2025-09-11T17:00:15Z,CPA315,"22.262259,114.087776",5700,268,180
1757610028,2025-09-11T17:00:28Z,CPA315,"22.246033,114.087524",5900,278,181
1757610042,2025-09-11T17:00:42Z,CPA315,"22.22699,114.087029",6350,280,181
1757610055,2025-09-11T17:00:55Z,CPA315,"22.21019,114.086678",6825,280,181
1757610074,2025-09-11T17:01:14Z,CPA315,"22.187588,114.088341",7300,281,162
1757610076,2025-09-11T17:01:16Z,CPA315,"22.184189,114.089523",7400,280,158
1757610078,2025-09-11T17:01:18Z,CPA315,"22.181908,114.090576",7475,280,157
1757610081,2025-09-11T17:01:21Z,CPA315,"22.177277,114.09317",7575,280,153
1757610085,2025-09-11T17:01:25Z,CPA315,"22.173018,114.096428",7675,281,142
1757610087,2025-09-11T17:01:27Z,CPA315,"22.170914,114.098412",7750,281,140
1757610090,2025-09-11T17:01:30Z,CPA315,"22.16906,114.100395",7775,282,133
1757610093,2025-09-11T17:01:33Z,CPA315,"22.165895,114.104462",7875,284,129
1757610095,2025-09-11T17:01:35Z,CPA315,"22.164459,114.106697",7900,284,129
1757610100,2025-09-11T17:01:40Z,CPA315,"22.161621,114.112144",8025,284,115
1757610102,2025-09-11T17:01:42Z,CPA315,"22.160477,114.115044",8075,284,115
1757610107,2025-09-11T17:01:47Z,CPA315,"22.158632,114.121803",8225,285,100
1757610110,2025-09-11T17:01:50Z,CPA315,"22.158121,114.125061",8275,286,99
1757610112,2025-09-11T17:01:52Z,CPA315,"22.157747,114.128471",8350,285,94
1757610114,2025-09-11T17:01:54Z,CPA315,"22.157547,114.131767",8425,285,92
1757610116,2025-09-11T17:01:56Z,CPA315,"22.157455,114.134712",8500,286,91
1757610119,2025-09-11T17:01:59Z,CPA315,"22.15741,114.13781",8550,286,90
1757610121,2025-09-11T17:02:01Z,CPA315,"22.157364,114.141457",8650,286,90
1757610123,2025-09-11T17:02:03Z,CPA315,"22.15733,114.144287",8725,285,90
1757610125,2025-09-11T17:02:05Z,CPA315,"22.157272,114.146553",8775,286,91
1757610127,2025-09-11T17:02:07Z,CPA315,"22.157236,114.150185",8875,285,91
1757610129,2025-09-11T17:02:09Z,CPA315,"22.157143,114.152931",8950,285,91
1757610131,2025-09-11T17:02:11Z,CPA315,"22.157043,114.155792",9000,285,92
1757610144,2025-09-11T17:02:24Z,CPA315,"22.156082,114.174614",9400,286,94
1757610159,2025-09-11T17:02:39Z,CPA315,"22.154572,114.195892",9850,288,94
1757610172,2025-09-11T17:02:52Z,CPA315,"22.153152,114.214417",10250,290,94
1757610185,2025-09-11T17:03:05Z,CPA315,"22.151871,114.231743",10675,288,94
1757610198,2025-09-11T17:03:18Z,CPA315,"22.151091,114.251808",11050,291,87
1757610202,2025-09-11T17:03:22Z,CPA315,"22.15151,114.25766",11150,293,82
1757610205,2025-09-11T17:03:25Z,CPA315,"22.152054,114.261711",11200,294,80
1757610207,2025-09-11T17:03:27Z,CPA315,"22.152534,114.264374",11250,294,78
1757610210,2025-09-11T17:03:30Z,CPA315,"22.153519,114.269295",11325,296,76
1757610213,2025-09-11T17:03:33Z,CPA315,"22.154442,114.273125",11375,297,74
1757610215,2025-09-11T17:03:35Z,CPA315,"22.155327,114.276527",11450,297,73
1757610217,2025-09-11T17:03:37Z,CPA315,"22.156036,114.278786",11475,298,70
1757610219,2025-09-11T17:03:39Z,CPA315,"22.157272,114.282234",11525,300,67
1757610221,2025-09-11T17:03:41Z,CPA315,"22.158306,114.284767",11550,301,64
1757610223,2025-09-11T17:03:43Z,CPA315,"22.159561,114.287476",11575,303,61
1757610225,2025-09-11T17:03:45Z,CPA315,"22.161285,114.290619",11625,305,57
1757610228,2025-09-11T17:03:48Z,CPA315,"22.162823,114.293159",11650,307,55
1757610230,2025-09-11T17:03:50Z,CPA315,"22.164551,114.295769",11675,308,53
1757610232,2025-09-11T17:03:52Z,CPA315,"22.166826,114.299011",11725,309,51
1757610234,2025-09-11T17:03:54Z,CPA315,"22.168671,114.301361",11775,310,49
1757610236,2025-09-11T17:03:56Z,CPA315,"22.170456,114.303505",11800,311,47
1757610238,2025-09-11T17:03:58Z,CPA315,"22.172411,114.305779",11850,312,46
1757610240,2025-09-11T17:04:00Z,CPA315,"22.175158,114.308678",11925,313,43
1757610242,2025-09-11T17:04:02Z,CPA315,"22.176819,114.310249",11950,314,41
1757610245,2025-09-11T17:04:05Z,CPA315,"22.179535,114.312798",12000,316,39
1757610247,2025-09-11T17:04:07Z,CPA315,"22.181862,114.314728",12050,317,36
1757610249,2025-09-11T17:04:09Z,CPA315,"22.184841,114.317017",12075,318,34
1757610251,2025-09-11T17:04:11Z,CPA315,"22.187393,114.31884",12100,319,32
1757610253,2025-09-11T17:04:13Z,CPA315,"22.190474,114.320778",12125,322,29
1757610256,2025-09-11T17:04:16Z,CPA315,"22.193594,114.32251",12150,324,26
1757610258,2025-09-11T17:04:18Z,CPA315,"22.196457,114.323883",12175,326,23
1757610260,2025-09-11T17:04:20Z,CPA315,"22.199066,114.324982",12200,328,20
1757610262,2025-09-11T17:04:22Z,CPA315,"22.202316,114.32618",12225,330,16
1757610264,2025-09-11T17:04:24Z,CPA315,"22.205841,114.327179",12250,331,13
1757610266,2025-09-11T17:04:26Z,CPA315,"22.208862,114.327873",12250,334,10
1757610268,2025-09-11T17:04:28Z,CPA315,"22.211842,114.328362",12275,336,6
1757610270,2025-09-11T17:04:30Z,CPA315,"22.215193,114.328712",12300,337,3
1757610273,2025-09-11T17:04:33Z,CPA315,"22.218964,114.328865",12325,340,2
1757610275,2025-09-11T17:04:35Z,CPA315,"22.222269,114.328766",12350,341,357
1757610277,2025-09-11T17:04:37Z,CPA315,"22.225296,114.328476",12375,342,353
1757610279,2025-09-11T17:04:39Z,CPA315,"22.228592,114.327972",12400,345,349
1757610281,2025-09-11T17:04:41Z,CPA315,"22.23237,114.327141",12425,346,347
1757610283,2025-09-11T17:04:43Z,CPA315,"22.234978,114.326378",12450,348,343
1757610285,2025-09-11T17:04:45Z,CPA315,"22.238892,114.324982",12500,349,339
1757610288,2025-09-11T17:04:48Z,CPA315,"22.242287,114.323524",12525,350,336
1757610290,2025-09-11T17:04:50Z,CPA315,"22.245127,114.322105",12575,352,333
1757610292,2025-09-11T17:04:52Z,CPA315,"22.248825,114.319984",12625,353,331
1757610294,2025-09-11T17:04:54Z,CPA315,"22.25169,114.318237",12675,353,329
1757610296,2025-09-11T17:04:56Z,CPA315,"22.254639,114.316391",12725,354,328
1757610298,2025-09-11T17:04:58Z,CPA315,"22.257322,114.314575",12775,354,328
1757610300,2025-09-11T17:05:00Z,CPA315,"22.260536,114.312439",12850,353,327
1757610303,2025-09-11T17:05:03Z,CPA315,"22.263107,114.310699",12925,353,327
1757610305,2025-09-11T17:05:05Z,CPA315,"22.266075,114.308678",12975,354,327
1757610307,2025-09-11T17:05:07Z,CPA315,"22.268867,114.306793",13050,354,327
1757610309,2025-09-11T17:05:09Z,CPA315,"22.271988,114.304657",13100,354,327
1757610311,2025-09-11T17:05:11Z,CPA315,"22.275238,114.302505",13150,355,328
1757610313,2025-09-11T17:05:13Z,CPA315,"22.278625,114.300262",13200,356,328
1757610315,2025-09-11T17:05:15Z,CPA315,"22.28153,114.298302",13225,357,328
1757610347,2025-09-11T17:05:47Z,CPA315,"22.327789,114.26915",13500,378,330
1757610379,2025-09-11T17:06:19Z,CPA315,"22.377914,114.237885",13875,397,329
1757610411,2025-09-11T17:06:51Z,CPA315,"22.42831,114.206184",14400,406,329
1757610443,2025-09-11T17:07:23Z,CPA315,"22.481285,114.172722",15050,412,329
1757610475,2025-09-11T17:07:55Z,CPA315,"22.533783,114.139557",15800,415,329
1757610505,2025-09-11T17:08:25Z,CPA315,"22.585936,114.111534",16500,417,334
1757610537,2025-09-11T17:08:57Z,CPA315,"22.642076,114.082848",17125,422,334
1757610568,2025-09-11T17:09:28Z,CPA315,"22.698578,114.053719",17825,424,334
1757610601,2025-09-11T17:10:01Z,CPA315,"22.756363,114.023994",18325,430,334
1757610631,2025-09-11T17:10:31Z,CPA315,"22.809219,113.996788",19000,428,334
1757610662,2025-09-11T17:11:02Z,CPA315,"22.867018,113.96698",19500,432,334
1757610695,2025-09-11T17:11:35Z,CPA315,"22.92627,113.936409",20025,436,334
1757610726,2025-09-11T17:12:06Z,CPA315,"22.983631,113.906555",20550,438,334
1757610758,2025-09-11T17:12:38Z,CPA315,"23.040983,113.875732",20925,444,331
1757610790,2025-09-11T17:13:10Z,CPA315,"23.097544,113.836464",21375,449,323
1757610823,2025-09-11T17:13:43Z,CPA315,"23.1492,113.789993",21975,449,316
1757610834,2025-09-11T17:13:54Z,CPA315,"23.166367,113.770569",22175,450,309
1757610836,2025-09-11T17:13:56Z,CPA315,"23.169142,113.766937",22200,450,308
1757610838,2025-09-11T17:13:58Z,CPA315,"23.17218,113.762627",22225,450,306
1757610840,2025-09-11T17:14:00Z,CPA315,"23.174681,113.759003",22250,451,305
1757610843,2025-09-11T17:14:03Z,CPA315,"23.177521,113.754524",22275,452,303
1757610845,2025-09-11T17:14:05Z,CPA315,"23.179688,113.750847",22300,452,302
1757610847,2025-09-11T17:14:07Z,CPA315,"23.181757,113.747307",22325,452,300
1757610849,2025-09-11T17:14:09Z,CPA315,"23.184225,113.742729",22350,454,299
1757610851,2025-09-11T17:14:11Z,CPA315,"23.186371,113.738609",22375,454,299
1757610853,2025-09-11T17:14:13Z,CPA315,"23.188477,113.734467",22375,454,298
1757610855,2025-09-11T17:14:15Z,CPA315,"23.190836,113.729805",22400,456,298
1757610858,2025-09-11T17:14:18Z,CPA315,"23.192917,113.725624",22425,455,298
1757610860,2025-09-11T17:14:20Z,CPA315,"23.194698,113.722076",22425,455,298
1757610863,2025-09-11T17:14:23Z,CPA315,"23.197769,113.715935",22450,457,298
1757610866,2025-09-11T17:14:26Z,CPA315,"23.200745,113.709991",22475,457,298
1757610899,2025-09-11T17:14:59Z,CPA315,"23.235106,113.643494",22850,461,299
1757610931,2025-09-11T17:15:31Z,CPA315,"23.269089,113.578033",23275,464,299
1757610963,2025-09-11T17:16:03Z,CPA315,"23.302872,113.512192",23650,467,299
1757610995,2025-09-11T17:16:35Z,CPA315,"23.337149,113.445183",24125,468,299
1757611027,2025-09-11T17:17:07Z,CPA315,"23.370758,113.379608",24550,469,299
1757611060,2025-09-11T17:17:40Z,CPA315,"23.405394,113.312126",24825,474,298
1757611093,2025-09-11T17:18:13Z,CPA315,"23.440292,113.243927",25225,476,298
1757611127,2025-09-11T17:18:47Z,CPA315,"23.475998,113.17411",25650,476,298
1757611165,2025-09-11T17:19:25Z,CPA315,"23.5177,113.092361",26000,479,298
1757611198,2025-09-11T17:19:58Z,CPA315,"23.55336,113.022209",26300,483,298
1757611221,2025-09-11T17:20:21Z,CPA315,"23.56691,112.995613",26400,485,299
1757611264,2025-09-11T17:21:04Z,CPA315,"23.624863,112.881569",26950,486,298
1757611296,2025-09-11T17:21:36Z,CPA315,"23.648621,112.834778",27125,220,298
1757611328,2025-09-11T17:22:08Z,CPA315,"23.696114,112.741074",27325,494,298
1757611379,2025-09-11T17:22:59Z,CPA315,"23.756607,112.632751",27775,495,307
1757611412,2025-09-11T17:23:32Z,CPA315,"23.807186,112.570015",28050,494,316
1757611446,2025-09-11T17:24:06Z,CPA315,"23.863283,112.513885",28375,494,317
1757611479,2025-09-11T17:24:39Z,CPA315,"23.919937,112.45636",28575,497,316
1757611513,2025-09-11T17:25:13Z,CPA315,"23.975845,112.399048",28775,500,316
1757611545,2025-09-11T17:25:45Z,CPA315,"24.030266,112.343185",29100,498,316
1757611578,2025-09-11T17:26:18Z,CPA315,"24.063969,112.308571",29225,500,317
1757611616,2025-09-11T17:26:56Z,CPA315,"24.144379,112.219749",29525,504,309
1757611633,2025-09-11T17:27:13Z,CPA315,"24.171661,112.181854",29625,505,306
1757611668,2025-09-11T17:27:48Z,CPA315,"24.21936,112.110748",29775,508,306
1757611698,2025-09-11T17:28:18Z,CPA315,"24.245041,112.073311",29850,510,307
1757611732,2025-09-11T17:28:52Z,CPA315,"24.294682,112.000748",30050,512,307
1757611761,2025-09-11T17:29:21Z,CPA315,"24.334484,111.942131",30250,512,307
1757611795,2025-09-11T17:29:55Z,CPA315,"24.384109,111.868996",30450,514,307
1757611830,2025-09-11T17:30:30Z,CPA315,"24.43392,111.795425",30625,516,306
1757611865,2025-09-11T17:31:05Z,CPA315,"24.483353,111.722313",30800,517,306
1757611900,2025-09-11T17:31:40Z,CPA315,"24.532284,111.649857",31075,517,306
1757611930,2025-09-11T17:32:10Z,CPA315,"24.574881,111.586685",31225,518,306
1757611988,2025-09-11T17:33:08Z,CPA315,"24.657166,111.464386",31500,520,306
1757612015,2025-09-11T17:33:35Z,CPA315,"24.695892,111.406761",31650,522,306
1757612118,2025-09-11T17:35:18Z,CPA315,"24.844021,111.185562",32100,517,306
1757612148,2025-09-11T17:35:48Z,CPA315,"24.8871,111.121117",32100,518,306
1757612182,2025-09-11T17:36:22Z,CPA315,"24.934937,111.0494",32100,519,306
1757612222,2025-09-11T17:37:02Z,CPA315,"24.991709,110.963989",32100,518,306
1757612252,2025-09-11T17:37:32Z,CPA315,"25.034304,110.899986",32100,516,306
1757612292,2025-09-11T17:38:12Z,CPA315,"25.090073,110.815979",32100,515,306
1757612327,2025-09-11T17:38:47Z,CPA315,"25.139372,110.741516",32100,515,306
1757612362,2025-09-11T17:39:22Z,CPA315,"25.189041,110.666504",32100,516,306
1757612392,2025-09-11T17:39:52Z,CPA315,"25.230698,110.603386",32100,516,306
1757612421,2025-09-11T17:40:21Z,CPA315,"25.269882,110.544029",32100,515,306
1757612455,2025-09-11T17:40:55Z,CPA315,"25.31925,110.469032",32100,518,306
1757612497,2025-09-11T17:41:37Z,CPA315,"25.378784,110.378571",32100,518,306
1757612537,2025-09-11T17:42:17Z,CPA315,"25.434891,110.293152",32100,521,306
1757612572,2025-09-11T17:42:52Z,CPA315,"25.484207,110.217796",32100,520,306
1757612602,2025-09-11T17:43:22Z,CPA315,"25.526827,110.152603",32100,519,306
1757612632,2025-09-11T17:43:52Z,CPA315,"25.568537,110.088814",32100,519,306
1757612672,2025-09-11T17:44:32Z,CPA315,"25.625061,110.00219",32075,520,306
1757612702,2025-09-11T17:45:02Z,CPA315,"25.66774,109.936661",32100,520,306
1757612737,2025-09-11T17:45:37Z,CPA315,"25.717026,109.86084",32100,521,306
1757612772,2025-09-11T17:46:12Z,CPA315,"25.771957,109.78933",32100,516,317
1757612801,2025-09-11T17:46:41Z,CPA315,"25.821211,109.737747",32100,515,316
1757612835,2025-09-11T17:47:15Z,CPA315,"25.877178,109.672073",32100,518,307
1757612840,2025-09-11T17:47:20Z,CPA315,"25.883789,109.662148",32100,518,305
1757612845,2025-09-11T17:47:25Z,CPA315,"25.890591,109.651047",32100,519,303
1757612850,2025-09-11T17:47:30Z,CPA315,"25.89702,109.639671",32100,520,302
1757612856,2025-09-11T17:47:36Z,CPA315,"25.902241,109.629723",32100,520,299
1757612868,2025-09-11T17:47:48Z,CPA315,"25.917339,109.595833",32100,521,294
1757612873,2025-09-11T17:47:53Z,CPA315,"25.921921,109.583549",32100,521,294
1757612878,2025-09-11T17:47:58Z,CPA315,"25.92572,109.572304",32100,522,290
1757612883,2025-09-11T17:48:03Z,CPA315,"25.92989,109.558723",32100,521,289
1757612888,2025-09-11T17:48:08Z,CPA315,"25.932619,109.548691",32100,522,288
1757613053,2025-09-11T17:50:53Z,CPA315,"26.045334,109.122429",32100,520,286
1757613082,2025-09-11T17:51:22Z,CPA315,"26.064831,109.047913",32100,519,287
1757613117,2025-09-11T17:51:57Z,CPA315,"26.088341,108.958176",32100,519,287
1757613151,2025-09-11T17:52:31Z,CPA315,"26.110821,108.872032",32100,519,287
1757613185,2025-09-11T17:53:05Z,CPA315,"26.133636,108.784447",32100,519,286
1757613200,2025-09-11T17:53:20Z,CPA315,"26.142853,108.748802",32100,518,286
1757613257,2025-09-11T17:54:17Z,CPA315,"26.182236,108.600906",32100,514,287
1757613277,2025-09-11T17:54:37Z,CPA315,"26.199417,108.552177",32100,510,298
1757613282,2025-09-11T17:54:42Z,CPA315,"26.205372,108.540482",32100,508,301
1757613287,2025-09-11T17:54:47Z,CPA315,"26.211563,108.529762",32100,507,304
1757613292,2025-09-11T17:54:52Z,CPA315,"26.21814,108.519112",32125,506,305
1757613297,2025-09-11T17:54:57Z,CPA315,"26.225203,108.507843",32100,505,305
1757613337,2025-09-11T17:55:37Z,CPA315,"26.277201,108.423073",32100,502,303
1757613367,2025-09-11T17:56:07Z,CPA315,"26.314636,108.357635",32100,500,302
1757613397,2025-09-11T17:56:37Z,CPA315,"26.35099,108.294449",32100,502,303
1757613425,2025-09-11T17:57:05Z,CPA315,"26.386181,108.233871",32100,503,303
1757613483,2025-09-11T17:58:03Z,CPA315,"26.461809,108.1036",32100,504,303
1757613512,2025-09-11T17:58:32Z,CPA315,"26.49753,108.041817",32100,504,303
1757613546,2025-09-11T17:59:06Z,CPA315,"26.540409,107.967567",32100,506,303
1757613581,2025-09-11T17:59:41Z,CPA315,"26.585312,107.889839",32100,508,303
1757613616,2025-09-11T18:00:16Z,CPA315,"26.62937,107.813332",32100,505,303
1757613651,2025-09-11T18:00:51Z,CPA315,"26.673523,107.736389",32100,501,303
1757613681,2025-09-11T18:01:21Z,CPA315,"26.711021,107.671143",32100,502,303
1757613695,2025-09-11T18:01:35Z,CPA315,"26.727455,107.642456",32100,500,303
1757613728,2025-09-11T18:02:08Z,CPA315,"26.769562,107.568954",32100,499,302
1757613743,2025-09-11T18:02:23Z,CPA315,"26.78838,107.536049",32100,499,303
1757614409,2025-09-11T18:13:29Z,CPA315,"27.590332,106.009102",32100,507,288
1757614450,2025-09-11T18:14:10Z,CPA315,"27.619629,105.908981",32100,509,288
1757614506,2025-09-11T18:15:06Z,CPA315,"27.661789,105.766106",32100,506,288
1757614539,2025-09-11T18:15:39Z,CPA315,"27.686279,105.68454",32100,507,288
1757615802,2025-09-11T18:36:42Z,CPA315,"29.344299,103.72673",32100,280,16
1757615809,2025-09-11T18:36:49Z,CPA315,"29.358582,103.73143",32100,370,16
1757615881,2025-09-11T18:38:01Z,CPA315,"29.513535,103.783508",32100,480,16
1757615913,2025-09-11T18:38:33Z,CPA315,"29.596481,103.811554",32100,506,16
1757615947,2025-09-11T18:39:07Z,CPA315,"29.671188,103.836807",32100,508,16
1757615980,2025-09-11T18:39:40Z,CPA315,"29.744366,103.861626",32100,508,16
1757616012,2025-09-11T18:40:12Z,CPA315,"29.81778,103.886505",32100,508,16
1757616044,2025-09-11T18:40:44Z,CPA315,"29.891705,103.911598",32100,507,16
1757616078,2025-09-11T18:41:18Z,CPA315,"29.966745,103.937149",32100,510,16
1757616111,2025-09-11T18:41:51Z,CPA315,"30.041555,103.962692",32100,510,16
1757616144,2025-09-11T18:42:24Z,CPA315,"30.116644,103.988289",32100,511,16
1757616176,2025-09-11T18:42:56Z,CPA315,"30.190756,104.013611",32100,511,16
1757616209,2025-09-11T18:43:29Z,CPA315,"30.265274,104.039124",32100,511,16
1757616242,2025-09-11T18:44:02Z,CPA315,"30.338882,104.064438",32100,511,16
1757616278,2025-09-11T18:44:38Z,CPA315,"30.418674,104.091835",32100,512,16
1757616308,2025-09-11T18:45:08Z,CPA315,"30.466003,104.108116",32100,511,16
1757616347,2025-09-11T18:45:47Z,CPA315,"30.575743,104.145889",32100,511,16
1757616378,2025-09-11T18:46:18Z,CPA315,"30.649296,104.171318",32100,513,16
1757616410,2025-09-11T18:46:50Z,CPA315,"30.722055,104.19648",32100,514,16
1757616443,2025-09-11T18:47:23Z,CPA315,"30.796167,104.22213",32100,515,16
1757616473,2025-09-11T18:47:53Z,CPA315,"30.865343,104.24614",32100,517,16
1757616506,2025-09-11T18:48:26Z,CPA315,"30.940619,104.272285",32100,518,16
1757616538,2025-09-11T18:48:58Z,CPA315,"31.013845,104.297775",32100,517,16
1757616568,2025-09-11T18:49:28Z,CPA315,"31.084579,104.322403",32100,516,16
1757616600,2025-09-11T18:50:00Z,CPA315,"31.157505,104.347427",32100,515,14
1757616631,2025-09-11T18:50:31Z,CPA315,"31.229691,104.364571",32100,512,8
1757616662,2025-09-11T18:51:02Z,CPA315,"31.303436,104.372917",32100,510,2
1757616695,2025-09-11T18:51:35Z,CPA315,"31.380798,104.372597",32100,508,356
1757616727,2025-09-11T18:52:07Z,CPA315,"31.457628,104.367699",32100,509,357
1757616761,2025-09-11T18:52:41Z,CPA315,"31.538256,104.363304",32100,508,357
1757616794,2025-09-11T18:53:14Z,CPA315,"31.613892,104.358971",32100,508,357
1757616826,2025-09-11T18:53:46Z,CPA315,"31.689924,104.354568",32100,508,357
1757616857,2025-09-11T18:54:17Z,CPA315,"31.761288,104.350395",32100,508,357
1757616888,2025-09-11T18:54:48Z,CPA315,"31.83522,104.346222",32125,508,357
1757616921,2025-09-11T18:55:21Z,CPA315,"31.912308,104.34243",32100,509,357
1757616951,2025-09-11T18:55:51Z,CPA315,"31.981993,104.339005",32100,510,357
1757616982,2025-09-11T18:56:22Z,CPA315,"32.057873,104.335144",32100,511,357
1757617014,2025-09-11T18:56:54Z,CPA315,"32.134453,104.331161",32100,512,357
1757617046,2025-09-11T18:57:26Z,CPA315,"32.208282,104.327293",32100,512,357
1757617078,2025-09-11T18:57:58Z,CPA315,"32.284882,104.323372",32100,512,357
1757617110,2025-09-11T18:58:30Z,CPA315,"32.361252,104.319443",32100,514,357
1757617143,2025-09-11T18:59:03Z,CPA315,"32.438461,104.315407",32100,515,357
1757617174,2025-09-11T18:59:34Z,CPA315,"32.514362,104.311768",32100,514,357
1757617205,2025-09-11T19:00:05Z,CPA315,"32.587078,104.308403",32100,514,357
1757617236,2025-09-11T19:00:36Z,CPA315,"32.634064,104.306175",32100,514,358
1757617276,2025-09-11T19:01:16Z,CPA315,"32.729481,104.301506",32100,514,358
1757617306,2025-09-11T19:01:46Z,CPA315,"32.8022,104.29805",32100,513,357
1757617336,2025-09-11T19:02:16Z,CPA315,"32.873329,104.294563",32100,515,358
1757617370,2025-09-11T19:02:50Z,CPA315,"32.953632,104.290688",32100,515,358
1757617405,2025-09-11T19:03:25Z,CPA315,"33.03817,104.286598",32100,515,358
1757617440,2025-09-11T19:04:00Z,CPA315,"33.121498,104.282562",32100,515,358
1757617482,2025-09-11T19:04:42Z,CPA315,"33.219257,104.276901",32100,512,355
1757617510,2025-09-11T19:05:10Z,CPA315,"33.282894,104.266197",32100,507,349
1757617553,2025-09-11T19:05:53Z,CPA315,"33.372208,104.239052",32100,500,342
1757617845,2025-09-11T19:10:45Z,CPA315,"34.03783,104.112167",32100,512,347
1757618188,2025-09-11T19:16:28Z,CPA315,"34.848038,104.11216",32100,503,347
1757618353,2025-09-11T19:19:13Z,CPA315,"35.230408,104.112175",32100,498,14
1757618626,2025-09-11T19:23:46Z,CPA315,"35.851364,104.111595",32100,488,355
1757618682,2025-09-11T19:24:42Z,CPA315,"35.983021,104.096489",32100,488,355
1757618715,2025-09-11T19:25:15Z,CPA315,"36.05695,104.088593",32100,488,355
1757618750,2025-09-11T19:25:50Z,CPA315,"36.13559,104.08007",32100,489,355
1757618785,2025-09-11T19:26:25Z,CPA315,"36.214691,104.071426",32100,488,355
1757618820,2025-09-11T19:27:00Z,CPA315,"36.292877,104.062843",32100,486,354
1757618943,2025-09-11T19:29:03Z,CPA315,"36.549652,103.974434",32100,463,330
1757618972,2025-09-11T19:29:32Z,CPA315,"36.60342,103.930611",32100,452,324
1757619015,2025-09-11T19:30:15Z,CPA315,"36.6698,103.857193",32100,439,314
1757619058,2025-09-11T19:30:58Z,CPA315,"36.722305,103.77623",32100,432,303
1757619097,2025-09-11T19:31:37Z,CPA315,"36.76236,103.690453",32100,427,298
1757619131,2025-09-11T19:32:11Z,CPA315,"36.794079,103.616814",32100,426,299
1757619161,2025-09-11T19:32:41Z,CPA315,"36.82254,103.55146",32100,426,298
1757619196,2025-09-11T19:33:16Z,CPA315,"36.854755,103.476524",32100,424,298
1757619231,2025-09-11T19:33:51Z,CPA315,"36.887112,103.400932",32100,425,299
1757619265,2025-09-11T19:34:25Z,CPA315,"36.918625,103.327255",32100,424,298
1757619295,2025-09-11T19:34:55Z,CPA315,"36.945557,103.266518",32100,422,301
1757619443,2025-09-11T19:37:23Z,CPA315,"37.100971,102.958252",32100,420,302
1757619473,2025-09-11T19:37:53Z,CPA315,"37.131729,102.896782",32100,418,301
1757619513,2025-09-11T19:38:33Z,CPA315,"37.173496,102.812981",32100,420,301
1757619547,2025-09-11T19:39:07Z,CPA315,"37.20813,102.743439",32100,420,301
1757619582,2025-09-11T19:39:42Z,CPA315,"37.244492,102.670341",32100,420,301
1757619611,2025-09-11T19:40:11Z,CPA315,"37.274097,102.610573",32100,420,301
1757619646,2025-09-11T19:40:46Z,CPA315,"37.309616,102.538803",32100,420,302
1757619676,2025-09-11T19:41:16Z,CPA315,"37.338943,102.475868",32100,420,296
1757619711,2025-09-11T19:41:51Z,CPA315,"37.365108,102.397354",32100,420,288
1757619746,2025-09-11T19:42:26Z,CPA315,"37.382801,102.315262",32100,421,284
1757619781,2025-09-11T19:43:01Z,CPA315,"37.399418,102.230354",32100,420,284
1757619816,2025-09-11T19:43:36Z,CPA315,"37.415588,102.149124",32100,418,283
1757619846,2025-09-11T19:44:06Z,CPA315,"37.429733,102.076431",32100,416,283
1757619886,2025-09-11T19:44:46Z,CPA315,"37.447643,101.983871",32100,416,283
1757619916,2025-09-11T19:45:16Z,CPA315,"37.461472,101.912224",32100,416,283
1757619951,2025-09-11T19:45:51Z,CPA315,"37.47702,101.831337",32100,416,283
1757619986,2025-09-11T19:46:26Z,CPA315,"37.493229,101.747253",32100,418,285
1757620026,2025-09-11T19:47:06Z,CPA315,"37.518768,101.656082",32100,420,294
1757620035,2025-09-11T19:47:15Z,CPA315,"37.524719,101.640129",32100,420,295
1757620093,2025-09-11T19:48:13Z,CPA315,"37.578503,101.514091",32100,422,297
1757620127,2025-09-11T19:48:47Z,CPA315,"37.61039,101.438438",32100,422,297
1757620162,2025-09-11T19:49:22Z,CPA315,"37.643326,101.360741",32100,422,298
1757620192,2025-09-11T19:49:52Z,CPA315,"37.670769,101.295914",32100,424,297
1757620233,2025-09-11T19:50:33Z,CPA315,"37.707047,101.210091",32100,422,298
1757620267,2025-09-11T19:51:07Z,CPA315,"37.739868,101.132309",32100,418,297
1757620302,2025-09-11T19:51:42Z,CPA315,"37.769165,101.062645",32100,418,297
1757620331,2025-09-11T19:52:11Z,CPA315,"37.797531,100.994987",32100,417,298
1757620365,2025-09-11T19:52:45Z,CPA315,"37.82835,100.921364",32100,416,297
1757620400,2025-09-11T19:53:20Z,CPA315,"37.860699,100.846848",32100,414,300
1757620435,2025-09-11T19:53:55Z,CPA315,"37.892078,100.778008",32100,414,299
1757620470,2025-09-11T19:54:30Z,CPA315,"37.927139,100.699921",32100,418,299
1757620505,2025-09-11T19:55:05Z,CPA315,"37.959961,100.625938",32100,420,299
1757620540,2025-09-11T19:55:40Z,CPA315,"37.993378,100.550499",32100,422,299
1757620575,2025-09-11T19:56:15Z,CPA315,"38.026615,100.475342",32100,420,299
1757620610,2025-09-11T19:56:50Z,CPA315,"38.060074,100.399437",32100,420,299
1757620640,2025-09-11T19:57:20Z,CPA315,"38.088318,100.335274",32100,422,298
1757620693,2025-09-11T19:58:13Z,CPA315,"38.13945,100.218803",32100,424,299
1757620728,2025-09-11T19:58:48Z,CPA315,"38.172695,100.14283",32100,425,299
1757620758,2025-09-11T19:59:18Z,CPA315,"38.200394,100.0793",32100,426,298
1757620791,2025-09-11T19:59:51Z,CPA315,"38.232281,100.006096",32100,426,298
1757620821,2025-09-11T20:00:21Z,CPA315,"38.260864,99.940361",32100,427,299
1757620861,2025-09-11T20:01:01Z,CPA315,"38.298706,99.853218",32100,424,298
1757620890,2025-09-11T20:01:30Z,CPA315,"38.324364,99.793831",32100,426,298
1757620925,2025-09-11T20:02:05Z,CPA315,"38.35881,99.714134",32100,430,298
1757620961,2025-09-11T20:02:41Z,CPA315,"38.393631,99.633217",32100,432,298
1757621001,2025-09-11T20:03:21Z,CPA315,"38.429943,99.548706",32100,430,298
1757621031,2025-09-11T20:03:51Z,CPA315,"38.461075,99.476006",32100,428,298
1757621065,2025-09-11T20:04:25Z,CPA315,"38.492569,99.402328",32100,428,298
1757621106,2025-09-11T20:05:06Z,CPA315,"38.532219,99.309204",32100,428,298
1757621146,2025-09-11T20:05:46Z,CPA315,"38.569878,99.220703",32100,428,298
1757621177,2025-09-11T20:06:17Z,CPA315,"38.599113,99.151855",32100,430,298
1757621223,2025-09-11T20:07:03Z,CPA315,"38.642532,99.048973",32100,430,298
1757621252,2025-09-11T20:07:32Z,CPA315,"38.669872,98.984192",32100,430,298
1757621292,2025-09-11T20:08:12Z,CPA315,"38.707722,98.894104",32100,430,298
1757621325,2025-09-11T20:08:45Z,CPA315,"38.738754,98.820229",32100,430,298
1757621360,2025-09-11T20:09:20Z,CPA315,"38.771622,98.741776",32100,428,298
1757621395,2025-09-11T20:09:55Z,CPA315,"38.803757,98.664749",32100,428,298
1757621430,2025-09-11T20:10:30Z,CPA315,"38.836578,98.585938",32100,430,297
1757621473,2025-09-11T20:11:13Z,CPA315,"38.876495,98.489624",32100,432,297
1757621508,2025-09-11T20:11:48Z,CPA315,"38.909409,98.410271",32100,430,298
1757621575,2025-09-11T20:12:55Z,CPA315,"38.971951,98.258614",32100,429,298
1757621595,2025-09-11T20:13:15Z,CPA315,"38.989452,98.216003",32100,430,298
1757621653,2025-09-11T20:14:13Z,CPA315,"39.044399,98.082123",32100,430,298
1757621692,2025-09-11T20:14:52Z,CPA315,"39.080044,97.994812",32100,429,298
1757621722,2025-09-11T20:15:22Z,CPA315,"39.108078,97.92598",32100,430,298
1757621762,2025-09-11T20:16:02Z,CPA315,"39.144562,97.836296",32100,432,298
1757621797,2025-09-11T20:16:37Z,CPA315,"39.177017,97.756226",32100,433,298
1757621833,2025-09-11T20:17:13Z,CPA315,"39.210159,97.674126",32100,433,297
1757622148,2025-09-11T20:22:28Z,CPA315,"39.492828,96.96891",32100,422,298
1757622188,2025-09-11T20:23:08Z,CPA315,"39.52895,96.879112",32100,422,298
1757622223,2025-09-11T20:23:43Z,CPA315,"39.560791,96.799561",32100,418,298
1757622253,2025-09-11T20:24:13Z,CPA315,"39.58717,96.733253",32100,419,298
1757622288,2025-09-11T20:24:48Z,CPA315,"39.61784,96.655983",32100,419,298
1757622318,2025-09-11T20:25:18Z,CPA315,"39.644669,96.588272",32100,419,298
1757622358,2025-09-11T20:25:58Z,CPA315,"39.679642,96.499428",32100,423,297
1757622388,2025-09-11T20:26:28Z,CPA315,"39.70578,96.432793",32100,427,297
1757622423,2025-09-11T20:27:03Z,CPA315,"39.737961,96.350754",32100,422,297
1757622458,2025-09-11T20:27:38Z,CPA315,"39.767529,96.275162",32100,420,297
1757622487,2025-09-11T20:28:07Z,CPA315,"39.794312,96.206444",32100,419,297
1757622522,2025-09-11T20:28:42Z,CPA315,"39.82465,96.128304",32100,419,297
1757622557,2025-09-11T20:29:17Z,CPA315,"39.855049,96.049927",32100,421,297
1757622587,2025-09-11T20:29:47Z,CPA315,"39.880421,95.984322",32100,421,297
1757622626,2025-09-11T20:30:26Z,CPA315,"39.91544,95.893753",32100,423,297
1757622656,2025-09-11T20:30:56Z,CPA315,"39.941711,95.8255",32100,424,297
1757622696,2025-09-11T20:31:36Z,CPA315,"39.976639,95.734383",32100,424,297
1757622731,2025-09-11T20:32:11Z,CPA315,"40.00745,95.654053",32100,421,297
1757622761,2025-09-11T20:32:41Z,CPA315,"40.032349,95.588867",32100,419,297
1757622796,2025-09-11T20:33:16Z,CPA315,"40.063709,95.506287",32100,420,297
1757622831,2025-09-11T20:33:51Z,CPA315,"40.09396,95.426697",32100,421,297
1757622866,2025-09-11T20:34:26Z,CPA315,"40.124031,95.347221",32100,423,297
1757622895,2025-09-11T20:34:55Z,CPA315,"40.146191,95.27832",32100,421,286
1757622900,2025-09-11T20:35:00Z,CPA315,"40.14809,95.267197",32100,422,282
1757622905,2025-09-11T20:35:05Z,CPA315,"40.149811,95.254517",32100,422,280
1757622910,2025-09-11T20:35:10Z,CPA315,"40.151321,95.242493",32100,422,280
1757622945,2025-09-11T20:35:45Z,CPA315,"40.164051,95.153503",32100,423,283
1757622965,2025-09-11T20:36:05Z,CPA315,"40.176121,95.105583",32100,424,294
1757622970,2025-09-11T20:36:10Z,CPA315,"40.179981,95.094299",32100,425,295
1757622975,2025-09-11T20:36:15Z,CPA315,"40.183182,95.085388",32100,425,296
1757623038,2025-09-11T20:37:18Z,CPA315,"40.241482,94.93885",32100,429,297
1757623073,2025-09-11T20:37:53Z,CPA315,"40.273998,94.857597",32100,432,301
1757623113,2025-09-11T20:38:33Z,CPA315,"40.320969,94.771851",32100,436,310
1757623148,2025-09-11T20:39:08Z,CPA315,"40.364498,94.700813",32100,433,309
1757623183,2025-09-11T20:39:43Z,CPA315,"40.407951,94.628372",32100,432,309
1757623217,2025-09-11T20:40:17Z,CPA315,"40.450218,94.558083",32100,431,309
1757623252,2025-09-11T20:40:52Z,CPA315,"40.493408,94.486328",32100,431,309
1757623282,2025-09-11T20:41:22Z,CPA315,"40.529961,94.42543",32100,430,309
1757623317,2025-09-11T20:41:57Z,CPA315,"40.573631,94.352577",32100,429,309
1757623352,2025-09-11T20:42:32Z,CPA315,"40.617008,94.279991",32100,430,309
1757623382,2025-09-11T20:43:02Z,CPA315,"40.65308,94.219482",32100,430,309
1757623416,2025-09-11T20:43:36Z,CPA315,"40.695129,94.148773",32100,431,309
1757623451,2025-09-11T20:44:11Z,CPA315,"40.737808,94.076973",32100,432,308
1757623486,2025-09-11T20:44:46Z,CPA315,"40.7813,94.003479",32100,436,308
1757623520,2025-09-11T20:45:20Z,CPA315,"40.82296,93.932983",32100,437,308
1757623550,2025-09-11T20:45:50Z,CPA315,"40.86058,93.869247",32100,437,308
1757623585,2025-09-11T20:46:25Z,CPA315,"40.903519,93.796448",32100,435,309
1757623620,2025-09-11T20:47:00Z,CPA315,"40.950329,93.724052",32100,438,312
1757623655,2025-09-11T20:47:35Z,CPA315,"40.996368,93.654449",32100,439,311
1757623690,2025-09-11T20:48:10Z,CPA315,"41.042496,93.582947",32100,437,311
1757623725,2025-09-11T20:48:45Z,CPA315,"41.088123,93.511757",32100,437,311
1757623760,2025-09-11T20:49:20Z,CPA315,"41.133881,93.440338",32100,436,310
1757623795,2025-09-11T20:49:55Z,CPA315,"41.179459,93.368988",32100,435,310
1757623825,2025-09-11T20:50:25Z,CPA315,"41.218239,93.308128",32100,434,310
1757623865,2025-09-11T20:51:05Z,CPA315,"41.271069,93.224991",32100,435,311
1757623895,2025-09-11T20:51:35Z,CPA315,"41.309151,93.165001",32100,433,311
1757623915,2025-09-11T20:51:55Z,CPA315,"41.332993,93.12738",32100,433,310
1757624018,2025-09-11T20:53:38Z,CPA315,"41.467579,92.91394",32100,436,310
1757624047,2025-09-11T20:54:07Z,CPA315,"41.505371,92.853699",32100,437,310
1757624082,2025-09-11T20:54:42Z,CPA315,"41.55048,92.781776",32100,436,310
1757624122,2025-09-11T20:55:22Z,CPA315,"41.602009,92.699318",32100,433,310
1757624157,2025-09-11T20:55:57Z,CPA315,"41.645828,92.628922",32100,436,310
1757624192,2025-09-11T20:56:32Z,CPA315,"41.692089,92.554512",32100,439,310
1757624222,2025-09-11T20:57:02Z,CPA315,"41.731201,92.491524",32100,440,310
1757624257,2025-09-11T20:57:37Z,CPA315,"41.776108,92.418991",32100,441,310
1757624297,2025-09-11T20:58:17Z,CPA315,"41.828659,92.333847",32100,440,309
1757624331,2025-09-11T20:58:51Z,CPA315,"41.8722,92.263123",32100,438,309
1757624361,2025-09-11T20:59:21Z,CPA315,"41.910931,92.200081",32100,439,310
1757624396,2025-09-11T20:59:56Z,CPA315,"41.956509,92.125671",32100,440,310
1757624426,2025-09-11T21:00:26Z,CPA315,"41.994869,92.062866",32100,442,310
1757624461,2025-09-11T21:01:01Z,CPA315,"42.039551,91.989708",32100,440,310
1757624496,2025-09-11T21:01:36Z,CPA315,"42.085049,91.915047",32100,440,310
1757624526,2025-09-11T21:02:06Z,CPA315,"42.123962,91.850883",32100,441,309
1757624566,2025-09-11T21:02:46Z,CPA315,"42.175461,91.7658",32100,441,309
1757624596,2025-09-11T21:03:16Z,CPA315,"42.215061,91.704033",32100,445,314
1757624630,2025-09-11T21:03:50Z,CPA315,"42.266129,91.639008",32100,447,317
1757624665,2025-09-11T21:04:25Z,CPA315,"42.314388,91.577408",32100,444,317
1757624743,2025-09-11T21:05:43Z,CPA315,"42.433338,91.424133",32100,446,317
1757624766,2025-09-11T21:06:06Z,CPA315,"42.469841,91.377121",32100,444,317
1757624801,2025-09-11T21:06:41Z,CPA315,"42.51965,91.312866",32100,443,316
1757624815,2025-09-11T21:06:55Z,CPA315,"42.538834,91.288025",32100,444,317
1757624860,2025-09-11T21:07:40Z,CPA315,"42.60553,91.201439",32100,447,317
1757624883,2025-09-11T21:08:03Z,CPA315,"42.64146,91.154808",32100,447,317
1757624932,2025-09-11T21:08:52Z,CPA315,"42.712978,91.061707",32100,445,317
1757624966,2025-09-11T21:09:26Z,CPA315,"42.761261,90.998627",32100,444,317
1757625000,2025-09-11T21:10:00Z,CPA315,"42.81638,90.926559",32100,443,317
1757625040,2025-09-11T21:10:40Z,CPA315,"42.87154,90.842087",32100,437,307
1757625055,2025-09-11T21:10:55Z,CPA315,"42.887039,90.812141",32100,435,304
1757625150,2025-09-11T21:12:30Z,CPA315,"42.9874,90.591919",32100,434,302
1757625289,2025-09-11T21:14:49Z,CPA315,"43.134201,90.265717",32100,433,302
1757625408,2025-09-11T21:16:48Z,CPA315,"43.257568,89.988823",32100,431,302
1757625443,2025-09-11T21:17:23Z,CPA315,"43.29446,89.905586",32100,430,302
1757625478,2025-09-11T21:17:58Z,CPA315,"43.329708,89.825722",32100,428,302
1757625513,2025-09-11T21:18:33Z,CPA315,"43.365601,89.744377",32100,428,302
1757625548,2025-09-11T21:19:08Z,CPA315,"43.401581,89.662361",32100,427,302
1757625583,2025-09-11T21:19:43Z,CPA315,"43.437061,89.581467",32100,424,302
1757625613,2025-09-11T21:20:13Z,CPA315,"43.466942,89.513069",32100,425,301
1757625653,2025-09-11T21:20:53Z,CPA315,"43.507919,89.418999",32100,426,301
1757625688,2025-09-11T21:21:28Z,CPA315,"43.543259,89.337753",32100,428,302
1757625723,2025-09-11T21:22:03Z,CPA315,"43.579239,89.257271",32100,429,302
1757625758,2025-09-11T21:22:38Z,CPA315,"43.61586,89.175568",32100,430,302
1757625793,2025-09-11T21:23:13Z,CPA315,"43.652302,89.093498",32100,427,302
1757625828,2025-09-11T21:23:48Z,CPA315,"43.688019,89.012733",32125,428,302
1757625863,2025-09-11T21:24:23Z,CPA315,"43.724258,88.930428",32100,429,302
1757625898,2025-09-11T21:24:58Z,CPA315,"43.76041,88.848457",32100,428,302
1757625933,2025-09-11T21:25:33Z,CPA315,"43.796211,88.766777",32100,428,302
1757625968,2025-09-11T21:26:08Z,CPA315,"43.832142,88.684578",32100,429,301
1757625998,2025-09-11T21:26:38Z,CPA315,"43.866581,88.617317",32100,433,312
1757626003,2025-09-11T21:26:43Z,CPA315,"43.873249,88.607094",32100,433,313
1757626008,2025-09-11T21:26:48Z,CPA315,"43.879532,88.59758",32125,433,313
1757626043,2025-09-11T21:27:23Z,CPA315,"43.926552,88.524429",32100,431,311
1757626077,2025-09-11T21:27:57Z,CPA315,"43.970871,88.453407",32100,429,311
1757626112,2025-09-11T21:28:32Z,CPA315,"44.01672,88.379967",32100,429,311
1757626147,2025-09-11T21:29:07Z,CPA315,"44.061272,88.308632",32100,428,311
1757626187,2025-09-11T21:29:47Z,CPA315,"44.11359,88.224617",32100,426,311
1757626217,2025-09-11T21:30:17Z,CPA315,"44.151169,88.163048",32100,425,309
1757626252,2025-09-11T21:30:52Z,CPA315,"44.189289,88.083672",32100,420,300
1757626292,2025-09-11T21:31:32Z,CPA315,"44.230911,87.991203",32100,425,307
1757626327,2025-09-11T21:32:07Z,CPA315,"44.27285,87.915878",32100,424,308
1757626357,2025-09-11T21:32:37Z,CPA315,"44.307949,87.8507",32100,423,307
1757626392,2025-09-11T21:33:12Z,CPA315,"44.348919,87.774162",32100,422,307
1757626432,2025-09-11T21:33:52Z,CPA315,"44.395981,87.686569",32100,422,308
1757626467,2025-09-11T21:34:27Z,CPA315,"44.437641,87.611191",32100,421,308
1757626502,2025-09-11T21:35:02Z,CPA315,"44.479889,87.534752",32100,419,308
1757626537,2025-09-11T21:35:37Z,CPA315,"44.519989,87.461372",32100,417,308
1757626572,2025-09-11T21:36:12Z,CPA315,"44.560822,87.386627",32100,415,308
1757626602,2025-09-11T21:36:42Z,CPA315,"44.596161,87.321678",32100,415,308
1757626637,2025-09-11T21:37:17Z,CPA315,"44.638,87.248322",32100,418,310
1757626672,2025-09-11T21:37:52Z,CPA315,"44.681122,87.175507",32100,421,310
1757626707,2025-09-11T21:38:27Z,CPA315,"44.724461,87.100883",32600,417,310
1757626742,2025-09-11T21:39:02Z,CPA315,"44.76672,87.027611",33275,414,309
1757626777,2025-09-11T21:39:37Z,CPA315,"44.80875,86.954826",33750,414,310
1757626812,2025-09-11T21:40:12Z,CPA315,"44.851082,86.881416",34325,410,309
1757626847,2025-09-11T21:40:47Z,CPA315,"44.892189,86.809807",35025,404,309
1757626882,2025-09-11T21:41:22Z,CPA315,"44.932831,86.737129",35275,406,309
1757626922,2025-09-11T21:42:02Z,CPA315,"44.979679,86.65303",35675,407,309
1757626952,2025-09-11T21:42:32Z,CPA315,"45.01405,86.59156",36075,405,309
1757626987,2025-09-11T21:43:07Z,CPA315,"45.05479,86.518608",36100,403,309
1757627022,2025-09-11T21:43:42Z,CPA315,"45.094872,86.446533",36100,403,309
1757627052,2025-09-11T21:44:12Z,CPA315,"45.129742,86.38356",36100,404,308
1757627092,2025-09-11T21:44:52Z,CPA315,"45.17522,86.30143",36100,404,308
1757627122,2025-09-11T21:45:22Z,CPA315,"45.2103,86.237839",36100,404,308
1757627157,2025-09-11T21:45:57Z,CPA315,"45.250351,86.165176",36100,403,308
1757627192,2025-09-11T21:46:32Z,CPA315,"45.290581,86.091881",36100,404,308
1757627222,2025-09-11T21:47:02Z,CPA315,"45.32489,86.029312",36100,406,308
1757627262,2025-09-11T21:47:42Z,CPA315,"45.370701,85.945389",36100,408,308
1757627297,2025-09-11T21:48:17Z,CPA315,"45.411251,85.870972",36100,407,308
1757627332,2025-09-11T21:48:52Z,CPA315,"45.45142,85.797058",36100,407,308
1757627362,2025-09-11T21:49:22Z,CPA315,"45.486279,85.73275",36100,407,308
1757627402,2025-09-11T21:50:02Z,CPA315,"45.53223,85.647812",36100,408,308
1757627437,2025-09-11T21:50:37Z,CPA315,"45.572109,85.573921",36100,407,308
1757627472,2025-09-11T21:51:12Z,CPA315,"45.612492,85.498894",36100,408,308
1757627512,2025-09-11T21:51:52Z,CPA315,"45.65802,85.413887",36100,407,308
1757627542,2025-09-11T21:52:22Z,CPA315,"45.69228,85.349762",36100,406,308
1757627577,2025-09-11T21:52:57Z,CPA315,"45.732029,85.275467",36100,403,308
1757627607,2025-09-11T21:53:27Z,CPA315,"45.76569,85.212357",36100,403,308
1757627647,2025-09-11T21:54:07Z,CPA315,"45.811081,85.127701",36125,405,308
1757627677,2025-09-11T21:54:37Z,CPA315,"45.84549,85.063248",36100,406,308
1757627717,2025-09-11T21:55:17Z,CPA315,"45.8909,84.978043",36100,405,308
1757627747,2025-09-11T21:55:47Z,CPA315,"45.924809,84.914223",36100,408,308
1757627787,2025-09-11T21:56:27Z,CPA315,"45.970829,84.827248",36100,409,308
1757627822,2025-09-11T21:57:02Z,CPA315,"46.010651,84.752022",36100,412,308
1757627852,2025-09-11T21:57:32Z,CPA315,"46.045071,84.686569",36075,409,308
1757627887,2025-09-11T21:58:07Z,CPA315,"46.084572,84.611618",36100,402,308
1757627927,2025-09-11T21:58:47Z,CPA315,"46.128471,84.527641",36100,408,307
1757628543,2025-09-11T22:09:03Z,CPA315,"46.815029,83.142807",36100,416,303
1757628583,2025-09-11T22:09:43Z,CPA315,"46.8587,83.041229",36100,418,303
1757628603,2025-09-11T22:10:03Z,CPA315,"46.87661,82.992477",36100,416,291
1757628608,2025-09-11T22:10:08Z,CPA315,"46.879688,82.97953",36100,416,287
1757628613,2025-09-11T22:10:13Z,CPA315,"46.881828,82.967621",36100,415,284
1757628618,2025-09-11T22:10:18Z,CPA315,"46.883499,82.955299",36100,415,280
1757628622,2025-09-11T22:10:22Z,CPA315,"46.884979,82.941559",36100,416,279
1757628627,2025-09-11T22:10:27Z,CPA315,"46.886391,82.926918",36100,415,278
1757628667,2025-09-11T22:11:07Z,CPA315,"46.897751,82.818581",36100,414,281
1757628697,2025-09-11T22:11:37Z,CPA315,"46.909061,82.734093",36100,412,281
1757628737,2025-09-11T22:12:17Z,CPA315,"46.923111,82.624123",36100,411,281
1757628767,2025-09-11T22:12:47Z,CPA315,"46.933079,82.543167",36100,410,281
1757628802,2025-09-11T22:13:22Z,CPA315,"46.944401,82.450684",36100,411,281
1757628843,2025-09-11T22:14:03Z,CPA315,"46.958309,82.336014",36100,411,281
1757628878,2025-09-11T22:14:38Z,CPA315,"46.969849,82.240562",36100,411,280
1757628917,2025-09-11T22:15:17Z,CPA315,"46.982609,82.133789",36100,410,280
1757628950,2025-09-11T22:15:50Z,CPA315,"46.992649,82.049469",36100,411,280
1757628980,2025-09-11T22:16:20Z,CPA315,"47.003139,81.96019",36100,412,280
1757629010,2025-09-11T22:16:50Z,CPA315,"47.012508,81.880493",36100,413,280
1757629031,2025-09-11T22:17:11Z,CPA315,"47.018688,81.82737",36100,413,280
1757629060,2025-09-11T22:17:40Z,CPA315,"47.028419,81.743423",36100,412,280
1757629105,2025-09-11T22:18:25Z,CPA315,"47.042339,81.622498",36100,411,280
1757629185,2025-09-11T22:19:45Z,CPA315,"47.067581,81.400177",36100,412,280
1757629228,2025-09-11T22:20:28Z,CPA315,"47.08107,81.279457",36100,412,280
1757629256,2025-09-11T22:20:56Z,CPA315,"47.089642,81.202347",36100,412,280
1757629299,2025-09-11T22:21:39Z,CPA315,"47.106209,81.051216",36100,414,279
1757629331,2025-09-11T22:22:11Z,CPA315,"47.115234,80.968826",36100,414,279
1757629364,2025-09-11T22:22:44Z,CPA315,"47.12553,80.873108",36000,413,278
1757629395,2025-09-11T22:23:15Z,CPA315,"47.134651,80.788246",36000,414,278
1757629425,2025-09-11T22:23:45Z,CPA315,"47.143616,80.704262",36000,414,278
1757629458,2025-09-11T22:24:18Z,CPA315,"47.15332,80.612114",36000,414,278
1757629488,2025-09-11T22:24:48Z,CPA315,"47.162212,80.527039",36000,414,278
1757629519,2025-09-11T22:25:19Z,CPA315,"47.171082,80.442101",36000,413,278
1757629552,2025-09-11T22:25:52Z,CPA315,"47.180412,80.352173",36000,413,278
1757629583,2025-09-11T22:26:23Z,CPA315,"47.189117,80.266663",36000,412,278
1757629613,2025-09-11T22:26:53Z,CPA315,"47.19759,80.183083",36000,412,278
1757629645,2025-09-11T22:27:25Z,CPA315,"47.206421,80.095551",36000,412,278
1757629970,2025-09-11T22:32:50Z,CPA315,"47.293259,79.194466",36000,412,277
1757630000,2025-09-11T22:33:20Z,CPA315,"47.301224,79.10788",36000,413,277
1757630032,2025-09-11T22:33:52Z,CPA315,"47.309086,79.021843",36000,414,277
1757630064,2025-09-11T22:34:24Z,CPA315,"47.317326,78.930428",36000,415,277
1757630096,2025-09-11T22:34:56Z,CPA315,"47.325165,78.843109",36000,414,277
1757630127,2025-09-11T22:35:27Z,CPA315,"47.332268,78.763168",36000,414,277
1757630532,2025-09-11T22:42:12Z,CPA315,"47.427658,77.616692",36000,415,276
1757630563,2025-09-11T22:42:43Z,CPA315,"47.434402,77.529953",36000,415,276
1757630591,2025-09-11T22:43:11Z,CPA315,"47.438095,77.482452",36000,80,276
1757630617,2025-09-11T22:43:37Z,CPA315,"47.44194,77.432327",36000,416,276
1757630652,2025-09-11T22:44:12Z,CPA315,"47.44865,77.344238",36000,415,276
1757630713,2025-09-11T22:45:13Z,CPA315,"47.460751,77.182831",36000,413,276
1757630782,2025-09-11T22:46:22Z,CPA315,"47.480255,76.915764",36000,414,276
1757630815,2025-09-11T22:46:55Z,CPA315,"47.486847,76.823273",36000,413,275
1757630845,2025-09-11T22:47:25Z,CPA315,"47.492874,76.737808",36000,412,275
1757630876,2025-09-11T22:47:56Z,CPA315,"47.498833,76.652878",36000,412,275
1757630909,2025-09-11T22:48:29Z,CPA315,"47.505207,76.560478",36000,411,275
1757630939,2025-09-11T22:48:59Z,CPA315,"47.510933,76.476677",36000,411,275
1757630972,2025-09-11T22:49:32Z,CPA315,"47.517124,76.384628",36000,411,275
1757631002,2025-09-11T22:50:02Z,CPA315,"47.522827,76.299294",36000,412,275
1757631035,2025-09-11T22:50:35Z,CPA315,"47.528812,76.208282",36000,413,275
1757631065,2025-09-11T22:51:05Z,CPA315,"47.534409,76.122894",36000,411,275
1757631096,2025-09-11T22:51:36Z,CPA315,"47.539993,76.035828",36000,410,275
1757631128,2025-09-11T22:52:08Z,CPA315,"47.545578,75.948624",36000,409,275
1757631159,2025-09-11T22:52:39Z,CPA315,"47.551064,75.861649",36000,410,275
1757631191,2025-09-11T22:53:11Z,CPA315,"47.556557,75.772423",36000,411,275
1757631224,2025-09-11T22:53:44Z,CPA315,"47.562237,75.679321",36000,412,275
1757631256,2025-09-11T22:54:16Z,CPA315,"47.56768,75.589035",36000,411,275
1757631288,2025-09-11T22:54:48Z,CPA315,"47.573044,75.500175",36000,409,275
1757631321,2025-09-11T22:55:21Z,CPA315,"47.578297,75.409737",36000,408,274
1757631352,2025-09-11T22:55:52Z,CPA315,"47.583462,75.321983",36000,407,274
1757631383,2025-09-11T22:56:23Z,CPA315,"47.588333,75.236298",36000,408,274
1757631414,2025-09-11T22:56:54Z,CPA315,"47.593323,75.148888",36000,408,274
1757631445,2025-09-11T22:57:25Z,CPA315,"47.598034,75.063736",36000,408,274
1757631476,2025-09-11T22:57:56Z,CPA315,"47.602737,74.977814",36000,409,274
1757631507,2025-09-11T22:58:27Z,CPA315,"47.607483,74.890068",36000,408,274
1757631538,2025-09-11T22:58:58Z,CPA315,"47.612045,74.804947",36000,407,274
1757631570,2025-09-11T22:59:30Z,CPA315,"47.616703,74.717598",36000,407,274
1757631600,2025-09-11T23:00:00Z,CPA315,"47.621124,74.632027",36000,407,274
1757631631,2025-09-11T23:00:31Z,CPA315,"47.625454,74.547516",36000,407,274
1757631662,2025-09-11T23:01:02Z,CPA315,"47.629734,74.462723",36000,408,274
1757631693,2025-09-11T23:01:33Z,CPA315,"47.634064,74.375259",36000,408,274
1757631726,2025-09-11T23:02:06Z,CPA315,"47.63855,74.284058",36000,409,274
1757631756,2025-09-11T23:02:36Z,CPA315,"47.642632,74.198982",36000,411,274
1757631787,2025-09-11T23:03:07Z,CPA315,"47.646698,74.11219",36000,410,273
1757631820,2025-09-11T23:03:40Z,CPA315,"47.651009,74.020882",36000,410,273
1757631870,2025-09-11T23:04:30Z,CPA315,"47.657436,73.880173",36000,409,273
1757631901,2025-09-11T23:05:01Z,CPA315,"47.661346,73.792419",36000,409,273
1757631932,2025-09-11T23:05:32Z,CPA315,"47.6651,73.70652",36000,410,273
1757631965,2025-09-11T23:06:05Z,CPA315,"47.669025,73.614738",36000,412,273
1757631996,2025-09-11T23:06:36Z,CPA315,"47.672798,73.525368",36000,413,273
1757632027,2025-09-11T23:07:07Z,CPA315,"47.676426,73.438248",36000,414,273
1757632059,2025-09-11T23:07:39Z,CPA315,"47.680115,73.348434",36000,414,273
1757632091,2025-09-11T23:08:11Z,CPA315,"47.683777,73.256905",36000,414,273
1757632122,2025-09-11T23:08:42Z,CPA315,"47.687134,73.170357",36000,414,273
1757632155,2025-09-11T23:09:15Z,CPA315,"47.690765,73.07563",36000,415,273
1757632188,2025-09-11T23:09:48Z,CPA315,"47.69421,72.983444",36000,415,273
1757632221,2025-09-11T23:10:21Z,CPA315,"47.697701,72.888443",36000,415,273
1757632252,2025-09-11T23:10:52Z,CPA315,"47.700806,72.801727",36000,415,273
1757632285,2025-09-11T23:11:25Z,CPA315,"47.704128,72.707382",36000,414,272
1757632316,2025-09-11T23:11:56Z,CPA315,"47.707077,72.62114",36000,413,272
1757632348,2025-09-11T23:12:28Z,CPA315,"47.710178,72.528427",36000,413,272
1757632380,2025-09-11T23:13:00Z,CPA315,"47.713165,72.437943",36000,412,272
1757632412,2025-09-11T23:13:32Z,CPA315,"47.715912,72.351357",36000,412,272
1757632443,2025-09-11T23:14:03Z,CPA315,"47.718742,72.260742",36000,413,272
1757632476,2025-09-11T23:14:36Z,CPA315,"47.721542,72.168983",36000,413,272
1757632507,2025-09-11T23:15:07Z,CPA315,"47.724144,72.080452",36000,412,272
1757632560,2025-09-11T23:16:00Z,CPA315,"47.728241,71.937347",36000,412,272
1757632605,2025-09-11T23:16:45Z,CPA315,"47.730335,71.861153",36000,110,266
1757632637,2025-09-11T23:17:17Z,CPA315,"47.726192,71.715584",36750,403,266
1757632673,2025-09-11T23:17:53Z,CPA315,"47.722004,71.616074",37225,400,266
1757632721,2025-09-11T23:18:41Z,CPA315,"47.716324,71.48304",37375,407,266
1757632765,2025-09-11T23:19:25Z,CPA315,"47.713669,71.424652",37525,20,266
1757632856,2025-09-11T23:20:56Z,CPA315,"47.698883,71.108185",38000,408,265
1757632948,2025-09-11T23:22:28Z,CPA315,"47.686295,70.850899",38000,408,265
1757632980,2025-09-11T23:23:00Z,CPA315,"47.681782,70.761459",38000,407,265
1757633032,2025-09-11T23:23:52Z,CPA315,"47.674301,70.616135",38000,580,265
1757633038,2025-09-11T23:23:58Z,CPA315,"47.673542,70.602158",38000,407,265
1757634043,2025-09-11T23:40:43Z,CPA315,"47.497761,67.868393",38000,398,263
1757634102,2025-09-11T23:41:42Z,CPA315,"47.485382,67.708397",38000,397,263
1757634455,2025-09-11T23:47:35Z,CPA315,"47.406876,66.753754",38000,400,262
1757634821,2025-09-11T23:53:41Z,CPA315,"47.317463,65.769653",38000,400,262
1757634835,2025-09-11T23:53:55Z,CPA315,"47.313927,65.732399",38000,399,261
1757634862,2025-09-11T23:54:22Z,CPA315,"47.306717,65.657593",38000,401,261
1757636815,2025-09-12T00:26:55Z,CPA315,"46.441723,60.695618",38000,381,252
1757636847,2025-09-12T00:27:27Z,CPA315,"46.425198,60.618713",38000,381,252
1757636878,2025-09-12T00:27:58Z,CPA315,"46.408951,60.543869",38000,380,252
1757636900,2025-09-12T00:28:20Z,CPA315,"46.397552,60.491123",38000,379,252
1757637003,2025-09-12T00:30:03Z,CPA315,"46.343357,60.243462",38000,376,252
1757637033,2025-09-12T00:30:33Z,CPA315,"46.327156,60.169785",38000,377,252
1757637064,2025-09-12T00:31:04Z,CPA315,"46.310989,60.096756",38000,376,252
1757637078,2025-09-12T00:31:18Z,CPA315,"46.303787,60.064247",38000,376,252
1757637139,2025-09-12T00:32:19Z,CPA315,"46.271301,59.918095",38000,377,252
1757637170,2025-09-12T00:32:50Z,CPA315,"46.254303,59.842117",38000,377,252
1757637201,2025-09-12T00:33:21Z,CPA315,"46.237885,59.768974",38000,378,251
1757637233,2025-09-12T00:33:53Z,CPA315,"46.220737,59.693047",38000,379,251
1757637266,2025-09-12T00:34:26Z,CPA315,"46.203323,59.616505",38000,378,251
1757637296,2025-09-12T00:34:56Z,CPA315,"46.185966,59.540543",38000,377,251
1757637327,2025-09-12T00:35:27Z,CPA315,"46.169128,59.467186",38000,378,251
1757637359,2025-09-12T00:35:59Z,CPA315,"46.151459,59.390347",38000,378,251
1757637392,2025-09-12T00:36:32Z,CPA315,"46.133789,59.31358",38000,379,251
1757637425,2025-09-12T00:37:05Z,CPA315,"46.115479,59.234665",38000,380,251
1757637458,2025-09-12T00:37:38Z,CPA315,"46.097031,59.155281",38000,379,251
1757637489,2025-09-12T00:38:09Z,CPA315,"46.079964,59.082069",37975,378,251
1757637518,2025-09-12T00:38:38Z,CPA315,"46.06366,59.012325",38000,378,251
1757637577,2025-09-12T00:39:37Z,CPA315,"46.030155,58.86969",38000,380,251
1757637609,2025-09-12T00:40:09Z,CPA315,"46.012234,58.794022",38000,381,251
1757637644,2025-09-12T00:40:44Z,CPA315,"45.992958,58.712791",38000,382,251
1757637677,2025-09-12T00:41:17Z,CPA315,"45.973499,58.631081",37975,383,251
1757637710,2025-09-12T00:41:50Z,CPA315,"45.954556,58.551704",38000,385,250
1757637741,2025-09-12T00:42:21Z,CPA315,"45.936539,58.476379",37975,384,251
1757637774,2025-09-12T00:42:54Z,CPA315,"45.917778,58.398514",38025,384,250
1757637806,2025-09-12T00:43:26Z,CPA315,"45.899109,58.321335",38025,385,250
1757637850,2025-09-12T00:44:10Z,CPA315,"45.873322,58.214878",38025,387,250
1757637882,2025-09-12T00:44:42Z,CPA315,"45.854095,58.135941",38000,388,250
1757637912,2025-09-12T00:45:12Z,CPA315,"45.836216,58.062538",37975,389,250
1757637944,2025-09-12T00:45:44Z,CPA315,"45.816971,57.984165",38000,391,250
1757637976,2025-09-12T00:46:16Z,CPA315,"45.798248,57.908199",38025,393,250
1757638008,2025-09-12T00:46:48Z,CPA315,"45.779068,57.830357",38000,395,250
1757638039,2025-09-12T00:47:19Z,CPA315,"45.759731,57.752174",38000,393,250
1757638070,2025-09-12T00:47:50Z,CPA315,"45.741112,57.677261",38000,392,250
1757638102,2025-09-12T00:48:22Z,CPA315,"45.72142,57.598228",38000,392,250
1757638134,2025-09-12T00:48:54Z,CPA315,"45.702347,57.521935",38000,393,250
1757638166,2025-09-12T00:49:26Z,CPA315,"45.682434,57.442822",38000,395,250
1757638198,2025-09-12T00:49:58Z,CPA315,"45.662659,57.364307",38000,397,250
1757638229,2025-09-12T00:50:29Z,CPA315,"45.64325,57.287403",38000,399,250
1757638259,2025-09-12T00:50:59Z,CPA315,"45.624115,57.211773",38000,402,250
1757638291,2025-09-12T00:51:31Z,CPA315,"45.603836,57.132122",38000,404,249
1757638325,2025-09-12T00:52:05Z,CPA315,"45.583115,57.050972",38000,406,250
1757638371,2025-09-12T00:52:51Z,CPA315,"45.569241,56.996864",38000,407,249
1757638405,2025-09-12T00:53:25Z,CPA315,"45.530647,56.846813",38000,412,249
1757638437,2025-09-12T00:53:57Z,CPA315,"45.509537,56.764984",38000,412,249
1757638469,2025-09-12T00:54:29Z,CPA315,"45.488434,56.683765",38000,413,249
1757638500,2025-09-12T00:55:00Z,CPA315,"45.467709,56.603973",38000,417,249
1757638532,2025-09-12T00:55:32Z,CPA315,"45.446182,56.521519",38000,419,249
1757638564,2025-09-12T00:56:04Z,CPA315,"45.424416,56.438442",38000,419,249
1757638595,2025-09-12T00:56:35Z,CPA315,"45.403515,56.35886",38000,419,249
1757638627,2025-09-12T00:57:07Z,CPA315,"45.381866,56.27668",38000,416,249
1757638658,2025-09-12T00:57:38Z,CPA315,"45.360809,56.197292",38000,412,249
1757638690,2025-09-12T00:58:10Z,CPA315,"45.339321,56.116692",38000,414,249
1757638724,2025-09-12T00:58:44Z,CPA315,"45.315536,56.027721",38000,421,249
1757638756,2025-09-12T00:59:16Z,CPA315,"45.293884,55.946537",38000,426,249
1757638787,2025-09-12T00:59:47Z,CPA315,"45.272095,55.865284",38000,426,249
1757638818,2025-09-12T01:00:18Z,CPA315,"45.250404,55.784824",38000,426,249
1757638846,2025-09-12T01:00:46Z,CPA315,"45.231087,55.713276",38000,425,249
1757638881,2025-09-12T01:01:21Z,CPA315,"45.205994,55.620838",38000,426,248
1757638912,2025-09-12T01:01:52Z,CPA315,"45.183929,55.539745",38000,426,248
1757638943,2025-09-12T01:02:23Z,CPA315,"45.161583,55.458046",38000,428,248
1757638974,2025-09-12T01:02:54Z,CPA315,"45.139572,55.377831",38000,428,248
1757639007,2025-09-12T01:03:27Z,CPA315,"45.115265,55.292488",38000,428,245
1757639038,2025-09-12T01:03:58Z,CPA315,"45.086243,55.216957",38000,426,237
1757639072,2025-09-12T01:04:32Z,CPA315,"45.046879,55.140312",38000,426,231
1757639103,2025-09-12T01:05:03Z,CPA315,"45.004852,55.076752",38000,425,223
1757639136,2025-09-12T01:05:36Z,CPA315,"44.957794,55.016457",38000,428,222
1757639167,2025-09-12T01:06:07Z,CPA315,"44.912247,54.956947",38000,430,222
1757639197,2025-09-12T01:06:37Z,CPA315,"44.868675,54.900425",38000,431,222
1757639229,2025-09-12T01:07:09Z,CPA315,"44.823624,54.842442",38000,431,222
1757639260,2025-09-12T01:07:40Z,CPA315,"44.776108,54.781429",38000,432,222
1757639290,2025-09-12T01:08:10Z,CPA315,"44.731705,54.724537",38000,431,222
1757639322,2025-09-12T01:08:42Z,CPA315,"44.684692,54.663391",38000,432,224
1757639355,2025-09-12T01:09:15Z,CPA315,"44.641113,54.592831",38000,436,233
1757639386,2025-09-12T01:09:46Z,CPA315,"44.605362,54.520569",38000,438,235
1757639419,2025-09-12T01:10:19Z,CPA315,"44.567715,54.44516",38000,436,234
1757639451,2025-09-12T01:10:51Z,CPA315,"44.529602,54.369442",38000,436,235
1757639483,2025-09-12T01:11:23Z,CPA315,"44.492672,54.295773",38000,435,234
1757639515,2025-09-12T01:11:55Z,CPA315,"44.455673,54.222042",38000,437,234
1757639546,2025-09-12T01:12:26Z,CPA315,"44.419682,54.150608",37975,439,234
1757639578,2025-09-12T01:12:58Z,CPA315,"44.38298,54.077847",38000,440,234
1757639611,2025-09-12T01:13:31Z,CPA315,"44.343521,53.999897",38000,440,234
1757639643,2025-09-12T01:14:03Z,CPA315,"44.305435,53.924889",38000,439,234
1757639674,2025-09-12T01:14:34Z,CPA315,"44.269363,53.85384",38000,438,234
1757639707,2025-09-12T01:15:07Z,CPA315,"44.230774,53.778339",38000,440,234
1757639740,2025-09-12T01:15:40Z,CPA315,"44.191807,53.702087",38000,440,234
1757639770,2025-09-12T01:16:10Z,CPA315,"44.156296,53.632828",38000,439,234
1757639802,2025-09-12T01:16:42Z,CPA315,"44.118023,53.55835",38000,442,234
1757639834,2025-09-12T01:17:14Z,CPA315,"44.08017,53.484959",38000,445,234
1757639867,2025-09-12T01:17:47Z,CPA315,"44.041721,53.410492",38000,447,234
1757639898,2025-09-12T01:18:18Z,CPA315,"44.003815,53.33728",38000,447,234
1757639928,2025-09-12T01:18:48Z,CPA315,"43.966873,53.266064",38000,444,234
1757639959,2025-09-12T01:19:19Z,CPA315,"43.929672,53.194427",38000,444,234
1757639991,2025-09-12T01:19:51Z,CPA315,"43.89122,53.120857",38000,444,234
1757640024,2025-09-12T01:20:24Z,CPA315,"43.851929,53.045887",38000,446,234
1757640054,2025-09-12T01:20:54Z,CPA315,"43.815571,52.976597",38000,448,234
1757640086,2025-09-12T01:21:26Z,CPA315,"43.776077,52.90147",38000,450,233
1757640118,2025-09-12T01:21:58Z,CPA315,"43.736847,52.827122",38000,451,233
1757640150,2025-09-12T01:22:30Z,CPA315,"43.697514,52.752686",38000,453,233
1757640181,2025-09-12T01:23:01Z,CPA315,"43.658936,52.679825",38000,454,233
1757640214,2025-09-12T01:23:34Z,CPA315,"43.618378,52.603649",38000,454,233
1757640244,2025-09-12T01:24:04Z,CPA315,"43.580994,52.53381",38000,456,233
1757640277,2025-09-12T01:24:37Z,CPA315,"43.539658,52.456642",38000,453,233
1757640310,2025-09-12T01:25:10Z,CPA315,"43.499313,52.381535",38000,454,233
1757640340,2025-09-12T01:25:40Z,CPA315,"43.460541,52.309677",38000,456,233
1757640372,2025-09-12T01:26:12Z,CPA315,"43.42104,52.236458",38000,455,233
1757640405,2025-09-12T01:26:45Z,CPA315,"43.379608,52.160011",38000,456,233
1757640436,2025-09-12T01:27:16Z,CPA315,"43.340012,52.087013",38000,458,233
1757640468,2025-09-12T01:27:48Z,CPA315,"43.299911,52.013367",38000,458,233
1757640501,2025-09-12T01:28:21Z,CPA315,"43.258713,51.93774",38000,459,233
1757640533,2025-09-12T01:28:53Z,CPA315,"43.217743,51.862816",38000,457,233
1757640565,2025-09-12T01:29:25Z,CPA315,"43.176781,51.788177",38000,454,233
1757640596,2025-09-12T01:29:56Z,CPA315,"43.137817,51.717289",38000,452,233
1757640628,2025-09-12T01:30:28Z,CPA315,"43.097874,51.644768",38000,452,233
1757640661,2025-09-12T01:31:01Z,CPA315,"43.056725,51.570282",38000,453,233
1757640693,2025-09-12T01:31:33Z,CPA315,"43.015457,51.495792",38000,456,232
1757640724,2025-09-12T01:32:04Z,CPA315,"42.97628,51.425236",38000,456,232
1757640756,2025-09-12T01:32:36Z,CPA315,"42.936153,51.353107",38000,456,232
1757640786,2025-09-12T01:33:06Z,CPA315,"42.896908,51.282742",38000,456,232
1757640817,2025-09-12T01:33:37Z,CPA315,"42.857758,51.212704",38000,457,232
1757640849,2025-09-12T01:34:09Z,CPA315,"42.816879,51.139759",38000,459,232
1757640881,2025-09-12T01:34:41Z,CPA315,"42.774719,51.064701",38000,459,232
1757640914,2025-09-12T01:35:14Z,CPA315,"42.733658,50.991795",38000,459,232
1757640944,2025-09-12T01:35:44Z,CPA315,"42.693661,50.921055",38000,459,232
1757640976,2025-09-12T01:36:16Z,CPA315,"42.652176,50.84766",38000,458,232
1757641007,2025-09-12T01:36:47Z,CPA315,"42.612488,50.777748",38000,460,232
1757641040,2025-09-12T01:37:20Z,CPA315,"42.570766,50.704395",38000,460,232
1757641070,2025-09-12T01:37:50Z,CPA315,"42.53096,50.634613",38000,457,232
1757641103,2025-09-12T01:38:23Z,CPA315,"42.488663,50.560581",38000,454,232
1757641136,2025-09-12T01:38:56Z,CPA315,"42.446091,50.486237",38000,452,232
1757641167,2025-09-12T01:39:27Z,CPA315,"42.407043,50.416698",38000,451,234
1757641200,2025-09-12T01:40:00Z,CPA315,"42.368042,50.341167",38000,452,235
1757641232,2025-09-12T01:40:32Z,CPA315,"42.329624,50.267433",38000,452,234
1757641263,2025-09-12T01:41:03Z,CPA315,"42.291504,50.195534",38000,450,234
1757641294,2025-09-12T01:41:34Z,CPA315,"42.253876,50.124996",38000,450,234
1757641326,2025-09-12T01:42:06Z,CPA315,"42.215572,50.053265",38000,449,234
1757641357,2025-09-12T01:42:37Z,CPA315,"42.1772,49.981613",38000,447,234
1757641389,2025-09-12T01:43:09Z,CPA315,"42.139023,49.910328",38000,447,234
1757641421,2025-09-12T01:43:41Z,CPA315,"42.101284,49.840054",38000,446,234
1757641452,2025-09-12T01:44:12Z,CPA315,"42.062508,49.768131",38000,446,234
1757641484,2025-09-12T01:44:44Z,CPA315,"42.024429,49.697678",38000,446,234
1757641515,2025-09-12T01:45:15Z,CPA315,"41.986908,49.628372",38000,448,234
1757641547,2025-09-12T01:45:47Z,CPA315,"41.947895,49.556515",38000,448,233
1757641578,2025-09-12T01:46:18Z,CPA315,"41.909306,49.485424",38000,449,233
1757641610,2025-09-12T01:46:50Z,CPA315,"41.870899,49.4151",38000,450,233
1757641641,2025-09-12T01:47:21Z,CPA315,"41.831085,49.344093",38000,451,233
1757641673,2025-09-12T01:47:53Z,CPA315,"41.793728,49.273144",38000,450,234
1757641705,2025-09-12T01:48:25Z,CPA315,"41.756859,49.198547",38000,450,237
1757641737,2025-09-12T01:48:57Z,CPA315,"41.720284,49.123291",38000,450,236
1757641769,2025-09-12T01:49:29Z,CPA315,"41.684101,49.050354",38000,452,236
1757641801,2025-09-12T01:50:01Z,CPA315,"41.646675,48.975811",38000,454,236
1757641833,2025-09-12T01:50:33Z,CPA315,"41.609596,48.902142",38000,454,236
1757641864,2025-09-12T01:51:04Z,CPA315,"41.572464,48.828373",38000,454,236
1757641896,2025-09-12T01:51:36Z,CPA315,"41.534939,48.754028",38000,454,236
1757641927,2025-09-12T01:52:07Z,CPA315,"41.497746,48.682419",38000,454,233
1757641959,2025-09-12T01:52:39Z,CPA315,"41.457153,48.611664",38000,454,232
1757641991,2025-09-12T01:53:11Z,CPA315,"41.416378,48.540333",38000,455,233
1757642023,2025-09-12T01:53:43Z,CPA315,"41.377701,48.469803",38000,455,234
1757642055,2025-09-12T01:54:15Z,CPA315,"41.338539,48.397179",38000,456,234
1757642086,2025-09-12T01:54:46Z,CPA315,"41.299316,48.324986",38000,458,233
1757642118,2025-09-12T01:55:18Z,CPA315,"41.259796,48.252811",38000,457,234
1757642149,2025-09-12T01:55:49Z,CPA315,"41.22443,48.17765",38000,456,241
1757642181,2025-09-12T01:56:21Z,CPA315,"41.196541,48.098557",38000,456,247
1757642212,2025-09-12T01:56:52Z,CPA315,"41.175037,48.015495",38000,457,254
1757642244,2025-09-12T01:57:24Z,CPA315,"41.160114,47.929367",38000,458,260
1757642275,2025-09-12T01:57:55Z,CPA315,"41.15258,47.841743",38000,460,266
1757642306,2025-09-12T01:58:26Z,CPA315,"41.152229,47.753841",38000,464,272
1757642338,2025-09-12T01:58:58Z,CPA315,"41.159374,47.664894",38000,466,279
1757642369,2025-09-12T01:59:29Z,CPA315,"41.172798,47.57616",38000,466,281
1757642401,2025-09-12T02:00:01Z,CPA315,"41.186268,47.487888",38000,466,281
1757642433,2025-09-12T02:00:33Z,CPA315,"41.199532,47.399357",38000,466,281
1757642464,2025-09-12T02:01:04Z,CPA315,"41.212872,47.311264",38000,468,281
1757642496,2025-09-12T02:01:36Z,CPA315,"41.226482,47.222271",38000,469,281
1757642527,2025-09-12T02:02:07Z,CPA315,"41.239815,47.133144",38000,472,281
1757642559,2025-09-12T02:02:39Z,CPA315,"41.253273,47.04348",38000,474,281
1757642591,2025-09-12T02:03:11Z,CPA315,"41.266838,46.95224",38000,474,281
1757642622,2025-09-12T02:03:42Z,CPA315,"41.280144,46.86372",38000,474,281
1757642653,2025-09-12T02:04:13Z,CPA315,"41.293465,46.773701",38000,472,280
1757642685,2025-09-12T02:04:45Z,CPA315,"41.306458,46.684219",38000,470,280
1757642716,2025-09-12T02:05:16Z,CPA315,"41.318733,46.59441",38000,470,280
1757642748,2025-09-12T02:05:48Z,CPA315,"41.330841,46.506218",38000,471,280
1757642778,2025-09-12T02:06:18Z,CPA315,"41.343227,46.418106",38000,472,280
1757642810,2025-09-12T02:06:50Z,CPA315,"41.355503,46.328941",38000,472,280
1757642841,2025-09-12T02:07:21Z,CPA315,"41.367477,46.240623",38000,470,280
1757642872,2025-09-12T02:07:52Z,CPA315,"41.379494,46.151615",38000,470,280
1757642904,2025-09-12T02:08:24Z,CPA315,"41.391644,46.061996",38000,472,280
1757642935,2025-09-12T02:08:55Z,CPA315,"41.403858,45.972855",38000,471,280
1757642966,2025-09-12T02:09:26Z,CPA315,"41.415848,45.883991",38000,470,280
1757642998,2025-09-12T02:09:58Z,CPA315,"41.427998,45.794167",38000,470,280
1757643029,2025-09-12T02:10:29Z,CPA315,"41.439964,45.703808",38000,470,279
1757643061,2025-09-12T02:11:01Z,CPA315,"41.450581,45.6133",38000,472,279
1757643092,2025-09-12T02:11:32Z,CPA315,"41.463181,45.524868",38000,472,279
1757643124,2025-09-12T02:12:04Z,CPA315,"41.474407,45.434036",38000,470,279
1757643155,2025-09-12T02:12:35Z,CPA315,"41.485222,45.345432",38000,469,277
1757643186,2025-09-12T02:13:06Z,CPA315,"41.492619,45.25639",38000,468,276
1757643217,2025-09-12T02:13:37Z,CPA315,"41.500305,45.167027",38000,468,276
1757643249,2025-09-12T02:14:09Z,CPA315,"41.507496,45.076569",38000,466,276
1757643280,2025-09-12T02:14:40Z,CPA315,"41.515339,44.988293",38000,466,276
1757643311,2025-09-12T02:15:11Z,CPA315,"41.52232,44.898018",38000,466,276
1757643343,2025-09-12T02:15:43Z,CPA315,"41.529549,44.809025",38000,466,275
1757643374,2025-09-12T02:16:14Z,CPA315,"41.536678,44.718204",38000,467,276
1757643405,2025-09-12T02:16:45Z,CPA315,"41.54356,44.630104",38000,468,275
1757643437,2025-09-12T02:17:17Z,CPA315,"41.55077,44.539017",38000,467,275
1757643469,2025-09-12T02:17:49Z,CPA315,"41.557945,44.448399",38000,464,275
1757643500,2025-09-12T02:18:20Z,CPA315,"41.564568,44.361111",38000,460,275
1757643531,2025-09-12T02:18:51Z,CPA315,"41.571178,44.273369",38000,461,275
1757643563,2025-09-12T02:19:23Z,CPA315,"41.578083,44.183678",38000,461,275
1757643594,2025-09-12T02:19:54Z,CPA315,"41.584713,44.095848",38000,459,275
1757643625,2025-09-12T02:20:25Z,CPA315,"41.591068,44.009373",38000,452,275
1757643656,2025-09-12T02:20:56Z,CPA315,"41.597382,43.923634",38000,450,275
1757643687,2025-09-12T02:21:27Z,CPA315,"41.603596,43.837631",38000,447,275
1757643719,2025-09-12T02:21:59Z,CPA315,"41.609577,43.750801",38000,447,275
1757643750,2025-09-12T02:22:30Z,CPA315,"41.615597,43.664497",38000,449,275
1757643783,2025-09-12T02:23:03Z,CPA315,"41.622234,43.573433",38000,454,275
1757643814,2025-09-12T02:23:34Z,CPA315,"41.628262,43.484497",38000,456,275
1757643846,2025-09-12T02:24:06Z,CPA315,"41.634426,43.397049",38000,456,275
1757643877,2025-09-12T02:24:37Z,CPA315,"41.641064,43.30835",38000,458,275
1757643909,2025-09-12T02:25:09Z,CPA315,"41.647175,43.221176",38000,457,275
1757643940,2025-09-12T02:25:40Z,CPA315,"41.653172,43.133038",38000,456,275
1757643971,2025-09-12T02:26:11Z,CPA315,"41.659248,43.045273",38025,458,275
1757644003,2025-09-12T02:26:43Z,CPA315,"41.66555,42.956848",38000,460,275
1757644035,2025-09-12T02:27:15Z,CPA315,"41.669601,42.865662",38000,466,269
1757644066,2025-09-12T02:27:46Z,CPA315,"41.665611,42.776882",38000,468,263
1757644097,2025-09-12T02:28:17Z,CPA315,"41.657547,42.688057",38000,466,263
1757644129,2025-09-12T02:28:49Z,CPA315,"41.650452,42.597149",38000,464,263
1757644160,2025-09-12T02:29:20Z,CPA315,"41.643322,42.508781",38000,463,263
1757644191,2025-09-12T02:29:51Z,CPA315,"41.635601,42.418972",38000,463,263
1757644223,2025-09-12T02:30:23Z,CPA315,"41.627792,42.329544",38000,463,263
1757644255,2025-09-12T02:30:55Z,CPA315,"41.619614,42.238808",38000,462,263
1757644287,2025-09-12T02:31:27Z,CPA315,"41.612003,42.149467",38000,458,263
1757644317,2025-09-12T02:31:57Z,CPA315,"41.603973,42.06554",38000,455,263
1757644349,2025-09-12T02:32:29Z,CPA315,"41.596184,41.976772",38000,453,263
1757644381,2025-09-12T02:33:01Z,CPA315,"41.588638,41.88839",38000,452,263
1757644412,2025-09-12T02:33:32Z,CPA315,"41.580814,41.801456",38000,453,263
1757644443,2025-09-12T02:34:03Z,CPA315,"41.573257,41.716904",38000,453,263
1757644476,2025-09-12T02:34:36Z,CPA315,"41.56517,41.626564",38000,449,263
1757644506,2025-09-12T02:35:06Z,CPA315,"41.556973,41.541622",38000,448,263
1757644538,2025-09-12T02:35:38Z,CPA315,"41.551926,41.455463",38000,440,268
1757644569,2025-09-12T02:36:09Z,CPA315,"41.552761,41.373798",38000,428,274
1757644601,2025-09-12T02:36:41Z,CPA315,"41.559132,41.288879",38000,427,274
1757644632,2025-09-12T02:37:12Z,CPA315,"41.563499,41.206867",38000,426,274
1757644664,2025-09-12T02:37:44Z,CPA315,"41.568043,41.123215",38000,427,274
1757644696,2025-09-12T02:38:16Z,CPA315,"41.57272,41.040279",38000,427,274
1757644726,2025-09-12T02:38:46Z,CPA315,"41.577221,40.96167",38000,427,274
1757644757,2025-09-12T02:39:17Z,CPA315,"41.581432,40.87888",38000,424,274
1757644789,2025-09-12T02:39:49Z,CPA315,"41.585907,40.796074",38000,424,273
1757644821,2025-09-12T02:40:21Z,CPA315,"41.591225,40.712856",38000,421,273
1757644853,2025-09-12T02:40:53Z,CPA315,"41.594311,40.630787",38000,422,273
1757644885,2025-09-12T02:41:25Z,CPA315,"41.598316,40.547657",38000,423,273
1757644917,2025-09-12T02:41:57Z,CPA315,"41.6026,40.463936",38000,421,273
1757644949,2025-09-12T02:42:29Z,CPA315,"41.606419,40.380589",38000,421,273
1757644980,2025-09-12T02:43:00Z,CPA315,"41.610363,40.30167",38000,421,273
1757645013,2025-09-12T02:43:33Z,CPA315,"41.614227,40.217175",38000,422,273
1757645044,2025-09-12T02:44:04Z,CPA315,"41.618076,40.135197",38000,424,273
1757645076,2025-09-12T02:44:36Z,CPA315,"41.621952,40.051952",38000,425,273
1757645108,2025-09-12T02:45:08Z,CPA315,"41.625824,39.968533",38000,422,273
1757645140,2025-09-12T02:45:40Z,CPA315,"41.629532,39.886562",38000,419,273
1757645172,2025-09-12T02:46:12Z,CPA315,"41.63327,39.804905",38000,418,273
1757645204,2025-09-12T02:46:44Z,CPA315,"41.636986,39.721764",38000,416,273
1757645235,2025-09-12T02:47:15Z,CPA315,"41.640438,39.641327",38000,418,273
1757645266,2025-09-12T02:47:46Z,CPA315,"41.643806,39.56221",38000,420,273
1757645299,2025-09-12T02:48:19Z,CPA315,"41.647484,39.477013",38000,421,273
1757645330,2025-09-12T02:48:50Z,CPA315,"41.650848,39.396248",38000,423,273
1757645361,2025-09-12T02:49:21Z,CPA315,"41.654182,39.315788",38000,425,273
1757645391,2025-09-12T02:49:51Z,CPA315,"41.657455,39.236809",38000,426,273
1757645423,2025-09-12T02:50:23Z,CPA315,"41.660767,39.152145",38000,425,273
1757645455,2025-09-12T02:50:55Z,CPA315,"41.664085,39.068535",38000,426,273
1757645487,2025-09-12T02:51:27Z,CPA315,"41.667324,38.983749",38000,427,272
1757645518,2025-09-12T02:51:58Z,CPA315,"41.670444,38.901821",38000,429,273
1757645551,2025-09-12T02:52:31Z,CPA315,"41.673584,38.81583",38000,430,272
1757645581,2025-09-12T02:53:01Z,CPA315,"41.676491,38.735439",38000,430,272
1757645614,2025-09-12T02:53:34Z,CPA315,"41.67952,38.64917",38000,430,272
1757645644,2025-09-12T02:54:04Z,CPA315,"41.682472,38.568439",38000,432,272
1757645677,2025-09-12T02:54:37Z,CPA315,"41.684963,38.481037",38000,432,272
1757645707,2025-09-12T02:55:07Z,CPA315,"41.687885,38.400715",38000,431,272
1757645740,2025-09-12T02:55:40Z,CPA315,"41.690639,38.313667",38000,430,272
1757645770,2025-09-12T02:56:10Z,CPA315,"41.693157,38.232029",38000,430,272
1757645803,2025-09-12T02:56:43Z,CPA315,"41.695934,38.145149",38000,430,272
1757645836,2025-09-12T02:57:16Z,CPA315,"41.698509,38.058189",38000,433,272
1757645866,2025-09-12T02:57:46Z,CPA315,"41.701111,37.977612",38000,434,272
1757645898,2025-09-12T02:58:18Z,CPA315,"41.703617,37.891262",38000,436,272
1757645931,2025-09-12T02:58:51Z,CPA315,"41.705994,37.803169",38000,437,272
1757645963,2025-09-12T02:59:23Z,CPA315,"41.708519,37.715572",38000,439,272
1757645996,2025-09-12T02:59:56Z,CPA315,"41.71093,37.627087",38000,439,272
1757646027,2025-09-12T03:00:27Z,CPA315,"41.713184,37.542061",38000,438,272
1757646060,2025-09-12T03:01:00Z,CPA315,"41.715473,37.454468",38000,438,271
1757646092,2025-09-12T03:01:32Z,CPA315,"41.71917,37.367535",38000,431,279
1757646099,2025-09-12T03:01:39Z,CPA315,"41.721416,37.351124",38000,430,281
1757646101,2025-09-12T03:01:41Z,CPA315,"41.722321,37.344784",38000,429,281
1757646103,2025-09-12T03:01:43Z,CPA315,"41.723251,37.338589",38000,429,281
1757646133,2025-09-12T03:02:13Z,CPA315,"41.734627,37.259987",38000,429,280
1757646164,2025-09-12T03:02:44Z,CPA315,"41.745113,37.178898",38000,430,279
1757646195,2025-09-12T03:03:15Z,CPA315,"41.755608,37.098064",38000,431,280
1757646227,2025-09-12T03:03:47Z,CPA315,"41.766479,37.014488",38000,433,280
1757646260,2025-09-12T03:04:20Z,CPA315,"41.777843,36.927197",38000,435,280
1757646290,2025-09-12T03:04:50Z,CPA315,"41.788181,36.847061",38000,436,279
1757646322,2025-09-12T03:05:22Z,CPA315,"41.799156,36.761948",38000,434,279
1757646353,2025-09-12T03:05:53Z,CPA315,"41.809765,36.679832",38000,434,279
1757646384,2025-09-12T03:06:24Z,CPA315,"41.818752,36.596958",38125,433,279
1757646415,2025-09-12T03:06:55Z,CPA315,"41.830299,36.516182",38500,432,279
1757646447,2025-09-12T03:07:27Z,CPA315,"41.841118,36.430367",38875,431,279
1757646481,2025-09-12T03:08:01Z,CPA315,"41.85191,36.342697",39125,431,279
1757646512,2025-09-12T03:08:32Z,CPA315,"41.861904,36.261288",39450,430,279
1757646553,2025-09-12T03:09:13Z,CPA315,"41.875561,36.150467",39950,428,279
1757646569,2025-09-12T03:09:29Z,CPA315,"41.881226,36.10693",40000,430,279
1757647101,2025-09-12T03:18:21Z,CPA315,"42.043274,34.701302",40000,436,278
1757647135,2025-09-12T03:18:55Z,CPA315,"42.052006,34.607994",40000,437,278
1757647166,2025-09-12T03:19:26Z,CPA315,"42.061375,34.525867",40000,438,278
1757647197,2025-09-12T03:19:57Z,CPA315,"42.070175,34.443352",40000,439,278
1757647229,2025-09-12T03:20:29Z,CPA315,"42.079044,34.357082",40000,438,278
1757647260,2025-09-12T03:21:00Z,CPA315,"42.088634,34.273518",40000,439,278
1757647292,2025-09-12T03:21:32Z,CPA315,"42.097263,34.184834",40000,438,278
1757647325,2025-09-12T03:22:05Z,CPA315,"42.106018,34.096771",40000,438,277
1757647356,2025-09-12T03:22:36Z,CPA315,"42.114048,34.01392",40000,437,277
1757647388,2025-09-12T03:23:08Z,CPA315,"42.123516,33.927883",40000,438,277
1757647421,2025-09-12T03:23:41Z,CPA315,"42.13422,33.839882",40000,438,277
1757647451,2025-09-12T03:24:11Z,CPA315,"42.140221,33.755753",40000,437,277
1757647484,2025-09-12T03:24:44Z,CPA315,"42.151989,33.67104",40000,437,277
1757647516,2025-09-12T03:25:16Z,CPA315,"42.159748,33.581463",40000,435,277
1757647548,2025-09-12T03:25:48Z,CPA315,"42.164532,33.494385",40000,434,277
1757647579,2025-09-12T03:26:19Z,CPA315,"42.174763,33.410751",40000,433,277
1757647612,2025-09-12T03:26:52Z,CPA315,"42.182789,33.324142",40000,433,277
1757647643,2025-09-12T03:27:23Z,CPA315,"42.189064,33.238117",40000,433,277
1757647674,2025-09-12T03:27:54Z,CPA315,"42.200497,33.158363",40000,434,277
1757647706,2025-09-12T03:28:26Z,CPA315,"42.207142,33.071274",40000,434,277
1757647737,2025-09-12T03:28:57Z,CPA315,"42.215179,32.987465",40000,435,277
1757647769,2025-09-12T03:29:29Z,CPA315,"42.222584,32.901684",40000,435,277
1757647802,2025-09-12T03:30:02Z,CPA315,"42.230324,32.812798",40000,436,276
1757647834,2025-09-12T03:30:34Z,CPA315,"42.238205,32.726063",40000,436,276
1757647866,2025-09-12T03:31:06Z,CPA315,"42.245956,32.638794",40000,437,276
1757647900,2025-09-12T03:31:40Z,CPA315,"42.25351,32.543377",40000,437,276
1757647931,2025-09-12T03:32:11Z,CPA315,"42.261505,32.461864",40000,439,276
1757647962,2025-09-12T03:32:42Z,CPA315,"42.268814,32.377216",40000,438,276
1757647993,2025-09-12T03:33:13Z,CPA315,"42.2761,32.294811",40000,437,276
1757648027,2025-09-12T03:33:47Z,CPA315,"42.283978,32.202656",40000,438,276
1757648058,2025-09-12T03:34:18Z,CPA315,"42.291084,32.119675",40000,437,276
1757648090,2025-09-12T03:34:50Z,CPA315,"42.298176,32.03281",40000,438,276
1757648121,2025-09-12T03:35:21Z,CPA315,"42.305656,31.947895",40000,439,276
1757648153,2025-09-12T03:35:53Z,CPA315,"42.312778,31.862474",40000,440,276
1757648184,2025-09-12T03:36:24Z,CPA315,"42.319946,31.776064",40000,439,276
1757648216,2025-09-12T03:36:56Z,CPA315,"42.327026,31.68972",40000,439,276
1757648248,2025-09-12T03:37:28Z,CPA315,"42.334061,31.602856",40000,439,276
1757648279,2025-09-12T03:37:59Z,CPA315,"42.34095,31.517176",40000,438,276
1757648311,2025-09-12T03:38:31Z,CPA315,"42.347816,31.430895",40000,437,276
1757648343,2025-09-12T03:39:03Z,CPA315,"42.354572,31.344809",40000,437,275
1757648375,2025-09-12T03:39:35Z,CPA315,"42.361271,31.258287",40000,436,275
1757648407,2025-09-12T03:40:07Z,CPA315,"42.367962,31.171942",40000,437,275
1757648438,2025-09-12T03:40:38Z,CPA315,"42.37463,31.085365",40000,437,275
1757648470,2025-09-12T03:41:10Z,CPA315,"42.380981,31.000765",40000,438,275
1757648501,2025-09-12T03:41:41Z,CPA315,"42.38744,30.914787",40000,439,275
1757648534,2025-09-12T03:42:14Z,CPA315,"42.394169,30.827219",40000,439,275
1757648566,2025-09-12T03:42:46Z,CPA315,"42.400909,30.739916",40000,440,275
1757648598,2025-09-12T03:43:18Z,CPA315,"42.407673,30.652594",40000,439,275
1757648630,2025-09-12T03:43:50Z,CPA315,"42.414204,30.565256",40000,438,275
1757648661,2025-09-12T03:44:21Z,CPA315,"42.420567,30.47928",40000,437,275
1757648693,2025-09-12T03:44:53Z,CPA315,"42.426857,30.393135",40000,436,275
1757648725,2025-09-12T03:45:25Z,CPA315,"42.433064,30.305969",40000,434,275
1757648758,2025-09-12T03:45:58Z,CPA315,"42.43906,30.219835",40000,434,275
1757648789,2025-09-12T03:46:29Z,CPA315,"42.444977,30.134338",40000,434,275
1757648821,2025-09-12T03:47:01Z,CPA315,"42.450775,30.049421",40000,434,275
1757648852,2025-09-12T03:47:32Z,CPA315,"42.45636,29.965208",40000,434,275
1757648883,2025-09-12T03:48:03Z,CPA315,"42.46241,29.880068",40000,436,277
1757648915,2025-09-12T03:48:35Z,CPA315,"42.474815,29.79546",40000,440,283
1757648947,2025-09-12T03:49:07Z,CPA315,"42.488922,29.710138",40000,440,281
1757648978,2025-09-12T03:49:38Z,CPA315,"42.50211,29.62532",40000,442,281
1757649010,2025-09-12T03:50:10Z,CPA315,"42.515522,29.540009",40000,442,281
1757649041,2025-09-12T03:50:41Z,CPA315,"42.528793,29.456148",40000,442,281
1757649072,2025-09-12T03:51:12Z,CPA315,"42.541946,29.372288",40000,443,281
1757649103,2025-09-12T03:51:43Z,CPA315,"42.555103,29.287397",40000,444,281
1757649134,2025-09-12T03:52:14Z,CPA315,"42.568157,29.203093",40000,441,281
1757649166,2025-09-12T03:52:46Z,CPA315,"42.581043,29.118134",40000,440,281
1757649198,2025-09-12T03:53:18Z,CPA315,"42.594017,29.032267",40000,441,281
1757649229,2025-09-12T03:53:49Z,CPA315,"42.60675,28.94837",40000,441,281
1757649261,2025-09-12T03:54:21Z,CPA315,"42.619675,28.862917",40000,439,281
1757649292,2025-09-12T03:54:52Z,CPA315,"42.632343,28.778515",40000,440,281
1757649323,2025-09-12T03:55:23Z,CPA315,"42.645287,28.693136",40000,441,281
1757649355,2025-09-12T03:55:55Z,CPA315,"42.658073,28.608318",40000,442,281
1757649386,2025-09-12T03:56:26Z,CPA315,"42.670948,28.52301",40000,444,281
1757649418,2025-09-12T03:56:58Z,CPA315,"42.683548,28.438118",40000,443,281
1757649449,2025-09-12T03:57:29Z,CPA315,"42.696171,28.352858",40000,443,281
1757649481,2025-09-12T03:58:01Z,CPA315,"42.708935,28.266315",40000,446,281
1757649512,2025-09-12T03:58:32Z,CPA315,"42.721478,28.179897",40000,447,281
1757649543,2025-09-12T03:59:03Z,CPA315,"42.733906,28.094416",40000,448,281
1757649575,2025-09-12T03:59:35Z,CPA315,"42.746391,28.007677",40000,448,280
1757649606,2025-09-12T04:00:06Z,CPA315,"42.758602,27.922535",40000,450,280
1757649637,2025-09-12T04:00:37Z,CPA315,"42.770771,27.836061",40000,452,280
1757649668,2025-09-12T04:01:08Z,CPA315,"42.783054,27.749342",40000,452,280
1757649699,2025-09-12T04:01:39Z,CPA315,"42.795403,27.661959",40000,450,280
1757649730,2025-09-12T04:02:10Z,CPA315,"42.807472,27.575556",40000,450,280
1757649761,2025-09-12T04:02:41Z,CPA315,"42.819393,27.490202",40000,450,280
1757649793,2025-09-12T04:03:13Z,CPA315,"42.831593,27.401661",40000,452,280
1757649825,2025-09-12T04:03:45Z,CPA315,"42.843941,27.313046",40000,453,280
1757649857,2025-09-12T04:04:17Z,CPA315,"42.855865,27.224356",40000,453,280
1757649887,2025-09-12T04:04:47Z,CPA315,"42.867241,27.140135",40000,456,280
1757649919,2025-09-12T04:05:19Z,CPA315,"42.879269,27.050892",40000,457,280
1757649950,2025-09-12T04:05:50Z,CPA315,"42.891174,26.962296",40000,460,280
1757649981,2025-09-12T04:06:21Z,CPA315,"42.903137,26.872965",40000,463,279
1757650013,2025-09-12T04:06:53Z,CPA315,"42.915119,26.781574",40000,467,280
1757650045,2025-09-12T04:07:25Z,CPA315,"42.927357,26.689768",40000,467,280
1757650076,2025-09-12T04:07:56Z,CPA315,"42.939312,26.599874",40000,467,279
1757650108,2025-09-12T04:08:28Z,CPA315,"42.95153,26.507082",40000,464,279
1757650140,2025-09-12T04:09:00Z,CPA315,"42.963547,26.415459",40000,464,279
1757650172,2025-09-12T04:09:32Z,CPA315,"42.975403,26.323359",40000,462,279
1757650204,2025-09-12T04:10:04Z,CPA315,"42.987179,26.232416",40000,462,279
1757650236,2025-09-12T04:10:36Z,CPA315,"42.998936,26.140894",40000,464,279
1757650268,2025-09-12T04:11:08Z,CPA315,"43.010643,26.0492",40000,465,279
1757650299,2025-09-12T04:11:39Z,CPA315,"43.022053,25.959581",40000,465,279
1757650330,2025-09-12T04:12:10Z,CPA315,"43.033504,25.868662",40000,466,279
1757650362,2025-09-12T04:12:42Z,CPA315,"43.044868,25.777639",40000,465,279
1757650394,2025-09-12T04:13:14Z,CPA315,"43.056419,25.684246",40000,466,279
1757650425,2025-09-12T04:13:45Z,CPA315,"43.067665,25.593569",40000,467,279
1757650457,2025-09-12T04:14:17Z,CPA315,"43.078827,25.50194",40000,466,279
1757650489,2025-09-12T04:14:49Z,CPA315,"43.089893,25.409821",40000,462,279
1757650520,2025-09-12T04:15:20Z,CPA315,"43.100811,25.319584",40000,460,279
1757650552,2025-09-12T04:15:52Z,CPA315,"43.111618,25.228674",40000,460,279
1757650584,2025-09-12T04:16:24Z,CPA315,"43.122288,25.137777",40000,460,279
1757650615,2025-09-12T04:16:55Z,CPA315,"43.132679,25.047712",40000,461,278
1757650647,2025-09-12T04:17:27Z,CPA315,"43.143265,24.956116",40000,461,278
1757650679,2025-09-12T04:17:59Z,CPA315,"43.1535,24.864691",40000,461,278
1757650711,2025-09-12T04:18:31Z,CPA315,"43.164005,24.772747",40000,459,278
1757650743,2025-09-12T04:19:03Z,CPA315,"43.174328,24.681107",40000,460,278
1757650774,2025-09-12T04:19:34Z,CPA315,"43.184311,24.591259",40000,460,278
1757650806,2025-09-12T04:20:06Z,CPA315,"43.194374,24.500704",40000,459,278
1757650838,2025-09-12T04:20:38Z,CPA315,"43.204418,24.408918",40000,460,278
1757650868,2025-09-12T04:21:08Z,CPA315,"43.213802,24.323029",40000,460,278
1757650900,2025-09-12T04:21:40Z,CPA315,"43.223801,24.230494",40000,463,278
1757650931,2025-09-12T04:22:11Z,CPA315,"43.233856,24.13892",40000,462,278
1757650963,2025-09-12T04:22:43Z,CPA315,"43.243862,24.047415",40000,462,278
1757650995,2025-09-12T04:23:15Z,CPA315,"43.253681,23.955919",40000,463,278
1757651026,2025-09-12T04:23:46Z,CPA315,"43.263546,23.864157",40000,465,278
1757651059,2025-09-12T04:24:19Z,CPA315,"43.273376,23.770351",40000,467,278
1757651090,2025-09-12T04:24:50Z,CPA315,"43.283157,23.677071",40000,468,278
1757651122,2025-09-12T04:25:22Z,CPA315,"43.292686,23.585287",40000,467,278
1757651153,2025-09-12T04:25:53Z,CPA315,"43.302158,23.492527",40000,467,278
1757651185,2025-09-12T04:26:25Z,CPA315,"43.311569,23.400211",40000,466,278
1757651217,2025-09-12T04:26:57Z,CPA315,"43.320835,23.307116",40000,465,277
1757651248,2025-09-12T04:27:28Z,CPA315,"43.32999,23.216175",40000,465,277
1757651280,2025-09-12T04:28:00Z,CPA315,"43.339233,23.122389",40000,467,277
1757651312,2025-09-12T04:28:32Z,CPA315,"43.348354,23.028992",40000,468,277
1757651343,2025-09-12T04:29:03Z,CPA315,"43.357433,22.936283",40000,467,277
1757651371,2025-09-12T04:29:31Z,CPA315,"43.361267,22.854959",40000,470,267
1757651373,2025-09-12T04:29:33Z,CPA315,"43.361107,22.848604",40000,469,267
1757651375,2025-09-12T04:29:35Z,CPA315,"43.360832,22.842762",40000,469,266
1757651377,2025-09-12T04:29:37Z,CPA315,"43.360466,22.835512",40000,470,266
1757651379,2025-09-12T04:29:39Z,CPA315,"43.360214,22.830418",40000,470,266
1757651381,2025-09-12T04:29:41Z,CPA315,"43.359867,22.824184",40000,470,265
1757651383,2025-09-12T04:29:43Z,CPA315,"43.359524,22.817894",40000,470,265
1757651415,2025-09-12T04:30:15Z,CPA315,"43.355152,22.723734",40000,468,267
1757651447,2025-09-12T04:30:47Z,CPA315,"43.352207,22.629253",40000,468,267
1757651478,2025-09-12T04:31:18Z,CPA315,"43.34901,22.535339",40000,470,267
1757651510,2025-09-12T04:31:50Z,CPA315,"43.345364,22.439754",40000,470,267
1757651542,2025-09-12T04:32:22Z,CPA315,"43.341801,22.346474",40000,469,267
1757651572,2025-09-12T04:32:52Z,CPA315,"43.338463,22.256842",40000,469,267
1757651604,2025-09-12T04:33:24Z,CPA315,"43.334736,22.162138",40000,471,267
1757651635,2025-09-12T04:33:55Z,CPA315,"43.330925,22.066998",40000,472,267
1757651667,2025-09-12T04:34:27Z,CPA315,"43.327091,21.971983",40000,468,266
1757651699,2025-09-12T04:34:59Z,CPA315,"43.323265,21.878716",40000,465,266
1757651731,2025-09-12T04:35:31Z,CPA315,"43.319256,21.784697",40000,468,266
1757651762,2025-09-12T04:36:02Z,CPA315,"43.315136,21.690069",40000,470,266
1757651793,2025-09-12T04:36:33Z,CPA315,"43.311142,21.598972",40000,469,266
1757651825,2025-09-12T04:37:05Z,CPA315,"43.306858,21.50597",40000,458,266
1757651856,2025-09-12T04:37:36Z,CPA315,"43.302494,21.413958",40000,458,266
1757651888,2025-09-12T04:38:08Z,CPA315,"43.298203,21.32206",40000,455,266
1757651920,2025-09-12T04:38:40Z,CPA315,"43.293797,21.230427",40000,458,266
1757651951,2025-09-12T04:39:11Z,CPA315,"43.289291,21.13846",40000,456,266
1757651983,2025-09-12T04:39:43Z,CPA315,"43.284771,21.045645",40000,456,266
1757652015,2025-09-12T04:40:15Z,CPA315,"43.280231,20.953672",40000,455,266
1757652047,2025-09-12T04:40:47Z,CPA315,"43.275696,20.862917",40000,452,266
1757652078,2025-09-12T04:41:18Z,CPA315,"43.271049,20.77253",40000,452,266
1757652110,2025-09-12T04:41:50Z,CPA315,"43.266228,20.681686",40000,454,266
1757652142,2025-09-12T04:42:22Z,CPA315,"43.261353,20.590624",40000,456,265
1757652173,2025-09-12T04:42:53Z,CPA315,"43.256332,20.498987",40000,453,265
1757652205,2025-09-12T04:43:25Z,CPA315,"43.251373,20.40876",40000,452,266
1757652237,2025-09-12T04:43:57Z,CPA315,"43.246368,20.318254",40000,454,265
1757652268,2025-09-12T04:44:28Z,CPA315,"43.241276,20.22747",40000,450,265
1757652300,2025-09-12T04:45:00Z,CPA315,"43.236031,20.135714",40000,450,265
1757652332,2025-09-12T04:45:32Z,CPA315,"43.22908,20.04571",40000,453,258
1757652364,2025-09-12T04:46:04Z,CPA315,"43.213833,19.956226",40000,455,257
1757652396,2025-09-12T04:46:36Z,CPA315,"43.199478,19.867025",40000,454,257
1757652427,2025-09-12T04:47:07Z,CPA315,"43.185318,19.778875",40000,453,257
1757652458,2025-09-12T04:47:38Z,CPA315,"43.170879,19.690777",40000,452,257
1757652490,2025-09-12T04:48:10Z,CPA315,"43.156197,19.601358",40000,452,257
1757652522,2025-09-12T04:48:42Z,CPA315,"43.141476,19.512028",40000,452,257
1757652554,2025-09-12T04:49:14Z,CPA315,"43.126808,19.423391",40000,450,257
1757652585,2025-09-12T04:49:45Z,CPA315,"43.112175,19.335695",40000,452,257
1757652617,2025-09-12T04:50:17Z,CPA315,"43.097466,19.247688",40000,451,257
1757652648,2025-09-12T04:50:48Z,CPA315,"43.082684,19.159477",40000,453,257
1757652680,2025-09-12T04:51:20Z,CPA315,"43.067814,19.07155",40000,454,257
1757652711,2025-09-12T04:51:51Z,CPA315,"43.052689,18.982729",40000,455,257
1757652743,2025-09-12T04:52:23Z,CPA315,"43.037514,18.89373",40000,455,257
1757652775,2025-09-12T04:52:55Z,CPA315,"43.022217,18.805418",40000,456,256
1757652806,2025-09-12T04:53:26Z,CPA315,"43.006897,18.716024",40000,457,256
1757652838,2025-09-12T04:53:58Z,CPA315,"42.991318,18.625851",40000,459,256
1757652870,2025-09-12T04:54:30Z,CPA315,"42.975452,18.535597",40000,458,256
1757652902,2025-09-12T04:55:02Z,CPA315,"42.959942,18.446959",40000,456,256
1757652934,2025-09-12T04:55:34Z,CPA315,"42.944054,18.356966",40000,455,256
1757652973,2025-09-12T04:56:13Z,CPA315,"42.924351,18.246763",40000,455,256
1757653005,2025-09-12T04:56:45Z,CPA315,"42.908184,18.158432",40000,456,256
1757653036,2025-09-12T04:57:16Z,CPA315,"42.892551,18.070921",40000,456,256
1757653068,2025-09-12T04:57:48Z,CPA315,"42.876305,17.981323",40000,456,256
1757653100,2025-09-12T04:58:20Z,CPA315,"42.860416,17.892838",40000,455,256
1757653131,2025-09-12T04:58:51Z,CPA315,"42.844475,17.805389",40000,454,256
1757653163,2025-09-12T04:59:23Z,CPA315,"42.828686,17.717937",40000,454,256
1757653194,2025-09-12T04:59:54Z,CPA315,"42.812561,17.630241",40000,454,255
1757653218,2025-09-12T05:00:18Z,CPA315,"42.800655,17.565733",40000,455,255
1757653258,2025-09-12T05:00:58Z,CPA315,"42.779926,17.453417",40000,456,255
1757653290,2025-09-12T05:01:30Z,CPA315,"42.763363,17.364836",40000,454,255
1757653321,2025-09-12T05:02:01Z,CPA315,"42.747215,17.278084",40000,451,255
1757653353,2025-09-12T05:02:33Z,CPA315,"42.730808,17.190496",40000,449,255
1757653385,2025-09-12T05:03:05Z,CPA315,"42.71434,17.104105",40000,448,255
1757653417,2025-09-12T05:03:37Z,CPA315,"42.698002,17.017704",40000,446,255
1757653448,2025-09-12T05:04:08Z,CPA315,"42.681694,16.932144",40000,444,255
1757653480,2025-09-12T05:04:40Z,CPA315,"42.665089,16.84639",40000,443,255
1757653511,2025-09-12T05:05:11Z,CPA315,"42.648678,16.76218",40000,442,255
1757653543,2025-09-12T05:05:43Z,CPA315,"42.632046,16.676569",40000,441,255
1757653575,2025-09-12T05:06:15Z,CPA315,"42.615379,16.591812",40000,439,255
1757653606,2025-09-12T05:06:46Z,CPA315,"42.599068,16.508617",40000,440,254
1757653638,2025-09-12T05:07:18Z,CPA315,"42.582333,16.42363",40000,440,254
1757653670,2025-09-12T05:07:50Z,CPA315,"42.56567,16.339079",40000,443,254
1757653701,2025-09-12T05:08:21Z,CPA315,"42.549168,16.256002",40000,445,254
1757653733,2025-09-12T05:08:53Z,CPA315,"42.532051,16.169819",40000,445,254
1757653764,2025-09-12T05:09:24Z,CPA315,"42.515091,16.085638",40000,445,253
1757653796,2025-09-12T05:09:56Z,CPA315,"42.496807,16.001991",40000,444,253
1757653827,2025-09-12T05:10:27Z,CPA315,"42.478252,15.918137",40000,443,253
1757653859,2025-09-12T05:10:59Z,CPA315,"42.460152,15.835687",40000,443,253
1757653890,2025-09-12T05:11:30Z,CPA315,"42.441826,15.752429",40000,441,253
1757653921,2025-09-12T05:12:01Z,CPA315,"42.423523,15.670043",40000,442,253
1757653953,2025-09-12T05:12:33Z,CPA315,"42.405029,15.586419",40000,442,253
1757653985,2025-09-12T05:13:05Z,CPA315,"42.386456,15.501609",40000,444,253
1757654017,2025-09-12T05:13:37Z,CPA315,"42.367527,15.415945",40000,446,253
1757654049,2025-09-12T05:14:09Z,CPA315,"42.349163,15.332944",40000,446,253
1757654080,2025-09-12T05:14:40Z,CPA315,"42.330475,15.249183",40000,445,253
1757654112,2025-09-12T05:15:12Z,CPA315,"42.311859,15.165788",40000,444,253
1757654144,2025-09-12T05:15:44Z,CPA315,"42.292995,15.081899",40000,443,253
1757654175,2025-09-12T05:16:15Z,CPA315,"42.274124,14.998501",40000,443,253
1757654207,2025-09-12T05:16:47Z,CPA315,"42.255081,14.914514",40000,441,252
1757654239,2025-09-12T05:17:19Z,CPA315,"42.236298,14.831923",40000,441,252
1757654270,2025-09-12T05:17:50Z,CPA315,"42.217598,14.750044",40000,443,252
1757654302,2025-09-12T05:18:22Z,CPA315,"42.198322,14.666137",40000,444,252
1757654334,2025-09-12T05:18:54Z,CPA315,"42.178902,14.581955",40000,444,252
1757654366,2025-09-12T05:19:26Z,CPA315,"42.159492,14.498182",40000,443,252
1757654398,2025-09-12T05:19:58Z,CPA315,"42.140278,14.415548",40000,442,252
1757654429,2025-09-12T05:20:29Z,CPA315,"42.121407,14.334937",40000,440,252
1757654460,2025-09-12T05:21:00Z,CPA315,"42.102146,14.252609",40000,439,252
1757654492,2025-09-12T05:21:32Z,CPA315,"42.082874,14.170734",40000,439,252
1757654524,2025-09-12T05:22:04Z,CPA315,"42.063496,14.088473",40000,441,252
1757654555,2025-09-12T05:22:35Z,CPA315,"42.043945,14.006415",40000,441,252
1757654587,2025-09-12T05:23:07Z,CPA315,"42.024277,13.924412",40000,441,251
1757654618,2025-09-12T05:23:38Z,CPA315,"42.004898,13.843824",40000,442,251
1757654650,2025-09-12T05:24:10Z,CPA315,"41.984783,13.760429",40000,444,251
1757654681,2025-09-12T05:24:41Z,CPA315,"41.965206,13.678713",40000,445,251
1757654713,2025-09-12T05:25:13Z,CPA315,"41.945557,13.597044",40000,446,251
1757654744,2025-09-12T05:25:44Z,CPA315,"41.925888,13.515336",40000,443,251
1757654776,2025-09-12T05:26:16Z,CPA315,"41.905987,13.432712",40000,441,251
1757654808,2025-09-12T05:26:48Z,CPA315,"41.885921,13.350167",40000,442,251
1757654839,2025-09-12T05:27:19Z,CPA315,"41.866039,13.268364",40000,442,251
1757654872,2025-09-12T05:27:52Z,CPA315,"41.84565,13.184892",40000,443,251
1757654904,2025-09-12T05:28:24Z,CPA315,"41.825409,13.102281",40000,445,251
1757654935,2025-09-12T05:28:55Z,CPA315,"41.805222,13.020163",40000,447,251
1757654967,2025-09-12T05:29:27Z,CPA315,"41.784348,12.935665",40000,448,251
1757654999,2025-09-12T05:29:59Z,CPA315,"41.764061,12.85386",40000,447,251
1757655030,2025-09-12T05:30:30Z,CPA315,"41.743599,12.771833",40000,446,251
1757655062,2025-09-12T05:31:02Z,CPA315,"41.723278,12.690099",40000,446,251
1757655093,2025-09-12T05:31:33Z,CPA315,"41.702881,12.608261",40000,445,251
1757655125,2025-09-12T05:32:05Z,CPA315,"41.682388,12.526193",40000,444,251
1757655157,2025-09-12T05:32:37Z,CPA315,"41.661633,12.444018",40000,443,251
1757655189,2025-09-12T05:33:09Z,CPA315,"41.640797,12.361696",40000,442,251
1757655220,2025-09-12T05:33:40Z,CPA315,"41.619919,12.279637",40000,442,250
1757655252,2025-09-12T05:34:12Z,CPA315,"41.599121,12.199287",40000,443,250
1757655283,2025-09-12T05:34:43Z,CPA315,"41.577957,12.118621",40000,444,250
1757655315,2025-09-12T05:35:15Z,CPA315,"41.556477,12.035906",40000,444,250
1757655347,2025-09-12T05:35:47Z,CPA315,"41.535305,11.954973",40000,444,250
1757655379,2025-09-12T05:36:19Z,CPA315,"41.514015,11.873578",40000,446,250
1757655410,2025-09-12T05:36:50Z,CPA315,"41.492928,11.793403",40000,446,250
1757655441,2025-09-12T05:37:21Z,CPA315,"41.471447,11.711713",40000,444,250
1757655473,2025-09-12T05:37:53Z,CPA315,"41.45034,11.631077",40000,443,250
1757655505,2025-09-12T05:38:25Z,CPA315,"41.428322,11.547832",40000,444,250
1757655537,2025-09-12T05:38:57Z,CPA315,"41.40694,11.467468",40000,444,250
1757655569,2025-09-12T05:39:29Z,CPA315,"41.385391,11.386186",40000,444,250
1757655600,2025-09-12T05:40:00Z,CPA315,"41.363777,11.305269",40000,446,250
1757655632,2025-09-12T05:40:32Z,CPA315,"41.342319,11.224854",40000,444,250
1757655663,2025-09-12T05:41:03Z,CPA315,"41.320671,11.143748",40000,444,250
1757655695,2025-09-12T05:41:35Z,CPA315,"41.299168,11.063633",40000,443,250
1757655726,2025-09-12T05:42:06Z,CPA315,"41.277565,10.983445",40000,442,250
1757655758,2025-09-12T05:42:38Z,CPA315,"41.255836,10.903216",40000,443,250
1757655790,2025-09-12T05:43:10Z,CPA315,"41.233921,10.821942",40175,443,250
1757655821,2025-09-12T05:43:41Z,CPA315,"41.21196,10.741369",40450,444,250
1757655853,2025-09-12T05:44:13Z,CPA315,"41.190189,10.661093",40825,442,250
1757655883,2025-09-12T05:44:43Z,CPA315,"41.169178,10.584415",41000,441,250
1757655915,2025-09-12T05:45:15Z,CPA315,"41.147141,10.503793",41000,442,250
1757655947,2025-09-12T05:45:47Z,CPA315,"41.124817,10.422652",41000,442,250
1757655979,2025-09-12T05:46:19Z,CPA315,"41.102604,10.341723",41000,444,249
1757656010,2025-09-12T05:46:50Z,CPA315,"41.080368,10.261589",41000,442,249
1757656042,2025-09-12T05:47:22Z,CPA315,"41.058247,10.181607",41000,439,249
1757656074,2025-09-12T05:47:54Z,CPA315,"41.036114,10.101975",41000,439,249
1757656105,2025-09-12T05:48:25Z,CPA315,"41.014301,10.023746",41000,438,249
1757656136,2025-09-12T05:48:56Z,CPA315,"40.992065,9.944255",41000,440,249
1757656168,2025-09-12T05:49:28Z,CPA315,"40.969688,9.864671",41000,440,249
1757656200,2025-09-12T05:50:00Z,CPA315,"40.947262,9.785336",41000,442,249
1757656231,2025-09-12T05:50:31Z,CPA315,"40.924965,9.706113",41000,443,249
1757656263,2025-09-12T05:51:03Z,CPA315,"40.901897,9.625431",41000,443,249
1757656293,2025-09-12T05:51:33Z,CPA315,"40.879723,9.547672",41000,442,249
1757656325,2025-09-12T05:52:05Z,CPA315,"40.85714,9.468844",41000,442,249
1757656356,2025-09-12T05:52:36Z,CPA315,"40.834309,9.388119",41000,441,249
1757656388,2025-09-12T05:53:08Z,CPA315,"40.811413,9.309766",41000,440,249
1757656419,2025-09-12T05:53:39Z,CPA315,"40.789104,9.232302",41000,436,249
1757656451,2025-09-12T05:54:11Z,CPA315,"40.766338,9.153158",41000,435,249
1757656482,2025-09-12T05:54:42Z,CPA315,"40.743607,9.074881",41000,436,249
1757656514,2025-09-12T05:55:14Z,CPA315,"40.720673,8.996669",41000,438,249
1757656546,2025-09-12T05:55:46Z,CPA315,"40.697533,8.916789",41000,438,249
1757656577,2025-09-12T05:56:17Z,CPA315,"40.674553,8.838979",41000,439,249
1757656608,2025-09-12T05:56:48Z,CPA315,"40.651588,8.76061",41000,441,249
1757656640,2025-09-12T05:57:20Z,CPA315,"40.628544,8.682332",41000,440,249
1757656671,2025-09-12T05:57:51Z,CPA315,"40.60511,8.602839",41000,440,249
1757656703,2025-09-12T05:58:23Z,CPA315,"40.581573,8.523532",41000,440,248
1757656734,2025-09-12T05:58:54Z,CPA315,"40.558163,8.445235",41000,441,248
1757656767,2025-09-12T05:59:27Z,CPA315,"40.534325,8.364121",41000,441,248
1757656797,2025-09-12T05:59:57Z,CPA315,"40.511478,8.287281",41000,440,248
1757656829,2025-09-12T06:00:29Z,CPA315,"40.488762,8.20776",41000,438,254
1757656835,2025-09-12T06:00:35Z,CPA315,"40.486031,8.192134",41000,436,258
1757656837,2025-09-12T06:00:37Z,CPA315,"40.485058,8.186231",41000,435,259
1757656839,2025-09-12T06:00:39Z,CPA315,"40.484379,8.181265",41000,436,260
1757656841,2025-09-12T06:00:41Z,CPA315,"40.483704,8.174862",41000,436,261
1757656843,2025-09-12T06:00:43Z,CPA315,"40.482964,8.169304",41000,435,261
1757656845,2025-09-12T06:00:45Z,CPA315,"40.48233,8.164061",41000,436,261
1757656848,2025-09-12T06:00:48Z,CPA315,"40.481773,8.158559",41000,436,262
1757656850,2025-09-12T06:00:50Z,CPA315,"40.48122,8.153206",41000,436,262
1757656852,2025-09-12T06:00:52Z,CPA315,"40.480598,8.147562",41000,435,262
1757656883,2025-09-12T06:01:23Z,CPA315,"40.470322,8.065458",41000,436,259
1757656915,2025-09-12T06:01:55Z,CPA315,"40.458771,7.982923",41000,434,259
1757656947,2025-09-12T06:02:27Z,CPA315,"40.447304,7.899382",41000,434,260
1757656979,2025-09-12T06:02:59Z,CPA315,"40.436138,7.817978",41000,435,259
1757657011,2025-09-12T06:03:31Z,CPA315,"40.424545,7.733804",41000,435,259
1757657042,2025-09-12T06:04:02Z,CPA315,"40.413052,7.651519",41000,434,259
1757657074,2025-09-12T06:04:34Z,CPA315,"40.401558,7.568854",41000,433,259
1757657106,2025-09-12T06:05:06Z,CPA315,"40.389893,7.485669",41000,432,259
1757657138,2025-09-12T06:05:38Z,CPA315,"40.378338,7.404",41000,430,259
1757657169,2025-09-12T06:06:09Z,CPA315,"40.366875,7.323212",41000,429,259
1757657201,2025-09-12T06:06:41Z,CPA315,"40.355228,7.242128",41000,428,259
1757657233,2025-09-12T06:07:13Z,CPA315,"40.343624,7.161255",41000,428,259
1757657264,2025-09-12T06:07:44Z,CPA315,"40.331863,7.080164",41000,429,259
1757657296,2025-09-12T06:08:16Z,CPA315,"40.320217,6.999482",41000,429,259
1757657327,2025-09-12T06:08:47Z,CPA315,"40.308331,6.918985",41000,430,259
1757657359,2025-09-12T06:09:19Z,CPA315,"40.296467,6.837683",41000,428,259
1757657390,2025-09-12T06:09:50Z,CPA315,"40.284531,6.756902",41000,426,259
1757657422,2025-09-12T06:10:22Z,CPA315,"40.272835,6.676591",41000,425,259
1757657454,2025-09-12T06:10:54Z,CPA315,"40.260902,6.596149",41000,426,259
1757657486,2025-09-12T06:11:26Z,CPA315,"40.248692,6.514948",41000,426,259
1757657518,2025-09-12T06:11:58Z,CPA315,"40.23658,6.434022",41000,426,259
1757657550,2025-09-12T06:12:30Z,CPA315,"40.224136,6.352565",41000,426,259
1757657581,2025-09-12T06:13:01Z,CPA315,"40.211899,6.27176",41000,427,258
1757657613,2025-09-12T06:13:33Z,CPA315,"40.199787,6.191819",41000,428,258
1757657644,2025-09-12T06:14:04Z,CPA315,"40.187542,6.111007",41000,428,258
1757657676,2025-09-12T06:14:36Z,CPA315,"40.175011,6.029637",41000,428,258
1757657708,2025-09-12T06:15:08Z,CPA315,"40.162884,5.950249",41000,428,258
1757657740,2025-09-12T06:15:40Z,CPA315,"40.15023,5.868485",41000,429,258
1757657771,2025-09-12T06:16:11Z,CPA315,"40.137726,5.787749",41000,429,258
1757657803,2025-09-12T06:16:43Z,CPA315,"40.124992,5.707006",41000,428,258
1757657834,2025-09-12T06:17:14Z,CPA315,"40.112644,5.627675",41000,428,258
1757657866,2025-09-12T06:17:46Z,CPA315,"40.099922,5.546924",41000,428,258
1757657898,2025-09-12T06:18:18Z,CPA315,"40.086895,5.46541",41000,428,258
1757657929,2025-09-12T06:18:49Z,CPA315,"40.074253,5.386368",41000,428,258
1757657961,2025-09-12T06:19:21Z,CPA315,"40.061539,5.30673",41000,428,258
1757657992,2025-09-12T06:19:52Z,CPA315,"40.04882,5.227284",41000,427,258
1757658024,2025-09-12T06:20:24Z,CPA315,"40.035763,5.146224",41000,426,258
1757658056,2025-09-12T06:20:56Z,CPA315,"40.022869,5.06636",41000,425,258
1757658088,2025-09-12T06:21:28Z,CPA315,"40.00951,4.984879",41000,425,258
1757658120,2025-09-12T06:22:00Z,CPA315,"39.996613,4.904777",41000,426,258
1757658152,2025-09-12T06:22:32Z,CPA315,"39.983562,4.824143",41000,425,261
1757658184,2025-09-12T06:23:04Z,CPA315,"39.976467,4.742664",41000,426,263
1757658215,2025-09-12T06:23:35Z,CPA315,"39.969048,4.662434",41000,424,262
1757658247,2025-09-12T06:24:07Z,CPA315,"39.961266,4.582011",41000,424,262
1757658278,2025-09-12T06:24:38Z,CPA315,"39.953197,4.500967",41000,423,262
1757658310,2025-09-12T06:25:10Z,CPA315,"39.945744,4.422599",41000,423,262
1757658341,2025-09-12T06:25:41Z,CPA315,"39.937969,4.343412",41000,424,262
1757658373,2025-09-12T06:26:13Z,CPA315,"39.928989,4.262474",41000,423,262
1757658406,2025-09-12T06:26:46Z,CPA315,"39.920116,4.179663",41000,425,262
1757658438,2025-09-12T06:27:18Z,CPA315,"39.911545,4.09867",41000,424,262
1757658468,2025-09-12T06:27:48Z,CPA315,"39.903751,4.021061",41000,425,262
1757658500,2025-09-12T06:28:20Z,CPA315,"39.89592,3.939501",41000,425,262
1757658532,2025-09-12T06:28:52Z,CPA315,"39.887753,3.858261",41000,424,262
1757658564,2025-09-12T06:29:24Z,CPA315,"39.879696,3.778802",41000,422,262
1757658595,2025-09-12T06:29:55Z,CPA315,"39.871647,3.700279",41000,421,262
1757658627,2025-09-12T06:30:27Z,CPA315,"39.863342,3.619222",41000,421,262
1757658659,2025-09-12T06:30:59Z,CPA315,"39.85503,3.539539",41000,423,262
1757658690,2025-09-12T06:31:30Z,CPA315,"39.846706,3.459629",41000,424,262
1757658722,2025-09-12T06:32:02Z,CPA315,"39.838268,3.380675",41000,423,261
1757658753,2025-09-12T06:32:33Z,CPA315,"39.829762,3.301247",41000,423,261
1757658786,2025-09-12T06:33:06Z,CPA315,"39.821178,3.217034",41000,422,261
1757658817,2025-09-12T06:33:37Z,CPA315,"39.812008,3.142111",41000,423,261
1757658849,2025-09-12T06:34:09Z,CPA315,"39.803169,3.062169",41000,423,261
1757658880,2025-09-12T06:34:40Z,CPA315,"39.794529,2.983062",41000,424,261
1757658912,2025-09-12T06:35:12Z,CPA315,"39.785881,2.901095",41000,424,261
1757658944,2025-09-12T06:35:44Z,CPA315,"39.776886,2.822267",41000,423,261
1757658975,2025-09-12T06:36:15Z,CPA315,"39.767658,2.74373",41000,423,261
1757659007,2025-09-12T06:36:47Z,CPA315,"39.758717,2.664528",41000,422,261
1757659039,2025-09-12T06:37:19Z,CPA315,"39.749096,2.584575",41000,422,261
1757659071,2025-09-12T06:37:51Z,CPA315,"39.739895,2.505336",41000,424,261
1757659103,2025-09-12T06:38:23Z,CPA315,"39.730381,2.424985",41000,424,261
1757659134,2025-09-12T06:38:54Z,CPA315,"39.721176,2.347874",41000,425,261
1757659166,2025-09-12T06:39:26Z,CPA315,"39.711739,2.268365",41000,424,261
1757659196,2025-09-12T06:39:56Z,CPA315,"39.702541,2.191041",41000,424,261
1757659228,2025-09-12T06:40:28Z,CPA315,"39.693054,2.111829",41000,424,261
1757659260,2025-09-12T06:41:00Z,CPA315,"39.683613,2.032384",41000,426,261
1757659291,2025-09-12T06:41:31Z,CPA315,"39.674099,1.953224",41000,427,261
1757659323,2025-09-12T06:42:03Z,CPA315,"39.664375,1.872432",41000,429,260
1757659355,2025-09-12T06:42:35Z,CPA315,"39.654667,1.792266",41000,431,260
1757659387,2025-09-12T06:43:07Z,CPA315,"39.644779,1.711324",41000,431,260
1757659418,2025-09-12T06:43:38Z,CPA315,"39.63496,1.631955",41000,431,260
1757659450,2025-09-12T06:44:10Z,CPA315,"39.625084,1.551792",41000,430,260
1757659481,2025-09-12T06:44:41Z,CPA315,"39.615131,1.472083",41000,430,260
1757659513,2025-09-12T06:45:13Z,CPA315,"39.605305,1.39295",41000,429,261
1757659544,2025-09-12T06:45:44Z,CPA315,"39.599728,1.31261",41000,428,266
1757659576,2025-09-12T06:46:16Z,CPA315,"39.595379,1.232204",41000,430,265
1757659607,2025-09-12T06:46:47Z,CPA315,"39.59053,1.151812",41000,430,265
1757659639,2025-09-12T06:47:19Z,CPA315,"39.585648,1.070797",41000,431,265
1757659671,2025-09-12T06:47:51Z,CPA315,"39.580906,0.99027",41000,432,265
1757659702,2025-09-12T06:48:22Z,CPA315,"39.576225,0.910454",41000,434,265
1757659734,2025-09-12T06:48:54Z,CPA315,"39.57436,0.828038",41000,435,275
1757659736,2025-09-12T06:48:56Z,CPA315,"39.574844,0.822667",41000,435,276
1757659738,2025-09-12T06:48:58Z,CPA315,"39.575359,0.81745",41000,436,277
1757659740,2025-09-12T06:49:00Z,CPA315,"39.575943,0.812267",41000,435,278
1757659742,2025-09-12T06:49:02Z,CPA315,"39.576603,0.806854",41000,436,278
1757659744,2025-09-12T06:49:04Z,CPA315,"39.577271,0.801662",41000,436,278
1757659746,2025-09-12T06:49:06Z,CPA315,"39.57798,0.795983",41000,436,279
1757659748,2025-09-12T06:49:08Z,CPA315,"39.578678,0.790623",41000,436,279
1757659750,2025-09-12T06:49:10Z,CPA315,"39.579338,0.785582",41000,436,279
1757659782,2025-09-12T06:49:42Z,CPA315,"39.588356,0.705824",41000,436,276
1757659813,2025-09-12T06:50:13Z,CPA315,"39.596226,0.624036",41000,434,276
1757659845,2025-09-12T06:50:45Z,CPA315,"39.604294,0.543065",41000,431,277
1757659876,2025-09-12T06:51:16Z,CPA315,"39.612225,0.463301",41000,428,276
1757659908,2025-09-12T06:51:48Z,CPA315,"39.620014,0.383799",41000,428,276
1757659940,2025-09-12T06:52:20Z,CPA315,"39.627888,0.303638",41000,427,276
1757659971,2025-09-12T06:52:51Z,CPA315,"39.635616,0.223957",41000,427,276
1757660003,2025-09-12T06:53:23Z,CPA315,"39.643265,0.144458",41000,428,276
1757660034,2025-09-12T06:53:54Z,CPA315,"39.65094,0.064034",41000,429,276
1757660066,2025-09-12T06:54:26Z,CPA315,"39.658455,-0.015795",41000,429,276
1757660098,2025-09-12T06:54:58Z,CPA315,"39.665916,-0.096823",41000,428,276
1757660130,2025-09-12T06:55:30Z,CPA315,"39.673187,-0.177602",41000,426,276
1757660162,2025-09-12T06:56:02Z,CPA315,"39.680832,-0.258227",41000,427,279
1757660172,2025-09-12T06:56:12Z,CPA315,"39.685425,-0.283652",41000,428,286
1757660174,2025-09-12T06:56:14Z,CPA315,"39.686558,-0.288773",41000,428,287
1757660176,2025-09-12T06:56:16Z,CPA315,"39.687935,-0.293601",41000,429,289
1757660178,2025-09-12T06:56:18Z,CPA315,"39.689171,-0.298322",41000,430,289
1757660180,2025-09-12T06:56:20Z,CPA315,"39.69067,-0.303576",41000,430,290
1757660182,2025-09-12T06:56:22Z,CPA315,"39.69215,-0.308352",41000,430,290
1757660185,2025-09-12T06:56:25Z,CPA315,"39.693695,-0.313634",41000,430,290
1757660187,2025-09-12T06:56:27Z,CPA315,"39.695171,-0.318572",41000,430,291
1757660189,2025-09-12T06:56:29Z,CPA315,"39.696678,-0.323492",41000,430,291
1757660191,2025-09-12T06:56:31Z,CPA315,"39.698269,-0.328487",41000,430,291
1757660222,2025-09-12T06:57:02Z,CPA315,"39.720062,-0.403866",41000,428,289
1757660254,2025-09-12T06:57:34Z,CPA315,"39.740421,-0.480145",41000,426,288
1757660286,2025-09-12T06:58:06Z,CPA315,"39.76099,-0.556483",40925,425,288
1757660317,2025-09-12T06:58:37Z,CPA315,"39.781605,-0.632826",39150,436,288
1757660349,2025-09-12T06:59:09Z,CPA315,"39.802525,-0.710855",37575,439,288
1757660380,2025-09-12T06:59:40Z,CPA315,"39.823078,-0.787544",36400,432,288
1757660411,2025-09-12T07:00:11Z,CPA315,"39.843292,-0.863411",35325,425,288
1757660443,2025-09-12T07:00:43Z,CPA315,"39.863178,-0.938262",34300,416,288
1757660474,2025-09-12T07:01:14Z,CPA315,"39.882462,-1.010619",33325,410,288
1757660506,2025-09-12T07:01:46Z,CPA315,"39.901962,-1.083803",32925,406,288
1757660537,2025-09-12T07:02:17Z,CPA315,"39.921318,-1.156276",31500,412,288
1757660568,2025-09-12T07:02:48Z,CPA315,"39.940952,-1.228593",30600,402,289
1757660600,2025-09-12T07:03:20Z,CPA315,"39.960537,-1.300047",29700,392,289
1757660632,2025-09-12T07:03:52Z,CPA315,"39.979176,-1.368873",28850,383,289
1757660663,2025-09-12T07:04:23Z,CPA315,"39.99754,-1.436662",28025,376,288
1757660695,2025-09-12T07:04:55Z,CPA315,"40.015457,-1.503309",27200,366,288
1757660726,2025-09-12T07:05:26Z,CPA315,"40.0327,-1.568427",26400,359,288
1757660758,2025-09-12T07:05:58Z,CPA315,"40.049812,-1.632902",25625,351,288
1757660790,2025-09-12T07:06:30Z,CPA315,"40.066608,-1.696043",24825,346,288
1757660822,2025-09-12T07:07:02Z,CPA315,"40.083111,-1.758597",24075,345,288
1757660854,2025-09-12T07:07:34Z,CPA315,"40.099262,-1.820153",23300,344,288
1757660886,2025-09-12T07:08:06Z,CPA315,"40.115368,-1.881712",22550,341,288
1757660918,2025-09-12T07:08:38Z,CPA315,"40.131626,-1.944373",21800,342,288
1757660949,2025-09-12T07:09:09Z,CPA315,"40.147861,-2.006311",21025,340,291
1757660962,2025-09-12T07:09:22Z,CPA315,"40.156311,-2.02981",20750,339,298
1757660964,2025-09-12T07:09:24Z,CPA315,"40.157848,-2.033407",20675,338,299
1757660966,2025-09-12T07:09:26Z,CPA315,"40.159569,-2.037413",20650,338,299
1757660969,2025-09-12T07:09:29Z,CPA315,"40.161079,-2.040811",20600,338,299
1757660971,2025-09-12T07:09:31Z,CPA315,"40.162987,-2.04516",20550,338,299
1757660973,2025-09-12T07:09:33Z,CPA315,"40.16452,-2.048668",20500,338,299
1757660975,2025-09-12T07:09:35Z,CPA315,"40.166225,-2.052322",20450,338,299
1757661007,2025-09-12T07:10:07Z,CPA315,"40.190308,-2.108255",19750,332,298
1757661039,2025-09-12T07:10:39Z,CPA315,"40.213642,-2.164388",19025,328,298
1757661060,2025-09-12T07:11:00Z,CPA315,"40.227844,-2.202636",18300,329,286
1757661062,2025-09-12T07:11:02Z,CPA315,"40.228588,-2.206211",18175,329,283
1757661065,2025-09-12T07:11:05Z,CPA315,"40.229359,-2.210928",18025,330,280
1757661067,2025-09-12T07:11:07Z,CPA315,"40.229897,-2.215024",17925,332,277
1757661069,2025-09-12T07:11:09Z,CPA315,"40.230312,-2.219274",17825,333,275
1757661071,2025-09-12T07:11:11Z,CPA315,"40.230621,-2.223176",17700,335,274
1757661073,2025-09-12T07:11:13Z,CPA315,"40.230843,-2.227309",17625,336,273
1757661075,2025-09-12T07:11:15Z,CPA315,"40.231052,-2.231474",17525,336,273
1757661077,2025-09-12T07:11:17Z,CPA315,"40.231281,-2.236156",17450,337,273
1757661080,2025-09-12T07:11:20Z,CPA315,"40.231468,-2.240707",17375,337,273
1757661082,2025-09-12T07:11:22Z,CPA315,"40.231674,-2.24514",17275,337,273
1757661084,2025-09-12T07:11:24Z,CPA315,"40.231899,-2.249342",17200,338,273
1757661086,2025-09-12T07:11:26Z,CPA315,"40.232113,-2.253463",17125,338,273
1757661088,2025-09-12T07:11:28Z,CPA315,"40.232418,-2.258108",17050,337,274
1757661090,2025-09-12T07:11:30Z,CPA315,"40.232586,-2.262281",16975,337,274
1757661123,2025-09-12T07:12:03Z,CPA315,"40.237293,-2.326638",16600,317,276
1757661155,2025-09-12T07:12:35Z,CPA315,"40.242405,-2.385638",16325,295,276
1757661186,2025-09-12T07:13:06Z,CPA315,"40.247086,-2.440073",15925,280,276
1757661218,2025-09-12T07:13:38Z,CPA315,"40.251476,-2.491341",15550,256,276
1757661251,2025-09-12T07:14:11Z,CPA315,"40.255489,-2.53909",14650,240,276
1757661281,2025-09-12T07:14:41Z,CPA315,"40.259121,-2.582455",14075,240,276
1757661298,2025-09-12T07:14:58Z,CPA315,"40.261875,-2.607732",13975,243,286
1757661300,2025-09-12T07:15:00Z,CPA315,"40.26255,-2.610319",13950,244,290
1757661303,2025-09-12T07:15:03Z,CPA315,"40.263424,-2.613365",13950,245,294
1757661305,2025-09-12T07:15:05Z,CPA315,"40.264557,-2.616302",13925,245,299
1757661307,2025-09-12T07:15:07Z,CPA315,"40.265827,-2.619288",13900,246,303
1757661309,2025-09-12T07:15:09Z,CPA315,"40.267242,-2.622018",13850,247,306
1757661311,2025-09-12T07:15:11Z,CPA315,"40.268688,-2.62432",13825,248,311
1757661313,2025-09-12T07:15:13Z,CPA315,"40.270214,-2.626562",13800,249,314
1757661315,2025-09-12T07:15:15Z,CPA315,"40.271915,-2.628642",13775,249,318
1757661317,2025-09-12T07:15:17Z,CPA315,"40.273716,-2.630689",13750,251,320
1757661319,2025-09-12T07:15:19Z,CPA315,"40.275581,-2.632665",13750,253,322
1757661321,2025-09-12T07:15:21Z,CPA315,"40.277405,-2.634521",13725,253,323
1757661324,2025-09-12T07:15:24Z,CPA315,"40.279488,-2.63647",13700,254,324
1757661326,2025-09-12T07:15:26Z,CPA315,"40.281689,-2.638496",13675,254,325
1757661328,2025-09-12T07:15:28Z,CPA315,"40.283798,-2.640386",13675,254,325
1757661330,2025-09-12T07:15:30Z,CPA315,"40.28603,-2.642325",13650,254,325
1757661332,2025-09-12T07:15:32Z,CPA315,"40.288265,-2.644259",13625,253,326
1757661334,2025-09-12T07:15:34Z,CPA315,"40.290169,-2.645892",13625,253,326
1757661337,2025-09-12T07:15:37Z,CPA315,"40.292202,-2.64768",13600,252,326
1757661339,2025-09-12T07:15:39Z,CPA315,"40.294342,-2.649559",13600,252,326
1757661341,2025-09-12T07:15:41Z,CPA315,"40.296192,-2.651207",13575,252,326
1757661343,2025-09-12T07:15:43Z,CPA315,"40.298546,-2.653222",13550,252,326
1757661370,2025-09-12T07:16:10Z,CPA315,"40.324348,-2.676937",13325,246,314
1757661372,2025-09-12T07:16:12Z,CPA315,"40.326069,-2.67927",13300,245,311
1757661374,2025-09-12T07:16:14Z,CPA315,"40.327438,-2.681466",13275,245,308
1757661377,2025-09-12T07:16:17Z,CPA315,"40.328861,-2.68385",13250,243,304
1757661379,2025-09-12T07:16:19Z,CPA315,"40.330345,-2.686674",13200,242,300
1757661381,2025-09-12T07:16:21Z,CPA315,"40.33149,-2.689263",13175,241,297
1757661383,2025-09-12T07:16:23Z,CPA315,"40.332699,-2.69231",13125,240,294
1757661385,2025-09-12T07:16:25Z,CPA315,"40.333645,-2.695196",13100,240,291
1757661387,2025-09-12T07:16:27Z,CPA315,"40.334393,-2.697963",13075,238,287
1757661389,2025-09-12T07:16:29Z,CPA315,"40.334946,-2.700545",13025,238,284
1757661391,2025-09-12T07:16:31Z,CPA315,"40.33548,-2.703452",13000,237,280
1757661393,2025-09-12T07:16:33Z,CPA315,"40.335869,-2.70655",12975,238,276
1757661396,2025-09-12T07:16:36Z,CPA315,"40.33609,-2.709595",12925,237,272
1757661398,2025-09-12T07:16:38Z,CPA315,"40.336117,-2.712568",12900,237,268
1757661400,2025-09-12T07:16:40Z,CPA315,"40.336033,-2.715552",12850,237,264
1757661402,2025-09-12T07:16:42Z,CPA315,"40.335762,-2.718714",12825,237,261
1757661404,2025-09-12T07:16:44Z,CPA315,"40.33535,-2.721975",12775,238,259
1757661406,2025-09-12T07:16:46Z,CPA315,"40.334873,-2.72491",12750,238,257
1757661408,2025-09-12T07:16:48Z,CPA315,"40.334351,-2.727906",12700,239,256
1757661410,2025-09-12T07:16:50Z,CPA315,"40.333817,-2.730763",12675,238,256
1757661412,2025-09-12T07:16:52Z,CPA315,"40.333298,-2.733603",12650,238,256
1757661415,2025-09-12T07:16:55Z,CPA315,"40.332687,-2.736636",12600,239,255
1757661417,2025-09-12T07:16:57Z,CPA315,"40.332027,-2.739988",12575,238,256
1757661419,2025-09-12T07:16:59Z,CPA315,"40.331474,-2.743049",12525,239,256
1757661421,2025-09-12T07:17:01Z,CPA315,"40.330917,-2.746049",12500,239,256
1757661423,2025-09-12T07:17:03Z,CPA315,"40.330391,-2.748851",12450,240,256
1757661425,2025-09-12T07:17:05Z,CPA315,"40.329838,-2.751868",12425,240,256
1757661427,2025-09-12T07:17:07Z,CPA315,"40.329346,-2.754571",12400,240,257
1757661459,2025-09-12T07:17:39Z,CPA315,"40.321419,-2.800566",11850,243,257
1757661472,2025-09-12T07:17:52Z,CPA315,"40.318226,-2.81905",11650,244,256
1757661485,2025-09-12T07:18:05Z,CPA315,"40.314739,-2.837634",11425,242,256
1757661500,2025-09-12T07:18:20Z,CPA315,"40.310936,-2.858109",11175,241,256
1757661512,2025-09-12T07:18:32Z,CPA315,"40.307541,-2.876081",10975,240,256
1757661525,2025-09-12T07:18:45Z,CPA315,"40.304146,-2.893926",10750,239,256
1757661538,2025-09-12T07:18:58Z,CPA315,"40.30072,-2.911791",10550,239,256
1757661552,2025-09-12T07:19:12Z,CPA315,"40.297073,-2.932901",10325,238,262
1757661556,2025-09-12T07:19:16Z,CPA315,"40.296646,-2.938802",10275,238,266
1757661558,2025-09-12T07:19:18Z,CPA315,"40.296555,-2.941683",10250,239,267
1757661561,2025-09-12T07:19:21Z,CPA315,"40.296478,-2.944602",10225,239,268
1757661563,2025-09-12T07:19:23Z,CPA315,"40.29641,-2.947933",10175,240,268
1757661565,2025-09-12T07:19:25Z,CPA315,"40.296398,-2.950886",10150,240,269
1757661567,2025-09-12T07:19:27Z,CPA315,"40.29636,-2.954068",10100,239,269
1757661569,2025-09-12T07:19:29Z,CPA315,"40.296257,-2.957051",10075,239,269
1757661571,2025-09-12T07:19:31Z,CPA315,"40.296276,-2.960008",10050,239,269
1757661573,2025-09-12T07:19:33Z,CPA315,"40.296143,-2.962888",10000,239,269
1757661575,2025-09-12T07:19:35Z,CPA315,"40.296139,-2.965921",9975,239,268
1757661588,2025-09-12T07:19:48Z,CPA315,"40.295734,-2.984312",9750,238,268
1757661603,2025-09-12T07:20:03Z,CPA315,"40.295124,-3.005939",9500,240,267
1757661617,2025-09-12T07:20:17Z,CPA315,"40.29401,-3.027065",9250,239,267
1757661630,2025-09-12T07:20:30Z,CPA315,"40.293388,-3.04522",9000,238,267
1757661643,2025-09-12T07:20:43Z,CPA315,"40.292713,-3.063537",8800,238,267
1757661657,2025-09-12T07:20:57Z,CPA315,"40.291912,-3.084172",8525,236,267
1757661670,2025-09-12T07:21:10Z,CPA315,"40.291145,-3.102742",8300,236,267
1757661685,2025-09-12T07:21:25Z,CPA315,"40.290398,-3.123858",8050,235,267
1757661700,2025-09-12T07:21:40Z,CPA315,"40.289726,-3.144219",7800,233,267
1757661712,2025-09-12T07:21:52Z,CPA315,"40.289192,-3.161928",7600,232,267
1757661725,2025-09-12T07:22:05Z,CPA315,"40.288414,-3.180262",7375,229,268
1757661738,2025-09-12T07:22:18Z,CPA315,"40.287971,-3.198204",7175,226,268
1757661753,2025-09-12T07:22:33Z,CPA315,"40.287392,-3.217966",6925,224,268
1757661765,2025-09-12T07:22:45Z,CPA315,"40.286701,-3.235373",6725,222,268
1757661780,2025-09-12T07:23:00Z,CPA315,"40.286274,-3.254526",6550,217,267
1757661795,2025-09-12T07:23:15Z,CPA315,"40.285488,-3.274133",6375,213,267
1757661807,2025-09-12T07:23:27Z,CPA315,"40.284904,-3.289963",6225,207,267
1757661820,2025-09-12T07:23:40Z,CPA315,"40.284248,-3.305972",6050,202,267
1757661830,2025-09-12T07:23:50Z,CPA315,"40.284149,-3.318453",5950,197,277
1757661832,2025-09-12T07:23:52Z,CPA315,"40.284454,-3.321033",5925,197,281
1757661834,2025-09-12T07:23:54Z,CPA315,"40.284718,-3.323382",5900,196,286
1757661836,2025-09-12T07:23:56Z,CPA315,"40.285332,-3.325896",5875,195,291
1757661838,2025-09-12T07:23:58Z,CPA315,"40.28606,-3.328103",5850,195,296
1757661841,2025-09-12T07:24:01Z,CPA315,"40.286903,-3.330302",5850,194,301
1757661843,2025-09-12T07:24:03Z,CPA315,"40.287975,-3.332403",5825,193,306
1757661845,2025-09-12T07:24:05Z,CPA315,"40.289078,-3.334495",5800,193,309
1757661847,2025-09-12T07:24:07Z,CPA315,"40.290329,-3.336411",5800,192,310
1757661849,2025-09-12T07:24:09Z,CPA315,"40.291534,-3.338321",5800,192,312
1757661851,2025-09-12T07:24:11Z,CPA315,"40.292843,-3.340141",5775,192,312
1757661853,2025-09-12T07:24:13Z,CPA315,"40.294006,-3.34175",5775,192,312
1757661855,2025-09-12T07:24:15Z,CPA315,"40.295261,-3.343471",5775,192,312
1757661857,2025-09-12T07:24:17Z,CPA315,"40.296528,-3.345322",5750,191,312
1757661859,2025-09-12T07:24:19Z,CPA315,"40.297741,-3.346963",5750,191,311
1757661861,2025-09-12T07:24:21Z,CPA315,"40.298977,-3.348698",5725,191,311
1757661863,2025-09-12T07:24:23Z,CPA315,"40.300228,-3.350591",5725,190,310
1757661866,2025-09-12T07:24:26Z,CPA315,"40.301365,-3.352467",5725,190,309
1757661868,2025-09-12T07:24:28Z,CPA315,"40.302444,-3.354411",5700,189,309
1757661880,2025-09-12T07:24:40Z,CPA315,"40.309238,-3.365292",5625,191,310
1757661895,2025-09-12T07:24:55Z,CPA315,"40.318012,-3.377829",5475,191,316
1757661899,2025-09-12T07:24:59Z,CPA315,"40.320736,-3.381158",5400,192,319
1757661901,2025-09-12T07:25:01Z,CPA315,"40.321968,-3.382905",5375,193,320
1757661903,2025-09-12T07:25:03Z,CPA315,"40.323406,-3.384385",5325,192,321
1757661905,2025-09-12T07:25:05Z,CPA315,"40.324921,-3.386071",5300,192,321
1757661907,2025-09-12T07:25:07Z,CPA315,"40.326405,-3.387411",5275,192,322
1757661909,2025-09-12T07:25:09Z,CPA315,"40.327831,-3.38904",5225,192,322
1757661911,2025-09-12T07:25:11Z,CPA315,"40.329262,-3.390335",5200,192,323
1757661913,2025-09-12T07:25:13Z,CPA315,"40.330608,-3.39187",5150,192,323
1757661915,2025-09-12T07:25:15Z,CPA315,"40.332047,-3.393273",5125,192,323
1757661917,2025-09-12T07:25:17Z,CPA315,"40.333561,-3.394617",5075,192,323
1757661924,2025-09-12T07:25:24Z,CPA315,"40.337887,-3.399078",4975,192,323
1757661926,2025-09-12T07:25:26Z,CPA315,"40.33952,-3.400399",4950,192,323
1757661932,2025-09-12T07:25:32Z,CPA315,"40.343857,-3.404756",4825,193,323
1757661940,2025-09-12T07:25:40Z,CPA315,"40.349785,-3.41068",4675,192,323
1757661949,2025-09-12T07:25:49Z,CPA315,"40.355633,-3.416766",4525,192,322
1757661955,2025-09-12T07:25:55Z,CPA315,"40.36002,-3.421108",4425,192,322
1757661963,2025-09-12T07:26:03Z,CPA315,"40.365986,-3.427097",4275,191,322
1757661970,2025-09-12T07:26:10Z,CPA315,"40.370434,-3.431838",4150,192,322
1757661978,2025-09-12T07:26:18Z,CPA315,"40.37648,-3.437835",4000,191,323
1757661986,2025-09-12T07:26:26Z,CPA315,"40.382164,-3.443765",3850,187,323
1757661993,2025-09-12T07:26:33Z,CPA315,"40.386539,-3.448051",3750,185,323
1757662001,2025-09-12T07:26:41Z,CPA315,"40.391926,-3.453494",3625,184,323
1757662009,2025-09-12T07:26:49Z,CPA315,"40.397629,-3.45899",3475,180,323
1757662018,2025-09-12T07:26:58Z,CPA315,"40.402927,-3.464899",3350,175,323
1757662026,2025-09-12T07:27:06Z,CPA315,"40.408138,-3.470007",3250,170,323
1757662034,2025-09-12T07:27:14Z,CPA315,"40.413292,-3.475161",3100,165,323
1757662043,2025-09-12T07:27:23Z,CPA315,"40.418327,-3.480149",2975,159,323
1757662049,2025-09-12T07:27:29Z,CPA315,"40.421795,-3.483884",2900,155,323
1757662057,2025-09-12T07:27:37Z,CPA315,"40.426632,-3.488632",2800,148,323
1757662066,2025-09-12T07:27:46Z,CPA315,"40.431,-3.492994",2675,146,323
1757662072,2025-09-12T07:27:52Z,CPA315,"40.434261,-3.496371",2600,145,323
1757662080,2025-09-12T07:28:00Z,CPA315,"40.438728,-3.500892",2525,143,323
1757662088,2025-09-12T07:28:08Z,CPA315,"40.443054,-3.505432",2425,142,323
1757662097,2025-09-12T07:28:17Z,CPA315,"40.447437,-3.50988",2325,140,323
1757662105,2025-09-12T07:28:25Z,CPA315,"40.451557,-3.513917",2200,138,323
1757662113,2025-09-12T07:28:33Z,CPA315,"40.455727,-3.518064",2100,138,323
1757662121,2025-09-12T07:28:41Z,CPA315,"40.459713,-3.522104",2025,138,323
1757662130,2025-09-12T07:28:50Z,CPA315,"40.463932,-3.526418",1925,138,323
1757662138,2025-09-12T07:28:58Z,CPA315,"40.468063,-3.530562",1825,138,323
1757662146,2025-09-12T07:29:06Z,CPA315,"40.472481,-3.535535",1725,140,323
1757662154,2025-09-12T07:29:14Z,CPA315,"40.476727,-3.540082",1625,139,323
1757662161,2025-09-12T07:29:21Z,CPA315,"40.479923,-3.543361",1625,134,323
1757662169,2025-09-12T07:29:29Z,CPA315,"40.483734,-3.547382",1625,134,323
1757662178,2025-09-12T07:29:38Z,CPA315,"40.486534,-3.55039",1650,95,323
1757662184,2025-09-12T07:29:44Z,CPA315,"40.488285,-3.552123",1675,82,323
1757662190,2025-09-12T07:29:50Z,CPA315,"40.489658,-3.5537",1675,69,315
1757662193,2025-09-12T07:29:53Z,CPA315,"40.490257,-3.554311",1675,64,316
1757662197,2025-09-12T07:29:57Z,CPA315,"40.490982,-3.555002",1675,54,315
1757662199,2025-09-12T07:29:59Z,CPA315,"40.491272,-3.555295",1675,47,314
1757662203,2025-09-12T07:30:03Z,CPA315,"40.491726,-3.555906",1675,39,309
1757662205,2025-09-12T07:30:05Z,CPA315,"40.49192,-3.556205",1675,35,306
1757662210,2025-09-12T07:30:10Z,CPA315,"40.492146,-3.556851",1700,30,297
1757662212,2025-09-12T07:30:12Z,CPA315,"40.492279,-3.557126",1700,30,297
1757662214,2025-09-12T07:30:14Z,CPA315,"40.492348,-3.557434",1700,28,290
1757662216,2025-09-12T07:30:16Z,CPA315,"40.49242,-3.557819",1700,27,286
1757662219,2025-09-12T07:30:19Z,CPA315,"40.492489,-3.558071",1700,26,288
1757662221,2025-09-12T07:30:21Z,CPA315,"40.492596,-3.558376",0,24,289
1757662224,2025-09-12T07:30:24Z,CPA315,"40.492699,-3.558671",0,23,291
1757662226,2025-09-12T07:30:26Z,CPA315,"40.49276,-3.558931",0,22,288
1757662230,2025-09-12T07:30:30Z,CPA315,"40.492836,-3.559175",0,18,290
1757662234,2025-09-12T07:30:34Z,CPA315,"40.492947,-3.559403",0,14,295
1757662238,2025-09-12T07:30:38Z,CPA315,"40.493053,-3.559716",0,15,295
1757662239,2025-09-12T07:30:39Z,CPA315,"40.493156,-3.559944",0,19,302
1757662243,2025-09-12T07:30:43Z,CPA315,"40.49334,-3.560188",0,16,306
1757662249,2025-09-12T07:30:49Z,CPA315,"40.493565,-3.56013",0,10,344
1757662250,2025-09-12T07:30:50Z,CPA315,"40.493645,-3.560481",0,22,302
1757662253,2025-09-12T07:30:53Z,CPA315,"40.493805,-3.560683",0,18,308
1757662257,2025-09-12T07:30:57Z,CPA315,"40.494057,-3.560867",0,15,319
1757662259,2025-09-12T07:30:59Z,CPA315,"40.49403,-3.561082",0,0,319
1757662260,2025-09-12T07:31:00Z,CPA315,"40.494198,-3.561409",0,0,319
1757662265,2025-09-12T07:31:05Z,CPA315,"40.494297,-3.560942",0,19,70
1757662266,2025-09-12T07:31:06Z,CPA315,"40.494335,-3.560688",0,21,75
1757662267,2025-09-12T07:31:07Z,CPA315,"40.494419,-3.561059",0,9,28
1757662269,2025-09-12T07:31:09Z,CPA315,"40.494526,-3.561439",0,11,324
1757662275,2025-09-12T07:31:15Z,CPA315,"40.494839,-3.561876",0,15,316
1757662277,2025-09-12T07:31:17Z,CPA315,"40.494923,-3.562111",0,13,300
1757662284,2025-09-12T07:31:24Z,CPA315,"40.495144,-3.562133",0,9,327
1757662287,2025-09-12T07:31:27Z,CPA315,"40.495285,-3.562363",0,10,316
1757662293,2025-09-12T07:31:33Z,CPA315,"40.495483,-3.562637",0,11,315
1757662303,2025-09-12T07:31:43Z,CPA315,"40.495556,-3.562856",0,7,289
1757662306,2025-09-12T07:31:46Z,CPA315,"40.49559,-3.563056",0,8,285
1757662309,2025-09-12T07:31:49Z,CPA315,"40.495594,-3.563311",0,11,274
1757662312,2025-09-12T07:31:52Z,CPA315,"40.495605,-3.56356",0,11,274
1757662315,2025-09-12T07:31:55Z,CPA315,"40.495605,-3.563768",0,10,273
1757662323,2025-09-12T07:32:03Z,CPA315,"40.495564,-3.563355",0,0,253
1757662324,2025-09-12T07:32:04Z,CPA315,"40.495575,-3.5642",0,0,271
1757662325,2025-09-12T07:32:05Z,CPA315,"40.495522,-3.563929",0,0,271
1757662326,2025-09-12T07:32:06Z,CPA315,"40.495468,-3.563422",0,0,101
1757662327,2025-09-12T07:32:07Z,CPA315,"40.495502,-3.563707",0,9,105
1757662328,2025-09-12T07:32:08Z,CPA315,"40.495533,-3.56399",0,4,267
1757662330,2025-09-12T07:32:10Z,CPA315,"40.495529,-3.564383",0,14,267
1757662335,2025-09-12T07:32:15Z,CPA315,"40.495552,-3.564743",0,14,274
1757662339,2025-09-12T07:32:19Z,CPA315,"40.495564,-3.56433",0,0,274
1757662341,2025-09-12T07:32:21Z,CPA315,"40.495533,-3.564993",0,0,264
1757662347,2025-09-12T07:32:27Z,CPA315,"40.495598,-3.565295",0,0,264
1757662348,2025-09-12T07:32:28Z,CPA315,"40.49572,-3.564835",0,0,264
