Timestamp,UTC,Callsign,Position,Altitude,Speed,Direction
1757693250,2025-09-12T16:07:30Z,CPA383,"22.314966,113.924789",0,0,205
1757693278,2025-09-12T16:07:58Z,CPA383,"22.315247,113.924927",0,2,205
1757693297,2025-09-12T16:08:17Z,CPA383,"22.315468,113.924965",0,3,222
1757693316,2025-09-12T16:08:36Z,CPA383,"22.315681,113.925049",0,0,253
1757693341,2025-09-12T16:09:01Z,CPA383,"22.315819,113.925323",0,3,275
1757693359,2025-09-12T16:09:19Z,CPA383,"22.315863,113.925552",0,2,295
1757693578,2025-09-12T16:12:58Z,CPA383,"22.315968,113.925323",0,4,295
1757693591,2025-09-12T16:13:11Z,CPA383,"22.316071,113.925087",0,4,295
1757693603,2025-09-12T16:13:23Z,CPA383,"22.316174,113.924866",0,5,295
1757693612,2025-09-12T16:13:32Z,CPA383,"22.316271,113.924652",0,5,295
1757693621,2025-09-12T16:13:41Z,CPA383,"22.316374,113.924423",0,6,295
1757693629,2025-09-12T16:13:49Z,CPA383,"22.316483,113.924202",0,6,295
1757693636,2025-09-12T16:13:56Z,CPA383,"22.316517,113.923981",0,7,286
1757693642,2025-09-12T16:14:02Z,CPA383,"22.316456,113.923737",0,8,267
1757693649,2025-09-12T16:14:09Z,CPA383,"22.316362,113.923492",0,8,255
1757693655,2025-09-12T16:14:15Z,CPA383,"22.316294,113.923264",0,8,253
1757693660,2025-09-12T16:14:20Z,CPA383,"22.316219,113.923058",0,9,250
1757693666,2025-09-12T16:14:26Z,CPA383,"22.316141,113.922821",0,9,250
1757693673,2025-09-12T16:14:33Z,CPA383,"22.316038,113.922501",0,9,250
1757693684,2025-09-12T16:14:44Z,CPA383,"22.315887,113.92202",0,10,250
1757693691,2025-09-12T16:14:51Z,CPA383,"22.315773,113.921669",0,10,250
1757693699,2025-09-12T16:14:59Z,CPA383,"22.315641,113.921265",0,11,250
1757693706,2025-09-12T16:15:06Z,CPA383,"22.315533,113.920929",0,8,250
1757693712,2025-09-12T16:15:12Z,CPA383,"22.315418,113.920723",0,9,241
1757693717,2025-09-12T16:15:17Z,CPA383,"22.315212,113.920631",0,10,216
1757693722,2025-09-12T16:15:22Z,CPA383,"22.314938,113.920708",0,10,182
1757693729,2025-09-12T16:15:29Z,CPA383,"22.314676,113.920837",0,9,165
1757693741,2025-09-12T16:15:41Z,CPA383,"22.314354,113.920944",0,7,163
1757693746,2025-09-12T16:15:46Z,CPA383,"22.31414,113.921036",0,6,160
1757693754,2025-09-12T16:15:54Z,CPA383,"22.313919,113.92112",0,6,160
1757693762,2025-09-12T16:16:02Z,CPA383,"22.313702,113.921196",0,7,160
1757693769,2025-09-12T16:16:09Z,CPA383,"22.313488,113.92128",0,8,160
1757693776,2025-09-12T16:16:16Z,CPA383,"22.313232,113.921379",0,8,160
1757693783,2025-09-12T16:16:23Z,CPA383,"22.312969,113.921471",0,9,160
1757693790,2025-09-12T16:16:30Z,CPA383,"22.312695,113.921577",0,10,160
1757693798,2025-09-12T16:16:38Z,CPA383,"22.312325,113.921715",0,11,160
1757693805,2025-09-12T16:16:45Z,CPA383,"22.31193,113.921852",0,12,160
1757693813,2025-09-12T16:16:53Z,CPA383,"22.311527,113.922005",0,12,160
1757693819,2025-09-12T16:16:59Z,CPA383,"22.311184,113.922127",0,12,160
1757693827,2025-09-12T16:17:07Z,CPA383,"22.310753,113.922295",0,13,160
1757693834,2025-09-12T16:17:14Z,CPA383,"22.310369,113.92244",0,13,160
1757693840,2025-09-12T16:17:20Z,CPA383,"22.309998,113.922577",0,13,160
1757693848,2025-09-12T16:17:28Z,CPA383,"22.309555,113.922745",0,14,160
1757693854,2025-09-12T16:17:34Z,CPA383,"22.309158,113.922897",0,14,160
1757693861,2025-09-12T16:17:41Z,CPA383,"22.308746,113.923042",0,14,160
1757693868,2025-09-12T16:17:48Z,CPA383,"22.308311,113.923203",0,14,160
1757693875,2025-09-12T16:17:55Z,CPA383,"22.307867,113.923363",0,13,160
1757693883,2025-09-12T16:18:03Z,CPA383,"22.307522,113.923492",0,8,160
1757693889,2025-09-12T16:18:09Z,CPA383,"22.307293,113.923477",0,8,177
1757693897,2025-09-12T16:18:17Z,CPA383,"22.307087,113.923248",0,8,210
1757693903,2025-09-12T16:18:23Z,CPA383,"22.307018,113.923019",0,8,236
1757693910,2025-09-12T16:18:30Z,CPA383,"22.306973,113.922768",0,8,250
1757693915,2025-09-12T16:18:35Z,CPA383,"22.306913,113.922562",0,8,250
1757693922,2025-09-12T16:18:42Z,CPA383,"22.306835,113.922318",0,8,250
1757693929,2025-09-12T16:18:49Z,CPA383,"22.306755,113.922058",0,8,250
1757693940,2025-09-12T16:19:00Z,CPA383,"22.306618,113.921631",0,9,250
1757693953,2025-09-12T16:19:13Z,CPA383,"22.306412,113.921005",0,10,250
1757693961,2025-09-12T16:19:21Z,CPA383,"22.306274,113.920593",0,11,250
1757693967,2025-09-12T16:19:27Z,CPA383,"22.306183,113.920296",0,11,250
1757693974,2025-09-12T16:19:34Z,CPA383,"22.306068,113.91993",0,11,250
1757693981,2025-09-12T16:19:41Z,CPA383,"22.305943,113.919548",0,11,250
1757693988,2025-09-12T16:19:48Z,CPA383,"22.305828,113.919197",0,12,250
1757693995,2025-09-12T16:19:55Z,CPA383,"22.305691,113.91877",0,13,250
1757694002,2025-09-12T16:20:02Z,CPA383,"22.30554,113.918266",0,14,250
1757694010,2025-09-12T16:20:10Z,CPA383,"22.30537,113.91777",0,15,250
1757694016,2025-09-12T16:20:16Z,CPA383,"22.305225,113.917313",0,15,250
1757694023,2025-09-12T16:20:23Z,CPA383,"22.305052,113.916756",0,16,250
1757694031,2025-09-12T16:20:31Z,CPA383,"22.304865,113.916191",0,17,250
1757694037,2025-09-12T16:20:37Z,CPA383,"22.304678,113.915596",0,18,250
1757694044,2025-09-12T16:20:44Z,CPA383,"22.304482,113.914986",0,18,250
1757694051,2025-09-12T16:20:51Z,CPA383,"22.304295,113.914413",0,18,250
1757694058,2025-09-12T16:20:58Z,CPA383,"22.3041,113.913803",0,18,250
1757694066,2025-09-12T16:21:06Z,CPA383,"22.303864,113.913063",0,19,250
1757694073,2025-09-12T16:21:13Z,CPA383,"22.303654,113.91243",0,19,250
1757694081,2025-09-12T16:21:21Z,CPA383,"22.303421,113.91172",0,19,250
1757694089,2025-09-12T16:21:29Z,CPA383,"22.303177,113.910965",0,20,250
1757694096,2025-09-12T16:21:36Z,CPA383,"22.302956,113.910286",0,20,250
1757694103,2025-09-12T16:21:43Z,CPA383,"22.302727,113.909569",0,21,250
1757694110,2025-09-12T16:21:50Z,CPA383,"22.30249,113.908844",0,21,250
1757694118,2025-09-12T16:21:58Z,CPA383,"22.302235,113.908058",0,21,250
1757694124,2025-09-12T16:22:04Z,CPA383,"22.302048,113.907455",0,22,250
1757694132,2025-09-12T16:22:12Z,CPA383,"22.301769,113.906616",0,22,250
1757694139,2025-09-12T16:22:19Z,CPA383,"22.301582,113.906006",0,22,250
1757694146,2025-09-12T16:22:26Z,CPA383,"22.301304,113.905144",0,22,250
1757694155,2025-09-12T16:22:35Z,CPA383,"22.301048,113.904343",0,22,250
1757694162,2025-09-12T16:22:42Z,CPA383,"22.300814,113.903603",0,22,250
1757694170,2025-09-12T16:22:50Z,CPA383,"22.300478,113.902588",0,22,250
1757694177,2025-09-12T16:22:57Z,CPA383,"22.30022,113.901802",0,22,250
1757694185,2025-09-12T16:23:05Z,CPA383,"22.299965,113.901001",0,23,250
1757694192,2025-09-12T16:23:12Z,CPA383,"22.299721,113.900238",0,20,250
1757694200,2025-09-12T16:23:20Z,CPA383,"22.2995,113.899544",0,16,250
1757694206,2025-09-12T16:23:26Z,CPA383,"22.299349,113.899078",0,15,250
1757694214,2025-09-12T16:23:34Z,CPA383,"22.299202,113.898643",0,16,250
1757694220,2025-09-12T16:23:40Z,CPA383,"22.299011,113.898033",0,14,250
1757694229,2025-09-12T16:23:49Z,CPA383,"22.298824,113.897522",0,10,247
1757694237,2025-09-12T16:23:57Z,CPA383,"22.298569,113.897339",0,9,222
1757694243,2025-09-12T16:24:03Z,CPA383,"22.298344,113.897308",0,9,199
1757694248,2025-09-12T16:24:08Z,CPA383,"22.298138,113.897385",0,8,180
1757694256,2025-09-12T16:24:16Z,CPA383,"22.297894,113.897514",0,7,163
1757694264,2025-09-12T16:24:24Z,CPA383,"22.297684,113.897606",0,7,160
1757694274,2025-09-12T16:24:34Z,CPA383,"22.297371,113.89772",0,7,160
1757694282,2025-09-12T16:24:42Z,CPA383,"22.297165,113.897797",0,7,160
1757694290,2025-09-12T16:24:50Z,CPA383,"22.296928,113.897881",0,7,160
1757694307,2025-09-12T16:25:07Z,CPA383,"22.296381,113.898109",0,6,157
1757694316,2025-09-12T16:25:16Z,CPA383,"22.296276,113.898331",0,5,132
1757694330,2025-09-12T16:25:30Z,CPA383,"22.296358,113.898544",0,2,98
1757694351,2025-09-12T16:25:51Z,CPA383,"22.296486,113.89875",0,1,73
1757694382,2025-09-12T16:26:22Z,CPA383,"22.296787,113.899742",0,0,70
1757694388,2025-09-12T16:26:28Z,CPA383,"22.297335,113.901428",0,70,70
1757694397,2025-09-12T16:26:37Z,CPA383,"22.298569,113.905281",100,107,71
1757694405,2025-09-12T16:26:45Z,CPA383,"22.299965,113.909508",75,135,71
1757694413,2025-09-12T16:26:53Z,CPA383,"22.301874,113.915459",75,165,70
1757694421,2025-09-12T16:27:01Z,CPA383,"22.304062,113.922325",25,187,70
1757694428,2025-09-12T16:27:08Z,CPA383,"22.305908,113.92807",250,189,70
1757694436,2025-09-12T16:27:16Z,CPA383,"22.308334,113.935562",625,187,71
1757694442,2025-09-12T16:27:22Z,CPA383,"22.31016,113.941246",925,185,70
1757694451,2025-09-12T16:27:31Z,CPA383,"22.312441,113.948364",1300,184,70
1757694459,2025-09-12T16:27:39Z,CPA383,"22.314768,113.955589",1700,182,71
1757694466,2025-09-12T16:27:46Z,CPA383,"22.31649,113.961182",1950,183,71
1757694473,2025-09-12T16:27:53Z,CPA383,"22.318451,113.967422",2075,190,70
1757694481,2025-09-12T16:28:01Z,CPA383,"22.321014,113.975365",2150,200,70
1757694488,2025-09-12T16:28:08Z,CPA383,"22.322891,113.981209",2225,206,70
1757694496,2025-09-12T16:28:16Z,CPA383,"22.325729,113.989998",2350,212,71
1757694504,2025-09-12T16:28:24Z,CPA383,"22.328316,113.998161",2575,214,70
1757694511,2025-09-12T16:28:31Z,CPA383,"22.330444,114.004776",2775,215,70
1757694519,2025-09-12T16:28:39Z,CPA383,"22.333099,114.01297",3075,214,70
1757694528,2025-09-12T16:28:48Z,CPA383,"22.335938,114.021858",3300,216,71
1757694532,2025-09-12T16:28:52Z,CPA383,"22.337128,114.026154",3425,217,76
1757694534,2025-09-12T16:28:54Z,CPA383,"22.337677,114.028694",3475,218,78
1757694536,2025-09-12T16:28:56Z,CPA383,"22.338043,114.031097",3525,218,81
1757694538,2025-09-12T16:28:58Z,CPA383,"22.338318,114.03334",3600,218,83
1757694540,2025-09-12T16:29:00Z,CPA383,"22.338455,114.035538",3650,218,87
1757694542,2025-09-12T16:29:02Z,CPA383,"22.338501,114.037636",3725,217,90
1757694545,2025-09-12T16:29:05Z,CPA383,"22.338463,114.039864",3775,217,92
1757694547,2025-09-12T16:29:07Z,CPA383,"22.338324,114.042053",3850,216,95
1757694549,2025-09-12T16:29:09Z,CPA383,"22.337997,114.044777",3925,216,98
1757694551,2025-09-12T16:29:11Z,CPA383,"22.337719,114.046478",3975,216,101
1757694553,2025-09-12T16:29:13Z,CPA383,"22.337206,114.04882",4050,215,105
1757694555,2025-09-12T16:29:15Z,CPA383,"22.336624,114.051071",4100,216,107
1757694557,2025-09-12T16:29:17Z,CPA383,"22.335951,114.053192",4175,215,110
1757694560,2025-09-12T16:29:20Z,CPA383,"22.334972,114.055885",4250,216,112
1757694562,2025-09-12T16:29:22Z,CPA383,"22.334106,114.057861",4300,216,115
1757694564,2025-09-12T16:29:24Z,CPA383,"22.333237,114.059708",4375,215,118
1757694566,2025-09-12T16:29:26Z,CPA383,"22.332321,114.061409",4425,215,121
1757694568,2025-09-12T16:29:28Z,CPA383,"22.330902,114.063751",4500,216,124
1757694570,2025-09-12T16:29:30Z,CPA383,"22.329803,114.065399",4575,215,127
1757694572,2025-09-12T16:29:32Z,CPA383,"22.328594,114.067024",4625,215,129
1757694574,2025-09-12T16:29:34Z,CPA383,"22.32724,114.068748",4700,216,132
1757694576,2025-09-12T16:29:36Z,CPA383,"22.325455,114.070747",4775,217,135
1757694579,2025-09-12T16:29:39Z,CPA383,"22.324036,114.072197",4825,218,137
1757694581,2025-09-12T16:29:41Z,CPA383,"22.322451,114.073692",4875,218,140
1757694583,2025-09-12T16:29:43Z,CPA383,"22.320557,114.07534",4925,220,142
1757694585,2025-09-12T16:29:45Z,CPA383,"22.318913,114.076637",4950,222,144
1757694587,2025-09-12T16:29:47Z,CPA383,"22.31719,114.077911",4975,226,146
1757694589,2025-09-12T16:29:49Z,CPA383,"22.315048,114.079338",5000,227,148
1757694591,2025-09-12T16:29:51Z,CPA383,"22.313049,114.080582",5025,230,151
1757694593,2025-09-12T16:29:53Z,CPA383,"22.311232,114.081573",5025,233,153
1757694595,2025-09-12T16:29:55Z,CPA383,"22.309433,114.082527",5050,235,155
1757694598,2025-09-12T16:29:58Z,CPA383,"22.307327,114.083527",5050,238,157
1757694600,2025-09-12T16:30:00Z,CPA383,"22.30476,114.084572",5075,241,160
1757694602,2025-09-12T16:30:02Z,CPA383,"22.302757,114.085289",5100,243,162
1757694604,2025-09-12T16:30:04Z,CPA383,"22.30043,114.085999",5125,245,165
1757694606,2025-09-12T16:30:06Z,CPA383,"22.297638,114.086708",5175,248,168
1757694608,2025-09-12T16:30:08Z,CPA383,"22.295263,114.087166",5200,249,170
1757694610,2025-09-12T16:30:10Z,CPA383,"22.292982,114.087471",5250,251,173
1757694612,2025-09-12T16:30:12Z,CPA383,"22.290527,114.087723",5275,253,176
1757694615,2025-09-12T16:30:15Z,CPA383,"22.287909,114.08783",5350,254,178
1757694617,2025-09-12T16:30:17Z,CPA383,"22.28544,114.08783",5400,256,180
1757694619,2025-09-12T16:30:19Z,CPA383,"22.283066,114.087776",5425,257,181
1757694621,2025-09-12T16:30:21Z,CPA383,"22.280685,114.087677",5475,258,182
1757694623,2025-09-12T16:30:23Z,CPA383,"22.277899,114.087578",5550,259,182
1757694625,2025-09-12T16:30:25Z,CPA383,"22.27585,114.087425",5600,259,182
1757694627,2025-09-12T16:30:27Z,CPA383,"22.273361,114.087326",5675,258,182
1757694629,2025-09-12T16:30:29Z,CPA383,"22.270844,114.087173",5750,258,182
1757694631,2025-09-12T16:30:31Z,CPA383,"22.267797,114.087013",5825,258,182
1757694634,2025-09-12T16:30:34Z,CPA383,"22.265579,114.086922",5900,258,182
1757694636,2025-09-12T16:30:36Z,CPA383,"22.262787,114.086823",5975,258,181
1757694638,2025-09-12T16:30:38Z,CPA383,"22.26091,114.086723",6050,258,181
1757694652,2025-09-12T16:30:52Z,CPA383,"22.243078,114.086357",6550,259,180
1757694665,2025-09-12T16:31:05Z,CPA383,"22.227064,114.086304",6775,269,180
1757694678,2025-09-12T16:31:18Z,CPA383,"22.210968,114.086327",6900,282,179
1757694692,2025-09-12T16:31:32Z,CPA383,"22.19252,114.087875",7275,282,168
1757694696,2025-09-12T16:31:36Z,CPA383,"22.188147,114.088997",7400,282,163
1757694698,2025-09-12T16:31:38Z,CPA383,"22.185013,114.090172",7475,281,159
1757694701,2025-09-12T16:31:41Z,CPA383,"22.181723,114.091644",7550,279,154
1757694704,2025-09-12T16:31:44Z,CPA383,"22.178284,114.093666",7650,278,149
1757694707,2025-09-12T16:31:47Z,CPA383,"22.175997,114.095207",7725,278,144
1757694709,2025-09-12T16:31:49Z,CPA383,"22.172974,114.09771",7800,277,140
1757694711,2025-09-12T16:31:51Z,CPA383,"22.170273,114.100311",7875,278,135
1757694714,2025-09-12T16:31:54Z,CPA383,"22.168442,114.102409",7925,277,132
1757694718,2025-09-12T16:31:58Z,CPA383,"22.165337,114.106697",8050,276,124
1757694721,2025-09-12T16:32:01Z,CPA383,"22.163361,114.110146",8125,276,119
1757694724,2025-09-12T16:32:04Z,CPA383,"22.161667,114.113838",8225,276,115
1757694727,2025-09-12T16:32:07Z,CPA383,"22.160339,114.117538",8300,276,110
1757694729,2025-09-12T16:32:09Z,CPA383,"22.159424,114.12088",8375,276,104
1757694731,2025-09-12T16:32:11Z,CPA383,"22.158819,114.123688",8450,276,104
1757694733,2025-09-12T16:32:13Z,CPA383,"22.158508,114.12558",8475,276,97
1757694735,2025-09-12T16:32:15Z,CPA383,"22.158051,114.129623",8575,277,95
1757694737,2025-09-12T16:32:17Z,CPA383,"22.157867,114.13237",8625,278,93
1757694739,2025-09-12T16:32:19Z,CPA383,"22.157747,114.135033",8675,279,92
1757694742,2025-09-12T16:32:22Z,CPA383,"22.157608,114.138588",8725,279,92
1757694744,2025-09-12T16:32:24Z,CPA383,"22.157515,114.141487",8775,280,91
1757694746,2025-09-12T16:32:26Z,CPA383,"22.157423,114.144287",8825,281,92
1757694748,2025-09-12T16:32:28Z,CPA383,"22.15733,114.14698",8875,282,92
1757694750,2025-09-12T16:32:30Z,CPA383,"22.157236,114.150337",8925,282,92
1757694752,2025-09-12T16:32:32Z,CPA383,"22.157097,114.153389",8975,283,92
1757694754,2025-09-12T16:32:34Z,CPA383,"22.156956,114.156242",9025,284,92
1757694756,2025-09-12T16:32:36Z,CPA383,"22.156816,114.159035",9075,284,93
1757694759,2025-09-12T16:32:39Z,CPA383,"22.156677,114.161682",9150,284,93
1757694761,2025-09-12T16:32:41Z,CPA383,"22.15649,114.165291",9225,284,93
1757694773,2025-09-12T16:32:53Z,CPA383,"22.155281,114.182892",9550,288,94
1757694786,2025-09-12T16:33:06Z,CPA383,"22.153931,114.201431",9850,292,94
1757694799,2025-09-12T16:33:19Z,CPA383,"22.152628,114.220276",10250,291,94
1757694812,2025-09-12T16:33:32Z,CPA383,"22.151278,114.238991",10700,290,93
1757694824,2025-09-12T16:33:44Z,CPA383,"22.151138,114.255264",11075,290,84
1757694826,2025-09-12T16:33:46Z,CPA383,"22.15151,114.259087",11150,290,81
1757694828,2025-09-12T16:33:48Z,CPA383,"22.152021,114.262291",11200,291,79
1757694830,2025-09-12T16:33:50Z,CPA383,"22.152628,114.265137",11250,292,75
1757694834,2025-09-12T16:33:54Z,CPA383,"22.15416,114.2705",11325,294,70
1757694836,2025-09-12T16:33:56Z,CPA383,"22.155212,114.273346",11350,295,67
1757694838,2025-09-12T16:33:58Z,CPA383,"22.156305,114.275917",11400,296,63
1757694840,2025-09-12T16:34:00Z,CPA383,"22.157501,114.278435",11425,297,60
1757694842,2025-09-12T16:34:02Z,CPA383,"22.159004,114.281105",11475,298,56
1757694844,2025-09-12T16:34:04Z,CPA383,"22.160494,114.283447",11525,299,53
1757694846,2025-09-12T16:34:06Z,CPA383,"22.162636,114.286346",11575,300,49
1757694849,2025-09-12T16:34:09Z,CPA383,"22.164545,114.288582",11600,301,45
1757694851,2025-09-12T16:34:11Z,CPA383,"22.166779,114.290924",11675,303,41
1757694853,2025-09-12T16:34:13Z,CPA383,"22.168501,114.292503",11700,303,38
1757694855,2025-09-12T16:34:15Z,CPA383,"22.171921,114.295319",11750,305,34
1757694857,2025-09-12T16:34:17Z,CPA383,"22.174713,114.297211",11800,308,32
1757694860,2025-09-12T16:34:20Z,CPA383,"22.177002,114.298561",11825,309,27
1757694862,2025-09-12T16:34:22Z,CPA383,"22.18014,114.300179",11850,312,23
1757694864,2025-09-12T16:34:24Z,CPA383,"22.18284,114.301353",11875,314,20
1757694866,2025-09-12T16:34:26Z,CPA383,"22.185608,114.302361",11900,316,17
1757694868,2025-09-12T16:34:28Z,CPA383,"22.188658,114.30323",11900,317,14
1757694870,2025-09-12T16:34:30Z,CPA383,"22.192245,114.304153",11925,320,12
1757694872,2025-09-12T16:34:32Z,CPA383,"22.195129,114.30481",11950,321,11
1757694874,2025-09-12T16:34:34Z,CPA383,"22.198105,114.305405",11975,324,10
1757694877,2025-09-12T16:34:37Z,CPA383,"22.201309,114.306053",11975,326,10
1757694879,2025-09-12T16:34:39Z,CPA383,"22.204514,114.306648",12000,327,10
1757694881,2025-09-12T16:34:41Z,CPA383,"22.207535,114.307198",12025,329,9
1757694883,2025-09-12T16:34:43Z,CPA383,"22.210539,114.307709",12050,330,8
1757694885,2025-09-12T16:34:45Z,CPA383,"22.213852,114.308197",12075,332,6
1757694887,2025-09-12T16:34:47Z,CPA383,"22.216827,114.308548",12100,334,4
1757694889,2025-09-12T16:34:49Z,CPA383,"22.219894,114.308777",12125,336,2
1757694891,2025-09-12T16:34:51Z,CPA383,"22.223806,114.30883",12150,338,358
1757694893,2025-09-12T16:34:53Z,CPA383,"22.226807,114.308701",12175,338,356
1757694896,2025-09-12T16:34:56Z,CPA383,"22.230469,114.30835",12225,340,353
1757694898,2025-09-12T16:34:58Z,CPA383,"22.233582,114.307854",12250,342,349
1757694900,2025-09-12T16:35:00Z,CPA383,"22.236832,114.307098",12300,342,346
1757694902,2025-09-12T16:35:02Z,CPA383,"22.240631,114.306",12350,343,342
1757694904,2025-09-12T16:35:04Z,CPA383,"22.243776,114.30481",12400,345,339
1757694907,2025-09-12T16:35:07Z,CPA383,"22.247082,114.303383",12425,346,337
1757694909,2025-09-12T16:35:09Z,CPA383,"22.249786,114.302055",12450,348,334
1757694911,2025-09-12T16:35:11Z,CPA383,"22.253412,114.300179",12475,350,332
1757694913,2025-09-12T16:35:13Z,CPA383,"22.256058,114.29866",12475,352,331
1757694915,2025-09-12T16:35:15Z,CPA383,"22.259186,114.296875",12500,354,331
1757694917,2025-09-12T16:35:17Z,CPA383,"22.26263,114.294792",12525,355,330
1757694919,2025-09-12T16:35:19Z,CPA383,"22.265749,114.292908",12550,355,330
1757694921,2025-09-12T16:35:21Z,CPA383,"22.268589,114.29113",12575,356,330
1757694923,2025-09-12T16:35:23Z,CPA383,"22.271393,114.289474",12625,358,330
1757694925,2025-09-12T16:35:25Z,CPA383,"22.274277,114.287674",12675,358,330
1757694928,2025-09-12T16:35:28Z,CPA383,"22.277388,114.285789",12725,358,330
1757694930,2025-09-12T16:35:30Z,CPA383,"22.281235,114.283478",12775,358,330
1757694932,2025-09-12T16:35:32Z,CPA383,"22.284027,114.281784",12825,359,330
1757694964,2025-09-12T16:36:04Z,CPA383,"22.331314,114.254417",13750,360,332
1757694996,2025-09-12T16:36:36Z,CPA383,"22.378498,114.2276",14475,366,332
1757695028,2025-09-12T16:37:08Z,CPA383,"22.427752,114.199524",14800,386,331
1757695060,2025-09-12T16:37:40Z,CPA383,"22.478632,114.170433",15425,392,331
1757695091,2025-09-12T16:38:11Z,CPA383,"22.530539,114.140724",15950,403,331
1757695123,2025-09-12T16:38:43Z,CPA383,"22.584957,114.110565",16300,417,334
1757695156,2025-09-12T16:39:16Z,CPA383,"22.641998,114.08213",17000,420,335
1757695186,2025-09-12T16:39:46Z,CPA383,"22.694448,114.055733",17725,421,334
1757695217,2025-09-12T16:40:17Z,CPA383,"22.751312,114.02655",18400,422,334
1757695249,2025-09-12T16:40:49Z,CPA383,"22.807478,113.997597",18925,427,334
1757695281,2025-09-12T16:41:21Z,CPA383,"22.864038,113.968407",19450,432,334
1757695313,2025-09-12T16:41:53Z,CPA383,"22.921738,113.93866",19975,435,334
1757695344,2025-09-12T16:42:24Z,CPA383,"22.978138,113.909248",20550,437,334
1757695375,2025-09-12T16:42:55Z,CPA383,"23.035538,113.878838",21100,438,331
1757695407,2025-09-12T16:43:27Z,CPA383,"23.090841,113.841759",21600,444,324
1757695437,2025-09-12T16:43:57Z,CPA383,"23.139542,113.79953",21950,450,317
1757695448,2025-09-12T16:44:08Z,CPA383,"23.155455,113.782448",22075,451,311
1757695450,2025-09-12T16:44:10Z,CPA383,"23.158447,113.778809",22100,451,310
1757695452,2025-09-12T16:44:12Z,CPA383,"23.161461,113.774872",22125,452,308
1757695454,2025-09-12T16:44:14Z,CPA383,"23.164581,113.770622",22175,452,307
1757695456,2025-09-12T16:44:16Z,CPA383,"23.166908,113.767242",22200,452,306
1757695458,2025-09-12T16:44:18Z,CPA383,"23.169329,113.763527",22225,453,304
1757695460,2025-09-12T16:44:20Z,CPA383,"23.171562,113.759918",22250,454,303
1757695463,2025-09-12T16:44:23Z,CPA383,"23.174377,113.755135",22275,454,301
1757695465,2025-09-12T16:44:25Z,CPA383,"23.176357,113.751526",22300,454,300
1757695467,2025-09-12T16:44:27Z,CPA383,"23.178871,113.746796",22325,455,299
1757695469,2025-09-12T16:44:29Z,CPA383,"23.181107,113.74247",22325,455,298
1757695471,2025-09-12T16:44:31Z,CPA383,"23.182968,113.738762",22350,456,298
1757695473,2025-09-12T16:44:33Z,CPA383,"23.185455,113.733765",22375,456,298
1757695475,2025-09-12T16:44:35Z,CPA383,"23.187332,113.730072",22375,456,298
1757695478,2025-09-12T16:44:38Z,CPA383,"23.189484,113.725677",22400,458,298
1757695480,2025-09-12T16:44:40Z,CPA383,"23.191818,113.721031",22425,458,298
1757695482,2025-09-12T16:44:42Z,CPA383,"23.194048,113.716637",22450,458,298
1757695513,2025-09-12T16:45:13Z,CPA383,"23.226242,113.654465",22850,462,299
1757695545,2025-09-12T16:45:45Z,CPA383,"23.26062,113.588448",23450,461,299
1757695577,2025-09-12T16:46:17Z,CPA383,"23.294678,113.522377",23775,467,299
1757695608,2025-09-12T16:46:48Z,CPA383,"23.326767,113.459831",24050,472,299
1757695640,2025-09-12T16:47:20Z,CPA383,"23.360472,113.394165",24525,474,299
1757695670,2025-09-12T16:47:50Z,CPA383,"23.392868,113.331116",24975,474,299
1757695703,2025-09-12T16:48:23Z,CPA383,"23.428207,113.262253",25350,477,299
1757695738,2025-09-12T16:48:58Z,CPA383,"23.46611,113.18824",25600,478,298
1757695773,2025-09-12T16:49:33Z,CPA383,"23.504379,113.113434",25600,478,298
1757695805,2025-09-12T16:50:05Z,CPA383,"23.540302,113.046776",25600,479,304
1757695848,2025-09-12T16:50:48Z,CPA383,"23.582291,112.985779",25600,478,307
1757695868,2025-09-12T16:51:08Z,CPA383,"23.605101,112.952202",25600,480,306
1757695929,2025-09-12T16:52:09Z,CPA383,"23.703329,112.806007",25600,478,306
1757695972,2025-09-12T16:52:52Z,CPA383,"23.739441,112.752022",25600,50,305
1757696005,2025-09-12T16:53:25Z,CPA383,"23.802063,112.658386",26150,481,305
1757696040,2025-09-12T16:54:00Z,CPA383,"23.848991,112.588097",26550,485,305
1757696075,2025-09-12T16:54:35Z,CPA383,"23.895584,112.518257",26900,488,305
1757696107,2025-09-12T16:55:07Z,CPA383,"23.93779,112.454834",27125,493,305
1757696142,2025-09-12T16:55:42Z,CPA383,"23.985249,112.383553",27350,499,305
1757696175,2025-09-12T16:56:15Z,CPA383,"24.029892,112.316383",27625,502,305
1757696195,2025-09-12T16:56:35Z,CPA383,"24.042881,112.296806",27750,502,306
1757696249,2025-09-12T16:57:29Z,CPA383,"24.129234,112.166367",28525,502,305
1757696281,2025-09-12T16:58:01Z,CPA383,"24.159439,112.120766",28675,504,306
1757696311,2025-09-12T16:58:31Z,CPA383,"24.200274,112.05899",28800,506,306
1757696346,2025-09-12T16:59:06Z,CPA383,"24.248594,111.985718",28950,511,306
1757696375,2025-09-12T16:59:35Z,CPA383,"24.288445,111.92524",29175,512,306
1757696419,2025-09-12T17:00:19Z,CPA383,"24.349661,111.832115",29500,514,306
1757696449,2025-09-12T17:00:49Z,CPA383,"24.391277,111.768784",29750,514,306
1757696483,2025-09-12T17:01:23Z,CPA383,"24.438675,111.696526",30025,514,306
1757696512,2025-09-12T17:01:52Z,CPA383,"24.478546,111.635742",30225,515,306
1757696547,2025-09-12T17:02:27Z,CPA383,"24.534286,111.567818",30375,512,317
1757696552,2025-09-12T17:02:32Z,CPA383,"24.54332,111.558632",30375,514,317
1757696582,2025-09-12T17:03:02Z,CPA383,"24.594664,111.505112",30575,514,316
1757696622,2025-09-12T17:03:42Z,CPA383,"24.662384,111.431831",30775,516,315
1757696662,2025-09-12T17:04:22Z,CPA383,"24.731201,111.357628",30900,519,315
1757696690,2025-09-12T17:04:50Z,CPA383,"24.778793,111.306358",30975,520,316
1757696715,2025-09-12T17:05:15Z,CPA383,"24.819557,111.26088",31125,522,312
1757696749,2025-09-12T17:05:49Z,CPA383,"24.872627,111.188484",31275,525,306
1757696774,2025-09-12T17:06:14Z,CPA383,"24.907883,111.132813",31325,527,305
1757696834,2025-09-12T17:07:14Z,CPA383,"24.99292,111.002129",31650,528,305
1757696869,2025-09-12T17:07:49Z,CPA383,"25.042217,110.92569",31800,529,305
1757696899,2025-09-12T17:08:19Z,CPA383,"25.084114,110.860657",32100,524,306
1757696954,2025-09-12T17:09:14Z,CPA383,"25.161949,110.739647",32100,526,305
1757696999,2025-09-12T17:09:59Z,CPA383,"25.223099,110.644173",32100,523,305
1757697033,2025-09-12T17:10:33Z,CPA383,"25.271954,110.567909",32100,520,305
1757697068,2025-09-12T17:11:08Z,CPA383,"25.320602,110.491844",32100,517,305
1757697097,2025-09-12T17:11:37Z,CPA383,"25.360382,110.429535",32100,515,305
1757697125,2025-09-12T17:12:05Z,CPA383,"25.398331,110.369926",32100,512,305
1757697160,2025-09-12T17:12:40Z,CPA383,"25.446213,110.294701",32100,511,306
1757697204,2025-09-12T17:13:24Z,CPA383,"25.505951,110.200706",32100,511,305
1757697238,2025-09-12T17:13:58Z,CPA383,"25.552057,110.127884",32100,511,305
1757697268,2025-09-12T17:14:28Z,CPA383,"25.59288,110.063477",32100,512,305
1757697303,2025-09-12T17:15:03Z,CPA383,"25.63995,109.988998",32100,511,305
1757697338,2025-09-12T17:15:38Z,CPA383,"25.687571,109.913605",32100,511,305
1757697372,2025-09-12T17:16:12Z,CPA383,"25.733936,109.840065",32100,512,305
1757697402,2025-09-12T17:16:42Z,CPA383,"25.77453,109.775551",32100,515,305
1757697442,2025-09-12T17:17:22Z,CPA383,"25.82629,109.685966",32100,518,299
1757697472,2025-09-12T17:17:52Z,CPA383,"25.85742,109.614433",32100,518,293
1757697502,2025-09-12T17:18:22Z,CPA383,"25.879551,109.549431",32100,517,289
1757697544,2025-09-12T17:19:04Z,CPA383,"25.910431,109.433311",32100,518,287
1757697584,2025-09-12T17:19:44Z,CPA383,"25.936979,109.334641",32100,518,287
1757697618,2025-09-12T17:20:18Z,CPA383,"25.960831,109.244781",32100,517,286
1757697653,2025-09-12T17:20:53Z,CPA383,"25.98399,109.156631",32100,515,286
1757697688,2025-09-12T17:21:28Z,CPA383,"26.007521,109.067039",32100,514,286
1757697717,2025-09-12T17:21:57Z,CPA383,"26.026566,108.994431",32100,512,286
1757697752,2025-09-12T17:22:32Z,CPA383,"26.049793,108.905624",32100,513,287
1757697786,2025-09-12T17:23:06Z,CPA383,"26.072371,108.818893",32100,515,286
1757697820,2025-09-12T17:23:40Z,CPA383,"26.094955,108.731895",32100,516,286
1757697850,2025-09-12T17:24:10Z,CPA383,"26.114269,108.659142",32100,517,287
1757697919,2025-09-12T17:25:19Z,CPA383,"26.161798,108.48101",32100,516,287
1757697948,2025-09-12T17:25:48Z,CPA383,"26.185364,108.408318",32100,517,293
1757697977,2025-09-12T17:26:17Z,CPA383,"26.21501,108.338882",32100,518,296
1757698011,2025-09-12T17:26:51Z,CPA383,"26.250275,108.257668",32100,518,295
1757698046,2025-09-12T17:27:26Z,CPA383,"26.286699,108.172501",32100,516,295
1757698076,2025-09-12T17:27:56Z,CPA383,"26.317291,108.101479",32100,516,295
1757698110,2025-09-12T17:28:30Z,CPA383,"26.352539,108.019653",32100,514,295
1757698145,2025-09-12T17:29:05Z,CPA383,"26.388062,107.936836",32100,513,296
1757698180,2025-09-12T17:29:40Z,CPA383,"26.424168,107.852676",32100,514,295
1757698215,2025-09-12T17:30:15Z,CPA383,"26.458691,107.771889",32100,515,295
1757698252,2025-09-12T17:30:52Z,CPA383,"26.49683,107.682602",32100,514,295
1757698285,2025-09-12T17:31:25Z,CPA383,"26.531139,107.601997",32100,512,296
1757698323,2025-09-12T17:32:03Z,CPA383,"26.56992,107.51062",32100,513,296
1757698353,2025-09-12T17:32:33Z,CPA383,"26.600227,107.43911",32100,515,295
1757698393,2025-09-12T17:33:13Z,CPA383,"26.640867,107.343079",32100,515,295
1757698428,2025-09-12T17:33:48Z,CPA383,"26.676544,107.258591",32100,515,295
1757698457,2025-09-12T17:34:17Z,CPA383,"26.706087,107.188797",32100,512,295
1757698492,2025-09-12T17:34:52Z,CPA383,"26.741095,107.106033",32100,504,295
1757698522,2025-09-12T17:35:22Z,CPA383,"26.771214,107.035255",32100,502,296
1757698556,2025-09-12T17:35:56Z,CPA383,"26.805151,106.956184",32100,499,297
1757698591,2025-09-12T17:36:31Z,CPA383,"26.84642,106.879044",32100,498,305
1757698626,2025-09-12T17:37:06Z,CPA383,"26.895905,106.807472",32100,500,311
1757698661,2025-09-12T17:37:41Z,CPA383,"26.95249,106.742584",32100,501,318
1757698691,2025-09-12T17:38:11Z,CPA383,"27.005219,106.691132",32100,500,319
1757698726,2025-09-12T17:38:46Z,CPA383,"27.065781,106.631332",32100,499,319
1757698761,2025-09-12T17:39:21Z,CPA383,"27.126526,106.57148",32100,500,319
1757698791,2025-09-12T17:39:51Z,CPA383,"27.178802,106.52002",32100,501,319
1757698826,2025-09-12T17:40:26Z,CPA383,"27.24028,106.459488",32100,504,319
1757698867,2025-09-12T17:41:07Z,CPA383,"27.312378,106.388855",32100,507,319
1757698897,2025-09-12T17:41:37Z,CPA383,"27.365753,106.337135",32100,508,319
1757698926,2025-09-12T17:42:06Z,CPA383,"27.417871,106.286545",32100,508,319
1757698961,2025-09-12T17:42:41Z,CPA383,"27.479321,106.226547",32100,506,319
1757699008,2025-09-12T17:43:28Z,CPA383,"27.56374,106.144096",32100,506,319
1757699042,2025-09-12T17:44:02Z,CPA383,"27.643112,106.066315",32100,507,318
1757699077,2025-09-12T17:44:37Z,CPA383,"27.693192,106.014542",32100,506,313
1757699111,2025-09-12T17:45:11Z,CPA383,"27.753342,105.935562",32100,507,306
1757699142,2025-09-12T17:45:42Z,CPA383,"27.794632,105.866692",32100,508,301
1757699178,2025-09-12T17:46:18Z,CPA383,"27.832512,105.786087",32100,511,294
1757699209,2025-09-12T17:46:49Z,CPA383,"27.860596,105.705833",32100,513,288
1757699252,2025-09-12T17:47:32Z,CPA383,"27.884884,105.623932",32100,511,292
1757699275,2025-09-12T17:47:55Z,CPA383,"27.906919,105.567833",32100,512,293
1757699290,2025-09-12T17:48:10Z,CPA383,"27.918457,105.530525",32100,511,285
1757699295,2025-09-12T17:48:15Z,CPA383,"27.921295,105.517822",32100,511,283
1757699300,2025-09-12T17:48:20Z,CPA383,"27.923809,105.504463",32100,512,281
1757699305,2025-09-12T17:48:25Z,CPA383,"27.925961,105.491188",32100,512,281
1757699310,2025-09-12T17:48:30Z,CPA383,"27.92798,105.478081",32100,513,280
1757699345,2025-09-12T17:49:05Z,CPA383,"27.943167,105.386353",32100,513,282
1757699375,2025-09-12T17:49:35Z,CPA383,"27.964581,105.309128",32100,513,292
1757699408,2025-09-12T17:50:08Z,CPA383,"27.998569,105.233551",32100,512,302
1757699436,2025-09-12T17:50:36Z,CPA383,"28.038437,105.169159",32100,511,308
1757699451,2025-09-12T17:50:51Z,CPA383,"28.061319,105.139381",32100,512,314
1757699465,2025-09-12T17:51:05Z,CPA383,"28.08357,105.11412",32100,512,317
1757699503,2025-09-12T17:51:43Z,CPA383,"28.15654,105.050056",32100,513,328
1757699532,2025-09-12T17:52:12Z,CPA383,"28.215401,105.00959",32100,514,328
1757699566,2025-09-12T17:52:46Z,CPA383,"28.281784,104.962585",32100,513,327
1757699595,2025-09-12T17:53:15Z,CPA383,"28.340019,104.921432",32100,513,330
1757699613,2025-09-12T17:53:33Z,CPA383,"28.38126,104.899422",32100,515,342
1757699618,2025-09-12T17:53:38Z,CPA383,"28.390411,104.896248",32100,515,344
1757699622,2025-09-12T17:53:42Z,CPA383,"28.401169,104.893181",32100,515,347
1757699627,2025-09-12T17:53:47Z,CPA383,"28.41004,104.891212",32100,517,349
1757699633,2025-09-12T17:53:53Z,CPA383,"28.425589,104.888412",32100,517,351
1757699637,2025-09-12T17:53:57Z,CPA383,"28.435131,104.886902",32100,519,352
1757699665,2025-09-12T17:54:25Z,CPA383,"28.503889,104.874413",32100,519,349
1757699703,2025-09-12T17:55:03Z,CPA383,"28.59366,104.856003",32100,517,350
1757699731,2025-09-12T17:55:31Z,CPA383,"28.657101,104.843224",32100,514,351
1757699778,2025-09-12T17:56:18Z,CPA383,"28.769842,104.820984",32100,514,350
1757699813,2025-09-12T17:56:53Z,CPA383,"28.852711,104.80455",32100,516,351
1757699841,2025-09-12T17:57:21Z,CPA383,"28.917925,104.79158",32100,513,349
1757699875,2025-09-12T17:57:55Z,CPA383,"28.998461,104.775322",32100,512,350
1757699913,2025-09-12T17:58:33Z,CPA383,"29.086817,104.757492",32100,508,350
1757699940,2025-09-12T17:59:00Z,CPA383,"29.14851,104.744972",32100,507,350
1757699955,2025-09-12T17:59:15Z,CPA383,"29.180759,104.738426",32100,507,350
1757700007,2025-09-12T18:00:07Z,CPA383,"29.30484,104.71328",32100,507,349
1757700036,2025-09-12T18:00:36Z,CPA383,"29.37117,104.69976",32100,509,350
1757700065,2025-09-12T18:01:05Z,CPA383,"29.436749,104.686462",32100,509,350
1757700118,2025-09-12T18:01:58Z,CPA383,"29.562698,104.660835",32100,510,350
1757700152,2025-09-12T18:02:32Z,CPA383,"29.641342,104.644669",32100,511,349
1757700186,2025-09-12T18:03:06Z,CPA383,"29.721136,104.628403",32100,512,350
1757700220,2025-09-12T18:03:40Z,CPA383,"29.80014,104.612251",32100,511,350
1757700262,2025-09-12T18:04:22Z,CPA383,"29.89769,104.59227",32100,511,349
1757700297,2025-09-12T18:04:57Z,CPA383,"29.977873,104.575729",32100,513,350
1757700347,2025-09-12T18:05:47Z,CPA383,"30.123814,104.545677",32100,511,349
1757700378,2025-09-12T18:06:18Z,CPA383,"30.195877,104.530792",32100,510,349
1757700412,2025-09-12T18:06:52Z,CPA383,"30.274704,104.51445",32100,513,349
1757700443,2025-09-12T18:07:23Z,CPA383,"30.347357,104.499428",32100,515,349
1757700475,2025-09-12T18:07:55Z,CPA383,"30.423248,104.483643",32100,518,349
1757700507,2025-09-12T18:08:27Z,CPA383,"30.499769,104.467789",32100,518,349
1757700536,2025-09-12T18:08:56Z,CPA383,"30.540573,104.459297",32100,518,350
1757700571,2025-09-12T18:09:31Z,CPA383,"30.622948,104.442131",32100,518,350
1757700590,2025-09-12T18:09:50Z,CPA383,"30.665634,104.433235",32100,518,350
1757700648,2025-09-12T18:10:48Z,CPA383,"30.802917,104.404587",32100,518,350
1757700682,2025-09-12T18:11:22Z,CPA383,"30.886734,104.3908",32100,519,355
1757700717,2025-09-12T18:11:57Z,CPA383,"30.995773,104.387299",32100,522,358
1757700747,2025-09-12T18:12:27Z,CPA383,"31.070082,104.385117",32100,523,358
1757700780,2025-09-12T18:13:00Z,CPA383,"31.148987,104.382828",32100,523,358
1757700810,2025-09-12T18:13:30Z,CPA383,"31.222183,104.380836",32100,522,358
1757700842,2025-09-12T18:14:02Z,CPA383,"31.300049,104.37841",32100,517,357
1757700873,2025-09-12T18:14:33Z,CPA383,"31.374069,104.373512",32100,513,356
1757700906,2025-09-12T18:15:06Z,CPA383,"31.450928,104.368446",32100,511,356
1757700940,2025-09-12T18:15:40Z,CPA383,"31.532484,104.363632",32100,509,357
1757700973,2025-09-12T18:16:13Z,CPA383,"31.608877,104.359184",32100,511,357
1757701003,2025-09-12T18:16:43Z,CPA383,"31.680288,104.355064",32100,511,357
1757701034,2025-09-12T18:17:14Z,CPA383,"31.754608,104.350677",32100,510,357
1757701067,2025-09-12T18:17:47Z,CPA383,"31.830002,104.346443",32100,511,357
1757701098,2025-09-12T18:18:18Z,CPA383,"31.90416,104.342758",32100,514,357
1757701129,2025-09-12T18:18:49Z,CPA383,"31.980364,104.339005",32100,512,357
1757701161,2025-09-12T18:19:21Z,CPA383,"32.054993,104.335129",32100,510,357
1757701193,2025-09-12T18:19:53Z,CPA383,"32.130569,104.331284",32100,510,357
1757701225,2025-09-12T18:20:25Z,CPA383,"32.207443,104.327293",32100,510,357
1757701257,2025-09-12T18:20:57Z,CPA383,"32.281185,104.323479",32100,510,357
1757701289,2025-09-12T18:21:29Z,CPA383,"32.356972,104.319557",32100,510,357
1757701322,2025-09-12T18:22:02Z,CPA383,"32.434799,104.315514",32100,510,357
1757701353,2025-09-12T18:22:33Z,CPA383,"32.507492,104.311996",32100,510,357
1757701384,2025-09-12T18:23:04Z,CPA383,"32.58046,104.308594",32100,513,357
1757701418,2025-09-12T18:23:38Z,CPA383,"32.636307,104.305901",32100,513,358
1757701451,2025-09-12T18:24:11Z,CPA383,"32.707214,104.302498",32100,511,357
1757701493,2025-09-12T18:24:53Z,CPA383,"32.813927,104.297363",32100,509,358
1757701527,2025-09-12T18:25:27Z,CPA383,"32.890366,104.293655",32100,507,357
1757701555,2025-09-12T18:25:55Z,CPA383,"32.959717,104.290298",32100,507,358
1757701598,2025-09-12T18:26:38Z,CPA383,"33.060467,104.285423",32100,509,358
1757701633,2025-09-12T18:27:13Z,CPA383,"33.140625,104.28157",32100,507,357
1757701665,2025-09-12T18:27:45Z,CPA383,"33.218559,104.277069",32100,505,355
1757701700,2025-09-12T18:28:20Z,CPA383,"33.296394,104.263557",32100,502,349
1757701736,2025-09-12T18:28:56Z,CPA383,"33.376785,104.2379",32100,498,343
1757701746,2025-09-12T18:29:06Z,CPA383,"33.392338,104.231552",32100,498,340
1757702061,2025-09-12T18:34:21Z,CPA383,"34.119461,104.112053",32225,517,19
1757702112,2025-09-12T18:35:12Z,CPA383,"34.238937,104.112053",32600,520,359
1757702116,2025-09-12T18:35:16Z,CPA383,"34.250702,104.112053",32625,520,359
1757702121,2025-09-12T18:35:21Z,CPA383,"34.25528,104.112053",32650,520,359
1757702126,2025-09-12T18:35:26Z,CPA383,"34.27858,104.112053",32750,520,359
1757702131,2025-09-12T18:35:31Z,CPA383,"34.290298,104.112053",32800,520,359
1757702447,2025-09-12T18:40:47Z,CPA383,"35.041855,104.112106",34100,509,349
1757702501,2025-09-12T18:41:41Z,CPA383,"35.168335,104.112106",34100,509,359
1757702531,2025-09-12T18:42:11Z,CPA383,"35.237064,104.112053",34100,512,359
1757702805,2025-09-12T18:46:45Z,CPA383,"35.88739,104.107246",34100,502,354
1757702825,2025-09-12T18:47:05Z,CPA383,"35.929779,104.102097",34100,502,354
1757702882,2025-09-12T18:48:02Z,CPA383,"36.064438,104.087807",34100,498,355
1757702922,2025-09-12T18:48:42Z,CPA383,"36.15638,104.077751",34100,494,354
1757702951,2025-09-12T18:49:11Z,CPA383,"36.219772,104.07074",34100,492,354
1757702981,2025-09-12T18:49:41Z,CPA383,"36.29026,104.063026",34100,489,355
1757703018,2025-09-12T18:50:18Z,CPA383,"36.372711,104.052826",34100,484,351
1757703053,2025-09-12T18:50:53Z,CPA383,"36.449844,104.02948",34100,476,341
1757703078,2025-09-12T18:51:18Z,CPA383,"36.500336,104.00528",34100,470,335
1757703108,2025-09-12T18:51:48Z,CPA383,"36.558014,103.968201",34100,467,329
1757703146,2025-09-12T18:52:26Z,CPA383,"36.622055,103.912292",34100,459,320
1757703180,2025-09-12T18:53:00Z,CPA383,"36.676552,103.847916",34100,451,312
1757703205,2025-09-12T18:53:25Z,CPA383,"36.709167,103.798889",34100,445,306
1757703257,2025-09-12T18:54:17Z,CPA383,"36.7644,103.685516",34100,442,298
1757703291,2025-09-12T18:54:51Z,CPA383,"36.797699,103.608284",34100,441,298
1757703326,2025-09-12T18:55:26Z,CPA383,"36.831665,103.530014",34100,441,298
1757703361,2025-09-12T18:56:01Z,CPA383,"36.865082,103.452293",34100,440,299
1757703395,2025-09-12T18:56:35Z,CPA383,"36.896511,103.378838",34100,440,298
1757703544,2025-09-12T18:59:04Z,CPA383,"37.054779,103.05024",34100,439,302
1757703703,2025-09-12T19:01:43Z,CPA383,"37.225708,102.70797",34100,437,301
1757703738,2025-09-12T19:02:18Z,CPA383,"37.263901,102.630997",34100,437,301
1757703773,2025-09-12T19:02:53Z,CPA383,"37.300774,102.556534",34100,437,301
1757703801,2025-09-12T19:03:21Z,CPA383,"37.330353,102.495369",34100,433,299
1757703835,2025-09-12T19:03:55Z,CPA383,"37.35878,102.417999",34100,430,290
1757703870,2025-09-12T19:04:30Z,CPA383,"37.379074,102.334839",34100,430,283
1757703880,2025-09-12T19:04:40Z,CPA383,"37.383308,102.312149",34100,430,283
1757704033,2025-09-12T19:07:13Z,CPA383,"37.456467,101.938049",34100,428,283
1757704067,2025-09-12T19:07:47Z,CPA383,"37.472038,101.856819",34100,430,283
1757704101,2025-09-12T19:08:21Z,CPA383,"37.488144,101.772842",34100,430,283
1757704136,2025-09-12T19:08:56Z,CPA383,"37.508629,101.687546",34100,433,291
1757704166,2025-09-12T19:09:26Z,CPA383,"37.533253,101.619179",34100,437,297
1757704201,2025-09-12T19:10:01Z,CPA383,"37.567238,101.540604",34100,435,298
1757704236,2025-09-12T19:10:36Z,CPA383,"37.60025,101.462364",34100,433,298
1757704266,2025-09-12T19:11:06Z,CPA383,"37.628769,101.394928",34100,432,297
1757704301,2025-09-12T19:11:41Z,CPA383,"37.661362,101.318024",34100,430,298
1757704335,2025-09-12T19:12:15Z,CPA383,"37.692078,101.245445",34100,430,297
1757704370,2025-09-12T19:12:50Z,CPA383,"37.725048,101.167244",34100,430,297
1757704438,2025-09-12T19:13:58Z,CPA383,"37.78957,101.013733",34100,430,297
1757704478,2025-09-12T19:14:38Z,CPA383,"37.825836,100.927101",34100,428,297
1757704513,2025-09-12T19:15:13Z,CPA383,"37.859573,100.848999",34100,428,299
1757704542,2025-09-12T19:15:42Z,CPA383,"37.888309,100.786125",34100,428,299
1757704577,2025-09-12T19:16:17Z,CPA383,"37.922424,100.710213",34100,428,299
1757704610,2025-09-12T19:16:50Z,CPA383,"37.95446,100.638107",34100,430,299
1757704645,2025-09-12T19:17:25Z,CPA383,"37.988533,100.561142",34100,430,299
1757704675,2025-09-12T19:17:55Z,CPA383,"38.015953,100.49929",34125,428,299
1757704798,2025-09-12T19:19:58Z,CPA383,"38.136292,100.225876",34100,426,298
1757704828,2025-09-12T19:20:28Z,CPA383,"38.164734,100.160805",34100,424,298
1757704863,2025-09-12T19:21:03Z,CPA383,"38.198578,100.08342",34100,424,298
1757704898,2025-09-12T19:21:38Z,CPA383,"38.231735,100.007202",34100,422,298
1757704927,2025-09-12T19:22:07Z,CPA383,"38.258881,99.944733",34100,424,299
1757704961,2025-09-12T19:22:41Z,CPA383,"38.290695,99.871391",34100,424,299
1757704995,2025-09-12T19:23:15Z,CPA383,"38.323105,99.796524",34100,424,299
1757705033,2025-09-12T19:23:53Z,CPA383,"38.358112,99.7155",34100,424,299
1757705067,2025-09-12T19:24:27Z,CPA383,"38.39093,99.639252",34100,425,299
1757705102,2025-09-12T19:25:02Z,CPA383,"38.424088,99.562103",34100,424,298
1757705137,2025-09-12T19:25:37Z,CPA383,"38.456406,99.486755",34100,420,298
1757705172,2025-09-12T19:26:12Z,CPA383,"38.488724,99.411041",34100,418,298
1757705208,2025-09-12T19:26:48Z,CPA383,"38.522964,99.330795",34100,418,298
1757705248,2025-09-12T19:27:28Z,CPA383,"38.559723,99.2444",34100,418,298
1757705281,2025-09-12T19:28:01Z,CPA383,"38.590027,99.172928",34100,420,298
1757705315,2025-09-12T19:28:35Z,CPA383,"38.621132,99.099426",34100,420,298
1757705345,2025-09-12T19:29:05Z,CPA383,"38.647842,99.036194",34100,420,298
1757705404,2025-09-12T19:30:04Z,CPA383,"38.703369,98.904297",34100,416,298
1757705439,2025-09-12T19:30:39Z,CPA383,"38.735001,98.828979",34100,416,298
1757705449,2025-09-12T19:30:49Z,CPA383,"38.744076,98.807251",34100,416,298
1757705494,2025-09-12T19:31:34Z,CPA383,"38.785263,98.708755",34100,416,298
1757705584,2025-09-12T19:33:04Z,CPA383,"38.866699,98.513206",34100,414,297
1757705619,2025-09-12T19:33:39Z,CPA383,"38.897644,98.438515",34100,414,297
1757705634,2025-09-12T19:33:54Z,CPA383,"38.90976,98.409241",34100,412,298
1757705670,2025-09-12T19:34:30Z,CPA383,"38.94318,98.328308",34100,410,297
1757706027,2025-09-12T19:40:27Z,CPA383,"39.256153,97.559937",34100,406,297
1757706051,2025-09-12T19:40:51Z,CPA383,"39.274017,97.515724",34100,404,297
1757706096,2025-09-12T19:41:36Z,CPA383,"39.312107,97.421265",34100,403,297
1757706157,2025-09-12T19:42:37Z,CPA383,"39.36713,97.284119",34100,401,298
1757706185,2025-09-12T19:43:05Z,CPA383,"39.391621,97.222672",34100,403,298
1757706215,2025-09-12T19:43:35Z,CPA383,"39.41494,97.164429",34100,402,298
1757706250,2025-09-12T19:44:10Z,CPA383,"39.44545,97.08773",34100,403,298
1757706285,2025-09-12T19:44:45Z,CPA383,"39.474468,97.014709",34100,404,298
1757706320,2025-09-12T19:45:20Z,CPA383,"39.507019,96.933411",34100,407,298
1757706355,2025-09-12T19:45:55Z,CPA383,"39.534389,96.865318",34100,408,298
1757706390,2025-09-12T19:46:30Z,CPA383,"39.56749,96.782272",34100,410,298
1757706433,2025-09-12T19:47:13Z,CPA383,"39.604408,96.689636",34100,409,298
1757706468,2025-09-12T19:47:48Z,CPA383,"39.634548,96.613708",34100,407,298
1757706503,2025-09-12T19:48:23Z,CPA383,"39.665112,96.536186",34100,406,297
1757706543,2025-09-12T19:49:03Z,CPA383,"39.698681,96.450768",34100,406,297
1757706578,2025-09-12T19:49:38Z,CPA383,"39.728901,96.373802",34100,406,297
1757706613,2025-09-12T19:50:13Z,CPA383,"39.75819,96.298691",34100,407,297
1757706648,2025-09-12T19:50:48Z,CPA383,"39.78841,96.221252",34100,409,297
1757706683,2025-09-12T19:51:23Z,CPA383,"39.817749,96.145897",34100,407,297
1757706712,2025-09-12T19:51:52Z,CPA383,"39.84251,96.08213",34100,408,297
1757706747,2025-09-12T19:52:27Z,CPA383,"39.872452,96.004692",34100,409,297
1757706776,2025-09-12T19:52:56Z,CPA383,"39.8974,95.940323",34100,409,297
1757706811,2025-09-12T19:53:31Z,CPA383,"39.926361,95.865143",34100,406,297
1757706846,2025-09-12T19:54:06Z,CPA383,"39.95517,95.7901",34100,407,297
1757706880,2025-09-12T19:54:40Z,CPA383,"39.984741,95.713013",34100,407,297
1757706915,2025-09-12T19:55:15Z,CPA383,"40.014019,95.636612",34100,406,297
1757706950,2025-09-12T19:55:50Z,CPA383,"40.043442,95.559387",34100,405,297
1757706985,2025-09-12T19:56:25Z,CPA383,"40.072079,95.48407",34100,406,297
1757707020,2025-09-12T19:57:00Z,CPA383,"40.101082,95.407516",34100,408,297
1757707050,2025-09-12T19:57:30Z,CPA383,"40.126492,95.340599",34100,409,297
1757707085,2025-09-12T19:58:05Z,CPA383,"40.15604,95.262451",34100,408,297
1757707115,2025-09-12T19:58:35Z,CPA383,"40.18066,95.197083",34100,407,297
1757707150,2025-09-12T19:59:10Z,CPA383,"40.20982,95.119507",34100,407,297
1757707185,2025-09-12T19:59:45Z,CPA383,"40.239899,95.040588",34100,409,297
1757707220,2025-09-12T20:00:20Z,CPA383,"40.268551,94.965446",34100,408,297
1757707255,2025-09-12T20:00:55Z,CPA383,"40.298882,94.887848",34100,406,300
1757707290,2025-09-12T20:01:30Z,CPA383,"40.336029,94.816772",34100,411,309
1757707325,2025-09-12T20:02:05Z,CPA383,"40.378601,94.747864",34100,410,309
1757707360,2025-09-12T20:02:40Z,CPA383,"40.418751,94.680794",34100,409,308
1757707395,2025-09-12T20:03:15Z,CPA383,"40.459579,94.612923",34100,407,309
1757707415,2025-09-12T20:03:35Z,CPA383,"40.481739,94.576172",34100,407,309
1757707503,2025-09-12T20:05:03Z,CPA383,"40.58556,94.40332",34100,409,309
1757707533,2025-09-12T20:05:33Z,CPA383,"40.62067,94.344597",34100,410,309
1757707573,2025-09-12T20:06:13Z,CPA383,"40.668079,94.26519",34100,411,309
1757707612,2025-09-12T20:06:52Z,CPA383,"40.713379,94.189217",34100,409,308
1757707652,2025-09-12T20:07:32Z,CPA383,"40.75996,94.110779",34100,408,308
1757707682,2025-09-12T20:08:02Z,CPA383,"40.794331,94.052773",34100,409,308
1757707712,2025-09-12T20:08:32Z,CPA383,"40.829659,93.993027",34100,410,308
1757707752,2025-09-12T20:09:12Z,CPA383,"40.876369,93.913818",34100,410,308
1757707787,2025-09-12T20:09:47Z,CPA383,"40.917,93.844841",34100,409,308
1757707827,2025-09-12T20:10:27Z,CPA383,"40.965549,93.768188",34100,410,311
1757707861,2025-09-12T20:11:01Z,CPA383,"41.007912,93.704269",34100,409,311
1757707901,2025-09-12T20:11:41Z,CPA383,"41.057209,93.628052",34100,410,310
1757707931,2025-09-12T20:12:11Z,CPA383,"41.093674,93.571167",34100,409,310
1757707966,2025-09-12T20:12:46Z,CPA383,"41.136612,93.50415",34100,408,310
1757708006,2025-09-12T20:13:26Z,CPA383,"41.185181,93.428345",34100,407,310
1757708036,2025-09-12T20:13:56Z,CPA383,"41.222168,93.370361",34100,406,311
1757708071,2025-09-12T20:14:31Z,CPA383,"41.265625,93.30526",34100,410,317
1757708081,2025-09-12T20:14:41Z,CPA383,"41.279778,93.289093",34100,412,321
1757708111,2025-09-12T20:15:11Z,CPA383,"41.32439,93.241211",34100,412,321
1757708146,2025-09-12T20:15:46Z,CPA383,"41.376068,93.183647",34100,412,320
1757708181,2025-09-12T20:16:21Z,CPA383,"41.426373,93.127464",34100,411,320
1757708216,2025-09-12T20:16:56Z,CPA383,"41.476044,93.069916",34100,408,315
1757708246,2025-09-12T20:17:26Z,CPA383,"41.51413,93.012878",34100,406,309
1757708281,2025-09-12T20:18:01Z,CPA383,"41.555969,92.945358",34100,405,311
1757708290,2025-09-12T20:18:10Z,CPA383,"41.564896,92.93129",34100,405,311
1757708967,2025-09-12T20:29:27Z,CPA383,"42.391682,91.632942",34100,410,317
1757709007,2025-09-12T20:30:07Z,CPA383,"42.447189,91.561493",34100,413,317
1757709037,2025-09-12T20:30:37Z,CPA383,"42.490311,91.506126",34100,415,317
1757709073,2025-09-12T20:31:13Z,CPA383,"42.5392,91.443268",34100,414,317
1757709110,2025-09-12T20:31:50Z,CPA383,"42.590969,91.376472",34100,414,317
1757709146,2025-09-12T20:32:26Z,CPA383,"42.641479,91.311012",34100,413,317
1757709181,2025-09-12T20:33:01Z,CPA383,"42.690311,91.247704",34100,412,317
1757709216,2025-09-12T20:33:36Z,CPA383,"42.737789,91.186012",34100,413,317
1757709251,2025-09-12T20:34:11Z,CPA383,"42.785702,91.123611",34100,414,317
1757709286,2025-09-12T20:34:46Z,CPA383,"42.83469,91.059608",34100,416,317
1757709316,2025-09-12T20:35:16Z,CPA383,"42.876049,91.005447",34100,417,317
1757709351,2025-09-12T20:35:51Z,CPA383,"42.922901,90.93895",34100,414,310
1757709386,2025-09-12T20:36:26Z,CPA383,"42.961071,90.865433",34100,410,302
1757709421,2025-09-12T20:37:01Z,CPA383,"42.99559,90.788521",34100,409,303
1757709461,2025-09-12T20:37:41Z,CPA383,"43.03587,90.700768",34100,409,302
1757709491,2025-09-12T20:38:11Z,CPA383,"43.066551,90.633278",34100,409,302
1757709526,2025-09-12T20:38:46Z,CPA383,"43.100422,90.558189",34100,410,302
1757709561,2025-09-12T20:39:21Z,CPA383,"43.13612,90.478989",34100,412,302
1757709591,2025-09-12T20:39:51Z,CPA383,"43.165279,90.414009",34100,412,302
1757709626,2025-09-12T20:40:26Z,CPA383,"43.20026,90.336166",34100,412,302
1757709655,2025-09-12T20:40:55Z,CPA383,"43.22966,90.27047",34100,411,302
1757710519,2025-09-12T20:55:19Z,CPA383,"44.06691,88.367683",34100,401,301
1757710599,2025-09-12T20:56:39Z,CPA383,"44.143299,88.190002",34100,401,301
1757710693,2025-09-12T20:58:13Z,CPA383,"44.234821,87.984749",34100,405,308
1757710723,2025-09-12T20:58:43Z,CPA383,"44.269039,87.922798",34100,404,307
1757710763,2025-09-12T20:59:23Z,CPA383,"44.3139,87.839157",34100,402,307
1757710793,2025-09-12T20:59:53Z,CPA383,"44.346909,87.777618",34100,402,307
1757710823,2025-09-12T21:00:23Z,CPA383,"44.380779,87.714447",34100,403,307
1757710858,2025-09-12T21:00:58Z,CPA383,"44.420189,87.642563",34100,404,308
1757710898,2025-09-12T21:01:38Z,CPA383,"44.466061,87.559662",34100,403,308
1757710928,2025-09-12T21:02:08Z,CPA383,"44.499981,87.497864",34100,403,308
1757710968,2025-09-12T21:02:48Z,CPA383,"44.545139,87.415131",34100,402,308
1757711003,2025-09-12T21:03:23Z,CPA383,"44.584709,87.342506",34100,403,308
1757711038,2025-09-12T21:03:58Z,CPA383,"44.624882,87.2705",34100,404,310
1757711078,2025-09-12T21:04:38Z,CPA383,"44.672932,87.189461",34100,404,310
1757711113,2025-09-12T21:05:13Z,CPA383,"44.71376,87.119293",34100,403,309
1757711148,2025-09-12T21:05:48Z,CPA383,"44.755089,87.04763",34100,402,309
1757711178,2025-09-12T21:06:18Z,CPA383,"44.789791,86.987457",34100,401,310
1757711218,2025-09-12T21:06:58Z,CPA383,"44.83667,86.906242",34100,400,310
1757711248,2025-09-12T21:07:28Z,CPA383,"44.871731,86.845352",34100,399,309
1757711278,2025-09-12T21:07:58Z,CPA383,"44.906101,86.784821",34100,399,309
1757711318,2025-09-12T21:08:38Z,CPA383,"44.951771,86.702957",34100,399,309
1757711353,2025-09-12T21:09:13Z,CPA383,"44.991852,86.631218",34100,399,309
1757711388,2025-09-12T21:09:48Z,CPA383,"45.031399,86.560432",34100,399,309
1757711423,2025-09-12T21:10:23Z,CPA383,"45.071602,86.488258",34100,398,309
1757711453,2025-09-12T21:10:53Z,CPA383,"45.105671,86.426826",34100,399,308
1757711488,2025-09-12T21:11:28Z,CPA383,"45.145569,86.354828",34100,401,309
1757711523,2025-09-12T21:12:03Z,CPA383,"45.185371,86.282944",34100,402,309
1757711558,2025-09-12T21:12:38Z,CPA383,"45.225491,86.210243",34100,402,309
1757711593,2025-09-12T21:13:13Z,CPA383,"45.26569,86.13726",34100,401,308
1757711628,2025-09-12T21:13:48Z,CPA383,"45.305759,86.064148",34100,399,308
1757711663,2025-09-12T21:14:23Z,CPA383,"45.344971,85.992477",34100,399,308
1757711697,2025-09-12T21:14:57Z,CPA383,"45.38324,85.922241",34100,399,308
1757711732,2025-09-12T21:15:32Z,CPA383,"45.423111,85.849113",34100,399,308
1757711767,2025-09-12T21:16:07Z,CPA383,"45.462391,85.776932",34100,400,308
1757711802,2025-09-12T21:16:42Z,CPA383,"45.50235,85.703072",34100,400,308
1757711832,2025-09-12T21:17:12Z,CPA383,"45.535679,85.64138",34100,401,308
1757711867,2025-09-12T21:17:47Z,CPA383,"45.57555,85.567421",34100,401,308
1757711902,2025-09-12T21:18:22Z,CPA383,"45.61496,85.494087",34100,400,308
1757711942,2025-09-12T21:19:02Z,CPA383,"45.659969,85.410118",34100,400,308
1757711977,2025-09-12T21:19:37Z,CPA383,"45.699139,85.336967",34100,398,308
1757712007,2025-09-12T21:20:07Z,CPA383,"45.73238,85.274673",34100,398,308
1757712042,2025-09-12T21:20:42Z,CPA383,"45.771702,85.20105",34100,398,308
1757712077,2025-09-12T21:21:17Z,CPA383,"45.811249,85.127357",34100,399,308
1757712112,2025-09-12T21:21:52Z,CPA383,"45.8503,85.054283",34100,397,308
1757712147,2025-09-12T21:22:27Z,CPA383,"45.888908,84.98172",34100,398,308
1757712182,2025-09-12T21:23:02Z,CPA383,"45.927979,84.908096",34100,400,308
1757712222,2025-09-12T21:23:42Z,CPA383,"45.972939,84.823311",34100,400,308
1757712257,2025-09-12T21:24:17Z,CPA383,"46.011799,84.749741",34100,400,308
1757712292,2025-09-12T21:24:52Z,CPA383,"46.05101,84.67527",34100,401,308
1757712327,2025-09-12T21:25:27Z,CPA383,"46.090351,84.600357",34100,402,308
1757712357,2025-09-12T21:25:57Z,CPA383,"46.12381,84.536507",34100,402,307
1757712392,2025-09-12T21:26:32Z,CPA383,"46.162769,84.461952",34100,402,307
1757712427,2025-09-12T21:27:07Z,CPA383,"46.202259,84.38633",34100,403,307
1757712462,2025-09-12T21:27:42Z,CPA383,"46.24136,84.311089",34100,403,307
1757712497,2025-09-12T21:28:17Z,CPA383,"46.280979,84.23465",34100,404,307
1757712532,2025-09-12T21:28:52Z,CPA383,"46.319901,84.159393",34100,405,307
1757712572,2025-09-12T21:29:32Z,CPA383,"46.36404,84.07328",34100,402,307
1757712607,2025-09-12T21:30:07Z,CPA383,"46.402451,83.997978",34100,402,307
1757712637,2025-09-12T21:30:37Z,CPA383,"46.436371,83.931503",34100,401,307
1757712672,2025-09-12T21:31:12Z,CPA383,"46.4744,83.856651",34100,400,307
1757712707,2025-09-12T21:31:47Z,CPA383,"46.512341,83.781738",34100,402,307
1757712742,2025-09-12T21:32:22Z,CPA383,"46.551071,83.705307",34100,405,307
1757712777,2025-09-12T21:32:57Z,CPA383,"46.589668,83.628822",34100,406,307
1757712812,2025-09-12T21:33:32Z,CPA383,"46.628399,83.551781",34100,405,307
1757712845,2025-09-12T21:34:05Z,CPA383,"46.664841,83.479149",34100,405,306
1757712880,2025-09-12T21:34:40Z,CPA383,"46.703251,83.401611",34100,404,304
1757712915,2025-09-12T21:35:15Z,CPA383,"46.73827,83.320183",34100,404,302
1757712950,2025-09-12T21:35:50Z,CPA383,"46.7728,83.240593",34100,406,303
1757712985,2025-09-12T21:36:25Z,CPA383,"46.8083,83.158401",34100,408,303
1757713064,2025-09-12T21:37:44Z,CPA383,"46.88512,82.974663",34100,402,297
1757713075,2025-09-12T21:37:55Z,CPA383,"46.89304,82.950142",34100,402,294
1757713133,2025-09-12T21:38:53Z,CPA383,"46.924068,82.797157",34100,402,280
1757713168,2025-09-12T21:39:28Z,CPA383,"46.935749,82.702057",34100,401,281
1757713203,2025-09-12T21:40:03Z,CPA383,"46.946999,82.613029",34100,400,281
1757713240,2025-09-12T21:40:40Z,CPA383,"46.959179,82.512894",34100,400,280
1757713261,2025-09-12T21:41:01Z,CPA383,"46.965481,82.459999",34100,400,280
1757713390,2025-09-12T21:43:10Z,CPA383,"47.013199,82.113152",34000,408,298
1757713400,2025-09-12T21:43:20Z,CPA383,"47.019619,82.097099",34000,411,303
1757713453,2025-09-12T21:44:13Z,CPA383,"47.082409,81.969414",34000,415,306
1757713471,2025-09-12T21:44:31Z,CPA383,"47.101688,81.930191",34225,414,306
1757713531,2025-09-12T21:45:31Z,CPA383,"47.168781,81.800331",36375,383,309
1757713568,2025-09-12T21:46:08Z,CPA383,"47.20937,81.724548",36700,382,309
1757713605,2025-09-12T21:46:45Z,CPA383,"47.248764,81.617088",37000,368,279
1757713609,2025-09-12T21:46:49Z,CPA383,"47.249496,81.609398",37025,368,276
1757713613,2025-09-12T21:46:53Z,CPA383,"47.250195,81.599052",37050,368,275
1757713615,2025-09-12T21:46:55Z,CPA383,"47.250523,81.593414",37050,368,274
1757713619,2025-09-12T21:46:59Z,CPA383,"47.251053,81.584473",37075,368,274
1757713651,2025-09-12T21:47:31Z,CPA383,"47.257782,81.503273",37375,310,278
1757713668,2025-09-12T21:47:48Z,CPA383,"47.261833,81.463127",37425,370,278
1757713726,2025-09-12T21:48:46Z,CPA383,"47.27552,81.315445",37700,373,277
1757713750,2025-09-12T21:49:10Z,CPA383,"47.278198,81.284958",37800,373,278
1757713792,2025-09-12T21:49:52Z,CPA383,"47.290043,81.149811",37925,378,277
1757713822,2025-09-12T21:50:22Z,CPA383,"47.2967,81.072975",38000,381,277
1757713854,2025-09-12T21:50:54Z,CPA383,"47.303879,80.990112",38000,385,277
1757713885,2025-09-12T21:51:25Z,CPA383,"47.310837,80.910736",38000,388,277
1757713916,2025-09-12T21:51:56Z,CPA383,"47.317978,80.827721",38000,390,277
1757713947,2025-09-12T21:52:27Z,CPA383,"47.324844,80.747726",38000,388,277
1757713978,2025-09-12T21:52:58Z,CPA383,"47.331757,80.666359",38000,385,277
1757714009,2025-09-12T21:53:29Z,CPA383,"47.338551,80.585564",38000,384,276
1757714040,2025-09-12T21:54:00Z,CPA383,"47.345348,80.503799",38000,384,276
1757714068,2025-09-12T21:54:28Z,CPA383,"47.348919,80.460159",38000,384,277
1757714102,2025-09-12T21:55:02Z,CPA383,"47.356098,80.373161",38000,386,277
1757714125,2025-09-12T21:55:25Z,CPA383,"47.360958,80.312943",38000,387,277
1757714167,2025-09-12T21:56:07Z,CPA383,"47.369511,80.207031",38000,390,277
1757714338,2025-09-12T21:58:58Z,CPA383,"47.405312,79.749901",38000,395,277
1757714366,2025-09-12T21:59:26Z,CPA383,"47.411091,79.673332",38000,396,277
1757714425,2025-09-12T22:00:25Z,CPA383,"47.422852,79.515747",38000,396,277
1757714485,2025-09-12T22:01:25Z,CPA383,"47.436638,79.327278",38000,394,276
1757714517,2025-09-12T22:01:57Z,CPA383,"47.442902,79.240128",38000,394,276
1757715190,2025-09-12T22:13:10Z,CPA383,"47.556694,77.4515",38000,396,274
1757715220,2025-09-12T22:13:40Z,CPA383,"47.561306,77.36882",38000,397,274
1757715251,2025-09-12T22:14:11Z,CPA383,"47.565865,77.284943",38000,397,274
1757715284,2025-09-12T22:14:44Z,CPA383,"47.570663,77.196739",38000,397,274
1757715317,2025-09-12T22:15:17Z,CPA383,"47.575333,77.107956",38000,396,274
1757715348,2025-09-12T22:15:48Z,CPA383,"47.579819,77.022743",38000,396,274
1757715381,2025-09-12T22:16:21Z,CPA383,"47.584347,76.934227",38000,396,274
1757715412,2025-09-12T22:16:52Z,CPA383,"47.588654,76.850258",38000,396,274
1757715445,2025-09-12T22:17:25Z,CPA383,"47.593048,76.76223",38000,396,274
1757715476,2025-09-12T22:17:56Z,CPA383,"47.597214,76.677704",38000,397,274
1757715507,2025-09-12T22:18:27Z,CPA383,"47.601246,76.594711",38000,397,274
1757715540,2025-09-12T22:19:00Z,CPA383,"47.605499,76.505424",38000,396,274
1757715572,2025-09-12T22:19:32Z,CPA383,"47.609673,76.416458",38000,396,273
1757715603,2025-09-12T22:20:03Z,CPA383,"47.613098,76.342964",38000,395,273
1757715636,2025-09-12T22:20:36Z,CPA383,"47.617584,76.244766",38000,394,273
1757715679,2025-09-12T22:21:19Z,CPA383,"47.622147,76.142296",38000,394,273
1757715710,2025-09-12T22:21:50Z,CPA383,"47.62619,76.04908",38000,395,273
1757715742,2025-09-12T22:22:22Z,CPA383,"47.630062,75.959892",38000,397,273
1757715775,2025-09-12T22:22:55Z,CPA383,"47.633698,75.873024",38000,398,273
1757715808,2025-09-12T22:23:28Z,CPA383,"47.637543,75.780533",38000,399,273
1757715839,2025-09-12T22:23:59Z,CPA383,"47.640957,75.696434",38000,400,273
1757715870,2025-09-12T22:24:30Z,CPA383,"47.644409,75.609901",38000,401,273
1757715901,2025-09-12T22:25:01Z,CPA383,"47.647797,75.524208",38000,402,273
1757715934,2025-09-12T22:25:34Z,CPA383,"47.65115,75.435089",38000,403,273
1757715967,2025-09-12T22:26:07Z,CPA383,"47.654594,75.344101",38000,404,273
1757715997,2025-09-12T22:26:37Z,CPA383,"47.657669,75.260361",38000,405,273
1757716028,2025-09-12T22:27:08Z,CPA383,"47.660786,75.173882",38000,406,272
1757716059,2025-09-12T22:27:39Z,CPA383,"47.663818,75.088669",38000,406,272
1757716090,2025-09-12T22:28:10Z,CPA383,"47.66684,75.000916",38000,406,272
1757716121,2025-09-12T22:28:41Z,CPA383,"47.669678,74.916939",38000,406,272
1757716153,2025-09-12T22:29:13Z,CPA383,"47.672607,74.828087",38000,407,272
1757716183,2025-09-12T22:29:43Z,CPA383,"47.675312,74.744072",38000,408,272
1757716216,2025-09-12T22:30:16Z,CPA383,"47.678196,74.652596",38000,409,272
1757716246,2025-09-12T22:30:46Z,CPA383,"47.680851,74.566673",38000,409,272
1757716279,2025-09-12T22:31:19Z,CPA383,"47.683598,74.475052",38000,410,272
1757716311,2025-09-12T22:31:51Z,CPA383,"47.686203,74.385185",38000,411,272
1757716343,2025-09-12T22:32:23Z,CPA383,"47.688766,74.295868",38000,412,272
1757716376,2025-09-12T22:32:56Z,CPA383,"47.691326,74.20208",38000,413,272
1757716406,2025-09-12T22:33:26Z,CPA383,"47.693573,74.116379",38000,413,272
1757716437,2025-09-12T22:33:57Z,CPA383,"47.695839,74.030952",38000,416,272
1757716468,2025-09-12T22:34:28Z,CPA383,"47.69812,73.941154",38000,415,272
1757716499,2025-09-12T22:34:59Z,CPA383,"47.700302,73.852844",38000,415,272
1757716531,2025-09-12T22:35:31Z,CPA383,"47.70245,73.762703",38000,414,271
1757716563,2025-09-12T22:36:03Z,CPA383,"47.704514,73.670265",38000,416,271
1757716596,2025-09-12T22:36:36Z,CPA383,"47.706573,73.57798",38000,416,271
1757716629,2025-09-12T22:37:09Z,CPA383,"47.708549,73.485718",38000,418,271
1757716659,2025-09-12T22:37:39Z,CPA383,"47.710365,73.396347",38000,419,271
1757716690,2025-09-12T22:38:10Z,CPA383,"47.712086,73.309868",38000,420,271
1757716721,2025-09-12T22:38:41Z,CPA383,"47.713806,73.220375",38000,420,271
1757716754,2025-09-12T22:39:14Z,CPA383,"47.71558,73.124084",38000,419,271
1757716786,2025-09-12T22:39:46Z,CPA383,"47.717102,73.032166",38000,418,271
1757716817,2025-09-12T22:40:17Z,CPA383,"47.718613,72.94297",38000,418,271
1757716848,2025-09-12T22:40:48Z,CPA383,"47.720047,72.853867",38000,418,271
1757716879,2025-09-12T22:41:19Z,CPA383,"47.721313,72.766228",38000,417,271
1757716911,2025-09-12T22:41:51Z,CPA383,"47.722607,72.676743",38000,417,271
1757716941,2025-09-12T22:42:21Z,CPA383,"47.72377,72.589836",38000,418,271
1757716972,2025-09-12T22:42:52Z,CPA383,"47.72493,72.501045",38000,420,270
1757717005,2025-09-12T22:43:25Z,CPA383,"47.726028,72.408073",38000,421,270
1757717038,2025-09-12T22:43:58Z,CPA383,"47.727123,72.311165",38000,421,270
1757717071,2025-09-12T22:44:31Z,CPA383,"47.7281,72.21553",38000,423,270
1757717102,2025-09-12T22:45:02Z,CPA383,"47.728958,72.124832",38000,424,270
1757717134,2025-09-12T22:45:34Z,CPA383,"47.729691,72.033234",38000,424,270
1757717167,2025-09-12T22:46:07Z,CPA383,"47.730469,71.936142",38000,424,270
1757717201,2025-09-12T22:46:41Z,CPA383,"47.731174,71.8377",38000,424,270
1757717233,2025-09-12T22:47:13Z,CPA383,"47.734726,71.744568",38000,424,274
1757717265,2025-09-12T22:47:45Z,CPA383,"47.738708,71.652283",38000,422,273
1757717316,2025-09-12T22:48:36Z,CPA383,"47.744659,71.50486",38000,421,273
1757717353,2025-09-12T22:49:13Z,CPA383,"47.746674,71.4543",38000,422,273
1757717517,2025-09-12T22:51:57Z,CPA383,"47.76646,70.924355",38000,423,272
1757717564,2025-09-12T22:52:44Z,CPA383,"47.77121,70.786674",38000,422,272
1757717601,2025-09-12T22:53:21Z,CPA383,"47.774734,70.681023",38000,422,272
1757717633,2025-09-12T22:53:53Z,CPA383,"47.777756,70.587845",38000,422,272
1757717665,2025-09-12T22:54:25Z,CPA383,"47.780659,70.496521",38000,423,272
1757717698,2025-09-12T22:54:58Z,CPA383,"47.783543,70.402573",38000,423,272
1757717707,2025-09-12T22:55:07Z,CPA383,"47.784428,70.374054",38000,424,272
1757718539,2025-09-12T23:08:59Z,CPA383,"47.741463,67.965088",38000,430,261
1757718571,2025-09-12T23:09:31Z,CPA383,"47.732208,67.870239",38000,431,261
1757718582,2025-09-12T23:09:42Z,CPA383,"47.729263,67.839592",38000,431,261
1757718635,2025-09-12T23:10:35Z,CPA383,"47.709667,67.681343",38000,433,256
1757718715,2025-09-12T23:11:55Z,CPA383,"47.675495,67.45253",38000,433,257
1757718785,2025-09-12T23:13:05Z,CPA383,"47.644775,67.249855",38000,433,257
1757718811,2025-09-12T23:13:31Z,CPA383,"47.633087,67.17337",38000,433,257
1757718975,2025-09-12T23:16:15Z,CPA383,"47.559769,66.701874",38000,430,256
1757719009,2025-09-12T23:16:49Z,CPA383,"47.543941,66.604965",38000,433,256
1757719023,2025-09-12T23:17:03Z,CPA383,"47.537468,66.566162",38000,433,256
1757719239,2025-09-12T23:20:39Z,CPA383,"47.43338,65.946877",38000,430,255
1757719316,2025-09-12T23:21:56Z,CPA383,"47.396648,65.729507",38000,432,256
1757719326,2025-09-12T23:22:06Z,CPA383,"47.392044,65.700851",38000,433,256
1757720502,2025-09-12T23:41:42Z,CPA383,"46.777634,62.320347",38000,446,253
1757720512,2025-09-12T23:41:52Z,CPA383,"46.772873,62.296368",38000,447,253
1757720634,2025-09-12T23:43:54Z,CPA383,"46.701717,61.941467",38000,448,253
1757720664,2025-09-12T23:44:24Z,CPA383,"46.683517,61.851486",38000,449,253
1757720695,2025-09-12T23:44:55Z,CPA383,"46.665573,61.763462",38000,450,253
1757720726,2025-09-12T23:45:26Z,CPA383,"46.647217,61.673561",38000,450,253
1757720760,2025-09-12T23:46:00Z,CPA383,"46.626617,61.573746",38000,450,253
1757720793,2025-09-12T23:46:33Z,CPA383,"46.606934,61.478153",38000,452,253
1757720824,2025-09-12T23:47:04Z,CPA383,"46.588131,61.387482",38000,452,253
1757720855,2025-09-12T23:47:35Z,CPA383,"46.569351,61.297413",38000,452,253
1757720887,2025-09-12T23:48:07Z,CPA383,"46.550747,61.208679",38000,780,253
1757720918,2025-09-12T23:48:38Z,CPA383,"46.53101,61.114815",38000,454,253
1757720950,2025-09-12T23:49:10Z,CPA383,"46.511353,61.021484",38000,456,252
1757720982,2025-09-12T23:49:42Z,CPA383,"46.492218,60.931583",38000,455,252
1757721014,2025-09-12T23:50:14Z,CPA383,"46.472027,60.836861",38000,455,252
1757721045,2025-09-12T23:50:45Z,CPA383,"46.452942,60.747696",38000,454,252
1757721077,2025-09-12T23:51:17Z,CPA383,"46.432224,60.651329",38000,456,252
1757721110,2025-09-12T23:51:50Z,CPA383,"46.412064,60.558048",38000,457,252
1757721145,2025-09-12T23:52:25Z,CPA383,"46.389999,60.45649",38000,459,252
1757721220,2025-09-12T23:53:40Z,CPA383,"46.341217,60.233505",38000,458,252
1757721251,2025-09-12T23:54:11Z,CPA383,"46.321564,60.144451",38000,459,252
1757721283,2025-09-12T23:54:43Z,CPA383,"46.300625,60.049828",38000,459,252
1757721316,2025-09-12T23:55:16Z,CPA383,"46.279312,59.953934",38000,462,252
1757721348,2025-09-12T23:55:48Z,CPA383,"46.258541,59.861137",38000,462,252
1757721380,2025-09-12T23:56:20Z,CPA383,"46.237839,59.768906",38000,461,252
1757721403,2025-09-12T23:56:43Z,CPA383,"46.222462,59.700462",38000,461,252
1757721480,2025-09-12T23:58:00Z,CPA383,"46.171326,59.476563",38000,462,251
1757721511,2025-09-12T23:58:31Z,CPA383,"46.149933,59.383507",38000,461,251
1757721542,2025-09-12T23:59:02Z,CPA383,"46.129452,59.29493",38000,461,251
1757721575,2025-09-12T23:59:35Z,CPA383,"46.107239,59.199093",38000,462,251
1757721608,2025-09-13T00:00:08Z,CPA383,"46.084991,59.103565",38000,462,251
1757721641,2025-09-13T00:00:41Z,CPA383,"46.062378,59.006565",38000,466,251
1757721671,2025-09-13T00:01:11Z,CPA383,"46.04142,58.917618",38000,469,251
1757721702,2025-09-13T00:01:42Z,CPA383,"46.019588,58.825264",38000,469,251
1757721735,2025-09-13T00:02:15Z,CPA383,"45.99715,58.730164",38000,467,251
1757721766,2025-09-13T00:02:46Z,CPA383,"45.975357,58.638523",38000,466,251
1757721799,2025-09-13T00:03:19Z,CPA383,"45.952225,58.541817",38000,465,251
1757721830,2025-09-13T00:03:50Z,CPA383,"45.930206,58.450081",38000,464,251
1757721863,2025-09-13T00:04:23Z,CPA383,"45.907303,58.35498",38000,462,251
1757721896,2025-09-13T00:04:56Z,CPA383,"45.884583,58.261234",38000,461,250
1757721928,2025-09-13T00:05:28Z,CPA383,"45.86224,58.169174",38000,459,250
1757721960,2025-09-13T00:06:00Z,CPA383,"45.839996,58.078083",38000,458,250
1757721991,2025-09-13T00:06:31Z,CPA383,"45.81797,57.987968",38000,457,250
1757722022,2025-09-13T00:07:02Z,CPA383,"45.796188,57.899422",38000,457,250
1757722053,2025-09-13T00:07:33Z,CPA383,"45.774719,57.812603",38000,456,250
1757722084,2025-09-13T00:08:04Z,CPA383,"45.753075,57.725395",38000,456,250
1757722116,2025-09-13T00:08:36Z,CPA383,"45.729996,57.632603",38000,457,250
1757722148,2025-09-13T00:09:08Z,CPA383,"45.707455,57.542267",38000,456,250
1757722180,2025-09-13T00:09:40Z,CPA383,"45.684505,57.450806",38000,458,250
1757722211,2025-09-13T00:10:11Z,CPA383,"45.662251,57.362915",38000,458,250
1757722242,2025-09-13T00:10:42Z,CPA383,"45.640419,57.27626",38000,456,250
1757722273,2025-09-13T00:11:13Z,CPA383,"45.617889,57.186985",38000,455,250
1757722304,2025-09-13T00:11:44Z,CPA383,"45.595688,57.100033",38000,453,250
1757722336,2025-09-13T00:12:16Z,CPA383,"45.572826,57.010597",38000,451,250
1757722367,2025-09-13T00:12:47Z,CPA383,"45.55101,56.925659",38000,449,249
1757722398,2025-09-13T00:13:18Z,CPA383,"45.528809,56.839664",38000,448,249
1757722429,2025-09-13T00:13:49Z,CPA383,"45.506721,56.75423",38000,449,249
1757722461,2025-09-13T00:14:21Z,CPA383,"45.483677,56.665604",38000,450,249
1757722494,2025-09-13T00:14:54Z,CPA383,"45.459641,56.573311",38000,448,249
1757722527,2025-09-13T00:15:27Z,CPA383,"45.436241,56.483727",38000,447,249
1757722558,2025-09-13T00:15:58Z,CPA383,"45.413383,56.396572",38000,447,249
1757722590,2025-09-13T00:16:30Z,CPA383,"45.390839,56.311012",38000,448,249
1757722621,2025-09-13T00:17:01Z,CPA383,"45.367622,56.223068",38000,448,249
1757722654,2025-09-13T00:17:34Z,CPA383,"45.344208,56.135044",38000,450,249
1757722684,2025-09-13T00:18:04Z,CPA383,"45.321945,56.05146",38000,447,249
1757722717,2025-09-13T00:18:37Z,CPA383,"45.297913,55.961479",38000,444,249
1757722748,2025-09-13T00:19:08Z,CPA383,"45.27507,55.876465",38000,443,249
1757722779,2025-09-13T00:19:39Z,CPA383,"45.252686,55.793346",38000,445,249
1757722811,2025-09-13T00:20:11Z,CPA383,"45.228989,55.705643",38000,446,249
1757722842,2025-09-13T00:20:42Z,CPA383,"45.206272,55.622036",38000,446,248
1757722875,2025-09-13T00:21:15Z,CPA383,"45.181458,55.530788",38000,442,248
1757722906,2025-09-13T00:21:46Z,CPA383,"45.158661,55.447475",38000,442,248
1757722939,2025-09-13T00:22:19Z,CPA383,"45.134445,55.359257",38000,441,248
1757722972,2025-09-13T00:22:52Z,CPA383,"45.107723,55.273556",38000,441,242
1757723002,2025-09-13T00:23:22Z,CPA383,"45.075928,55.198395",38000,443,236
1757723034,2025-09-13T00:23:54Z,CPA383,"45.035938,55.124504",38000,445,229
1757723066,2025-09-13T00:24:26Z,CPA383,"44.990223,55.057716",38000,448,222
1757723099,2025-09-13T00:24:59Z,CPA383,"44.940399,54.993961",38000,447,222
1757723129,2025-09-13T00:25:29Z,CPA383,"44.893814,54.933247",38000,447,222
1757723160,2025-09-13T00:26:00Z,CPA383,"44.846798,54.872219",38000,449,222
1757723191,2025-09-13T00:26:31Z,CPA383,"44.800198,54.812332",38000,450,222
1757723222,2025-09-13T00:27:02Z,CPA383,"44.751617,54.750172",38000,449,222
1757723253,2025-09-13T00:27:33Z,CPA383,"44.705044,54.690544",38000,447,222
1757723285,2025-09-13T00:28:05Z,CPA383,"44.658585,54.623352",38000,440,230
1757723316,2025-09-13T00:28:36Z,CPA383,"44.620743,54.552155",38000,437,235
1757723347,2025-09-13T00:29:07Z,CPA383,"44.584991,54.47924",38000,438,235
1757723378,2025-09-13T00:29:38Z,CPA383,"44.548782,54.407501",38000,440,234
1757723409,2025-09-13T00:30:09Z,CPA383,"44.512482,54.335438",38000,440,234
1757723440,2025-09-13T00:30:40Z,CPA383,"44.476986,54.264557",38000,442,234
1757723471,2025-09-13T00:31:11Z,CPA383,"44.44043,54.191895",38000,442,234
1757723502,2025-09-13T00:31:42Z,CPA383,"44.403854,54.119373",38000,442,234
1757723534,2025-09-13T00:32:14Z,CPA383,"44.366501,54.04528",38000,441,234
1757723567,2025-09-13T00:32:47Z,CPA383,"44.327785,53.968929",38000,441,234
1757723599,2025-09-13T00:33:19Z,CPA383,"44.289425,53.893501",38000,442,234
1757723630,2025-09-13T00:33:50Z,CPA383,"44.253616,53.8232",38000,441,234
1757723662,2025-09-13T00:34:22Z,CPA383,"44.21513,53.74773",38000,440,234
1757723695,2025-09-13T00:34:55Z,CPA383,"44.177002,53.673378",38000,438,234
1757723727,2025-09-13T00:35:27Z,CPA383,"44.138809,53.598972",38000,436,234
1757723759,2025-09-13T00:35:59Z,CPA383,"44.102192,53.527744",38000,433,234
1757723792,2025-09-13T00:36:32Z,CPA383,"44.063324,53.452343",38000,434,234
1757723823,2025-09-13T00:37:03Z,CPA383,"44.02684,53.381737",38000,435,234
1757723856,2025-09-13T00:37:36Z,CPA383,"43.987862,53.30658",38000,436,234
1757723889,2025-09-13T00:38:09Z,CPA383,"43.949455,53.23275",38000,434,234
1757723919,2025-09-13T00:38:39Z,CPA383,"43.913544,53.163799",38000,433,234
1757723952,2025-09-13T00:39:12Z,CPA383,"43.875595,53.091049",38000,431,234
1757723983,2025-09-13T00:39:43Z,CPA383,"43.839638,53.022503",38000,428,234
1757724014,2025-09-13T00:40:14Z,CPA383,"43.803467,52.953644",38000,426,234
1757724046,2025-09-13T00:40:46Z,CPA383,"43.76553,52.881447",38000,426,234
1757724077,2025-09-13T00:41:17Z,CPA383,"43.730705,52.815529",38000,427,233
1757724110,2025-09-13T00:41:50Z,CPA383,"43.691975,52.742157",38000,428,233
1757724142,2025-09-13T00:42:22Z,CPA383,"43.654541,52.671585",38000,427,233
1757724174,2025-09-13T00:42:54Z,CPA383,"43.616913,52.601006",38000,424,233
1757724206,2025-09-13T00:43:26Z,CPA383,"43.579876,52.53178",38000,424,233
1757724238,2025-09-13T00:43:58Z,CPA383,"43.542355,52.461811",38000,425,233
1757724271,2025-09-13T00:44:31Z,CPA383,"43.504696,52.39164",38000,426,233
1757724302,2025-09-13T00:45:02Z,CPA383,"43.468048,52.323601",38000,426,233
1757724335,2025-09-13T00:45:35Z,CPA383,"43.42984,52.252937",38000,428,233
1757724367,2025-09-13T00:46:07Z,CPA383,"43.391758,52.182442",38000,428,233
1757724397,2025-09-13T00:46:37Z,CPA383,"43.355961,52.116459",38000,428,233
1757724429,2025-09-13T00:47:09Z,CPA383,"43.317627,52.046005",38000,428,233
1757724462,2025-09-13T00:47:42Z,CPA383,"43.278824,51.974751",38000,427,233
1757724494,2025-09-13T00:48:14Z,CPA383,"43.241257,51.905952",38000,425,233
1757724527,2025-09-13T00:48:47Z,CPA383,"43.203003,51.836243",38000,423,233
1757724557,2025-09-13T00:49:17Z,CPA383,"43.167332,51.771046",38000,421,233
1757724590,2025-09-13T00:49:50Z,CPA383,"43.128616,51.700703",38000,419,233
1757724622,2025-09-13T00:50:22Z,CPA383,"43.091034,51.632473",38000,417,233
1757724654,2025-09-13T00:50:54Z,CPA383,"43.053726,51.564968",38000,417,233
1757724686,2025-09-13T00:51:26Z,CPA383,"43.016781,51.498219",38000,415,232
1757724719,2025-09-13T00:51:59Z,CPA383,"42.978973,51.430195",38000,413,232
1757724751,2025-09-13T00:52:31Z,CPA383,"42.941692,51.363178",38000,414,232
1757724783,2025-09-13T00:53:03Z,CPA383,"42.904541,51.296444",38000,414,232
1757724816,2025-09-13T00:53:36Z,CPA383,"42.86758,51.230358",38000,412,232
1757724847,2025-09-13T00:54:07Z,CPA383,"42.830757,51.164703",38000,408,232
1757724879,2025-09-13T00:54:39Z,CPA383,"42.794815,51.100658",38000,406,232
1757724912,2025-09-13T00:55:12Z,CPA383,"42.757858,51.034878",38000,406,232
1757724944,2025-09-13T00:55:44Z,CPA383,"42.720894,50.96928",38000,408,232
1757724974,2025-09-13T00:56:14Z,CPA383,"42.686634,50.90873",38000,408,232
1757725006,2025-09-13T00:56:46Z,CPA383,"42.649017,50.842293",38000,406,232
1757725039,2025-09-13T00:57:19Z,CPA383,"42.612011,50.777084",38000,405,232
1757725071,2025-09-13T00:57:51Z,CPA383,"42.575821,50.713329",38000,404,232
1757725104,2025-09-13T00:58:24Z,CPA383,"42.537899,50.646782",38000,405,232
1757725136,2025-09-13T00:58:56Z,CPA383,"42.501343,50.582802",38000,407,232
1757725166,2025-09-13T00:59:26Z,CPA383,"42.466629,50.522163",38000,408,232
1757725198,2025-09-13T00:59:58Z,CPA383,"42.429523,50.457523",38000,406,232
1757725230,2025-09-13T01:00:30Z,CPA383,"42.394913,50.393101",38000,399,235
1757725262,2025-09-13T01:01:02Z,CPA383,"42.360901,50.325809",38000,395,235
1757725293,2025-09-13T01:01:33Z,CPA383,"42.329018,50.263283",38000,394,235
1757725325,2025-09-13T01:02:05Z,CPA383,"42.296494,50.200092",38000,395,235
1757725356,2025-09-13T01:02:36Z,CPA383,"42.263992,50.137169",38000,395,235
1757725386,2025-09-13T01:03:06Z,CPA383,"42.232422,50.076065",38000,398,235
1757725418,2025-09-13T01:03:38Z,CPA383,"42.198669,50.010952",38000,398,234
1757725449,2025-09-13T01:04:09Z,CPA383,"42.165298,49.946781",38000,397,235
1757725482,2025-09-13T01:04:42Z,CPA383,"42.131638,49.881954",38000,399,235
1757725512,2025-09-13T01:05:12Z,CPA383,"42.099285,49.819931",38000,400,235
1757725544,2025-09-13T01:05:44Z,CPA383,"42.064926,49.754013",38000,401,234
1757725575,2025-09-13T01:06:15Z,CPA383,"42.032482,49.692184",38000,402,234
1757725607,2025-09-13T01:06:47Z,CPA383,"41.997242,49.625118",38000,404,234
1757725640,2025-09-13T01:07:20Z,CPA383,"41.962555,49.559013",38000,406,234
1757725671,2025-09-13T01:07:51Z,CPA383,"41.928017,49.493599",38000,405,234
1757725702,2025-09-13T01:08:22Z,CPA383,"41.894394,49.429611",38000,403,234
1757725734,2025-09-13T01:08:54Z,CPA383,"41.860649,49.366199",38000,404,234
1757725766,2025-09-13T01:09:26Z,CPA383,"41.825542,49.299847",38000,407,234
1757725798,2025-09-13T01:09:58Z,CPA383,"41.790607,49.23431",38000,406,234
1757725830,2025-09-13T01:10:30Z,CPA383,"41.755875,49.168945",38000,406,234
1757725862,2025-09-13T01:11:02Z,CPA383,"41.720921,49.103466",38000,406,234
1757725894,2025-09-13T01:11:34Z,CPA383,"41.686531,49.039288",38000,408,234
1757725926,2025-09-13T01:12:06Z,CPA383,"41.651131,48.973328",38000,410,234
1757725957,2025-09-13T01:12:37Z,CPA383,"41.616222,48.908253",38000,408,234
1757725989,2025-09-13T01:13:09Z,CPA383,"41.581329,48.843498",38000,407,234
1757726021,2025-09-13T01:13:41Z,CPA383,"41.546711,48.779331",38000,407,234
1757726053,2025-09-13T01:14:13Z,CPA383,"41.511745,48.714581",38000,407,234
1757726085,2025-09-13T01:14:45Z,CPA383,"41.476276,48.64922",38000,409,234
1757726117,2025-09-13T01:15:17Z,CPA383,"41.440613,48.583439",38000,412,234
1757726147,2025-09-13T01:15:47Z,CPA383,"41.406784,48.521404",38000,411,234
1757726179,2025-09-13T01:16:19Z,CPA383,"41.371464,48.456558",38000,410,234
1757726210,2025-09-13T01:16:50Z,CPA383,"41.336105,48.391808",38000,408,234
1757726242,2025-09-13T01:17:22Z,CPA383,"41.301208,48.327675",38000,410,234
1757726274,2025-09-13T01:17:54Z,CPA383,"41.266129,48.263752",38000,409,234
1757726305,2025-09-13T01:18:25Z,CPA383,"41.231091,48.199928",38000,408,234
1757726337,2025-09-13T01:18:57Z,CPA383,"41.198708,48.133472",38000,404,241
1757726368,2025-09-13T01:19:28Z,CPA383,"41.173943,48.062397",38000,403,248
1757726400,2025-09-13T01:20:00Z,CPA383,"41.155746,47.987194",38000,405,255
1757726432,2025-09-13T01:20:32Z,CPA383,"41.144802,47.909027",38000,406,263
1757726464,2025-09-13T01:21:04Z,CPA383,"41.141476,47.830265",38000,406,270
1757726496,2025-09-13T01:21:36Z,CPA383,"41.145935,47.750774",38000,410,277
1757726527,2025-09-13T01:22:07Z,CPA383,"41.157352,47.672905",38000,411,282
1757726559,2025-09-13T01:22:39Z,CPA383,"41.169388,47.594593",38000,410,281
1757726591,2025-09-13T01:23:11Z,CPA383,"41.181221,47.516594",38000,410,281
1757726622,2025-09-13T01:23:42Z,CPA383,"41.193249,47.43895",38000,412,281
1757726654,2025-09-13T01:24:14Z,CPA383,"41.205406,47.360809",38000,413,281
1757726686,2025-09-13T01:24:46Z,CPA383,"41.217522,47.281914",38000,414,281
1757726718,2025-09-13T01:25:18Z,CPA383,"41.22974,47.201771",38000,413,281
1757726749,2025-09-13T01:25:49Z,CPA383,"41.241627,47.123482",38000,412,281
1757726781,2025-09-13T01:26:21Z,CPA383,"41.253223,47.046421",38000,409,281
1757726812,2025-09-13T01:26:52Z,CPA383,"41.264809,46.968513",38000,408,281
1757726844,2025-09-13T01:27:24Z,CPA383,"41.276398,46.891388",38000,406,281
1757726875,2025-09-13T01:27:55Z,CPA383,"41.287506,46.815163",38000,406,281
1757726906,2025-09-13T01:28:26Z,CPA383,"41.29871,46.738068",38000,407,281
1757726938,2025-09-13T01:28:58Z,CPA383,"41.309685,46.660343",38000,408,280
1757726970,2025-09-13T01:29:30Z,CPA383,"41.320381,46.582581",38000,408,280
1757727001,2025-09-13T01:30:01Z,CPA383,"41.331074,46.506393",38000,408,280
1757727032,2025-09-13T01:30:32Z,CPA383,"41.341873,46.429375",38000,406,280
1757727063,2025-09-13T01:31:03Z,CPA383,"41.352554,46.35257",38000,406,280
1757727095,2025-09-13T01:31:35Z,CPA383,"41.363155,46.275814",38000,408,280
1757727126,2025-09-13T01:32:06Z,CPA383,"41.374031,46.197971",38000,408,280
1757727158,2025-09-13T01:32:38Z,CPA383,"41.384575,46.120972",38000,407,280
1757727189,2025-09-13T01:33:09Z,CPA383,"41.394821,46.044044",38000,408,280
1757727221,2025-09-13T01:33:41Z,CPA383,"41.405479,45.965256",38000,408,280
1757727253,2025-09-13T01:34:13Z,CPA383,"41.4161,45.886898",38000,406,280
1757727284,2025-09-13T01:34:44Z,CPA383,"41.42614,45.810463",38000,406,280
1757727315,2025-09-13T01:35:15Z,CPA383,"41.436283,45.734406",38000,406,280
1757727346,2025-09-13T01:35:46Z,CPA383,"41.44553,45.656582",38000,406,280
1757727377,2025-09-13T01:36:17Z,CPA383,"41.4557,45.579102",38000,404,279
1757727409,2025-09-13T01:36:49Z,CPA383,"41.465927,45.502636",38000,406,279
1757727441,2025-09-13T01:37:21Z,CPA383,"41.475704,45.423794",38000,406,279
1757727472,2025-09-13T01:37:52Z,CPA383,"41.485706,45.346443",38000,405,276
1757727504,2025-09-13T01:38:24Z,CPA383,"41.491554,45.267727",38000,406,276
1757727535,2025-09-13T01:38:55Z,CPA383,"41.498264,45.189526",38000,406,276
1757727567,2025-09-13T01:39:27Z,CPA383,"41.50441,45.112423",38000,404,276
1757727600,2025-09-13T01:40:00Z,CPA383,"41.510693,45.029793",38000,405,276
1757727631,2025-09-13T01:40:31Z,CPA383,"41.517498,44.951519",38000,406,276
1757727663,2025-09-13T01:41:03Z,CPA383,"41.523701,44.873676",38000,407,276
1757727694,2025-09-13T01:41:34Z,CPA383,"41.529949,44.794239",38000,408,275
1757727726,2025-09-13T01:42:06Z,CPA383,"41.535328,44.715958",38000,408,275
1757727757,2025-09-13T01:42:37Z,CPA383,"41.541405,44.637543",38000,408,275
1757727789,2025-09-13T01:43:09Z,CPA383,"41.547455,44.559399",38000,407,275
1757727820,2025-09-13T01:43:40Z,CPA383,"41.553284,44.481678",38000,408,275
1757727851,2025-09-13T01:44:11Z,CPA383,"41.5597,44.402729",38000,408,275
1757727883,2025-09-13T01:44:43Z,CPA383,"41.565186,44.324383",38000,406,275
1757727915,2025-09-13T01:45:15Z,CPA383,"41.571407,44.24548",38000,406,275
1757727946,2025-09-13T01:45:46Z,CPA383,"41.577377,44.168175",38000,407,276
1757727977,2025-09-13T01:46:17Z,CPA383,"41.583275,44.089439",38000,408,276
1757728008,2025-09-13T01:46:48Z,CPA383,"41.589481,44.011322",38000,409,275
1757728039,2025-09-13T01:47:19Z,CPA383,"41.595711,43.933994",38000,410,275
1757728071,2025-09-13T01:47:51Z,CPA383,"41.601349,43.855717",38000,410,275
1757728102,2025-09-13T01:48:22Z,CPA383,"41.607491,43.777813",38000,409,275
1757728133,2025-09-13T01:48:53Z,CPA383,"41.612995,43.699448",38000,407,275
1757728164,2025-09-13T01:49:24Z,CPA383,"41.619152,43.621304",38000,410,275
1757728195,2025-09-13T01:49:55Z,CPA383,"41.624535,43.543228",38000,413,275
1757728227,2025-09-13T01:50:27Z,CPA383,"41.630543,43.46368",38000,414,275
1757728258,2025-09-13T01:50:58Z,CPA383,"41.636219,43.383175",38000,415,275
1757728290,2025-09-13T01:51:30Z,CPA383,"41.642197,43.303177",38000,414,275
1757728321,2025-09-13T01:52:01Z,CPA383,"41.647839,43.224194",38000,414,275
1757728353,2025-09-13T01:52:33Z,CPA383,"41.653419,43.143177",38000,415,275
1757728383,2025-09-13T01:53:03Z,CPA383,"41.65863,43.065861",38000,416,275
1757728415,2025-09-13T01:53:35Z,CPA383,"41.664169,42.985298",38000,416,275
1757728446,2025-09-13T01:54:06Z,CPA383,"41.669502,42.905766",38000,416,273
1757728477,2025-09-13T01:54:37Z,CPA383,"41.669788,42.824539",38000,417,265
1757728509,2025-09-13T01:55:09Z,CPA383,"41.662525,42.74366",38000,420,263
1757728540,2025-09-13T01:55:40Z,CPA383,"41.656021,42.662621",38000,423,264
1757728572,2025-09-13T01:56:12Z,CPA383,"41.649624,42.580898",38000,424,263
1757728603,2025-09-13T01:56:43Z,CPA383,"41.642708,42.499046",38000,424,263
1757728635,2025-09-13T01:57:15Z,CPA383,"41.635807,42.41597",38025,426,263
1757728666,2025-09-13T01:57:46Z,CPA383,"41.628685,42.335186",38375,424,263
1757728698,2025-09-13T01:58:18Z,CPA383,"41.621822,42.254028",38625,426,263
1757728729,2025-09-13T01:58:49Z,CPA383,"41.614658,42.172398",38900,426,263
1757728760,2025-09-13T01:59:20Z,CPA383,"41.607124,42.090374",39175,426,263
1757728792,2025-09-13T01:59:52Z,CPA383,"41.599533,42.008129",39525,424,263
1757728824,2025-09-13T02:00:24Z,CPA383,"41.592602,41.92469",39675,426,263
1757728856,2025-09-13T02:00:56Z,CPA383,"41.58466,41.841866",39900,427,263
1757728888,2025-09-13T02:01:28Z,CPA383,"41.577538,41.759026",40000,426,263
1757728919,2025-09-13T02:01:59Z,CPA383,"41.570217,41.676598",40000,428,263
1757728950,2025-09-13T02:02:30Z,CPA383,"41.563175,41.597202",40000,427,263
1757728982,2025-09-13T02:03:02Z,CPA383,"41.555443,41.512829",40000,427,263
1757729014,2025-09-13T02:03:34Z,CPA383,"41.552822,41.427097",40000,428,270
1757729046,2025-09-13T02:04:06Z,CPA383,"41.557327,41.343121",40000,428,275
1757729078,2025-09-13T02:04:38Z,CPA383,"41.561752,41.259937",40000,428,274
1757729110,2025-09-13T02:05:10Z,CPA383,"41.566013,41.176601",40000,429,274
1757729141,2025-09-13T02:05:41Z,CPA383,"41.570698,41.094086",40000,429,274
1757729173,2025-09-13T02:06:13Z,CPA383,"41.575001,41.010124",40000,430,274
1757729205,2025-09-13T02:06:45Z,CPA383,"41.579548,40.927113",40000,430,274
1757729237,2025-09-13T02:07:17Z,CPA383,"41.584156,40.841789",40000,431,274
1757729269,2025-09-13T02:07:49Z,CPA383,"41.588566,40.75753",40000,431,274
1757729300,2025-09-13T02:08:20Z,CPA383,"41.59304,40.674305",40000,432,274
1757729332,2025-09-13T02:08:52Z,CPA383,"41.597225,40.58889",40000,432,273
1757729363,2025-09-13T02:09:23Z,CPA383,"41.60133,40.507336",40000,432,273
1757729395,2025-09-13T02:09:55Z,CPA383,"41.605343,40.422371",40000,433,273
1757729428,2025-09-13T02:10:28Z,CPA383,"41.609463,40.33604",40000,434,273
1757729458,2025-09-13T02:10:58Z,CPA383,"41.613033,40.256207",40000,434,273
1757729490,2025-09-13T02:11:30Z,CPA383,"41.616917,40.169945",40000,434,273
1757729523,2025-09-13T02:12:03Z,CPA383,"41.62088,40.082222",40000,434,273
1757729553,2025-09-13T02:12:33Z,CPA383,"41.624607,39.999912",40000,434,273
1757729584,2025-09-13T02:13:04Z,CPA383,"41.628281,39.917679",40000,435,273
1757729617,2025-09-13T02:13:37Z,CPA383,"41.632217,39.829552",40000,436,273
1757729649,2025-09-13T02:14:09Z,CPA383,"41.636009,39.742912",40000,435,273
1757729682,2025-09-13T02:14:42Z,CPA383,"41.639809,39.65538",40000,435,273
1757729713,2025-09-13T02:15:13Z,CPA383,"41.643261,39.57439",40000,434,273
1757729744,2025-09-13T02:15:44Z,CPA383,"41.646843,39.489857",40000,435,273
1757729774,2025-09-13T02:16:14Z,CPA383,"41.650234,39.408146",40000,436,273
1757729807,2025-09-13T02:16:47Z,CPA383,"41.653786,39.321156",40000,438,273
1757729839,2025-09-13T02:17:19Z,CPA383,"41.657269,39.234341",40000,439,273
1757729871,2025-09-13T02:17:51Z,CPA383,"41.660816,39.145905",40000,441,272
1757729903,2025-09-13T02:18:23Z,CPA383,"41.664257,39.057114",40000,442,272
1757729934,2025-09-13T02:18:54Z,CPA383,"41.667412,38.9743",40000,442,272
1757729965,2025-09-13T02:19:25Z,CPA383,"41.670494,38.889469",40000,442,272
1757729997,2025-09-13T02:19:57Z,CPA383,"41.673466,38.803181",40000,442,272
1757730029,2025-09-13T02:20:29Z,CPA383,"41.676628,38.715202",40000,443,272
1757730060,2025-09-13T02:21:00Z,CPA383,"41.679501,38.630146",40000,444,272
1757730093,2025-09-13T02:21:33Z,CPA383,"41.68222,38.541489",40000,445,272
1757730126,2025-09-13T02:22:06Z,CPA383,"41.685333,38.45192",40000,445,272
1757730156,2025-09-13T02:22:36Z,CPA383,"41.688206,38.366936",40000,446,272
1757730188,2025-09-13T02:23:08Z,CPA383,"41.691002,38.278976",40000,446,272
1757730221,2025-09-13T02:23:41Z,CPA383,"41.69381,38.188663",40000,446,272
1757730253,2025-09-13T02:24:13Z,CPA383,"41.696556,38.09848",40000,446,272
1757730286,2025-09-13T02:24:46Z,CPA383,"41.699081,38.010666",40000,446,272
1757730318,2025-09-13T02:25:18Z,CPA383,"41.701687,37.921108",40000,444,272
1757730350,2025-09-13T02:25:50Z,CPA383,"41.704262,37.834507",40000,443,272
1757730382,2025-09-13T02:26:22Z,CPA383,"41.70787,37.746563",40000,442,276
1757730413,2025-09-13T02:26:53Z,CPA383,"41.718643,37.663021",40000,443,283
1757730446,2025-09-13T02:27:26Z,CPA383,"41.737972,37.57671",40000,444,290
1757730476,2025-09-13T02:27:56Z,CPA383,"41.761875,37.50053",40000,446,293
1757730509,2025-09-13T02:28:29Z,CPA383,"41.788185,37.417778",40000,445,292
1757730539,2025-09-13T02:28:59Z,CPA383,"41.812889,37.339211",40000,447,292
1757730571,2025-09-13T02:29:31Z,CPA383,"41.838348,37.257977",40000,448,292
1757730604,2025-09-13T02:30:04Z,CPA383,"41.864532,37.174114",40000,450,292
1757730634,2025-09-13T02:30:34Z,CPA383,"41.88792,37.095112",40000,448,288
1757730666,2025-09-13T02:31:06Z,CPA383,"41.904629,37.008797",40000,445,280
1757730699,2025-09-13T02:31:39Z,CPA383,"41.913067,36.920971",40000,444,274
1757730730,2025-09-13T02:32:10Z,CPA383,"41.918617,36.832855",40000,444,275
1757730763,2025-09-13T02:32:43Z,CPA383,"41.924999,36.744431",40000,445,275
1757730796,2025-09-13T02:33:16Z,CPA383,"41.931767,36.650871",40000,446,275
1757730827,2025-09-13T02:33:47Z,CPA383,"41.937229,36.566601",40000,448,275
1757730858,2025-09-13T02:34:18Z,CPA383,"41.942619,36.480316",40000,448,275
1757730891,2025-09-13T02:34:51Z,CPA383,"41.948357,36.390667",40000,447,275
1757730922,2025-09-13T02:35:22Z,CPA383,"41.954205,36.303745",40000,447,274
1757730957,2025-09-13T02:35:57Z,CPA383,"41.961353,36.205727",40000,445,274
1757730988,2025-09-13T02:36:28Z,CPA383,"41.965374,36.12067",40000,444,274
1757731020,2025-09-13T02:37:00Z,CPA383,"41.970818,36.033802",40000,444,274
1757731031,2025-09-13T02:37:11Z,CPA383,"41.972355,36.002457",40000,444,274
1757731068,2025-09-13T02:37:48Z,CPA383,"41.978081,35.900394",40000,446,274
1757731511,2025-09-13T02:45:11Z,CPA383,"42.003998,34.661545",40000,452,266
1757731545,2025-09-13T02:45:45Z,CPA383,"41.995537,34.5686",40000,454,266
1757731577,2025-09-13T02:46:17Z,CPA383,"41.99456,34.476433",40000,455,265
1757731609,2025-09-13T02:46:49Z,CPA383,"41.989227,34.384663",40000,456,265
1757731641,2025-09-13T02:47:21Z,CPA383,"41.984253,34.293297",40000,457,265
1757731672,2025-09-13T02:47:52Z,CPA383,"41.980312,34.207447",40000,457,265
1757731703,2025-09-13T02:48:23Z,CPA383,"41.975338,34.119781",40000,456,265
1757731734,2025-09-13T02:48:54Z,CPA383,"41.971375,34.031971",40000,456,265
1757731767,2025-09-13T02:49:27Z,CPA383,"41.965786,33.941166",40000,456,265
1757731797,2025-09-13T02:49:57Z,CPA383,"41.960911,33.855122",40000,458,265
1757731829,2025-09-13T02:50:29Z,CPA383,"41.955997,33.763016",40000,460,265
1757731860,2025-09-13T02:51:00Z,CPA383,"41.951134,33.675587",40000,461,265
1757731891,2025-09-13T02:51:31Z,CPA383,"41.945324,33.585533",40000,463,265
1757731924,2025-09-13T02:52:04Z,CPA383,"41.940842,33.492504",40000,464,272
1757731929,2025-09-13T02:52:09Z,CPA383,"41.94141,33.479183",40000,464,276
1757731931,2025-09-13T02:52:11Z,CPA383,"41.942013,33.472649",40000,464,277
1757731933,2025-09-13T02:52:13Z,CPA383,"41.942749,33.466595",40000,465,280
1757731935,2025-09-13T02:52:15Z,CPA383,"41.943584,33.460121",40000,464,281
1757731937,2025-09-13T02:52:17Z,CPA383,"41.944405,33.454639",40000,465,282
1757731939,2025-09-13T02:52:19Z,CPA383,"41.945454,33.448818",40000,464,283
1757731941,2025-09-13T02:52:21Z,CPA383,"41.946545,33.443165",40000,464,284
1757731943,2025-09-13T02:52:23Z,CPA383,"41.948444,33.438057",40000,465,284
1757731946,2025-09-13T02:52:26Z,CPA383,"41.949333,33.431957",40025,464,284
1757731948,2025-09-13T02:52:28Z,CPA383,"41.950798,33.425953",40025,466,284
1757731950,2025-09-13T02:52:30Z,CPA383,"41.952015,33.419128",40025,465,284
1757731952,2025-09-13T02:52:32Z,CPA383,"41.953247,33.412945",40025,465,284
1757731954,2025-09-13T02:52:34Z,CPA383,"41.954624,33.405479",40000,465,284
1757731956,2025-09-13T02:52:36Z,CPA383,"41.955456,33.401035",40000,465,283
1757731987,2025-09-13T02:53:07Z,CPA383,"41.969196,33.314846",40000,467,281
1757732020,2025-09-13T02:53:40Z,CPA383,"41.984711,33.222916",40000,467,281
1757732050,2025-09-13T02:54:10Z,CPA383,"41.999134,33.135414",40000,468,282
1757732081,2025-09-13T02:54:41Z,CPA383,"42.012165,33.047306",40000,466,281
1757732112,2025-09-13T02:55:12Z,CPA383,"42.02647,32.959435",40000,468,281
1757732144,2025-09-13T02:55:44Z,CPA383,"42.040501,32.869469",40000,468,281
1757732176,2025-09-13T02:56:16Z,CPA383,"42.053936,32.779213",40000,468,281
1757732208,2025-09-13T02:56:48Z,CPA383,"42.06802,32.687714",40000,466,281
1757732238,2025-09-13T02:57:18Z,CPA383,"42.082684,32.605171",40000,466,281
1757732272,2025-09-13T02:57:52Z,CPA383,"42.094784,32.505188",40000,466,281
1757732304,2025-09-13T02:58:24Z,CPA383,"42.105091,32.405426",40000,466,281
1757732335,2025-09-13T02:58:55Z,CPA383,"42.120983,32.321003",40000,465,281
1757732368,2025-09-13T02:59:28Z,CPA383,"42.136776,32.232788",40000,466,281
1757732399,2025-09-13T02:59:59Z,CPA383,"42.149803,32.144741",40000,465,281
1757732430,2025-09-13T03:00:30Z,CPA383,"42.162678,32.056301",40000,463,281
1757732463,2025-09-13T03:01:03Z,CPA383,"42.175671,31.965364",40000,462,281
1757732495,2025-09-13T03:01:35Z,CPA383,"42.188789,31.874878",40000,464,280
1757732527,2025-09-13T03:02:07Z,CPA383,"42.201862,31.78368",40000,465,280
1757732557,2025-09-13T03:02:37Z,CPA383,"42.214165,31.697989",40000,466,280
1757732589,2025-09-13T03:03:09Z,CPA383,"42.226822,31.608488",40000,467,280
1757732621,2025-09-13T03:03:41Z,CPA383,"42.239887,31.516609",40000,470,280
1757732651,2025-09-13T03:04:11Z,CPA383,"42.252216,31.429689",40000,470,280
1757732683,2025-09-13T03:04:43Z,CPA383,"42.265141,31.338327",40000,472,280
1757732714,2025-09-13T03:05:14Z,CPA383,"42.277641,31.249233",40000,472,280
1757732746,2025-09-13T03:05:46Z,CPA383,"42.290478,31.157351",40000,471,280
1757732777,2025-09-13T03:06:17Z,CPA383,"42.302979,31.06719",40000,469,280
1757732808,2025-09-13T03:06:48Z,CPA383,"42.315392,30.977201",40000,470,280
1757732840,2025-09-13T03:07:20Z,CPA383,"42.328098,30.886036",40000,467,280
1757732872,2025-09-13T03:07:52Z,CPA383,"42.340797,30.795095",40000,466,280
1757732905,2025-09-13T03:08:25Z,CPA383,"42.353729,30.701643",40000,466,280
1757732936,2025-09-13T03:08:56Z,CPA383,"42.366238,30.610849",40000,466,280
1757732969,2025-09-13T03:09:29Z,CPA383,"42.378578,30.5194",40000,465,280
1757733001,2025-09-13T03:10:01Z,CPA383,"42.390816,30.428434",40000,462,280
1757733033,2025-09-13T03:10:33Z,CPA383,"42.402836,30.338451",40000,459,280
1757733064,2025-09-13T03:11:04Z,CPA383,"42.414356,30.250374",40000,458,279
1757733096,2025-09-13T03:11:36Z,CPA383,"42.426083,30.160654",40000,459,279
1757733128,2025-09-13T03:12:08Z,CPA383,"42.437683,30.070576",40000,459,279
1757733158,2025-09-13T03:12:38Z,CPA383,"42.448547,29.98563",40000,458,279
1757733190,2025-09-13T03:13:10Z,CPA383,"42.460064,29.895273",40000,455,279
1757733222,2025-09-13T03:13:42Z,CPA383,"42.474468,29.808811",40000,452,284
1757733254,2025-09-13T03:14:14Z,CPA383,"42.490978,29.72187",40000,450,283
1757733285,2025-09-13T03:14:45Z,CPA383,"42.506947,29.634401",40000,452,283
1757733317,2025-09-13T03:15:17Z,CPA383,"42.52264,29.548216",40000,452,283
1757733349,2025-09-13T03:15:49Z,CPA383,"42.538536,29.460934",40000,450,283
1757733381,2025-09-13T03:16:21Z,CPA383,"42.554359,29.374151",40000,449,283
1757733412,2025-09-13T03:16:52Z,CPA383,"42.57,29.288864",40000,452,283
1757733444,2025-09-13T03:17:24Z,CPA383,"42.585651,29.202925",40000,450,283
1757733476,2025-09-13T03:17:56Z,CPA383,"42.601353,29.116173",40000,448,283
1757733507,2025-09-13T03:18:27Z,CPA383,"42.616703,29.030298",40000,446,283
1757733539,2025-09-13T03:18:59Z,CPA383,"42.631939,28.944347",40000,445,283
1757733570,2025-09-13T03:19:30Z,CPA383,"42.646862,28.859932",40000,446,283
1757733601,2025-09-13T03:20:01Z,CPA383,"42.661659,28.775681",40000,446,283
1757733633,2025-09-13T03:20:33Z,CPA383,"42.676552,28.690083",40000,446,283
1757733665,2025-09-13T03:21:05Z,CPA383,"42.691368,28.604307",40000,444,283
1757733697,2025-09-13T03:21:37Z,CPA383,"42.706276,28.517906",40000,443,283
1757733729,2025-09-13T03:22:09Z,CPA383,"42.72113,28.431416",40000,443,283
1757733761,2025-09-13T03:22:41Z,CPA383,"42.735886,28.344723",40000,442,283
1757733793,2025-09-13T03:23:13Z,CPA383,"42.750423,28.259176",40000,439,282
1757733825,2025-09-13T03:23:45Z,CPA383,"42.764832,28.173378",40000,437,282
1757733856,2025-09-13T03:24:16Z,CPA383,"42.778866,28.089413",40000,434,282
1757733888,2025-09-13T03:24:48Z,CPA383,"42.79298,28.004553",40000,432,282
1757733920,2025-09-13T03:25:20Z,CPA383,"42.806957,27.920343",40000,431,282
1757733952,2025-09-13T03:25:52Z,CPA383,"42.820686,27.837038",40000,431,282
1757733984,2025-09-13T03:26:24Z,CPA383,"42.834694,27.751574",40000,433,282
1757734016,2025-09-13T03:26:56Z,CPA383,"42.84861,27.666849",40025,436,282
1757734048,2025-09-13T03:27:28Z,CPA383,"42.862576,27.581186",40000,438,282
1757734080,2025-09-13T03:28:00Z,CPA383,"42.876289,27.496599",40000,438,282
1757734111,2025-09-13T03:28:31Z,CPA383,"42.890022,27.412119",40000,437,282
1757734143,2025-09-13T03:29:03Z,CPA383,"42.903713,27.326513",40000,437,282
1757734174,2025-09-13T03:29:34Z,CPA383,"42.917114,27.242693",40000,437,282
1757734206,2025-09-13T03:30:06Z,CPA383,"42.93045,27.158934",40000,437,282
1757734238,2025-09-13T03:30:38Z,CPA383,"42.944164,27.07205",40000,438,282
1757734269,2025-09-13T03:31:09Z,CPA383,"42.957733,26.986673",40000,438,282
1757734301,2025-09-13T03:31:41Z,CPA383,"42.971127,26.902136",40000,436,282
1757734333,2025-09-13T03:32:13Z,CPA383,"42.984734,26.817484",40000,436,282
1757734364,2025-09-13T03:32:44Z,CPA383,"42.998386,26.731565",40000,438,282
1757734396,2025-09-13T03:33:16Z,CPA383,"43.01202,26.645208",40000,440,282
1757734428,2025-09-13T03:33:48Z,CPA383,"43.025494,26.558725",40000,442,282
1757734461,2025-09-13T03:34:21Z,CPA383,"43.03936,26.47002",40000,446,281
1757734492,2025-09-13T03:34:52Z,CPA383,"43.052734,26.38295",40000,448,281
1757734524,2025-09-13T03:35:24Z,CPA383,"43.066265,26.295187",40000,445,281
1757734556,2025-09-13T03:35:56Z,CPA383,"43.079525,26.20785",40000,442,281
1757734588,2025-09-13T03:36:28Z,CPA383,"43.092606,26.120661",40000,440,281
1757734620,2025-09-13T03:37:00Z,CPA383,"43.105614,26.033621",40000,440,281
1757734652,2025-09-13T03:37:32Z,CPA383,"43.118603,25.946695",40000,438,281
1757734685,2025-09-13T03:38:05Z,CPA383,"43.131596,25.859272",40000,438,281
1757734716,2025-09-13T03:38:36Z,CPA383,"43.144188,25.773577",40000,439,281
1757734748,2025-09-13T03:39:08Z,CPA383,"43.156937,25.686501",40000,440,281
1757734780,2025-09-13T03:39:40Z,CPA383,"43.170948,25.59956",40000,441,282
1757734812,2025-09-13T03:40:12Z,CPA383,"43.185528,25.511732",40000,439,282
1757734845,2025-09-13T03:40:45Z,CPA383,"43.199467,25.424883",40000,438,282
1757734877,2025-09-13T03:41:17Z,CPA383,"43.213242,25.337646",40000,439,282
1757734909,2025-09-13T03:41:49Z,CPA383,"43.22691,25.250408",40000,439,282
1757734941,2025-09-13T03:42:21Z,CPA383,"43.240643,25.162479",40000,439,282
1757734973,2025-09-13T03:42:53Z,CPA383,"43.254093,25.076324",40000,438,281
1757735005,2025-09-13T03:43:25Z,CPA383,"43.267738,24.989218",40000,438,281
1757735036,2025-09-13T03:43:56Z,CPA383,"43.280891,24.903921",40000,438,281
1757735068,2025-09-13T03:44:28Z,CPA383,"43.294079,24.817144",40000,439,281
1757735100,2025-09-13T03:45:00Z,CPA383,"43.307255,24.73",40000,440,281
1757735131,2025-09-13T03:45:31Z,CPA383,"43.320213,24.643961",40000,442,281
1757735163,2025-09-13T03:46:03Z,CPA383,"43.333237,24.557142",40000,443,281
1757735195,2025-09-13T03:46:35Z,CPA383,"43.346375,24.468748",40000,442,281
1757735227,2025-09-13T03:47:07Z,CPA383,"43.359455,24.381121",40000,441,281
1757735259,2025-09-13T03:47:39Z,CPA383,"43.372219,24.294254",40000,442,281
1757735290,2025-09-13T03:48:10Z,CPA383,"43.385052,24.207521",40000,443,281
1757735322,2025-09-13T03:48:42Z,CPA383,"43.398182,24.11928",40000,443,281
1757735354,2025-09-13T03:49:14Z,CPA383,"43.410973,24.032104",40000,442,281
1757735386,2025-09-13T03:49:46Z,CPA383,"43.42374,23.944361",40000,442,281
1757735418,2025-09-13T03:50:18Z,CPA383,"43.43618,23.856239",40000,443,281
1757735448,2025-09-13T03:50:48Z,CPA383,"43.44804,23.772184",40000,442,281
1757735479,2025-09-13T03:51:19Z,CPA383,"43.460503,23.685518",40000,442,281
1757735511,2025-09-13T03:51:51Z,CPA383,"43.472713,23.598959",40000,444,281
1757735543,2025-09-13T03:52:23Z,CPA383,"43.4851,23.510204",40000,444,281
1757735574,2025-09-13T03:52:54Z,CPA383,"43.497299,23.422649",40000,444,281
1757735605,2025-09-13T03:53:25Z,CPA383,"43.512791,23.336512",40000,444,287
1757735637,2025-09-13T03:53:57Z,CPA383,"43.536293,23.253895",40000,445,294
1757735669,2025-09-13T03:54:29Z,CPA383,"43.566978,23.174017",40000,444,301
1757735700,2025-09-13T03:55:00Z,CPA383,"43.601128,23.098318",40000,444,301
1757735732,2025-09-13T03:55:32Z,CPA383,"43.634964,23.021183",40000,443,301
1757735763,2025-09-13T03:56:03Z,CPA383,"43.668114,22.945959",40000,445,301
1757735795,2025-09-13T03:56:35Z,CPA383,"43.702316,22.868437",40000,446,301
1757735826,2025-09-13T03:57:06Z,CPA383,"43.735577,22.792976",40000,446,301
1757735858,2025-09-13T03:57:38Z,CPA383,"43.769691,22.715414",40000,446,301
1757735890,2025-09-13T03:58:10Z,CPA383,"43.804085,22.636852",40000,445,300
1757735922,2025-09-13T03:58:42Z,CPA383,"43.836399,22.557508",40000,443,298
1757735955,2025-09-13T03:59:15Z,CPA383,"43.868641,22.476551",40000,442,299
1757735986,2025-09-13T03:59:46Z,CPA383,"43.900444,22.397818",40000,443,299
1757736018,2025-09-13T04:00:18Z,CPA383,"43.932278,22.319252",40000,444,299
1757736050,2025-09-13T04:00:50Z,CPA383,"43.964706,22.239248",40000,442,299
1757736082,2025-09-13T04:01:22Z,CPA383,"43.996353,22.16013",40000,441,299
1757736114,2025-09-13T04:01:54Z,CPA383,"44.028038,22.082804",40000,440,299
1757736146,2025-09-13T04:02:26Z,CPA383,"44.059746,22.00334",40000,440,299
1757736178,2025-09-13T04:02:58Z,CPA383,"44.091354,21.923708",40000,440,299
1757736210,2025-09-13T04:03:30Z,CPA383,"44.123207,21.844625",40000,442,299
1757736242,2025-09-13T04:04:02Z,CPA383,"44.154362,21.765554",40000,442,298
1757736272,2025-09-13T04:04:32Z,CPA383,"44.18446,21.689493",40000,441,298
1757736304,2025-09-13T04:05:04Z,CPA383,"44.216351,21.608521",40000,442,298
1757736336,2025-09-13T04:05:36Z,CPA383,"44.247692,21.528376",40000,442,298
1757736368,2025-09-13T04:06:08Z,CPA383,"44.278584,21.449345",40000,441,298
1757736400,2025-09-13T04:06:40Z,CPA383,"44.309593,21.370157",40000,440,298
1757736432,2025-09-13T04:07:12Z,CPA383,"44.340694,21.289911",40000,440,298
1757736462,2025-09-13T04:07:42Z,CPA383,"44.369987,21.214296",40000,442,298
1757736494,2025-09-13T04:08:14Z,CPA383,"44.400917,21.134247",40000,440,298
1757736526,2025-09-13T04:08:46Z,CPA383,"44.43174,21.054171",40000,439,298
1757736557,2025-09-13T04:09:17Z,CPA383,"44.46217,20.975042",40000,440,298
1757736589,2025-09-13T04:09:49Z,CPA383,"44.492813,20.895407",40000,441,298
1757736620,2025-09-13T04:10:20Z,CPA383,"44.523338,20.816242",40000,440,298
1757736653,2025-09-13T04:10:53Z,CPA383,"44.554523,20.735058",40000,440,298
1757736684,2025-09-13T04:11:24Z,CPA383,"44.585289,20.654478",40000,439,298
1757736716,2025-09-13T04:11:56Z,CPA383,"44.615685,20.574066",40000,439,297
1757736748,2025-09-13T04:12:28Z,CPA383,"44.646198,20.49304",40000,440,297
1757736781,2025-09-13T04:13:01Z,CPA383,"44.676613,20.411966",40000,441,297
1757736813,2025-09-13T04:13:33Z,CPA383,"44.707798,20.32995",40000,442,297
1757736845,2025-09-13T04:14:05Z,CPA383,"44.738026,20.248066",40000,442,297
1757736877,2025-09-13T04:14:37Z,CPA383,"44.768589,20.166897",40000,441,297
1757736908,2025-09-13T04:15:08Z,CPA383,"44.798271,20.087524",40000,440,297
1757736940,2025-09-13T04:15:40Z,CPA383,"44.82888,20.005968",40000,441,297
1757736972,2025-09-13T04:16:12Z,CPA383,"44.859348,19.92407",40000,442,297
1757737004,2025-09-13T04:16:44Z,CPA383,"44.889046,19.843689",40000,442,297
1757737036,2025-09-13T04:17:16Z,CPA383,"44.919556,19.761303",40000,442,297
1757737068,2025-09-13T04:17:48Z,CPA383,"44.949589,19.679461",40000,440,297
1757737100,2025-09-13T04:18:20Z,CPA383,"44.979359,19.598454",40000,440,297
1757737132,2025-09-13T04:18:52Z,CPA383,"45.009251,19.516626",40000,442,297
1757737164,2025-09-13T04:19:24Z,CPA383,"45.039326,19.43434",40000,444,297
1757737196,2025-09-13T04:19:56Z,CPA383,"45.068977,19.352861",40000,440,297
1757737228,2025-09-13T04:20:28Z,CPA383,"45.098999,19.270267",40000,439,297
1757737259,2025-09-13T04:20:59Z,CPA383,"45.127945,19.190395",40000,436,297
1757737291,2025-09-13T04:21:31Z,CPA383,"45.156963,19.109875",40000,435,297
1757737323,2025-09-13T04:22:03Z,CPA383,"45.185593,19.030285",40000,434,296
1757737354,2025-09-13T04:22:34Z,CPA383,"45.214428,18.949238",40000,432,296
1757737386,2025-09-13T04:23:06Z,CPA383,"45.243633,18.868443",40000,432,296
1757737418,2025-09-13T04:23:38Z,CPA383,"45.272327,18.787903",40000,433,296
1757737450,2025-09-13T04:24:10Z,CPA383,"45.301304,18.706491",40000,435,296
1757737482,2025-09-13T04:24:42Z,CPA383,"45.330173,18.625139",40000,436,296
1757737514,2025-09-13T04:25:14Z,CPA383,"45.35894,18.543821",40000,437,296
1757737546,2025-09-13T04:25:46Z,CPA383,"45.387806,18.461775",40000,438,296
1757737578,2025-09-13T04:26:18Z,CPA383,"45.416447,18.380154",40000,436,296
1757737609,2025-09-13T04:26:49Z,CPA383,"45.444954,18.298828",40000,435,296
1757737641,2025-09-13T04:27:21Z,CPA383,"45.472969,18.218529",40000,434,296
1757737672,2025-09-13T04:27:52Z,CPA383,"45.501156,18.137596",40000,436,296
1757737704,2025-09-13T04:28:24Z,CPA383,"45.529095,18.056768",40000,439,296
1757737735,2025-09-13T04:28:55Z,CPA383,"45.557537,17.974422",40000,442,296
1757737767,2025-09-13T04:29:27Z,CPA383,"45.585766,17.89213",40000,442,295
1757737798,2025-09-13T04:29:58Z,CPA383,"45.614067,17.809721",40000,442,295
1757737830,2025-09-13T04:30:30Z,CPA383,"45.641933,17.727818",40000,442,295
1757737861,2025-09-13T04:31:01Z,CPA383,"45.669815,17.645899",40000,440,295
1757737892,2025-09-13T04:31:32Z,CPA383,"45.697037,17.565647",40000,436,295
1757737923,2025-09-13T04:32:03Z,CPA383,"45.724396,17.485159",40000,434,295
1757737955,2025-09-13T04:32:35Z,CPA383,"45.751869,17.403788",40000,434,295
1757737986,2025-09-13T04:33:06Z,CPA383,"45.779301,17.322315",40000,435,295
1757738017,2025-09-13T04:33:37Z,CPA383,"45.806606,17.240892",40000,437,295
1757738049,2025-09-13T04:34:09Z,CPA383,"45.834152,17.158457",40000,436,295
1757738080,2025-09-13T04:34:40Z,CPA383,"45.861191,17.076773",40000,435,295
1757738112,2025-09-13T04:35:12Z,CPA383,"45.887989,16.995293",40000,434,295
1757738143,2025-09-13T04:35:43Z,CPA383,"45.914726,16.914368",40000,434,295
1757738174,2025-09-13T04:36:14Z,CPA383,"45.941566,16.832924",40000,436,295
1757738206,2025-09-13T04:36:46Z,CPA383,"45.968674,16.750605",40000,436,295
1757738237,2025-09-13T04:37:17Z,CPA383,"45.995419,16.669136",40000,436,295
1757738268,2025-09-13T04:37:48Z,CPA383,"46.022274,16.587156",40000,434,295
1757738299,2025-09-13T04:38:19Z,CPA383,"46.048794,16.506657",40000,434,295
1757738331,2025-09-13T04:38:51Z,CPA383,"46.075603,16.424662",40000,438,295
1757738364,2025-09-13T04:39:24Z,CPA383,"46.103889,16.337925",40000,438,294
1757738395,2025-09-13T04:39:55Z,CPA383,"46.13031,16.256371",40000,438,294
1757738426,2025-09-13T04:40:26Z,CPA383,"46.157837,16.174261",40000,441,297
1757738458,2025-09-13T04:40:58Z,CPA383,"46.188435,16.092237",40000,442,298
1757738489,2025-09-13T04:41:29Z,CPA383,"46.217999,16.011091",40000,440,297
1757738520,2025-09-13T04:42:00Z,CPA383,"46.246986,15.929597",40000,438,296
1757738552,2025-09-13T04:42:32Z,CPA383,"46.275696,15.848348",40000,436,296
1757738584,2025-09-13T04:43:04Z,CPA383,"46.304703,15.765877",40000,434,296
1757738615,2025-09-13T04:43:35Z,CPA383,"46.332554,15.68591",40000,432,296
1757738646,2025-09-13T04:44:06Z,CPA383,"46.360611,15.604926",40000,432,296
1757738678,2025-09-13T04:44:38Z,CPA383,"46.388836,15.523576",40000,433,296
1757738709,2025-09-13T04:45:09Z,CPA383,"46.416988,15.442454",40000,433,296
1757738741,2025-09-13T04:45:41Z,CPA383,"46.445389,15.360928",40000,434,296
1757738772,2025-09-13T04:46:12Z,CPA383,"46.473564,15.280032",40000,433,296
1757738803,2025-09-13T04:46:43Z,CPA383,"46.501453,15.199409",40000,434,296
1757738834,2025-09-13T04:47:14Z,CPA383,"46.529266,15.118741",40000,434,296
1757738865,2025-09-13T04:47:45Z,CPA383,"46.557045,15.038027",40000,437,296
1757738896,2025-09-13T04:48:16Z,CPA383,"46.585243,14.955723",40000,440,296
1757738927,2025-09-13T04:48:47Z,CPA383,"46.613331,14.873263",40000,440,296
1757738959,2025-09-13T04:49:19Z,CPA383,"46.641476,14.790467",40000,440,296
1757738991,2025-09-13T04:49:51Z,CPA383,"46.669796,14.706905",40000,436,296
1757739022,2025-09-13T04:50:22Z,CPA383,"46.697414,14.625053",40000,434,296
1757739053,2025-09-13T04:50:53Z,CPA383,"46.7248,14.543771",40000,433,295
1757739084,2025-09-13T04:51:24Z,CPA383,"46.751949,14.462322",40000,436,295
1757739115,2025-09-13T04:51:55Z,CPA383,"46.77919,14.380755",40000,438,295
1757739146,2025-09-13T04:52:26Z,CPA383,"46.806526,14.297354",40000,439,295
1757739178,2025-09-13T04:52:58Z,CPA383,"46.834621,14.213778",40000,442,296
1757739209,2025-09-13T04:53:29Z,CPA383,"46.862682,14.129855",40000,440,294
1757739240,2025-09-13T04:54:00Z,CPA383,"46.884861,14.044534",40000,434,289
1757739271,2025-09-13T04:54:31Z,CPA383,"46.906315,13.959462",40000,436,290
1757739303,2025-09-13T04:55:03Z,CPA383,"46.928127,13.874235",40000,436,290
1757739334,2025-09-13T04:55:34Z,CPA383,"46.949772,13.788266",40000,431,290
1757739365,2025-09-13T04:56:05Z,CPA383,"46.971024,13.7033",40000,427,289
1757739396,2025-09-13T04:56:36Z,CPA383,"46.992081,13.618446",40000,430,289
1757739428,2025-09-13T04:57:08Z,CPA383,"47.013123,13.533162",40000,434,289
1757739459,2025-09-13T04:57:39Z,CPA383,"47.034466,13.446927",40000,437,289
1757739490,2025-09-13T04:58:10Z,CPA383,"47.055988,13.360044",40000,438,289
1757739521,2025-09-13T04:58:41Z,CPA383,"47.077164,13.274185",40000,438,289
1757739552,2025-09-13T04:59:12Z,CPA383,"47.09853,13.186683",40000,440,289
1757739583,2025-09-13T04:59:43Z,CPA383,"47.119732,13.099526",40000,442,289
1757739615,2025-09-13T05:00:15Z,CPA383,"47.141186,13.010905",40000,444,289
1757739647,2025-09-13T05:00:47Z,CPA383,"47.16291,12.920724",40000,444,289
1757739678,2025-09-13T05:01:18Z,CPA383,"47.184219,12.831994",40000,442,289
1757739709,2025-09-13T05:01:49Z,CPA383,"47.205238,12.743773",40000,441,289
1757739740,2025-09-13T05:02:20Z,CPA383,"47.225883,12.656704",40000,442,289
1757739771,2025-09-13T05:02:51Z,CPA383,"47.246822,12.567958",40000,444,289
1757739802,2025-09-13T05:03:22Z,CPA383,"47.267731,12.479254",40000,448,289
1757739834,2025-09-13T05:03:54Z,CPA383,"47.289017,12.388703",40000,446,289
1757739865,2025-09-13T05:04:25Z,CPA383,"47.310097,12.298671",40000,446,289
1757739897,2025-09-13T05:04:57Z,CPA383,"47.330929,12.209388",40000,445,288
1757739928,2025-09-13T05:05:28Z,CPA383,"47.351669,12.120083",40000,443,288
1757739959,2025-09-13T05:05:59Z,CPA383,"47.372395,12.030645",40000,443,288
1757739991,2025-09-13T05:06:31Z,CPA383,"47.393192,11.940087",40000,444,288
1757740023,2025-09-13T05:07:03Z,CPA383,"47.414047,11.848823",40000,446,288
1757740053,2025-09-13T05:07:33Z,CPA383,"47.434368,11.759695",40000,447,288
1757740085,2025-09-13T05:08:05Z,CPA383,"47.45472,11.670076",39250,437,288
1757740116,2025-09-13T05:08:36Z,CPA383,"47.474472,11.583415",38500,427,288
1757740148,2025-09-13T05:09:08Z,CPA383,"47.494251,11.495594",37700,426,288
1757740179,2025-09-13T05:09:39Z,CPA383,"47.513515,11.409934",36925,418,288
1757740210,2025-09-13T05:10:10Z,CPA383,"47.532047,11.327101",36150,404,288
1757740242,2025-09-13T05:10:42Z,CPA383,"47.550423,11.244505",35350,396,288
1757740273,2025-09-13T05:11:13Z,CPA383,"47.56815,11.164366",34575,394,288
1757740305,2025-09-13T05:11:45Z,CPA383,"47.585846,11.083484",33775,391,288
1757740337,2025-09-13T05:12:17Z,CPA383,"47.603844,11.002316",33000,388,288
1757740368,2025-09-13T05:12:48Z,CPA383,"47.62101,10.924004",32225,390,288
1757740399,2025-09-13T05:13:19Z,CPA383,"47.638363,10.844418",31425,386,287
1757740431,2025-09-13T05:13:51Z,CPA383,"47.655823,10.764495",30625,381,287
1757740462,2025-09-13T05:14:22Z,CPA383,"47.672424,10.687642",29850,377,287
1757740494,2025-09-13T05:14:54Z,CPA383,"47.687901,10.611603",29075,366,280
1757740498,2025-09-13T05:14:58Z,CPA383,"47.689007,10.601105",28975,364,277
1757740500,2025-09-13T05:15:00Z,CPA383,"47.689407,10.596057",28925,363,275
1757740502,2025-09-13T05:15:02Z,CPA383,"47.689713,10.590688",28875,364,274
1757740504,2025-09-13T05:15:04Z,CPA383,"47.689987,10.585595",28825,363,273
1757740506,2025-09-13T05:15:06Z,CPA383,"47.690147,10.580592",28750,363,272
1757740508,2025-09-13T05:15:08Z,CPA383,"47.690289,10.575171",28725,364,272
1757740510,2025-09-13T05:15:10Z,CPA383,"47.690407,10.570064",28650,364,272
1757740512,2025-09-13T05:15:12Z,CPA383,"47.690578,10.565094",28600,363,272
1757740514,2025-09-13T05:15:14Z,CPA383,"47.690742,10.559816",28550,364,272
1757740516,2025-09-13T05:15:16Z,CPA383,"47.690845,10.554904",28500,363,272
1757740518,2025-09-13T05:15:18Z,CPA383,"47.691017,10.549749",28450,362,272
1757740550,2025-09-13T05:15:50Z,CPA383,"47.694408,10.472152",27675,362,274
1757740581,2025-09-13T05:16:21Z,CPA383,"47.698261,10.394139",26875,364,274
1757740613,2025-09-13T05:16:53Z,CPA383,"47.701847,10.316007",26100,359,273
1757740645,2025-09-13T05:17:25Z,CPA383,"47.705406,10.238105",25300,354,273
1757740676,2025-09-13T05:17:56Z,CPA383,"47.70879,10.161788",24525,348,273
1757740708,2025-09-13T05:18:28Z,CPA383,"47.712067,10.086773",23700,341,273
1757740739,2025-09-13T05:18:59Z,CPA383,"47.71513,10.014085",22925,340,273
1757740771,2025-09-13T05:19:31Z,CPA383,"47.718338,9.940773",22150,342,273
1757740802,2025-09-13T05:20:02Z,CPA383,"47.72118,9.868328",21375,338,273
1757740833,2025-09-13T05:20:33Z,CPA383,"47.724075,9.796318",20600,334,273
1757740864,2025-09-13T05:21:04Z,CPA383,"47.726906,9.724621",19850,332,273
1757740896,2025-09-13T05:21:36Z,CPA383,"47.729057,9.65271",19325,334,268
1757740928,2025-09-13T05:22:08Z,CPA383,"47.726662,9.580638",18800,328,267
1757740959,2025-09-13T05:22:39Z,CPA383,"47.724754,9.510928",18275,322,267
1757740990,2025-09-13T05:23:10Z,CPA383,"47.722523,9.441714",17750,316,267
1757741022,2025-09-13T05:23:42Z,CPA383,"47.720337,9.375018",17225,310,267
1757741053,2025-09-13T05:24:13Z,CPA383,"47.717926,9.307863",16700,308,267
1757741085,2025-09-13T05:24:45Z,CPA383,"47.715679,9.242139",16175,304,267
1757741116,2025-09-13T05:25:16Z,CPA383,"47.713238,9.176456",15450,304,267
1757741148,2025-09-13T05:25:48Z,CPA383,"47.711044,9.111202",14400,298,266
1757741179,2025-09-13T05:26:19Z,CPA383,"47.708652,9.046999",12950,296,267
1757741210,2025-09-13T05:26:50Z,CPA383,"47.706646,8.984285",11575,291,267
1757741223,2025-09-13T05:27:03Z,CPA383,"47.706074,8.959498",11175,285,268
1757741237,2025-09-13T05:27:17Z,CPA383,"47.705692,8.931875",10950,271,269
1757741252,2025-09-13T05:27:32Z,CPA383,"47.705509,8.905654",10625,262,269
1757741264,2025-09-13T05:27:44Z,CPA383,"47.705399,8.883376",10075,265,269
1757741279,2025-09-13T05:27:59Z,CPA383,"47.705204,8.855925",9425,278,269
1757741291,2025-09-13T05:28:11Z,CPA383,"47.705109,8.832084",9100,280,269
1757741306,2025-09-13T05:28:26Z,CPA383,"47.704678,8.804438",8925,274,268
1757741318,2025-09-13T05:28:38Z,CPA383,"47.704411,8.781169",8825,268,269
1757741333,2025-09-13T05:28:53Z,CPA383,"47.704178,8.754892",8675,261,269
1757741345,2025-09-13T05:29:05Z,CPA383,"47.704075,8.732356",8500,258,269
1757741358,2025-09-13T05:29:18Z,CPA383,"47.703896,8.710068",8325,253,269
1757741372,2025-09-13T05:29:32Z,CPA383,"47.703587,8.68475",8100,249,268
1757741385,2025-09-13T05:29:45Z,CPA383,"47.703148,8.663136",7850,248,266
1757741398,2025-09-13T05:29:58Z,CPA383,"47.702339,8.641308",7525,250,266
1757741412,2025-09-13T05:30:12Z,CPA383,"47.701077,8.615879",7225,249,265
1757741425,2025-09-13T05:30:25Z,CPA383,"47.700069,8.59456",6950,250,265
1757741438,2025-09-13T05:30:38Z,CPA383,"47.698978,8.572647",6675,250,265
1757741451,2025-09-13T05:30:51Z,CPA383,"47.697865,8.549926",6425,250,265
1757741466,2025-09-13T05:31:06Z,CPA383,"47.696419,8.52483",6275,244,265
1757741478,2025-09-13T05:31:18Z,CPA383,"47.695988,8.505428",6200,237,265
1757741493,2025-09-13T05:31:33Z,CPA383,"47.694454,8.480737",6125,228,266
1757741507,2025-09-13T05:31:47Z,CPA383,"47.693485,8.458158",6050,222,266
1757741520,2025-09-13T05:32:00Z,CPA383,"47.69252,8.439216",5950,212,264
1757741526,2025-09-13T05:32:06Z,CPA383,"47.691483,8.430313",5900,206,255
1757741528,2025-09-13T05:32:08Z,CPA383,"47.691044,8.427486",5900,204,252
1757741530,2025-09-13T05:32:10Z,CPA383,"47.690502,8.424823",5875,202,250
1757741533,2025-09-13T05:32:13Z,CPA383,"47.689892,8.422124",5850,200,248
1757741535,2025-09-13T05:32:15Z,CPA383,"47.68903,8.41945",5850,198,246
1757741537,2025-09-13T05:32:17Z,CPA383,"47.688259,8.416955",5825,196,245
1757741539,2025-09-13T05:32:19Z,CPA383,"47.687447,8.414519",5825,194,244
1757741541,2025-09-13T05:32:21Z,CPA383,"47.686581,8.411693",5800,191,243
1757741543,2025-09-13T05:32:23Z,CPA383,"47.685745,8.409195",5775,188,242
1757741545,2025-09-13T05:32:25Z,CPA383,"47.684933,8.406888",5775,186,242
1757741547,2025-09-13T05:32:27Z,CPA383,"47.684143,8.40436",5725,184,242
1757741549,2025-09-13T05:32:29Z,CPA383,"47.683323,8.402008",5700,182,242
1757741551,2025-09-13T05:32:31Z,CPA383,"47.682453,8.39931",5675,181,242
1757741554,2025-09-13T05:32:34Z,CPA383,"47.681721,8.397362",5650,180,242
1757741556,2025-09-13T05:32:36Z,CPA383,"47.680946,8.395163",5600,179,242
1757741558,2025-09-13T05:32:38Z,CPA383,"47.680061,8.392872",5550,178,242
1757741572,2025-09-13T05:32:52Z,CPA383,"47.674576,8.376852",5125,178,240
1757741577,2025-09-13T05:32:57Z,CPA383,"47.672916,8.372386",5000,180,232
1757741579,2025-09-13T05:32:59Z,CPA383,"47.671654,8.370253",4925,181,227
1757741581,2025-09-13T05:33:01Z,CPA383,"47.670593,8.368355",4875,182,223
1757741583,2025-09-13T05:33:03Z,CPA383,"47.669418,8.366679",4825,183,216
1757741585,2025-09-13T05:33:05Z,CPA383,"47.667961,8.364937",4750,184,211
1757741587,2025-09-13T05:33:07Z,CPA383,"47.666306,8.363517",4700,186,204
1757741589,2025-09-13T05:33:09Z,CPA383,"47.664722,8.362361",4650,186,199
1757741592,2025-09-13T05:33:12Z,CPA383,"47.662991,8.361454",4625,187,192
1757741594,2025-09-13T05:33:14Z,CPA383,"47.660778,8.360822",4600,188,187
1757741596,2025-09-13T05:33:16Z,CPA383,"47.659237,8.360524",4575,189,182
1757741598,2025-09-13T05:33:18Z,CPA383,"47.657207,8.360559",4550,189,179
1757741600,2025-09-13T05:33:20Z,CPA383,"47.655445,8.360681",4550,189,176
1757741602,2025-09-13T05:33:22Z,CPA383,"47.653553,8.360868",4525,189,174
1757741604,2025-09-13T05:33:24Z,CPA383,"47.651745,8.361153",4525,189,172
1757741607,2025-09-13T05:33:27Z,CPA383,"47.649723,8.361528",4500,188,171
1757741609,2025-09-13T05:33:29Z,CPA383,"47.648033,8.361888",4475,188,171
1757741611,2025-09-13T05:33:31Z,CPA383,"47.646236,8.3623",4475,188,170
1757741613,2025-09-13T05:33:33Z,CPA383,"47.644363,8.362741",4450,188,170
1757741615,2025-09-13T05:33:35Z,CPA383,"47.642719,8.363114",4425,188,170
1757741617,2025-09-13T05:33:37Z,CPA383,"47.640785,8.363613",4425,188,170
1757741619,2025-09-13T05:33:39Z,CPA383,"47.63913,8.363949",4400,188,170
1757741621,2025-09-13T05:33:41Z,CPA383,"47.637383,8.364376",4375,188,170
1757741623,2025-09-13T05:33:43Z,CPA383,"47.635609,8.364839",4375,188,170
1757741625,2025-09-13T05:33:45Z,CPA383,"47.633705,8.36522",4350,188,171
1757741628,2025-09-13T05:33:48Z,CPA383,"47.631981,8.365594",4325,188,171
1757741630,2025-09-13T05:33:50Z,CPA383,"47.629955,8.366036",4325,188,171
1757741636,2025-09-13T05:33:56Z,CPA383,"47.624729,8.367167",4275,189,171
1757741644,2025-09-13T05:34:04Z,CPA383,"47.617004,8.368813",4200,188,171
1757741652,2025-09-13T05:34:12Z,CPA383,"47.610325,8.370392",4150,188,171
1757741661,2025-09-13T05:34:21Z,CPA383,"47.603394,8.372328",4075,189,163
1757741663,2025-09-13T05:34:23Z,CPA383,"47.601624,8.372996",4050,189,158
1757741665,2025-09-13T05:34:25Z,CPA383,"47.600075,8.373908",4050,190,155
1757741667,2025-09-13T05:34:27Z,CPA383,"47.598389,8.375421",4025,190,150
1757741669,2025-09-13T05:34:29Z,CPA383,"47.596668,8.376842",4000,190,145
1757741671,2025-09-13T05:34:31Z,CPA383,"47.595085,8.378493",3975,191,142
1757741673,2025-09-13T05:34:33Z,CPA383,"47.593727,8.380058",3975,191,139
1757741675,2025-09-13T05:34:35Z,CPA383,"47.592323,8.381739",3950,191,137
1757741677,2025-09-13T05:34:37Z,CPA383,"47.590973,8.383458",3925,191,135
1757741679,2025-09-13T05:34:39Z,CPA383,"47.589748,8.385265",3900,192,134
1757741681,2025-09-13T05:34:41Z,CPA383,"47.588501,8.38735",3900,191,133
1757741684,2025-09-13T05:34:44Z,CPA383,"47.587132,8.389267",3875,191,132
1757741686,2025-09-13T05:34:46Z,CPA383,"47.585796,8.39147",3875,191,132
1757741688,2025-09-13T05:34:48Z,CPA383,"47.584568,8.393563",3850,191,132
1757741690,2025-09-13T05:34:50Z,CPA383,"47.583466,8.395336",3825,192,132
1757741692,2025-09-13T05:34:52Z,CPA383,"47.581963,8.397732",3825,190,132
1757741694,2025-09-13T05:34:54Z,CPA383,"47.581116,8.399497",3800,188,132
1757741696,2025-09-13T05:34:56Z,CPA383,"47.579681,8.401637",3775,188,132
1757741698,2025-09-13T05:34:58Z,CPA383,"47.578743,8.403394",3775,186,133
1757741700,2025-09-13T05:35:00Z,CPA383,"47.577171,8.405656",3750,183,134
1757741702,2025-09-13T05:35:02Z,CPA383,"47.576115,8.407404",3725,182,134
1757741712,2025-09-13T05:35:12Z,CPA383,"47.570313,8.415545",3575,176,136
1757741718,2025-09-13T05:35:18Z,CPA383,"47.56686,8.420332",3475,173,137
1757741721,2025-09-13T05:35:21Z,CPA383,"47.565727,8.421992",3450,172,137
1757741723,2025-09-13T05:35:23Z,CPA383,"47.564285,8.424018",3400,171,137
1757741725,2025-09-13T05:35:25Z,CPA383,"47.56308,8.425399",3375,169,137
1757741733,2025-09-13T05:35:33Z,CPA383,"47.558121,8.432132",3225,167,137
1757741740,2025-09-13T05:35:40Z,CPA383,"47.554726,8.43691",3125,166,137
1757741748,2025-09-13T05:35:48Z,CPA383,"47.549713,8.443547",3025,168,136
1757741758,2025-09-13T05:35:58Z,CPA383,"47.543396,8.453322",2875,166,136
1757741765,2025-09-13T05:36:05Z,CPA383,"47.539059,8.460648",2750,162,136
1757741774,2025-09-13T05:36:14Z,CPA383,"47.534939,8.465203",2650,159,137
1757741781,2025-09-13T05:36:21Z,CPA383,"47.532097,8.468283",2525,160,137
1757741788,2025-09-13T05:36:28Z,CPA383,"47.527157,8.474822",2450,155,137
1757741797,2025-09-13T05:36:37Z,CPA383,"47.523033,8.480417",2325,150,136
1757741805,2025-09-13T05:36:45Z,CPA383,"47.51857,8.494333",2200,142,136
1757741813,2025-09-13T05:36:53Z,CPA383,"47.514954,8.499298",2125,140,137
1757741822,2025-09-13T05:37:02Z,CPA383,"47.511261,8.504404",2025,140,137
1757741830,2025-09-13T05:37:10Z,CPA383,"47.506744,8.510672",1925,141,137
1757741839,2025-09-13T05:37:19Z,CPA383,"47.502731,8.51619",1825,142,136
1757741848,2025-09-13T05:37:28Z,CPA383,"47.497852,8.522856",1675,144,136
1757741860,2025-09-13T05:37:40Z,CPA383,"47.492432,8.530266",1550,145,136
1757741875,2025-09-13T05:37:55Z,CPA383,"47.488586,8.535622",1450,70,137
1757741885,2025-09-13T05:38:05Z,CPA383,"47.479839,8.547575",1200,145,136
