Timestamp,UTC,Callsign,Position,Altitude,Speed,Direction
1757696656,2025-09-12T17:04:16Z,CPA233,"22.316906,113.928871",0,1,340
1757696717,2025-09-12T17:05:17Z,CPA233,"22.317123,113.928795",0,2,340
1757696731,2025-09-12T17:05:31Z,CPA233,"22.317341,113.928719",0,5,340
1757696743,2025-09-12T17:05:43Z,CPA233,"22.317667,113.928581",0,7,337
1757696751,2025-09-12T17:05:51Z,CPA233,"22.317833,113.928322",0,8,309
1757696759,2025-09-12T17:05:59Z,CPA233,"22.317806,113.927979",0,9,272
1757696768,2025-09-12T17:06:08Z,CPA233,"22.317696,113.927612",0,10,255
1757696783,2025-09-12T17:06:23Z,CPA233,"22.317446,113.926834",0,0,250
1757696788,2025-09-12T17:06:28Z,CPA233,"22.317364,113.926567",0,11,250
1757696794,2025-09-12T17:06:34Z,CPA233,"22.31727,113.9263",0,11,250
1757696803,2025-09-12T17:06:43Z,CPA233,"22.317131,113.925873",0,10,250
1757696811,2025-09-12T17:06:51Z,CPA233,"22.317038,113.925591",0,10,250
1757696821,2025-09-12T17:07:01Z,CPA233,"22.316837,113.924965",0,11,250
1757696828,2025-09-12T17:07:08Z,CPA233,"22.316723,113.924591",0,11,250
1757696836,2025-09-12T17:07:16Z,CPA233,"22.316643,113.924347",0,11,250
1757696842,2025-09-12T17:07:22Z,CPA233,"22.316479,113.923851",0,12,250
1757696849,2025-09-12T17:07:29Z,CPA233,"22.316374,113.923508",0,12,250
1757696856,2025-09-12T17:07:36Z,CPA233,"22.316219,113.923027",0,13,250
1757696870,2025-09-12T17:07:50Z,CPA233,"22.315933,113.922119",0,13,250
1757696879,2025-09-12T17:07:59Z,CPA233,"22.315781,113.921661",0,13,250
1757696886,2025-09-12T17:08:06Z,CPA233,"22.315641,113.921219",0,11,250
1757696893,2025-09-12T17:08:13Z,CPA233,"22.315502,113.92086",0,10,244
1757696899,2025-09-12T17:08:19Z,CPA233,"22.315292,113.920692",0,10,222
1757696902,2025-09-12T17:08:22Z,CPA233,"22.315086,113.920692",0,11,194
1757696909,2025-09-12T17:08:29Z,CPA233,"22.314768,113.920799",0,10,168
1757696916,2025-09-12T17:08:36Z,CPA233,"22.31448,113.920891",0,10,163
1757696924,2025-09-12T17:08:44Z,CPA233,"22.314148,113.921021",0,9,160
1757696931,2025-09-12T17:08:51Z,CPA233,"22.313885,113.921104",0,0,160
1757696936,2025-09-12T17:08:56Z,CPA233,"22.313675,113.921188",0,9,160
1757696942,2025-09-12T17:09:02Z,CPA233,"22.313461,113.921272",0,9,160
1757696951,2025-09-12T17:09:11Z,CPA233,"22.313049,113.921432",0,10,160
1757696957,2025-09-12T17:09:17Z,CPA233,"22.312767,113.921532",0,11,160
1757696964,2025-09-12T17:09:24Z,CPA233,"22.312395,113.921677",0,12,160
1757696972,2025-09-12T17:09:32Z,CPA233,"22.311998,113.921814",0,13,160
1757696978,2025-09-12T17:09:38Z,CPA233,"22.311567,113.921967",0,14,160
1757696986,2025-09-12T17:09:46Z,CPA233,"22.311081,113.922157",0,15,160
1757696993,2025-09-12T17:09:53Z,CPA233,"22.310577,113.92234",0,15,160
1757697001,2025-09-12T17:10:01Z,CPA233,"22.310028,113.922539",0,16,160
1757697008,2025-09-12T17:10:08Z,CPA233,"22.309536,113.922729",0,16,160
1757697015,2025-09-12T17:10:15Z,CPA233,"22.309044,113.92292",0,16,160
1757697022,2025-09-12T17:10:22Z,CPA233,"22.308517,113.923119",0,15,160
1757697029,2025-09-12T17:10:29Z,CPA233,"22.308111,113.923279",0,14,160
1757697036,2025-09-12T17:10:36Z,CPA233,"22.307728,113.923416",0,11,160
1757697041,2025-09-12T17:10:41Z,CPA233,"22.307518,113.92347",0,9,165
1757697046,2025-09-12T17:10:46Z,CPA233,"22.307308,113.923416",0,9,185
1757697053,2025-09-12T17:10:53Z,CPA233,"22.307123,113.923203",0,9,219
1757697058,2025-09-12T17:10:58Z,CPA233,"22.30703,113.922943",0,9,239
1757697064,2025-09-12T17:11:04Z,CPA233,"22.30695,113.922707",0,9,247
1757697069,2025-09-12T17:11:09Z,CPA233,"22.306881,113.92247",0,10,250
1757697074,2025-09-12T17:11:14Z,CPA233,"22.306808,113.922234",0,11,250
1757697080,2025-09-12T17:11:20Z,CPA233,"22.306715,113.921951",0,11,250
1757697086,2025-09-12T17:11:26Z,CPA233,"22.306564,113.921509",0,13,250
1757697095,2025-09-12T17:11:35Z,CPA233,"22.306366,113.920876",0,15,250
1757697102,2025-09-12T17:11:42Z,CPA233,"22.306204,113.920364",0,15,250
1757697109,2025-09-12T17:11:49Z,CPA233,"22.306057,113.919922",0,15,250
1757697117,2025-09-12T17:11:57Z,CPA233,"22.305855,113.919273",0,16,250
1757697124,2025-09-12T17:12:04Z,CPA233,"22.305668,113.918724",0,16,250
1757697131,2025-09-12T17:12:11Z,CPA233,"22.305496,113.918159",0,16,250
1757697138,2025-09-12T17:12:18Z,CPA233,"22.305307,113.917595",0,17,250
1757697146,2025-09-12T17:12:26Z,CPA233,"22.305084,113.916908",0,17,250
1757697153,2025-09-12T17:12:33Z,CPA233,"22.30489,113.91629",0,17,250
1757697160,2025-09-12T17:12:40Z,CPA233,"22.304701,113.915726",0,18,250
1757697167,2025-09-12T17:12:47Z,CPA233,"22.304539,113.915199",0,18,250
1757697174,2025-09-12T17:12:54Z,CPA233,"22.304329,113.914543",0,18,250
1757697181,2025-09-12T17:13:01Z,CPA233,"22.304123,113.913925",0,18,250
1757697188,2025-09-12T17:13:08Z,CPA233,"22.303928,113.913307",0,18,250
1757697195,2025-09-12T17:13:15Z,CPA233,"22.303701,113.912605",0,19,250
1757697201,2025-09-12T17:13:21Z,CPA233,"22.303516,113.912056",0,19,250
1757697209,2025-09-12T17:13:29Z,CPA233,"22.303288,113.911331",0,19,250
1757697218,2025-09-12T17:13:38Z,CPA233,"22.303036,113.910561",0,20,250
1757697225,2025-09-12T17:13:45Z,CPA233,"22.302818,113.909874",0,20,250
1757697233,2025-09-12T17:13:53Z,CPA233,"22.302549,113.909035",0,21,250
1757697241,2025-09-12T17:14:01Z,CPA233,"22.302328,113.908333",0,21,250
1757697248,2025-09-12T17:14:08Z,CPA233,"22.30204,113.907433",0,21,250
1757697255,2025-09-12T17:14:15Z,CPA233,"22.301851,113.906876",0,19,250
1757697263,2025-09-12T17:14:23Z,CPA233,"22.30196,113.907188",0,20,250
1757697272,2025-09-12T17:14:32Z,CPA233,"22.301338,113.905312",0,17,250
1757697279,2025-09-12T17:14:39Z,CPA233,"22.30117,113.904778",0,17,250
1757697286,2025-09-12T17:14:46Z,CPA233,"22.300976,113.904137",0,17,250
1757697293,2025-09-12T17:14:53Z,CPA233,"22.300804,113.903618",0,17,250
1757697301,2025-09-12T17:15:01Z,CPA233,"22.300581,113.902931",0,18,250
1757697307,2025-09-12T17:15:07Z,CPA233,"22.300407,113.902397",0,18,250
1757697314,2025-09-12T17:15:14Z,CPA233,"22.30022,113.90181",0,18,250
1757697321,2025-09-12T17:15:21Z,CPA233,"22.299992,113.901115",0,18,250
1757697329,2025-09-12T17:15:29Z,CPA233,"22.299809,113.900536",0,17,250
1757697335,2025-09-12T17:15:35Z,CPA233,"22.299648,113.900017",0,16,250
1757697342,2025-09-12T17:15:42Z,CPA233,"22.299477,113.899483",0,16,250
1757697350,2025-09-12T17:15:50Z,CPA233,"22.299294,113.898918",0,16,250
1757697358,2025-09-12T17:15:58Z,CPA233,"22.299065,113.898209",0,15,250
1757697369,2025-09-12T17:16:09Z,CPA233,"22.298847,113.897614",0,11,244
1757697375,2025-09-12T17:16:15Z,CPA233,"22.29863,113.897408",0,11,222
1757697379,2025-09-12T17:16:19Z,CPA233,"22.298401,113.897377",0,11,196
1757697389,2025-09-12T17:16:29Z,CPA233,"22.297964,113.897499",0,10,168
1757697397,2025-09-12T17:16:37Z,CPA233,"22.297668,113.897598",0,10,163
1757697401,2025-09-12T17:16:41Z,CPA233,"22.297428,113.897682",0,10,160
1757697407,2025-09-12T17:16:47Z,CPA233,"22.297207,113.897758",0,10,160
1757697411,2025-09-12T17:16:51Z,CPA233,"22.296951,113.897858",0,11,160
1757697421,2025-09-12T17:17:01Z,CPA233,"22.296497,113.898033",0,10,160
1757697433,2025-09-12T17:17:13Z,CPA233,"22.296284,113.898399",0,7,109
1757697442,2025-09-12T17:17:22Z,CPA233,"22.29641,113.898621",0,6,75
1757697456,2025-09-12T17:17:36Z,CPA233,"22.296547,113.899025",0,9,70
1757697459,2025-09-12T17:17:39Z,CPA233,"22.296616,113.899231",0,0,70
1757697463,2025-09-12T17:17:43Z,CPA233,"22.296787,113.899773",0,28,70
1757697464,2025-09-12T17:17:44Z,CPA233,"22.29689,113.900085",0,38,70
1757697465,2025-09-12T17:17:45Z,CPA233,"22.296986,113.900398",0,43,70
1757697467,2025-09-12T17:17:47Z,CPA233,"22.297068,113.900642",0,48,70
1757697468,2025-09-12T17:17:48Z,CPA233,"22.297218,113.901115",0,58,70
1757697469,2025-09-12T17:17:49Z,CPA233,"22.297323,113.901443",0,63,70
1757697476,2025-09-12T17:17:56Z,CPA233,"22.298243,113.90432",0,86,70
1757697485,2025-09-12T17:18:05Z,CPA233,"22.29982,113.909195",125,129,71
1757697493,2025-09-12T17:18:13Z,CPA233,"22.301826,113.915352",125,164,71
1757697502,2025-09-12T17:18:22Z,CPA233,"22.304123,113.922531",125,192,70
1757697509,2025-09-12T17:18:29Z,CPA233,"22.306229,113.92907",175,209,71
1757697517,2025-09-12T17:18:37Z,CPA233,"22.30895,113.937431",525,209,70
1757697525,2025-09-12T17:18:45Z,CPA233,"22.311722,113.945747",900,212,70
1757697534,2025-09-12T17:18:54Z,CPA233,"22.314444,113.953651",1300,211,70
1757697540,2025-09-12T17:19:00Z,CPA233,"22.316666,113.960381",1650,211,70
1757697548,2025-09-12T17:19:08Z,CPA233,"22.319424,113.969063",2050,213,71
1757697555,2025-09-12T17:19:15Z,CPA233,"22.321472,113.975578",2325,215,71
1757697563,2025-09-12T17:19:23Z,CPA233,"22.324125,113.983971",2700,216,71
1757697572,2025-09-12T17:19:32Z,CPA233,"22.326965,113.993019",3125,217,71
1757697578,2025-09-12T17:19:38Z,CPA233,"22.329107,113.99984",3350,216,71
1757697585,2025-09-12T17:19:45Z,CPA233,"22.331108,114.006195",3550,217,71
1757697593,2025-09-12T17:19:53Z,CPA233,"22.333761,114.014534",3775,217,70
1757697602,2025-09-12T17:20:02Z,CPA233,"22.33667,114.023552",4050,218,71
1757697610,2025-09-12T17:20:10Z,CPA233,"22.339022,114.032692",4275,219,77
1757697612,2025-09-12T17:20:12Z,CPA233,"22.339279,114.03479",4350,220,80
1757697615,2025-09-12T17:20:15Z,CPA233,"22.339487,114.037575",4400,219,84
1757697617,2025-09-12T17:20:17Z,CPA233,"22.339396,114.039612",4450,220,89
1757697619,2025-09-12T17:20:19Z,CPA233,"22.339188,114.041985",4500,219,95
1757697621,2025-09-12T17:20:21Z,CPA233,"22.338867,114.044029",4550,219,98
1757697623,2025-09-12T17:20:23Z,CPA233,"22.338318,114.046577",4600,219,102
1757697625,2025-09-12T17:20:25Z,CPA233,"22.337769,114.048721",4675,220,104
1757697627,2025-09-12T17:20:27Z,CPA233,"22.337114,114.05085",4725,220,107
1757697630,2025-09-12T17:20:30Z,CPA233,"22.336136,114.05365",4800,220,110
1757697632,2025-09-12T17:20:32Z,CPA233,"22.335434,114.055313",4825,220,112
1757697634,2025-09-12T17:20:34Z,CPA233,"22.33429,114.057762",4900,222,115
1757697636,2025-09-12T17:20:36Z,CPA233,"22.333296,114.059753",4950,222,116
1757697638,2025-09-12T17:20:38Z,CPA233,"22.33218,114.06179",5025,221,120
1757697640,2025-09-12T17:20:40Z,CPA233,"22.331314,114.063301",5075,222,122
1757697642,2025-09-12T17:20:42Z,CPA233,"22.329666,114.065704",5150,222,123
1757697644,2025-09-12T17:20:44Z,CPA233,"22.328659,114.067047",5200,221,127
1757697646,2025-09-12T17:20:46Z,CPA233,"22.327011,114.069145",5250,222,130
1757697648,2025-09-12T17:20:48Z,CPA233,"22.325546,114.070793",5325,222,132
1757697651,2025-09-12T17:20:51Z,CPA233,"22.323944,114.072395",5375,223,135
1757697653,2025-09-12T17:20:53Z,CPA233,"22.322124,114.07415",5450,223,137
1757697655,2025-09-12T17:20:55Z,CPA233,"22.320541,114.075417",5500,224,140
1757697657,2025-09-12T17:20:57Z,CPA233,"22.318913,114.076691",5550,224,142
1757697659,2025-09-12T17:20:59Z,CPA233,"22.316757,114.078186",5600,225,146
1757697661,2025-09-12T17:21:01Z,CPA233,"22.315327,114.079185",5650,226,147
1757697663,2025-09-12T17:21:03Z,CPA233,"22.312912,114.080635",5700,227,150
1757697665,2025-09-12T17:21:05Z,CPA233,"22.311127,114.081581",5725,229,152
1757697667,2025-09-12T17:21:07Z,CPA233,"22.308809,114.082741",5750,230,154
1757697670,2025-09-12T17:21:10Z,CPA233,"22.306808,114.083656",5775,232,156
1757697672,2025-09-12T17:21:12Z,CPA233,"22.304667,114.084473",5825,234,158
1757697674,2025-09-12T17:21:14Z,CPA233,"22.302433,114.085236",5850,236,162
1757697676,2025-09-12T17:21:16Z,CPA233,"22.299826,114.085945",5900,238,164
1757697678,2025-09-12T17:21:18Z,CPA233,"22.297638,114.086456",5925,239,167
1757697680,2025-09-12T17:21:20Z,CPA233,"22.295542,114.086815",5975,242,169
1757697682,2025-09-12T17:21:22Z,CPA233,"22.292679,114.087227",6025,243,172
1757697685,2025-09-12T17:21:25Z,CPA233,"22.290848,114.087326",6050,243,174
1757697687,2025-09-12T17:21:27Z,CPA233,"22.288467,114.087425",6075,246,177
1757697689,2025-09-12T17:21:29Z,CPA233,"22.286133,114.087471",6100,248,178
1757697691,2025-09-12T17:21:31Z,CPA233,"22.283253,114.087471",6150,250,180
1757697693,2025-09-12T17:21:33Z,CPA233,"22.280869,114.087425",6200,251,180
1757697695,2025-09-12T17:21:35Z,CPA233,"22.278259,114.087372",6250,253,180
1757697697,2025-09-12T17:21:37Z,CPA233,"22.275618,114.087318",6300,254,180
1757697699,2025-09-12T17:21:39Z,CPA233,"22.273245,114.087318",6325,254,180
1757697702,2025-09-12T17:21:42Z,CPA233,"22.270935,114.087273",6375,256,180
1757697704,2025-09-12T17:21:44Z,CPA233,"22.267891,114.087273",6425,256,180
1757697706,2025-09-12T17:21:46Z,CPA233,"22.265377,114.087273",6450,258,180
1757697708,2025-09-12T17:21:48Z,CPA233,"22.262491,114.087273",6500,259,180
1757697710,2025-09-12T17:21:50Z,CPA233,"22.260452,114.087273",6525,261,180
1757697723,2025-09-12T17:22:03Z,CPA233,"22.244196,114.08712",6750,269,180
1757697737,2025-09-12T17:22:17Z,CPA233,"22.225994,114.086708",7100,272,181
1757697750,2025-09-12T17:22:30Z,CPA233,"22.210165,114.086403",7375,278,181
1757697763,2025-09-12T17:22:43Z,CPA233,"22.192522,114.087273",7575,287,171
1757697768,2025-09-12T17:22:48Z,CPA233,"22.186935,114.088974",7625,290,161
1757697772,2025-09-12T17:22:52Z,CPA233,"22.1819,114.091423",7675,290,155
1757697775,2025-09-12T17:22:55Z,CPA233,"22.179441,114.092964",7725,291,149
1757697777,2025-09-12T17:22:57Z,CPA233,"22.176178,114.095467",7750,292,146
1757697779,2025-09-12T17:22:59Z,CPA233,"22.175066,114.096375",7775,292,143
1757697782,2025-09-12T17:23:02Z,CPA233,"22.171646,114.099663",7825,294,138
1757697784,2025-09-12T17:23:04Z,CPA233,"22.169432,114.102119",7850,296,138
1757697787,2025-09-12T17:23:07Z,CPA233,"22.166452,114.106041",7900,297,130
1757697790,2025-09-12T17:23:10Z,CPA233,"22.164276,114.109398",7925,298,124
1757697794,2025-09-12T17:23:14Z,CPA233,"22.1611,114.115807",8000,299,120
1757697799,2025-09-12T17:23:19Z,CPA233,"22.159191,114.121346",8050,303,110
1757697801,2025-09-12T17:23:21Z,CPA233,"22.158371,114.124481",8075,304,107
1757697804,2025-09-12T17:23:24Z,CPA233,"22.157515,114.129692",8150,304,105
1757697807,2025-09-12T17:23:27Z,CPA233,"22.156998,114.134163",8225,307,98
1757697809,2025-09-12T17:23:29Z,CPA233,"22.156723,114.137169",8250,308,96
1757697811,2025-09-12T17:23:31Z,CPA233,"22.156494,114.140312",8325,310,94
1757697813,2025-09-12T17:23:33Z,CPA233,"22.156258,114.143623",8375,310,94
1757697815,2025-09-12T17:23:35Z,CPA233,"22.156036,114.146652",8450,310,94
1757697818,2025-09-12T17:23:38Z,CPA233,"22.155762,114.150696",8525,310,94
1757697820,2025-09-12T17:23:40Z,CPA233,"22.15556,114.153694",8600,311,94
1757697822,2025-09-12T17:23:42Z,CPA233,"22.155396,114.156891",8650,311,93
1757697824,2025-09-12T17:23:44Z,CPA233,"22.155188,114.16021",8725,312,93
1757697826,2025-09-12T17:23:46Z,CPA233,"22.154984,114.163879",8800,312,93
1757697828,2025-09-12T17:23:48Z,CPA233,"22.154816,114.166771",8875,312,93
1757697830,2025-09-12T17:23:50Z,CPA233,"22.154617,114.170723",8950,314,93
1757697833,2025-09-12T17:23:53Z,CPA233,"22.154442,114.17379",9025,313,93
1757697835,2025-09-12T17:23:55Z,CPA233,"22.154303,114.17704",9075,314,93
1757697848,2025-09-12T17:24:08Z,CPA233,"22.153419,114.197136",9400,320,92
1757697862,2025-09-12T17:24:22Z,CPA233,"22.152302,114.221039",9825,323,93
1757697875,2025-09-12T17:24:35Z,CPA233,"22.151917,114.242279",10275,324,88
1757697888,2025-09-12T17:24:48Z,CPA233,"22.153702,114.26281",10675,325,82
1757697892,2025-09-12T17:24:52Z,CPA233,"22.154163,114.265953",10750,325,82
1757697897,2025-09-12T17:24:57Z,CPA233,"22.15584,114.275414",10925,327,78
1757697899,2025-09-12T17:24:59Z,CPA233,"22.156677,114.279488",11000,328,77
1757697901,2025-09-12T17:25:01Z,CPA233,"22.157608,114.283752",11100,328,76
1757697904,2025-09-12T17:25:04Z,CPA233,"22.158493,114.28772",11175,330,76
1757697906,2025-09-12T17:25:06Z,CPA233,"22.159241,114.29097",11225,329,76
1757697908,2025-09-12T17:25:08Z,CPA233,"22.159927,114.29422",11300,329,76
1757697919,2025-09-12T17:25:19Z,CPA233,"22.164597,114.312141",11625,330,71
1757697921,2025-09-12T17:25:21Z,CPA233,"22.165787,114.315193",11700,332,69
1757697923,2025-09-12T17:25:23Z,CPA233,"22.167023,114.318085",11750,332,65
1757697925,2025-09-12T17:25:25Z,CPA233,"22.168716,114.321632",11825,332,63
1757697928,2025-09-12T17:25:28Z,CPA233,"22.170223,114.32444",11875,333,60
1757697930,2025-09-12T17:25:30Z,CPA233,"22.172562,114.328323",11950,334,58
1757697932,2025-09-12T17:25:32Z,CPA233,"22.17432,114.330956",12025,335,55
1757697934,2025-09-12T17:25:34Z,CPA233,"22.176224,114.333519",12075,336,52
1757697936,2025-09-12T17:25:36Z,CPA233,"22.17865,114.336548",12125,337,49
1757697938,2025-09-12T17:25:38Z,CPA233,"22.180893,114.339012",12175,338,46
1757697941,2025-09-12T17:25:41Z,CPA233,"22.183258,114.341431",12250,339,44
1757697943,2025-09-12T17:25:43Z,CPA233,"22.185865,114.343872",12300,340,41
1757697945,2025-09-12T17:25:45Z,CPA233,"22.188286,114.345856",12350,342,38
1757697947,2025-09-12T17:25:47Z,CPA233,"22.19165,114.348297",12425,342,35
1757697949,2025-09-12T17:25:49Z,CPA233,"22.194489,114.350197",12475,344,31
1757697951,2025-09-12T17:25:51Z,CPA233,"22.197464,114.351944",12525,345,29
1757697953,2025-09-12T17:25:53Z,CPA233,"22.200211,114.35334",12575,346,26
1757697955,2025-09-12T17:25:55Z,CPA233,"22.203735,114.354988",12650,346,23
1757697958,2025-09-12T17:25:58Z,CPA233,"22.20579,114.355827",12675,347,20
1757697960,2025-09-12T17:26:00Z,CPA233,"22.210772,114.357452",12750,348,18
1757697962,2025-09-12T17:26:02Z,CPA233,"22.213852,114.358238",12800,350,14
1757697964,2025-09-12T17:26:04Z,CPA233,"22.21788,114.359085",12850,351,11
1757697967,2025-09-12T17:26:07Z,CPA233,"22.221384,114.359589",12925,353,8
1757697969,2025-09-12T17:26:09Z,CPA233,"22.224243,114.359886",12950,354,6
1757697971,2025-09-12T17:26:11Z,CPA233,"22.22711,114.360146",13000,354,5
1757697973,2025-09-12T17:26:13Z,CPA233,"22.231068,114.360504",13075,356,4
1757697975,2025-09-12T17:26:15Z,CPA233,"22.233627,114.360733",13125,356,4
1757697977,2025-09-12T17:26:17Z,CPA233,"22.237885,114.361084",13200,356,4
1757697979,2025-09-12T17:26:19Z,CPA233,"22.241449,114.36132",13250,355,4
1757697981,2025-09-12T17:26:21Z,CPA233,"22.245405,114.361572",13325,356,3
1757697983,2025-09-12T17:26:23Z,CPA233,"22.248596,114.361786",13375,356,3
1757697985,2025-09-12T17:26:25Z,CPA233,"22.251829,114.361977",13450,356,3
1757697987,2025-09-12T17:26:27Z,CPA233,"22.255135,114.362183",13500,358,2
1757697989,2025-09-12T17:26:29Z,CPA233,"22.258301,114.362282",13550,358,1
1757697992,2025-09-12T17:26:32Z,CPA233,"22.262558,114.362335",13625,359,1
1757697994,2025-09-12T17:26:34Z,CPA233,"22.265936,114.362236",13675,360,359
1757697996,2025-09-12T17:26:36Z,CPA233,"22.269379,114.362083",13700,361,357
1757697998,2025-09-12T17:26:38Z,CPA233,"22.272825,114.361778",13725,363,355
1757698000,2025-09-12T17:26:40Z,CPA233,"22.276749,114.361282",13750,363,354
1757698003,2025-09-12T17:26:43Z,CPA233,"22.281019,114.360657",13775,366,352
1757698005,2025-09-12T17:26:45Z,CPA233,"22.283718,114.3601",13800,368,350
1757698007,2025-09-12T17:26:47Z,CPA233,"22.287643,114.359184",13825,368,348
1757698009,2025-09-12T17:26:49Z,CPA233,"22.291809,114.35804",13850,370,346
1757698011,2025-09-12T17:26:51Z,CPA233,"22.295105,114.356941",13875,372,344
1757698013,2025-09-12T17:26:53Z,CPA233,"22.298584,114.35569",13900,374,341
1757698015,2025-09-12T17:26:55Z,CPA233,"22.302059,114.354301",13925,374,339
1757698017,2025-09-12T17:26:57Z,CPA233,"22.305359,114.352791",13975,375,337
1757698020,2025-09-12T17:27:00Z,CPA233,"22.309368,114.350739",14025,377,335
1757698022,2025-09-12T17:27:02Z,CPA233,"22.311882,114.349365",14050,378,333
1757698024,2025-09-12T17:27:04Z,CPA233,"22.315201,114.34745",14100,379,331
1757698026,2025-09-12T17:27:06Z,CPA233,"22.319092,114.344856",14150,380,329
1757698028,2025-09-12T17:27:08Z,CPA233,"22.322205,114.342705",14175,382,327
1757698030,2025-09-12T17:27:10Z,CPA233,"22.325336,114.340309",14200,382,325
1757698033,2025-09-12T17:27:13Z,CPA233,"22.328035,114.338127",14225,384,323
1757698035,2025-09-12T17:27:15Z,CPA233,"22.33168,114.334915",14250,384,321
1757698037,2025-09-12T17:27:17Z,CPA233,"22.33432,114.332481",14275,385,320
1757698039,2025-09-12T17:27:19Z,CPA233,"22.337402,114.329674",14325,386,319
1757698041,2025-09-12T17:27:21Z,CPA233,"22.340012,114.327278",14350,387,319
1757698043,2025-09-12T17:27:23Z,CPA233,"22.342793,114.324699",14400,388,319
1757698046,2025-09-12T17:27:26Z,CPA233,"22.34568,114.321999",14450,389,319
1757698048,2025-09-12T17:27:28Z,CPA233,"22.349125,114.318848",14500,389,319
1757698050,2025-09-12T17:27:30Z,CPA233,"22.352463,114.315689",14550,390,319
1757698052,2025-09-12T17:27:32Z,CPA233,"22.35499,114.313301",14600,390,318
1757698054,2025-09-12T17:27:34Z,CPA233,"22.35755,114.31086",14650,391,318
1757698057,2025-09-12T17:27:37Z,CPA233,"22.361227,114.30735",14700,392,318
1757698087,2025-09-12T17:28:07Z,CPA233,"22.402725,114.267204",15225,405,317
1757698119,2025-09-12T17:28:39Z,CPA233,"22.447815,114.223686",15750,418,318
1757698151,2025-09-12T17:29:11Z,CPA233,"22.494827,114.178764",16525,424,318
1757698181,2025-09-12T17:29:41Z,CPA233,"22.541794,114.138062",17325,427,325
1757698189,2025-09-12T17:29:49Z,CPA233,"22.555443,114.12867",17525,427,328
1757698192,2025-09-12T17:29:52Z,CPA233,"22.559647,114.125977",17575,428,328
1757698194,2025-09-12T17:29:54Z,CPA233,"22.562897,114.123932",17600,428,329
1757698196,2025-09-12T17:29:56Z,CPA233,"22.566376,114.121834",17650,429,330
1757698198,2025-09-12T17:29:58Z,CPA233,"22.570154,114.119621",17725,429,331
1757698200,2025-09-12T17:30:00Z,CPA233,"22.573792,114.117584",17775,429,332
1757698202,2025-09-12T17:30:02Z,CPA233,"22.577415,114.115547",17825,430,332
1757698204,2025-09-12T17:30:04Z,CPA233,"22.581802,114.113243",17900,429,333
1757698207,2025-09-12T17:30:07Z,CPA233,"22.586472,114.110847",17950,430,334
1757698209,2025-09-12T17:30:09Z,CPA233,"22.589474,114.109291",18000,430,334
1757698241,2025-09-12T17:30:41Z,CPA233,"22.648037,114.079079",18900,430,334
1757698274,2025-09-12T17:31:14Z,CPA233,"22.70668,114.049171",19600,435,334
1757698306,2025-09-12T17:31:46Z,CPA233,"22.766098,114.018806",20300,440,334
1757698338,2025-09-12T17:32:18Z,CPA233,"22.825104,113.988495",20950,444,334
1757698370,2025-09-12T17:32:50Z,CPA233,"22.884933,113.957588",21625,448,334
1757698400,2025-09-12T17:33:20Z,CPA233,"22.941547,113.928276",22225,452,334
1757698432,2025-09-12T17:33:52Z,CPA233,"23.00354,113.895912",22775,456,334
1757698463,2025-09-12T17:34:23Z,CPA233,"23.06369,113.863754",23325,462,331
1757698481,2025-09-12T17:34:41Z,CPA233,"23.094519,113.842262",23575,466,324
1757698483,2025-09-12T17:34:43Z,CPA233,"23.098251,113.839287",23600,466,324
1757698485,2025-09-12T17:34:45Z,CPA233,"23.101967,113.836212",23625,467,323
1757698487,2025-09-12T17:34:47Z,CPA233,"23.105692,113.833008",23650,468,322
1757698490,2025-09-12T17:34:50Z,CPA233,"23.110113,113.829193",23700,468,321
1757698492,2025-09-12T17:34:52Z,CPA233,"23.113541,113.826103",23725,469,320
1757698494,2025-09-12T17:34:54Z,CPA233,"23.11677,113.823143",23750,470,319
1757698496,2025-09-12T17:34:56Z,CPA233,"23.119949,113.820107",23775,471,318
1757698499,2025-09-12T17:34:59Z,CPA233,"23.124079,113.816017",23800,470,318
1757698502,2025-09-12T17:35:02Z,CPA233,"23.13027,113.809715",23850,471,316
1757698505,2025-09-12T17:35:05Z,CPA233,"23.134094,113.805672",23900,472,316
1757698537,2025-09-12T17:35:37Z,CPA233,"23.185993,113.751678",24325,478,315
1757698568,2025-09-12T17:36:08Z,CPA233,"23.233896,113.697762",24725,486,310
1757698598,2025-09-12T17:36:38Z,CPA233,"23.27449,113.638237",25200,491,303
1757698630,2025-09-12T17:37:10Z,CPA233,"23.309217,113.569183",25600,494,295
1757698662,2025-09-12T17:37:42Z,CPA233,"23.3412,113.497162",25775,492,296
1757698694,2025-09-12T17:38:14Z,CPA233,"23.374237,113.428497",26250,495,298
1757698726,2025-09-12T17:38:46Z,CPA233,"23.409668,113.357979",26625,499,298
1757698756,2025-09-12T17:39:16Z,CPA233,"23.443222,113.291214",27025,504,298
1757698790,2025-09-12T17:39:50Z,CPA233,"23.481216,113.215408",27475,508,298
1757698823,2025-09-12T17:40:23Z,CPA233,"23.518471,113.141022",27600,507,298
1757698854,2025-09-12T17:40:54Z,CPA233,"23.541048,113.095757",27600,506,298
1757698890,2025-09-12T17:41:30Z,CPA233,"23.593885,112.99205",27600,504,302
1757698907,2025-09-12T17:41:47Z,CPA233,"23.614601,112.957954",27600,503,303
1757698974,2025-09-12T17:42:54Z,CPA233,"23.702087,112.821709",27600,516,306
1757699014,2025-09-12T17:43:34Z,CPA233,"23.749043,112.753571",27600,516,307
1757699049,2025-09-12T17:44:09Z,CPA233,"23.79862,112.680344",27600,517,306
1757699083,2025-09-12T17:44:43Z,CPA233,"23.845184,112.610474",27600,518,306
1757699113,2025-09-12T17:45:13Z,CPA233,"23.888233,112.545341",27600,520,306
1757699147,2025-09-12T17:45:47Z,CPA233,"23.933029,112.477364",27600,521,306
1757699188,2025-09-12T17:46:28Z,CPA233,"24.008606,112.362267",27600,522,305
1757699220,2025-09-12T17:47:00Z,CPA233,"24.053192,112.294464",27600,520,305
1757699246,2025-09-12T17:47:26Z,CPA233,"24.075466,112.260582",27600,520,306
1757699275,2025-09-12T17:47:55Z,CPA233,"24.116247,112.198654",27600,520,306
1757699317,2025-09-12T17:48:37Z,CPA233,"24.175278,112.108818",27600,522,306
1757699351,2025-09-12T17:49:11Z,CPA233,"24.221968,112.037849",27600,523,306
1757699393,2025-09-12T17:49:53Z,CPA233,"24.282619,111.945351",27600,523,306
1757699428,2025-09-12T17:50:28Z,CPA233,"24.330551,111.872101",27600,520,306
1757699461,2025-09-12T17:51:01Z,CPA233,"24.377079,111.801018",27600,518,305
1757699495,2025-09-12T17:51:35Z,CPA233,"24.425632,111.726707",27600,518,306
1757699549,2025-09-12T17:52:29Z,CPA233,"24.4991,111.614075",27600,518,306
1757699577,2025-09-12T17:52:57Z,CPA233,"24.539566,111.551872",27600,518,305
1757699611,2025-09-12T17:53:31Z,CPA233,"24.586798,111.479103",27600,516,305
1757699649,2025-09-12T17:54:09Z,CPA233,"24.639771,111.3974",27600,516,305
1757699689,2025-09-12T17:54:49Z,CPA233,"24.694839,111.31234",27600,516,305
1757699728,2025-09-12T17:55:28Z,CPA233,"24.74708,111.231552",27600,515,306
1757699761,2025-09-12T17:56:01Z,CPA233,"24.794094,111.158684",27600,514,305
1757699791,2025-09-12T17:56:31Z,CPA233,"24.835665,111.094215",27600,517,305
1757699826,2025-09-12T17:57:06Z,CPA233,"24.884354,111.018623",27600,517,305
1757699861,2025-09-12T17:57:41Z,CPA233,"24.932261,110.943932",27600,516,305
1757699901,2025-09-12T17:58:21Z,CPA233,"24.987753,110.857544",27600,517,305
1757699936,2025-09-12T17:58:56Z,CPA233,"25.036306,110.78157",27600,518,305
1757699971,2025-09-12T17:59:31Z,CPA233,"25.084167,110.706688",27600,514,305
1757700010,2025-09-12T18:00:10Z,CPA233,"25.137232,110.623566",27600,513,305
1757700040,2025-09-12T18:00:40Z,CPA233,"25.17824,110.559196",27600,512,305
1757700075,2025-09-12T18:01:15Z,CPA233,"25.225708,110.484566",27600,510,305
1757700110,2025-09-12T18:01:50Z,CPA233,"25.273443,110.409485",27600,508,305
1757700145,2025-09-12T18:02:25Z,CPA233,"25.320282,110.335594",27600,507,305
1757700189,2025-09-12T18:03:09Z,CPA233,"25.379349,110.242363",27600,507,305
1757700229,2025-09-12T18:03:49Z,CPA233,"25.433023,110.157532",27600,507,305
1757700264,2025-09-12T18:04:24Z,CPA233,"25.480551,110.082077",27600,510,305
1757700299,2025-09-12T18:04:59Z,CPA233,"25.527431,110.007607",27600,512,304
1757700333,2025-09-12T18:05:33Z,CPA233,"25.573654,109.934135",27600,510,305
1757700367,2025-09-12T18:06:07Z,CPA233,"25.61993,109.860428",27600,511,305
1757700396,2025-09-12T18:06:36Z,CPA233,"25.657196,109.801125",27600,513,305
1757700425,2025-09-12T18:07:05Z,CPA233,"25.6978,109.736183",27600,512,305
1757700460,2025-09-12T18:07:40Z,CPA233,"25.744738,109.661018",27600,510,304
1757700485,2025-09-12T18:08:05Z,CPA233,"25.7736,109.604172",27600,509,295
1757700504,2025-09-12T18:08:24Z,CPA233,"25.791367,109.557137",27600,510,292
1757700539,2025-09-12T18:08:59Z,CPA233,"25.827351,109.477226",27600,509,298
1757700574,2025-09-12T18:09:34Z,CPA233,"25.86607,109.39444",27600,509,298
1757700609,2025-09-12T18:10:09Z,CPA233,"25.903946,109.313545",27600,511,297
1757700644,2025-09-12T18:10:44Z,CPA233,"25.941607,109.233101",27600,510,298
1757700678,2025-09-12T18:11:18Z,CPA233,"25.978708,109.153763",27600,511,298
1757700703,2025-09-12T18:11:43Z,CPA233,"26.001146,109.093765",27600,512,288
1757700708,2025-09-12T18:11:48Z,CPA233,"26.004589,109.081589",27600,512,287
1757700713,2025-09-12T18:11:53Z,CPA233,"26.00807,109.068787",27600,512,287
1757700742,2025-09-12T18:12:22Z,CPA233,"26.027218,108.994408",27600,512,286
1757700771,2025-09-12T18:12:51Z,CPA233,"26.04537,108.92231",27600,511,286
1757700805,2025-09-12T18:13:25Z,CPA233,"26.066669,108.838814",27600,511,286
1757700847,2025-09-12T18:14:07Z,CPA233,"26.095051,108.729507",27600,511,286
1757700882,2025-09-12T18:14:42Z,CPA233,"26.11846,108.642059",27600,509,287
1757700911,2025-09-12T18:15:11Z,CPA233,"26.137819,108.569588",27600,509,287
1757700945,2025-09-12T18:15:45Z,CPA233,"26.16082,108.483917",27600,508,287
1757700978,2025-09-12T18:16:18Z,CPA233,"26.18605,108.407753",27600,510,292
1757701014,2025-09-12T18:16:54Z,CPA233,"26.22267,108.320221",27600,511,296
1757701047,2025-09-12T18:17:27Z,CPA233,"26.25806,108.238503",27600,512,296
1757701077,2025-09-12T18:17:57Z,CPA233,"26.288513,108.16806",27600,512,296
1757701117,2025-09-12T18:18:37Z,CPA233,"26.32976,108.07251",27600,512,295
1757701151,2025-09-12T18:19:11Z,CPA233,"26.36342,107.994072",27600,510,296
1757701188,2025-09-12T18:19:48Z,CPA233,"26.40196,107.904068",27600,509,296
1757701223,2025-09-12T18:20:23Z,CPA233,"26.437775,107.820602",27600,510,295
1757701258,2025-09-12T18:20:58Z,CPA233,"26.472977,107.738205",27600,510,295
1757701293,2025-09-12T18:21:33Z,CPA233,"26.508316,107.655495",27600,509,296
1757701326,2025-09-12T18:22:06Z,CPA233,"26.541849,107.576492",27600,507,296
1757701369,2025-09-12T18:22:49Z,CPA233,"26.584448,107.476135",27600,505,295
1757701403,2025-09-12T18:23:23Z,CPA233,"26.61857,107.395477",27600,506,295
1757701437,2025-09-12T18:23:57Z,CPA233,"26.652283,107.315643",27600,508,295
1757701467,2025-09-12T18:24:27Z,CPA233,"26.682404,107.244652",27600,505,296
1757701502,2025-09-12T18:25:02Z,CPA233,"26.717468,107.161369",27600,506,296
1757701542,2025-09-12T18:25:42Z,CPA233,"26.75766,107.066795",27600,510,295
1757701577,2025-09-12T18:26:17Z,CPA233,"26.792816,106.983932",27600,500,295
1757701612,2025-09-12T18:26:52Z,CPA233,"26.826096,106.905731",27600,496,295
1757701646,2025-09-12T18:27:26Z,CPA233,"26.868713,106.829399",27600,496,309
1757701651,2025-09-12T18:27:31Z,CPA233,"26.876404,106.819496",27600,497,311
1757701656,2025-09-12T18:27:36Z,CPA233,"26.884243,106.810242",27600,498,314
1757701661,2025-09-12T18:27:41Z,CPA233,"26.892157,106.801582",27600,497,316
1757701666,2025-09-12T18:27:46Z,CPA233,"26.90094,106.792603",27600,497,319
1757701701,2025-09-12T18:28:21Z,CPA233,"26.96166,106.732918",27600,495,319
1757701735,2025-09-12T18:28:55Z,CPA233,"27.020416,106.67543",27600,495,319
1757701770,2025-09-12T18:29:30Z,CPA233,"27.08061,106.616463",27600,494,319
1757701813,2025-09-12T18:30:13Z,CPA233,"27.154478,106.543983",27600,494,319
1757701843,2025-09-12T18:30:43Z,CPA233,"27.206177,106.493019",27600,496,319
1757701878,2025-09-12T18:31:18Z,CPA233,"27.266052,106.43399",27600,496,319
1757701913,2025-09-12T18:31:53Z,CPA233,"27.3251,106.376518",27600,497,320
1757701941,2025-09-12T18:32:21Z,CPA233,"27.375879,106.327217",27600,497,320
1757701976,2025-09-12T18:32:56Z,CPA233,"27.43684,106.267799",27600,500,319
1757702011,2025-09-12T18:33:31Z,CPA233,"27.49901,106.207207",27600,502,319
1757702051,2025-09-12T18:34:11Z,CPA233,"27.569,106.13871",27600,504,320
1757702091,2025-09-12T18:34:51Z,CPA233,"27.639549,106.069672",27600,501,319
1757702126,2025-09-12T18:35:26Z,CPA233,"27.699699,106.009773",27600,501,318
1757702166,2025-09-12T18:36:06Z,CPA233,"27.769867,105.938568",27600,502,318
1757702196,2025-09-12T18:36:36Z,CPA233,"27.821529,105.88549",27600,504,318
1757702239,2025-09-12T18:37:19Z,CPA233,"27.913979,105.790573",27600,501,317
1757702272,2025-09-12T18:37:52Z,CPA233,"27.969589,105.733902",27600,499,317
1757702292,2025-09-12T18:38:12Z,CPA233,"28.000671,105.702316",27600,498,317
1757702347,2025-09-12T18:39:07Z,CPA233,"28.07835,105.623306",28250,497,318
1757702383,2025-09-12T18:39:43Z,CPA233,"28.141569,105.558693",28800,497,318
1757702412,2025-09-12T18:40:12Z,CPA233,"28.18906,105.509727",29325,494,318
1757702446,2025-09-12T18:40:46Z,CPA233,"28.248505,105.447884",29850,494,317
1757702481,2025-09-12T18:41:21Z,CPA233,"28.30674,105.387054",30125,495,317
1757702515,2025-09-12T18:41:55Z,CPA233,"28.36409,105.327667",30100,496,318
1757702557,2025-09-12T18:42:37Z,CPA233,"28.435457,105.254143",30100,496,318
1757702591,2025-09-12T18:43:11Z,CPA233,"28.493834,105.194527",30100,496,318
1757702620,2025-09-12T18:43:40Z,CPA233,"28.543783,105.143631",30100,496,319
1757702654,2025-09-12T18:44:14Z,CPA233,"28.60025,105.086708",30100,497,318
1757702688,2025-09-12T18:44:48Z,CPA233,"28.66086,105.025742",30100,497,319
1757702717,2025-09-12T18:45:17Z,CPA233,"28.71081,104.976898",30075,497,323
1757702722,2025-09-12T18:45:22Z,CPA233,"28.721558,104.968979",30075,496,328
1757702727,2025-09-12T18:45:27Z,CPA233,"28.73106,104.963272",30100,497,333
1757702732,2025-09-12T18:45:32Z,CPA233,"28.741261,104.95826",30125,500,338
1757702737,2025-09-12T18:45:37Z,CPA233,"28.752756,104.953308",30125,500,339
1757702747,2025-09-12T18:45:47Z,CPA233,"28.77438,104.944733",30125,503,341
1757702752,2025-09-12T18:45:52Z,CPA233,"28.78553,104.940384",30100,503,341
1757702789,2025-09-12T18:46:29Z,CPA233,"28.867584,104.906387",30100,505,339
1757702829,2025-09-12T18:47:09Z,CPA233,"28.954374,104.868378",30100,503,340
1757702857,2025-09-12T18:47:37Z,CPA233,"29.015545,104.844414",30100,505,341
1757702890,2025-09-12T18:48:10Z,CPA233,"29.08905,104.81636",30100,506,342
1757702928,2025-09-12T18:48:48Z,CPA233,"29.174011,104.784004",30100,505,341
1757702962,2025-09-12T18:49:22Z,CPA233,"29.249748,104.755013",30100,506,342
1757702997,2025-09-12T18:49:57Z,CPA233,"29.327118,104.725288",30100,505,341
1757703027,2025-09-12T18:50:27Z,CPA233,"29.394293,104.699493",30100,504,342
1757703063,2025-09-12T18:51:03Z,CPA233,"29.47353,104.668907",30100,505,341
1757703097,2025-09-12T18:51:37Z,CPA233,"29.54698,104.640411",30100,505,341
1757703132,2025-09-12T18:52:12Z,CPA233,"29.6278,104.609123",30100,503,341
1757703161,2025-09-12T18:52:41Z,CPA233,"29.690281,104.584976",30100,504,341
1757703204,2025-09-12T18:53:24Z,CPA233,"29.786449,104.547676",30100,503,341
1757703237,2025-09-12T18:53:57Z,CPA233,"29.856277,104.520531",30100,505,341
1757703274,2025-09-12T18:54:34Z,CPA233,"29.936871,104.489189",30100,509,342
1757703314,2025-09-12T18:55:14Z,CPA233,"30.056684,104.442352",30100,510,341
1757703345,2025-09-12T18:55:45Z,CPA233,"30.125629,104.420876",30100,512,351
1757703347,2025-09-12T18:55:47Z,CPA233,"30.132473,104.419884",30100,513,352
1757703350,2025-09-12T18:55:50Z,CPA233,"30.13722,104.419281",30100,513,353
1757703352,2025-09-12T18:55:52Z,CPA233,"30.142044,104.4188",30100,513,354
1757703354,2025-09-12T18:55:54Z,CPA233,"30.14695,104.418404",30100,513,355
1757703356,2025-09-12T18:55:56Z,CPA233,"30.151699,104.418129",30100,513,356
1757703358,2025-09-12T18:55:58Z,CPA233,"30.158867,104.417854",30100,515,358
1757703361,2025-09-12T18:56:01Z,CPA233,"30.162918,104.417854",30100,515,359
1757703363,2025-09-12T18:56:03Z,CPA233,"30.16951,104.417938",30100,516,359
1757703365,2025-09-12T18:56:05Z,CPA233,"30.174648,104.418129",30100,516,1
1757703367,2025-09-12T18:56:07Z,CPA233,"30.179535,104.418427",30100,516,2
1757703369,2025-09-12T18:56:09Z,CPA233,"30.18457,104.4188",30100,516,2
1757703372,2025-09-12T18:56:12Z,CPA233,"30.189102,104.419289",30100,518,4
1757703374,2025-09-12T18:56:14Z,CPA233,"30.195328,104.420044",30100,518,5
1757703376,2025-09-12T18:56:16Z,CPA233,"30.198763,104.420601",30100,518,7
1757703378,2025-09-12T18:56:18Z,CPA233,"30.203156,104.42128",30100,518,7
1757703380,2025-09-12T18:56:20Z,CPA233,"30.210297,104.422462",30100,518,8
1757703382,2025-09-12T18:56:22Z,CPA233,"30.215057,104.423271",30100,518,8
1757703385,2025-09-12T18:56:25Z,CPA233,"30.219944,104.424118",30100,518,8
1757703387,2025-09-12T18:56:27Z,CPA233,"30.222319,104.4245",30100,518,8
1757703419,2025-09-12T18:56:59Z,CPA233,"30.302574,104.438065",30100,520,8
1757703450,2025-09-12T18:57:30Z,CPA233,"30.376219,104.450974",30100,516,8
1757703482,2025-09-12T18:58:02Z,CPA233,"30.452042,104.46447",30100,516,8
1757703515,2025-09-12T18:58:35Z,CPA233,"30.529495,104.478256",30100,518,8
1757703540,2025-09-12T18:59:00Z,CPA233,"30.589462,104.483963",30100,514,358
1757703544,2025-09-12T18:59:04Z,CPA233,"30.59981,104.483383",30100,514,357
1757703546,2025-09-12T18:59:06Z,CPA233,"30.604792,104.483002",30100,513,356
1757703548,2025-09-12T18:59:08Z,CPA233,"30.60965,104.48246",30100,513,355
1757703554,2025-09-12T18:59:14Z,CPA233,"30.624111,104.480362",30100,512,354
1757703556,2025-09-12T18:59:16Z,CPA233,"30.628647,104.479492",30100,512,351
1757703560,2025-09-12T18:59:20Z,CPA233,"30.637253,104.477661",30100,512,351
1757703567,2025-09-12T18:59:27Z,CPA233,"30.651535,104.473839",30100,511,349
1757703597,2025-09-12T18:59:57Z,CPA233,"30.695847,104.457687",30100,507,341
1757703625,2025-09-12T19:00:25Z,CPA233,"30.758423,104.433937",30100,510,342
1757703662,2025-09-12T19:01:02Z,CPA233,"30.841736,104.403076",30100,509,345
1757703700,2025-09-12T19:01:40Z,CPA233,"30.95636,104.387833",30100,516,358
1757703702,2025-09-12T19:01:42Z,CPA233,"30.962128,104.387672",30100,516,358
1757703704,2025-09-12T19:01:44Z,CPA233,"30.967014,104.387474",30100,516,358
1757703736,2025-09-12T19:02:16Z,CPA233,"31.044989,104.38533",30100,514,358
1757703767,2025-09-12T19:02:47Z,CPA233,"31.116714,104.38353",30100,513,358
1757703799,2025-09-12T19:03:19Z,CPA233,"31.193985,104.381531",30100,513,358
1757703830,2025-09-12T19:03:50Z,CPA233,"31.266531,104.379623",30100,513,358
1757703862,2025-09-12T19:04:22Z,CPA233,"31.342346,104.375397",30100,509,356
1757703894,2025-09-12T19:04:54Z,CPA233,"31.418291,104.370392",30100,508,356
1757703926,2025-09-12T19:05:26Z,CPA233,"31.493134,104.365593",30100,505,356
1757703957,2025-09-12T19:05:57Z,CPA233,"31.559326,104.36161",30100,505,357
1757703989,2025-09-12T19:06:29Z,CPA233,"31.639833,104.356934",30100,503,357
1757704021,2025-09-12T19:07:01Z,CPA233,"31.71579,104.352562",30100,502,357
1757704054,2025-09-12T19:07:34Z,CPA233,"31.791138,104.348198",30100,502,357
1757704086,2025-09-12T19:08:06Z,CPA233,"31.866028,104.344467",30100,505,357
1757704117,2025-09-12T19:08:37Z,CPA233,"31.939133,104.340897",30100,507,357
1757704149,2025-09-12T19:09:09Z,CPA233,"32.014801,104.337051",30100,508,357
1757704182,2025-09-12T19:09:42Z,CPA233,"32.090836,104.333145",30100,509,357
1757704214,2025-09-12T19:10:14Z,CPA233,"32.165588,104.329361",30100,509,357
1757704245,2025-09-12T19:10:45Z,CPA233,"32.23938,104.325554",30100,510,357
1757704278,2025-09-12T19:11:18Z,CPA233,"32.317635,104.321518",30100,510,357
1757704308,2025-09-12T19:11:48Z,CPA233,"32.388931,104.317764",30100,509,357
1757704341,2025-09-12T19:12:21Z,CPA233,"32.466274,104.313896",30100,508,357
1757704374,2025-09-12T19:12:54Z,CPA233,"32.54274,104.310295",30100,506,357
1757704407,2025-09-12T19:13:27Z,CPA233,"32.621429,104.306503",30100,505,357
1757704438,2025-09-12T19:13:58Z,CPA233,"32.663727,104.304474",30100,504,358
1757704473,2025-09-12T19:14:33Z,CPA233,"32.748642,104.300407",30100,502,357
1757704506,2025-09-12T19:15:06Z,CPA233,"32.818863,104.296967",30100,501,358
1757704536,2025-09-12T19:15:36Z,CPA233,"32.887527,104.293663",30100,500,357
1757704570,2025-09-12T19:16:10Z,CPA233,"32.971024,104.289589",30100,502,357
1757704611,2025-09-12T19:16:51Z,CPA233,"33.067593,104.284973",30100,502,358
1757704653,2025-09-12T19:17:33Z,CPA233,"33.167725,104.280136",30100,498,357
1757704670,2025-09-12T19:17:50Z,CPA233,"33.206314,104.278214",30100,498,357
1757704701,2025-09-12T19:18:21Z,CPA233,"33.275726,104.274773",30100,499,358
1757705094,2025-09-12T19:24:54Z,CPA233,"34.158234,104.112053",30100,512,313
1757705133,2025-09-12T19:25:33Z,CPA233,"34.248642,104.111938",30100,512,359
1757705162,2025-09-12T19:26:02Z,CPA233,"34.320053,104.111938",30100,512,359
1757705177,2025-09-12T19:26:17Z,CPA233,"34.347519,104.111938",30100,511,359
1757705330,2025-09-12T19:28:50Z,CPA233,"34.715633,104.112",30100,507,1
1757705360,2025-09-12T19:29:20Z,CPA233,"34.785461,104.111938",30100,506,1
1757705370,2025-09-12T19:29:30Z,CPA233,"34.808258,104.111938",30100,505,1
1757705428,2025-09-12T19:30:28Z,CPA233,"34.942795,104.111885",30100,504,1
1757705506,2025-09-12T19:31:46Z,CPA233,"35.124023,104.111992",30100,497,1
1757705530,2025-09-12T19:32:10Z,CPA233,"35.178268,104.111992",30100,496,1
1757705580,2025-09-12T19:33:00Z,CPA233,"35.292526,104.111938",30100,496,359
1757705603,2025-09-12T19:33:23Z,CPA233,"35.344757,104.111938",30100,496,359
1757705655,2025-09-12T19:34:15Z,CPA233,"35.465031,104.111938",30100,494,359
1757705674,2025-09-12T19:34:34Z,CPA233,"35.506229,104.111938",30100,494,359
1757705760,2025-09-12T19:36:00Z,CPA233,"35.705799,104.112816",30100,494,359
1757705801,2025-09-12T19:36:41Z,CPA233,"35.800953,104.112816",30100,494,359
1757705844,2025-09-12T19:37:24Z,CPA233,"35.89888,104.105759",30100,488,356
1757705877,2025-09-12T19:37:57Z,CPA233,"35.969471,104.098145",30100,486,354
1757705911,2025-09-12T19:38:31Z,CPA233,"36.049805,104.089279",30100,484,354
1757705945,2025-09-12T19:39:05Z,CPA233,"36.12603,104.08091",30100,484,355
1757705985,2025-09-12T19:39:45Z,CPA233,"36.213272,104.071365",30100,482,354
1757706022,2025-09-12T19:40:22Z,CPA233,"36.29631,104.06221",30100,482,355
1757706056,2025-09-12T19:40:56Z,CPA233,"36.369911,104.054199",30100,483,355
1757706098,2025-09-12T19:41:38Z,CPA233,"36.464905,104.043732",30100,480,354
1757706131,2025-09-12T19:42:11Z,CPA233,"36.535732,104.035851",30100,480,354
1757706150,2025-09-12T19:42:30Z,CPA233,"36.578655,104.024223",30100,468,341
1757706155,2025-09-12T19:42:35Z,CPA233,"36.588776,104.018845",30100,463,337
1757706160,2025-09-12T19:42:40Z,CPA233,"36.598114,104.012825",30100,459,331
1757706165,2025-09-12T19:42:45Z,CPA233,"36.607864,104.005341",30100,455,328
1757706170,2025-09-12T19:42:50Z,CPA233,"36.614822,103.999161",30100,451,323
1757706180,2025-09-12T19:43:00Z,CPA233,"36.631805,103.979988",30100,445,314
1757706185,2025-09-12T19:43:05Z,CPA233,"36.637821,103.971397",30100,443,311
1757706190,2025-09-12T19:43:10Z,CPA233,"36.644028,103.961166",30100,442,306
1757706195,2025-09-12T19:43:15Z,CPA233,"36.64975,103.950058",30100,441,302
1757706200,2025-09-12T19:43:20Z,CPA233,"36.654114,103.940536",30100,439,298
1757706205,2025-09-12T19:43:25Z,CPA233,"36.659229,103.928886",30100,439,299
1757706210,2025-09-12T19:43:30Z,CPA233,"36.664581,103.916992",30100,439,300
1757706245,2025-09-12T19:44:05Z,CPA233,"36.698292,103.840027",30100,438,298
1757706280,2025-09-12T19:44:40Z,CPA233,"36.731346,103.762711",30100,437,297
1757706315,2025-09-12T19:45:15Z,CPA233,"36.764881,103.684502",30100,438,298
1757706350,2025-09-12T19:45:50Z,CPA233,"36.798519,103.606453",30100,437,299
1757706385,2025-09-12T19:46:25Z,CPA233,"36.831799,103.529152",30100,435,299
1757706420,2025-09-12T19:47:00Z,CPA233,"36.865555,103.45079",30100,433,298
1757706463,2025-09-12T19:47:43Z,CPA233,"36.905731,103.357155",30100,433,298
1757706498,2025-09-12T19:48:18Z,CPA233,"36.939285,103.281181",30100,435,300
1757706532,2025-09-12T19:48:52Z,CPA233,"36.975681,103.207138",30100,436,302
1757706567,2025-09-12T19:49:27Z,CPA233,"37.013683,103.131645",30100,435,302
1757706597,2025-09-12T19:49:57Z,CPA233,"37.045486,103.068527",30100,433,302
1757706632,2025-09-12T19:50:32Z,CPA233,"37.082336,102.995071",30100,435,301
1757706666,2025-09-12T19:51:06Z,CPA233,"37.118912,102.921906",30100,435,301
1757706701,2025-09-12T19:51:41Z,CPA233,"37.156998,102.845825",30100,433,302
1757706735,2025-09-12T19:52:15Z,CPA233,"37.192749,102.774002",30100,432,301
1757706779,2025-09-12T19:52:59Z,CPA233,"37.239414,102.680077",30100,432,301
1757706809,2025-09-12T19:53:29Z,CPA233,"37.270512,102.617439",30100,432,301
1757706843,2025-09-12T19:54:03Z,CPA233,"37.307198,102.543343",30100,430,301
1757706878,2025-09-12T19:54:38Z,CPA233,"37.342949,102.469963",30100,430,299
1757706903,2025-09-12T19:55:03Z,CPA233,"37.362919,102.411804",30100,428,289
1757706918,2025-09-12T19:55:18Z,CPA233,"37.370602,102.377647",30100,428,284
1757706948,2025-09-12T19:55:48Z,CPA233,"37.385124,102.30481",30100,428,283
1757706983,2025-09-12T19:56:23Z,CPA233,"37.401745,102.219124",30100,430,283
1757707017,2025-09-12T19:56:57Z,CPA233,"37.417198,102.139587",30100,430,284
1757707058,2025-09-12T19:57:38Z,CPA233,"37.436874,102.038155",30100,430,283
1757707093,2025-09-12T19:58:13Z,CPA233,"37.453369,101.953484",30100,428,283
1757707128,2025-09-12T19:58:48Z,CPA233,"37.46957,101.86953",30100,426,283
1757707158,2025-09-12T19:59:18Z,CPA233,"37.483582,101.796509",30100,426,283
1757707193,2025-09-12T19:59:53Z,CPA233,"37.499634,101.715691",30100,424,285
1757707218,2025-09-12T20:00:18Z,CPA233,"37.518402,101.65509",30100,428,294
1757707228,2025-09-12T20:00:28Z,CPA233,"37.527622,101.632492",30100,430,298
1757707258,2025-09-12T20:00:58Z,CPA233,"37.555691,101.566216",30100,430,297
1757707293,2025-09-12T20:01:33Z,CPA233,"37.58876,101.488892",30100,428,298
1757707323,2025-09-12T20:02:03Z,CPA233,"37.616913,101.422745",30100,428,298
1757707358,2025-09-12T20:02:38Z,CPA233,"37.649689,101.34549",30100,426,298
1757707393,2025-09-12T20:03:13Z,CPA233,"37.680172,101.273346",30100,426,298
1757707427,2025-09-12T20:03:47Z,CPA233,"37.713364,101.194717",30100,428,298
1757707461,2025-09-12T20:04:21Z,CPA233,"37.744137,101.121628",30100,428,298
1757707495,2025-09-12T20:04:55Z,CPA233,"37.776115,101.045555",30100,428,297
1757707530,2025-09-12T20:05:30Z,CPA233,"37.808937,100.967224",30100,430,297
1757707567,2025-09-12T20:06:07Z,CPA233,"37.84341,100.885521",30100,430,298
1757707607,2025-09-12T20:06:47Z,CPA233,"37.883194,100.797806",30100,428,299
1757707640,2025-09-12T20:07:20Z,CPA233,"37.914936,100.727371",30100,428,299
1757707677,2025-09-12T20:07:57Z,CPA233,"37.950218,100.648018",30100,430,299
1757707711,2025-09-12T20:08:31Z,CPA233,"37.982574,100.574821",30100,428,299
1757707750,2025-09-12T20:09:10Z,CPA233,"38.022518,100.484299",30100,428,299
1757707794,2025-09-12T20:09:54Z,CPA233,"38.064648,100.388763",30100,428,299
1757707828,2025-09-12T20:10:28Z,CPA233,"38.097748,100.313477",30100,428,299
1757707863,2025-09-12T20:11:03Z,CPA233,"38.1297,100.240601",30100,427,299
1757707891,2025-09-12T20:11:31Z,CPA233,"38.156544,100.179192",30100,426,298
1757707928,2025-09-12T20:12:08Z,CPA233,"38.193363,100.095184",30100,428,299
1757707962,2025-09-12T20:12:42Z,CPA233,"38.225555,100.021225",30100,428,299
1757707997,2025-09-12T20:13:17Z,CPA233,"38.258377,99.945724",30100,426,298
1757708038,2025-09-12T20:13:58Z,CPA233,"38.297874,99.854614",30100,424,299
1757708071,2025-09-12T20:14:31Z,CPA233,"38.329376,99.781746",30100,420,298
1757708100,2025-09-12T20:15:00Z,CPA233,"38.35611,99.719917",30100,418,298
1757708141,2025-09-12T20:15:41Z,CPA233,"38.394745,99.630219",30100,418,298
1757708172,2025-09-12T20:16:12Z,CPA233,"38.422806,99.564972",30100,416,299
1757708211,2025-09-12T20:16:51Z,CPA233,"38.458649,99.481323",30100,416,298
1757708247,2025-09-12T20:17:27Z,CPA233,"38.492371,99.402344",30100,418,298
1757708288,2025-09-12T20:18:08Z,CPA233,"38.52924,99.315796",30100,416,298
1757708315,2025-09-12T20:18:35Z,CPA233,"38.554413,99.25676",30100,414,298
1757708351,2025-09-12T20:19:11Z,CPA233,"38.587616,99.178528",30100,416,298
1757708393,2025-09-12T20:19:53Z,CPA233,"38.626205,99.087158",30100,416,298
1757708427,2025-09-12T20:20:27Z,CPA233,"38.656494,99.015419",30100,414,298
1757708456,2025-09-12T20:20:56Z,CPA233,"38.68277,98.953186",30100,412,298
1757708496,2025-09-12T20:21:36Z,CPA233,"38.719345,98.866264",30100,412,298
1757708533,2025-09-12T20:22:13Z,CPA233,"38.751617,98.789001",30100,414,298
1757708567,2025-09-12T20:22:47Z,CPA233,"38.783661,98.712463",30100,416,299
1757708602,2025-09-12T20:23:22Z,CPA233,"38.81543,98.63633",30100,415,298
1757708627,2025-09-12T20:23:47Z,CPA233,"38.838161,98.581596",30100,414,299
1757708675,2025-09-12T20:24:35Z,CPA233,"38.88089,98.47876",30100,414,298
1757708710,2025-09-12T20:25:10Z,CPA233,"38.910099,98.40818",30100,413,298
1757708774,2025-09-12T20:26:14Z,CPA233,"38.967159,98.269783",30100,412,298
1757708802,2025-09-12T20:26:42Z,CPA233,"38.994579,98.202942",30100,414,298
1757708837,2025-09-12T20:27:17Z,CPA233,"39.025501,98.127853",30100,415,298
1757708867,2025-09-12T20:27:47Z,CPA233,"39.052811,98.061035",30100,413,298
1757708902,2025-09-12T20:28:22Z,CPA233,"39.083633,97.985565",30100,414,297
1757708937,2025-09-12T20:28:57Z,CPA233,"39.114349,97.910034",30100,415,298
1757708967,2025-09-12T20:29:27Z,CPA233,"39.141029,97.844543",30100,415,298
1757709002,2025-09-12T20:30:02Z,CPA233,"39.170334,97.772232",30100,416,297
1757709037,2025-09-12T20:30:37Z,CPA233,"39.19973,97.699402",30100,416,297
1757709245,2025-09-12T20:34:05Z,CPA233,"39.38686,97.234619",30100,416,298
1757709293,2025-09-12T20:34:53Z,CPA233,"39.429699,97.127083",30100,415,298
1757709323,2025-09-12T20:35:23Z,CPA233,"39.455441,97.062263",30100,416,298
1757709362,2025-09-12T20:36:02Z,CPA233,"39.489609,96.976677",30100,416,298
1757709392,2025-09-12T20:36:32Z,CPA233,"39.516312,96.910339",30100,416,298
1757709427,2025-09-12T20:37:07Z,CPA233,"39.54715,96.833366",30100,417,298
1757709462,2025-09-12T20:37:42Z,CPA233,"39.578812,96.753777",30100,418,298
1757709491,2025-09-12T20:38:11Z,CPA233,"39.604778,96.688477",30100,419,298
1757709533,2025-09-12T20:38:53Z,CPA233,"39.641418,96.596039",30100,419,298
1757709568,2025-09-12T20:39:28Z,CPA233,"39.668659,96.526772",30100,420,297
1757709603,2025-09-12T20:40:03Z,CPA233,"39.70322,96.43882",30100,420,297
1757709637,2025-09-12T20:40:37Z,CPA233,"39.73325,96.362282",30100,420,297
1757709667,2025-09-12T20:41:07Z,CPA233,"39.759251,96.295639",30100,421,297
1757709707,2025-09-12T20:41:47Z,CPA233,"39.794628,96.20507",30100,421,297
1757709742,2025-09-12T20:42:22Z,CPA233,"39.825211,96.126251",30100,422,297
1757709771,2025-09-12T20:42:51Z,CPA233,"39.849972,96.062622",30100,422,297
1757709805,2025-09-12T20:43:25Z,CPA233,"39.880699,95.983276",30100,421,297
1757709840,2025-09-12T20:44:00Z,CPA233,"39.911098,95.904358",30100,422,297
1757709875,2025-09-12T20:44:35Z,CPA233,"39.941872,95.824501",30100,422,297
1757709910,2025-09-12T20:45:10Z,CPA233,"39.971149,95.7481",30100,419,297
1757709945,2025-09-12T20:45:45Z,CPA233,"40.002621,95.666008",30100,419,297
1757709980,2025-09-12T20:46:20Z,CPA233,"40.032581,95.587593",30100,419,297
1757710015,2025-09-12T20:46:55Z,CPA233,"40.062931,95.507927",30100,419,297
1757710050,2025-09-12T20:47:30Z,CPA233,"40.09293,95.42881",30100,420,297
1757710085,2025-09-12T20:48:05Z,CPA233,"40.123032,95.349426",30100,420,297
1757710129,2025-09-12T20:48:49Z,CPA233,"40.161362,95.24791",30100,421,297
1757710163,2025-09-12T20:49:23Z,CPA233,"40.190281,95.171143",30100,420,297
1757710198,2025-09-12T20:49:58Z,CPA233,"40.220119,95.092041",30100,421,297
1757710233,2025-09-12T20:50:33Z,CPA233,"40.250751,95.011963",30100,421,297
1757710268,2025-09-12T20:51:08Z,CPA233,"40.281189,94.932007",30100,423,297
1757710303,2025-09-12T20:51:43Z,CPA233,"40.31522,94.853653",30100,425,304
1757710337,2025-09-12T20:52:17Z,CPA233,"40.355339,94.785172",30100,425,309
1757710367,2025-09-12T20:52:47Z,CPA233,"40.391048,94.726143",30100,426,309
1757710401,2025-09-12T20:53:21Z,CPA233,"40.43425,94.65477",30100,427,309
1757710436,2025-09-12T20:53:56Z,CPA233,"40.477402,94.583298",30100,425,309
1757710471,2025-09-12T20:54:31Z,CPA233,"40.519951,94.512451",30100,427,309
1757710511,2025-09-12T20:55:11Z,CPA233,"40.568531,94.431519",30100,427,309
1757710541,2025-09-12T20:55:41Z,CPA233,"40.60474,94.370972",30100,427,309
1757710576,2025-09-12T20:56:16Z,CPA233,"40.647411,94.299652",30100,427,309
1757710611,2025-09-12T20:56:51Z,CPA233,"40.691158,94.226257",30100,426,309
1757710646,2025-09-12T20:57:26Z,CPA233,"40.73251,94.1567",30100,426,309
1757710681,2025-09-12T20:58:01Z,CPA233,"40.77475,94.085632",30100,426,308
1757710715,2025-09-12T20:58:35Z,CPA233,"40.816219,94.015556",30100,427,308
1757710750,2025-09-12T20:59:10Z,CPA233,"40.858387,93.944153",30100,426,308
1757710785,2025-09-12T20:59:45Z,CPA233,"40.900795,93.872185",30100,426,308
1757710815,2025-09-12T21:00:15Z,CPA233,"40.93771,93.810852",30100,426,311
1757710850,2025-09-12T21:00:50Z,CPA233,"40.983429,93.741722",30100,426,312
1757710885,2025-09-12T21:01:25Z,CPA233,"41.028301,93.673302",30100,427,311
1757710929,2025-09-12T21:02:09Z,CPA233,"41.084679,93.585793",30100,427,310
1757710963,2025-09-12T21:02:43Z,CPA233,"41.128143,93.517639",30100,427,311
1757710998,2025-09-12T21:03:18Z,CPA233,"41.1735,93.44902",30100,429,315
1757711028,2025-09-12T21:03:48Z,CPA233,"41.216469,93.395714",30100,430,318
1757711058,2025-09-12T21:04:18Z,CPA233,"41.26236,93.339844",30100,431,318
1757711098,2025-09-12T21:04:58Z,CPA233,"41.319901,93.269783",30100,432,318
1757711133,2025-09-12T21:05:33Z,CPA233,"41.370461,93.208321",30100,433,318
1757711162,2025-09-12T21:06:02Z,CPA233,"41.414337,93.152328",30100,432,315
1757711202,2025-09-12T21:06:42Z,CPA233,"41.467941,93.076424",30100,432,313
1757711232,2025-09-12T21:07:12Z,CPA233,"41.50909,93.01725",30100,431,313
1757711267,2025-09-12T21:07:47Z,CPA233,"41.554779,92.947144",30100,429,311
1757711307,2025-09-12T21:08:27Z,CPA233,"41.606281,92.865501",30100,430,310
1757711342,2025-09-12T21:09:02Z,CPA233,"41.650452,92.795021",30100,428,310
1757711377,2025-09-12T21:09:37Z,CPA233,"41.694649,92.724289",30100,430,310
1757711407,2025-09-12T21:10:07Z,CPA233,"41.732761,92.663116",30100,430,310
1757711437,2025-09-12T21:10:37Z,CPA233,"41.77153,92.6007",30100,431,310
1757711472,2025-09-12T21:11:12Z,CPA233,"41.815521,92.529732",30100,431,310
1757711507,2025-09-12T21:11:47Z,CPA233,"41.85968,92.458321",30100,431,310
1757711542,2025-09-12T21:12:22Z,CPA233,"41.904415,92.385887",30100,432,310
1757711582,2025-09-12T21:13:02Z,CPA233,"41.95491,92.303818",30100,432,310
1757711622,2025-09-12T21:13:42Z,CPA233,"42.005951,92.220734",30100,432,309
1757711657,2025-09-12T21:14:17Z,CPA233,"42.050449,92.14801",30100,432,309
1757711692,2025-09-12T21:14:52Z,CPA233,"42.094757,92.075417",30100,432,309
1757711727,2025-09-12T21:15:27Z,CPA233,"42.13876,92.003281",30100,432,309
1757711762,2025-09-12T21:16:02Z,CPA233,"42.183289,91.92997",30100,432,309
1757711797,2025-09-12T21:16:37Z,CPA233,"42.227234,91.857559",30100,432,310
1757711827,2025-09-12T21:17:07Z,CPA233,"42.266281,91.795769",30100,432,312
1757711861,2025-09-12T21:17:41Z,CPA233,"42.314709,91.730972",30100,436,316
1757711902,2025-09-12T21:18:22Z,CPA233,"42.37344,91.655807",30100,435,317
1757711941,2025-09-12T21:19:01Z,CPA233,"42.431492,91.581467",30100,436,317
1757711977,2025-09-12T21:19:37Z,CPA233,"42.483109,91.515221",30100,435,317
1757712006,2025-09-12T21:20:06Z,CPA233,"42.520401,91.467308",30100,434,317
1757712042,2025-09-12T21:20:42Z,CPA233,"42.57737,91.39386",30100,435,317
1757712076,2025-09-12T21:21:16Z,CPA233,"42.628948,91.326981",30100,434,317
1757712111,2025-09-12T21:21:51Z,CPA233,"42.675838,91.266243",30100,435,317
1757712145,2025-09-12T21:22:25Z,CPA233,"42.729038,91.197128",30100,436,317
1757712180,2025-09-12T21:23:00Z,CPA233,"42.780029,91.130722",30100,436,317
1757712215,2025-09-12T21:23:35Z,CPA233,"42.828899,91.067047",30100,436,317
1757712250,2025-09-12T21:24:10Z,CPA233,"42.88131,90.998581",30100,437,317
1757712290,2025-09-12T21:24:50Z,CPA233,"42.935501,90.918007",30100,431,308
1757712325,2025-09-12T21:25:25Z,CPA233,"42.973351,90.838173",30100,430,302
1757712355,2025-09-12T21:25:55Z,CPA233,"43.00452,90.769814",30100,429,302
1757712390,2025-09-12T21:26:30Z,CPA233,"43.04108,90.689072",30100,429,302
1757712425,2025-09-12T21:27:05Z,CPA233,"43.0779,90.607712",30100,429,302
1757712460,2025-09-12T21:27:40Z,CPA233,"43.114311,90.527153",30100,430,302
1757712495,2025-09-12T21:28:15Z,CPA233,"43.150631,90.44648",30100,431,302
1757712530,2025-09-12T21:28:50Z,CPA233,"43.187119,90.365494",30100,430,302
1757712565,2025-09-12T21:29:25Z,CPA233,"43.223518,90.284142",30100,430,302
1757712609,2025-09-12T21:30:09Z,CPA233,"43.269089,90.181931",30100,429,302
1757712644,2025-09-12T21:30:44Z,CPA233,"43.305408,90.10038",30100,430,302
1757712678,2025-09-12T21:31:18Z,CPA233,"43.340519,90.021271",30100,430,302
1757712707,2025-09-12T21:31:47Z,CPA233,"43.37027,89.954071",30100,430,302
1757712737,2025-09-12T21:32:17Z,CPA233,"43.401169,89.884132",30100,430,302
1757712772,2025-09-12T21:32:52Z,CPA233,"43.43774,89.801033",30100,429,302
1757712807,2025-09-12T21:33:27Z,CPA233,"43.473129,89.720497",30100,429,302
1757712847,2025-09-12T21:34:07Z,CPA233,"43.514332,89.626534",30100,428,302
1757712887,2025-09-12T21:34:47Z,CPA233,"43.55521,89.53289",30100,428,301
1757712922,2025-09-12T21:35:22Z,CPA233,"43.59082,89.450996",30100,428,301
1757712957,2025-09-12T21:35:57Z,CPA233,"43.626389,89.37027",30100,429,302
1757712992,2025-09-12T21:36:32Z,CPA233,"43.663189,89.288383",30100,430,302
1757713027,2025-09-12T21:37:07Z,CPA233,"43.699749,89.206429",30100,429,302
1757713062,2025-09-12T21:37:42Z,CPA233,"43.735889,89.124931",30100,429,302
1757713096,2025-09-12T21:38:16Z,CPA233,"43.771091,89.045212",30100,429,302
1757713131,2025-09-12T21:38:51Z,CPA233,"43.807011,88.963692",30100,429,302
1757713166,2025-09-12T21:39:26Z,CPA233,"43.84322,88.881233",30100,430,302
1757713206,2025-09-12T21:40:06Z,CPA233,"43.88414,88.787971",30100,429,302
1757713241,2025-09-12T21:40:41Z,CPA233,"43.92009,88.705719",30100,428,302
1757713281,2025-09-12T21:41:21Z,CPA233,"43.96114,88.611542",30100,428,302
1757713315,2025-09-12T21:41:55Z,CPA233,"43.996029,88.531219",30100,427,302
1757713350,2025-09-12T21:42:30Z,CPA233,"44.031151,88.450142",30100,425,301
1757713380,2025-09-12T21:43:00Z,CPA233,"44.06179,88.379059",30100,424,301
1757713420,2025-09-12T21:43:40Z,CPA233,"44.102051,88.285744",30100,423,301
1757713455,2025-09-12T21:44:15Z,CPA233,"44.13678,88.204979",30100,422,301
1757713485,2025-09-12T21:44:45Z,CPA233,"44.166779,88.134819",30100,422,301
1757713520,2025-09-12T21:45:20Z,CPA233,"44.20219,88.052467",30100,424,302
1757713555,2025-09-12T21:45:55Z,CPA233,"44.241009,87.973831",30100,426,307
1757713590,2025-09-12T21:46:30Z,CPA233,"44.281952,87.897881",30100,424,307
1757713625,2025-09-12T21:47:05Z,CPA233,"44.322941,87.82196",30100,421,307
1757713660,2025-09-12T21:47:40Z,CPA233,"44.363819,87.745934",30100,419,307
1757713695,2025-09-12T21:48:15Z,CPA233,"44.40509,87.669983",30100,419,308
1757713735,2025-09-12T21:48:55Z,CPA233,"44.452419,87.58432",30100,422,308
1757713770,2025-09-12T21:49:30Z,CPA233,"44.494209,87.508308",30100,419,308
1757713805,2025-09-12T21:50:05Z,CPA233,"44.534962,87.433708",30100,419,308
1757713840,2025-09-12T21:50:40Z,CPA233,"44.57634,87.357719",30100,421,308
1757713880,2025-09-12T21:51:20Z,CPA233,"44.624821,87.271271",30100,422,310
1757713920,2025-09-12T21:52:00Z,CPA233,"44.674412,87.187103",30100,420,310
1757713955,2025-09-12T21:52:35Z,CPA233,"44.71701,87.113869",30100,418,310
1757713995,2025-09-12T21:53:15Z,CPA233,"44.7659,87.029053",30100,416,309
1757714025,2025-09-12T21:53:45Z,CPA233,"44.802059,86.966202",30100,416,309
1757714060,2025-09-12T21:54:20Z,CPA233,"44.84441,86.8927",30100,415,310
1757714100,2025-09-12T21:55:00Z,CPA233,"44.89246,86.80867",30100,414,309
1757714135,2025-09-12T21:55:35Z,CPA233,"44.933899,86.734512",30100,418,309
1757714170,2025-09-12T21:56:10Z,CPA233,"44.975922,86.659309",30100,421,309
1757714205,2025-09-12T21:56:45Z,CPA233,"45.018711,86.582779",30100,421,309
1757714240,2025-09-12T21:57:20Z,CPA233,"45.060329,86.50824",30100,421,309
1757714275,2025-09-12T21:57:55Z,CPA233,"45.102718,86.431992",30100,420,309
1757714310,2025-09-12T21:58:30Z,CPA233,"45.144169,86.357231",30100,419,308
1757714354,2025-09-12T21:59:14Z,CPA233,"45.197392,86.260918",30100,420,309
1757714389,2025-09-12T21:59:49Z,CPA233,"45.23867,86.185997",30100,419,308
1757714439,2025-09-12T22:00:39Z,CPA233,"45.298401,86.077278",30100,421,308
1757714474,2025-09-12T22:01:14Z,CPA233,"45.340061,86.001183",30100,421,308
1757714509,2025-09-12T22:01:49Z,CPA233,"45.382469,85.92347",30100,419,308
1757714544,2025-09-12T22:02:24Z,CPA233,"45.423111,85.848778",30100,419,308
1757714579,2025-09-12T22:02:59Z,CPA233,"45.4645,85.772682",30100,420,308
1757714614,2025-09-12T22:03:34Z,CPA233,"45.50621,85.695702",30100,420,308
1757714649,2025-09-12T22:04:09Z,CPA233,"45.54731,85.619408",30100,420,308
1757714683,2025-09-12T22:04:43Z,CPA233,"45.58749,85.544983",30100,420,308
1757714713,2025-09-12T22:05:13Z,CPA233,"45.623112,85.478592",30100,420,308
1757714753,2025-09-12T22:05:53Z,CPA233,"45.670631,85.389793",30100,421,308
1757714788,2025-09-12T22:06:28Z,CPA233,"45.710991,85.314331",30100,421,308
1757714823,2025-09-12T22:07:03Z,CPA233,"45.75275,85.236221",30100,421,308
1757714853,2025-09-12T22:07:33Z,CPA233,"45.788269,85.170067",30100,419,308
1757714883,2025-09-12T22:08:03Z,CPA233,"45.823421,85.104424",30100,418,308
1757714923,2025-09-12T22:08:43Z,CPA233,"45.870152,85.016808",30100,416,308
1757714963,2025-09-12T22:09:23Z,CPA233,"45.91695,84.928596",30100,415,308
1757715003,2025-09-12T22:10:03Z,CPA233,"45.963001,84.841782",30100,415,308
1757715038,2025-09-12T22:10:38Z,CPA233,"46.00362,84.764877",30100,415,308
1757715067,2025-09-12T22:11:07Z,CPA233,"46.03751,84.700607",30100,416,308
1757715102,2025-09-12T22:11:42Z,CPA233,"46.078239,84.623222",30100,414,308
1757715137,2025-09-12T22:12:17Z,CPA233,"46.11879,84.545914",30100,414,307
1757715172,2025-09-12T22:12:52Z,CPA233,"46.15855,84.469833",30100,414,307
1757715207,2025-09-12T22:13:27Z,CPA233,"46.199162,84.391808",30100,415,307
1757715247,2025-09-12T22:14:07Z,CPA233,"46.245029,84.303658",30100,415,307
1757715287,2025-09-12T22:14:47Z,CPA233,"46.290852,84.215363",30100,416,307
1757715317,2025-09-12T22:15:17Z,CPA233,"46.32571,84.14772",30100,416,307
1757715352,2025-09-12T22:15:52Z,CPA233,"46.365509,84.07",30100,414,307
1757715392,2025-09-12T22:16:32Z,CPA233,"46.41095,83.980927",30100,416,307
1757715422,2025-09-12T22:17:02Z,CPA233,"46.444931,83.91433",30100,417,307
1757715457,2025-09-12T22:17:37Z,CPA233,"46.485668,83.834122",30100,417,307
1757715492,2025-09-12T22:18:12Z,CPA233,"46.524029,83.75843",30100,419,307
1757715521,2025-09-12T22:18:41Z,CPA233,"46.55846,83.6903",30100,421,307
1757715561,2025-09-12T22:19:21Z,CPA233,"46.604801,83.598541",30100,422,307
1757715591,2025-09-12T22:19:51Z,CPA233,"46.63829,83.531799",30100,423,307
1757715626,2025-09-12T22:20:26Z,CPA233,"46.679649,83.449127",30100,426,306
1757715660,2025-09-12T22:21:00Z,CPA233,"46.7173,83.368279",30100,425,303
1757715690,2025-09-12T22:21:30Z,CPA233,"46.748699,83.296257",30100,426,303
1757715739,2025-09-12T22:22:19Z,CPA233,"46.798641,83.18058",30100,425,303
1757715773,2025-09-12T22:22:53Z,CPA233,"46.835861,83.093887",30100,428,303
1757715803,2025-09-12T22:23:23Z,CPA233,"46.86758,83.020042",30100,429,303
1757715838,2025-09-12T22:23:58Z,CPA233,"46.902149,82.93428",30100,425,296
1757715848,2025-09-12T22:24:08Z,CPA233,"46.908779,82.910393",30100,423,291
1757715852,2025-09-12T22:24:12Z,CPA233,"46.9119,82.89679",30100,422,289
1757715857,2025-09-12T22:24:17Z,CPA233,"46.914871,82.881409",30100,422,286
1757715862,2025-09-12T22:24:22Z,CPA233,"46.917068,82.868156",30100,422,284
1757715867,2025-09-12T22:24:27Z,CPA233,"46.919399,82.853394",30100,423,284
1757715872,2025-09-12T22:24:32Z,CPA233,"46.921299,82.841911",30100,422,284
1757715906,2025-09-12T22:25:06Z,CPA233,"46.93578,82.749519",30100,423,282
1757715944,2025-09-12T22:25:44Z,CPA233,"46.950161,82.640953",30100,423,281
1757715979,2025-09-12T22:26:19Z,CPA233,"46.962181,82.542259",30100,423,280
1757716014,2025-09-12T22:26:54Z,CPA233,"46.973949,82.443031",30100,422,280
1757716047,2025-09-12T22:27:27Z,CPA233,"46.98489,82.349854",30725,422,280
1757716077,2025-09-12T22:27:57Z,CPA233,"46.994751,82.266724",31575,419,280
1757716112,2025-09-12T22:28:32Z,CPA233,"47.005981,82.17041",32000,414,280
1757716146,2025-09-12T22:29:06Z,CPA233,"47.016861,82.077003",32000,414,280
1757716174,2025-09-12T22:29:34Z,CPA233,"47.026001,81.998009",32000,414,280
1757716227,2025-09-12T22:30:27Z,CPA233,"47.0425,81.854393",32000,414,280
1757716256,2025-09-12T22:30:56Z,CPA233,"47.051842,81.772301",32000,413,280
1757716288,2025-09-12T22:31:28Z,CPA233,"47.0611,81.689972",32000,413,280
1757716364,2025-09-12T22:32:44Z,CPA233,"47.08493,81.475983",32000,412,280
1757716392,2025-09-12T22:33:12Z,CPA233,"47.093578,81.397217",32000,412,280
1757716427,2025-09-12T22:33:47Z,CPA233,"47.104252,81.299599",32000,412,280
1757716462,2025-09-12T22:34:22Z,CPA233,"47.114639,81.203873",32000,414,280
1757716492,2025-09-12T22:34:52Z,CPA233,"47.123482,81.121712",32000,414,279
1757716527,2025-09-12T22:35:27Z,CPA233,"47.13345,81.027809",32000,414,279
1757716562,2025-09-12T22:36:02Z,CPA233,"47.144199,80.92614",32000,414,279
1757716598,2025-09-12T22:36:38Z,CPA233,"47.157791,80.796555",32000,414,278
1757716629,2025-09-12T22:37:09Z,CPA233,"47.166824,80.70948",32000,414,278
1757716662,2025-09-12T22:37:42Z,CPA233,"47.175751,80.622276",32000,414,278
1757716694,2025-09-12T22:38:14Z,CPA233,"47.185181,80.530197",32000,415,278
1757716727,2025-09-12T22:38:47Z,CPA233,"47.194382,80.439491",32000,416,278
1757716764,2025-09-12T22:39:24Z,CPA233,"47.200901,80.374992",32000,417,279
1757716803,2025-09-12T22:40:03Z,CPA233,"47.211979,80.263649",32000,418,279
1757718066,2025-09-12T23:01:06Z,CPA233,"47.508141,76.703583",32000,406,275
1757718097,2025-09-12T23:01:37Z,CPA233,"47.513763,76.619476",32000,405,275
1757718130,2025-09-12T23:02:10Z,CPA233,"47.519871,76.527664",32000,404,275
1757718163,2025-09-12T23:02:43Z,CPA233,"47.525711,76.437378",32000,403,275
1757718195,2025-09-12T23:03:15Z,CPA233,"47.531372,76.349701",32000,402,275
1757718227,2025-09-12T23:03:47Z,CPA233,"47.536957,76.26181",32000,403,275
1757718258,2025-09-12T23:04:18Z,CPA233,"47.542217,76.177437",32000,403,275
1757718289,2025-09-12T23:04:49Z,CPA233,"47.547573,76.091309",32000,403,275
1757718321,2025-09-12T23:05:21Z,CPA233,"47.552971,76.004333",32000,405,275
1757718352,2025-09-12T23:05:52Z,CPA233,"47.558304,75.91745",32000,404,275
1757718385,2025-09-12T23:06:25Z,CPA233,"47.563583,75.828835",32000,404,274
1757718416,2025-09-12T23:06:56Z,CPA233,"47.568752,75.741081",32000,404,274
1757718447,2025-09-12T23:07:27Z,CPA233,"47.57373,75.65625",32000,405,274
1757718486,2025-09-12T23:08:06Z,CPA233,"47.577988,75.5812",32000,406,274
1757718517,2025-09-12T23:08:37Z,CPA233,"47.584579,75.465019",32000,406,274
1757718550,2025-09-12T23:09:10Z,CPA233,"47.589798,75.372597",32000,406,274
1757718582,2025-09-12T23:09:42Z,CPA233,"47.59417,75.292267",32000,406,274
1757718614,2025-09-12T23:10:14Z,CPA233,"47.599476,75.195076",32000,405,274
1757718647,2025-09-12T23:10:47Z,CPA233,"47.604309,75.10508",32000,405,274
1757718679,2025-09-12T23:11:19Z,CPA233,"47.608929,75.017044",32000,404,274
1757718710,2025-09-12T23:11:50Z,CPA233,"47.613419,74.930122",32000,404,274
1757718743,2025-09-12T23:12:23Z,CPA233,"47.617912,74.842949",32000,404,274
1757718773,2025-09-12T23:12:53Z,CPA233,"47.622147,74.758087",32000,404,274
1757718805,2025-09-12T23:13:25Z,CPA233,"47.626648,74.66803",32000,405,274
1757718838,2025-09-12T23:13:58Z,CPA233,"47.630993,74.579277",32000,405,274
1757718870,2025-09-12T23:14:30Z,CPA233,"47.635277,74.490265",32000,406,274
1757718902,2025-09-12T23:15:02Z,CPA233,"47.639557,74.399628",32000,406,273
1757718933,2025-09-12T23:15:33Z,CPA233,"47.643562,74.313919",32000,406,273
1757718964,2025-09-12T23:16:04Z,CPA233,"47.64743,74.228989",32000,405,273
1757718996,2025-09-12T23:16:36Z,CPA233,"47.651428,74.1399",32000,405,273
1757719027,2025-09-12T23:17:07Z,CPA233,"47.655247,74.053413",32000,405,273
1757719060,2025-09-12T23:17:40Z,CPA233,"47.659149,73.963737",32000,406,273
1757719090,2025-09-12T23:18:10Z,CPA233,"47.66272,73.879829",32000,406,273
1757719123,2025-09-12T23:18:43Z,CPA233,"47.666519,73.789467",32000,407,273
1757719153,2025-09-12T23:19:13Z,CPA233,"47.670002,73.705658",32000,406,273
1757719185,2025-09-12T23:19:45Z,CPA233,"47.67366,73.615196",32000,406,273
1757719217,2025-09-12T23:20:17Z,CPA233,"47.677185,73.52552",32000,406,273
1757719248,2025-09-12T23:20:48Z,CPA233,"47.680481,73.440102",32000,405,273
1757719281,2025-09-12T23:21:21Z,CPA233,"47.68396,73.349464",32000,406,273
1757719314,2025-09-12T23:21:54Z,CPA233,"47.687347,73.257797",32000,406,273
1757719346,2025-09-12T23:22:26Z,CPA233,"47.690533,73.16951",32000,405,272
1757719379,2025-09-12T23:22:59Z,CPA233,"47.693802,73.078514",32000,405,273
1757719411,2025-09-12T23:23:31Z,CPA233,"47.69696,72.989388",32000,404,272
1757719442,2025-09-12T23:24:02Z,CPA233,"47.699936,72.902313",32000,405,272
1757719473,2025-09-12T23:24:33Z,CPA233,"47.702728,72.817932",32000,405,272
1757719505,2025-09-12T23:25:05Z,CPA233,"47.705704,72.726883",32000,406,272
1757719538,2025-09-12T23:25:38Z,CPA233,"47.708313,72.644829",32000,407,272
1757719572,2025-09-12T23:26:12Z,CPA233,"47.711433,72.544136",32000,408,272
1757719592,2025-09-12T23:26:32Z,CPA233,"47.712799,72.498024",32000,407,272
1757719671,2025-09-12T23:27:51Z,CPA233,"47.719536,72.266869",32000,407,272
1757719704,2025-09-12T23:28:24Z,CPA233,"47.722095,72.175247",32000,408,272
1757719735,2025-09-12T23:28:55Z,CPA233,"47.724468,72.08799",32000,408,272
1757719767,2025-09-12T23:29:27Z,CPA233,"47.726852,71.99691",32000,409,272
1757719775,2025-09-12T23:29:35Z,CPA233,"47.727215,71.982208",32000,409,272
1757719811,2025-09-12T23:30:11Z,CPA233,"47.729916,71.874741",32000,408,272
1757719909,2025-09-12T23:31:49Z,CPA233,"47.740768,71.600098",32000,408,273
1757719952,2025-09-12T23:32:32Z,CPA233,"47.745758,71.479111",32000,410,273
1757720052,2025-09-12T23:34:12Z,CPA233,"47.75647,71.196625",32000,412,273
1757720084,2025-09-12T23:34:44Z,CPA233,"47.759766,71.106125",32000,413,273
1757720092,2025-09-12T23:34:52Z,CPA233,"47.760502,71.085838",32000,413,273
1757720185,2025-09-12T23:36:25Z,CPA233,"47.769196,70.841698",32000,415,272
1757720377,2025-09-12T23:39:37Z,CPA233,"47.787277,70.273293",32000,418,272
1757721404,2025-09-12T23:56:44Z,CPA233,"47.648392,67.274162",32000,441,257
1757721448,2025-09-12T23:57:28Z,CPA233,"47.628479,67.144142",32000,442,257
1757721599,2025-09-12T23:59:59Z,CPA233,"47.558807,66.696625",32000,440,256
1757723879,2025-09-13T00:37:59Z,CPA233,"46.158234,59.948841",33900,458,250
1757723938,2025-09-13T00:38:58Z,CPA233,"46.116089,59.781967",34000,457,249
1757723969,2025-09-13T00:39:29Z,CPA233,"46.092819,59.690193",34000,457,249
1757724001,2025-09-13T00:40:01Z,CPA233,"46.069912,59.600143",34000,458,249
1757724033,2025-09-13T00:40:33Z,CPA233,"46.046768,59.509792",34000,456,249
1757724064,2025-09-13T00:41:04Z,CPA233,"46.024197,59.421822",34000,456,249
1757724095,2025-09-13T00:41:35Z,CPA233,"46.000946,59.331596",34000,457,249
1757724126,2025-09-13T00:42:06Z,CPA233,"45.978622,59.245422",34000,456,249
1757724157,2025-09-13T00:42:37Z,CPA233,"45.955765,59.15712",34000,456,249
1757724189,2025-09-13T00:43:09Z,CPA233,"45.931549,59.064308",34000,456,249
1757724221,2025-09-13T00:43:41Z,CPA233,"45.909073,58.978386",34000,457,249
1757724253,2025-09-13T00:44:13Z,CPA233,"45.884819,58.886032",34000,457,249
1757724284,2025-09-13T00:44:44Z,CPA233,"45.860798,58.795052",34000,457,249
1757724316,2025-09-13T00:45:16Z,CPA233,"45.836964,58.704826",34000,458,249
1757724348,2025-09-13T00:45:48Z,CPA233,"45.813354,58.616081",34000,457,249
1757724378,2025-09-13T00:46:18Z,CPA233,"45.790737,58.531311",34000,456,249
1757724411,2025-09-13T00:46:51Z,CPA233,"45.766251,58.439896",34000,455,249
1757724442,2025-09-13T00:47:22Z,CPA233,"45.742767,58.352276",34000,454,249
1757724474,2025-09-13T00:47:54Z,CPA233,"45.718689,58.263176",34000,453,248
1757724504,2025-09-13T00:48:24Z,CPA233,"45.695862,58.178925",34000,452,248
1757724535,2025-09-13T00:48:55Z,CPA233,"45.672401,58.092407",34000,452,248
1757724566,2025-09-13T00:49:26Z,CPA233,"45.64917,58.007195",34000,451,248
1757724597,2025-09-13T00:49:57Z,CPA233,"45.625149,57.919304",34000,451,248
1757724629,2025-09-13T00:50:29Z,CPA233,"45.600861,57.830959",34000,450,248
1757724662,2025-09-13T00:51:02Z,CPA233,"45.576084,57.741051",34000,450,248
1757724694,2025-09-13T00:51:34Z,CPA233,"45.551559,57.6525",34000,450,248
1757724725,2025-09-13T00:52:05Z,CPA233,"45.528133,57.568157",34000,449,248
1757724757,2025-09-13T00:52:37Z,CPA233,"45.502857,57.477455",34000,449,248
1757724788,2025-09-13T00:53:08Z,CPA233,"45.479443,57.39365",34000,450,248
1757724820,2025-09-13T00:53:40Z,CPA233,"45.455383,57.308086",34000,450,248
1757724850,2025-09-13T00:54:10Z,CPA233,"45.431763,57.224384",34000,450,248
1757724883,2025-09-13T00:54:43Z,CPA233,"45.406635,57.135269",34000,451,248
1757724913,2025-09-13T00:55:13Z,CPA233,"45.382706,57.050999",34000,451,248
1757724945,2025-09-13T00:55:45Z,CPA233,"45.357197,56.961365",34000,450,247
1757724976,2025-09-13T00:56:16Z,CPA233,"45.333454,56.878231",34000,449,247
1757725007,2025-09-13T00:56:47Z,CPA233,"45.309174,56.793495",34000,447,247
1757725040,2025-09-13T00:57:20Z,CPA233,"45.283768,56.705147",34000,445,247
1757725070,2025-09-13T00:57:50Z,CPA233,"45.260273,56.623737",34000,445,247
1757725102,2025-09-13T00:58:22Z,CPA233,"45.234997,56.536449",34000,445,247
1757725133,2025-09-13T00:58:53Z,CPA233,"45.211258,56.454815",34000,444,247
1757725166,2025-09-13T00:59:26Z,CPA233,"45.185745,56.367298",34000,445,247
1757725196,2025-09-13T00:59:56Z,CPA233,"45.161583,56.284702",34000,446,247
1757725228,2025-09-13T01:00:28Z,CPA233,"45.136093,56.197945",34000,446,247
1757725259,2025-09-13T01:00:59Z,CPA233,"45.111603,56.114697",34000,446,247
1757725291,2025-09-13T01:01:31Z,CPA233,"45.086426,56.029686",34000,446,247
1757725324,2025-09-13T01:02:04Z,CPA233,"45.060425,55.942055",34000,446,247
1757725354,2025-09-13T01:02:34Z,CPA233,"45.035984,55.859917",34000,446,247
1757725387,2025-09-13T01:03:07Z,CPA233,"45.009933,55.772488",34000,446,247
1757725418,2025-09-13T01:03:38Z,CPA233,"44.984344,55.687279",34000,443,247
1757725451,2025-09-13T01:04:11Z,CPA233,"44.958664,55.601936",34000,444,246
1757725482,2025-09-13T01:04:42Z,CPA233,"44.93335,55.517841",34000,444,246
1757725514,2025-09-13T01:05:14Z,CPA233,"44.907921,55.433929",34000,444,246
1757725547,2025-09-13T01:05:47Z,CPA233,"44.881107,55.34584",34000,444,246
1757725577,2025-09-13T01:06:17Z,CPA233,"44.856766,55.265808",34000,443,246
1757725609,2025-09-13T01:06:49Z,CPA233,"44.83049,55.179878",34000,442,246
1757725640,2025-09-13T01:07:20Z,CPA233,"44.805954,55.099705",34000,440,246
1757725672,2025-09-13T01:07:52Z,CPA233,"44.780041,55.015713",34000,438,246
1757725705,2025-09-13T01:08:25Z,CPA233,"44.750244,54.932621",34000,437,241
1757725737,2025-09-13T01:08:57Z,CPA233,"44.715984,54.854401",34000,437,236
1757725770,2025-09-13T01:09:30Z,CPA233,"44.67865,54.780579",34000,434,234
1757725800,2025-09-13T01:10:00Z,CPA233,"44.642853,54.710976",34000,431,234
1757725833,2025-09-13T01:10:33Z,CPA233,"44.604904,54.636646",34000,428,235
1757725865,2025-09-13T01:11:05Z,CPA233,"44.569977,54.563404",34000,427,236
1757725895,2025-09-13T01:11:35Z,CPA233,"44.536339,54.493126",34000,426,236
1757725926,2025-09-13T01:12:06Z,CPA233,"44.50264,54.423786",34000,425,235
1757725958,2025-09-13T01:12:38Z,CPA233,"44.46735,54.351509",34000,425,235
1757725989,2025-09-13T01:13:09Z,CPA233,"44.433086,54.281704",34000,424,235
1757726021,2025-09-13T01:13:41Z,CPA233,"44.39687,54.208218",34000,422,235
1757726052,2025-09-13T01:14:12Z,CPA233,"44.363205,54.139839",34000,421,235
1757726084,2025-09-13T01:14:44Z,CPA233,"44.327911,54.068493",34000,418,235
1757726116,2025-09-13T01:15:16Z,CPA233,"44.292404,53.996597",34000,415,235
1757726149,2025-09-13T01:15:49Z,CPA233,"44.257259,53.925522",34000,415,235
1757726181,2025-09-13T01:16:21Z,CPA233,"44.222351,53.855373",34000,415,235
1757726213,2025-09-13T01:16:53Z,CPA233,"44.187386,53.785271",34000,413,235
1757726244,2025-09-13T01:17:24Z,CPA233,"44.153549,53.717651",34000,412,235
1757726276,2025-09-13T01:17:56Z,CPA233,"44.118576,53.647644",34000,410,235
1757726309,2025-09-13T01:18:29Z,CPA233,"44.083511,53.577641",34000,409,235
1757726340,2025-09-13T01:19:00Z,CPA233,"44.048767,53.50853",34000,410,235
1757726372,2025-09-13T01:19:32Z,CPA233,"44.014534,53.440769",34000,408,235
1757726404,2025-09-13T01:20:04Z,CPA233,"43.980042,53.372498",34000,407,235
1757726436,2025-09-13T01:20:36Z,CPA233,"43.945267,53.303768",34000,406,234
1757726467,2025-09-13T01:21:07Z,CPA233,"43.912354,53.23896",34000,405,234
1757726499,2025-09-13T01:21:39Z,CPA233,"43.877438,53.170296",34000,404,234
1757726532,2025-09-13T01:22:12Z,CPA233,"43.84206,53.100979",34000,405,234
1757726563,2025-09-13T01:22:43Z,CPA233,"43.808449,53.035191",34000,405,234
1757726595,2025-09-13T01:23:15Z,CPA233,"43.773743,52.967644",34000,404,234
1757726627,2025-09-13T01:23:47Z,CPA233,"43.73877,52.89949",34000,404,234
1757726659,2025-09-13T01:24:19Z,CPA233,"43.704987,52.833828",34000,402,234
1757726691,2025-09-13T01:24:51Z,CPA233,"43.670563,52.767006",34000,400,234
1757726721,2025-09-13T01:25:21Z,CPA233,"43.637924,52.704037",34000,399,234
1757726753,2025-09-13T01:25:53Z,CPA233,"43.603867,52.63818",34000,400,234
1757726785,2025-09-13T01:26:25Z,CPA233,"43.56897,52.570782",34000,402,234
1757726817,2025-09-13T01:26:57Z,CPA233,"43.534515,52.505005",34000,402,234
1757726849,2025-09-13T01:27:29Z,CPA233,"43.499668,52.438332",34000,403,234
1757726881,2025-09-13T01:28:01Z,CPA233,"43.465027,52.372147",34000,402,234
1757726913,2025-09-13T01:28:33Z,CPA233,"43.429916,52.305206",34000,400,234
1757726951,2025-09-13T01:29:11Z,CPA233,"43.388535,52.229401",34000,400,234
1757726982,2025-09-13T01:29:42Z,CPA233,"43.355774,52.164928",34000,398,234
1757726986,2025-09-13T01:29:46Z,CPA233,"43.352486,52.159355",34000,290,216
1757727011,2025-09-13T01:30:11Z,CPA233,"43.324074,52.103832",34000,395,234
1757727014,2025-09-13T01:30:14Z,CPA233,"43.321514,52.100868",34000,395,234
1757727046,2025-09-13T01:30:46Z,CPA233,"43.286877,52.034718",34000,394,233
1757727078,2025-09-13T01:31:18Z,CPA233,"43.253403,51.971848",34000,393,234
1757727108,2025-09-13T01:31:48Z,CPA233,"43.220589,51.910336",34000,392,233
1757727141,2025-09-13T01:32:21Z,CPA233,"43.186001,51.845726",34000,394,233
1757727173,2025-09-13T01:32:53Z,CPA233,"43.150681,51.779778",34000,393,233
1757727209,2025-09-13T01:33:29Z,CPA233,"43.11182,51.707817",34000,392,233
1757727241,2025-09-13T01:34:01Z,CPA233,"43.077667,51.643791",34000,392,233
1757727273,2025-09-13T01:34:33Z,CPA233,"43.043747,51.580746",34000,394,233
1757727311,2025-09-13T01:35:11Z,CPA233,"43.002747,51.514565",34000,396,233
1757727332,2025-09-13T01:35:32Z,CPA233,"42.978905,51.493378",34000,396,263
1757727344,2025-09-13T01:35:44Z,CPA233,"42.965302,51.444668",34000,396,249
1757727346,2025-09-13T01:35:46Z,CPA233,"42.96283,51.451576",34000,396,116
1757727354,2025-09-13T01:35:54Z,CPA233,"42.954491,51.429649",34000,396,231
1757727356,2025-09-13T01:35:56Z,CPA233,"42.952244,51.426247",34000,396,221
1757727358,2025-09-13T01:35:58Z,CPA233,"42.950653,51.420589",34000,396,244
1757727361,2025-09-13T01:36:01Z,CPA233,"42.94735,51.413063",34000,396,245
1757727363,2025-09-13T01:36:03Z,CPA233,"42.945301,51.408203",34000,396,239
1757727366,2025-09-13T01:36:06Z,CPA233,"42.942806,51.40358",34000,398,237
1757727368,2025-09-13T01:36:08Z,CPA233,"42.940403,51.400593",34000,398,235
1757727370,2025-09-13T01:36:10Z,CPA233,"42.937408,51.393864",34000,398,236
1757727372,2025-09-13T01:36:12Z,CPA233,"42.935959,51.390869",34000,398,236
1757727374,2025-09-13T01:36:14Z,CPA233,"42.932995,51.38575",34000,398,235
1757727376,2025-09-13T01:36:16Z,CPA233,"42.930679,51.381462",34000,398,235
1757727385,2025-09-13T01:36:25Z,CPA233,"42.920822,51.369598",34000,396,233
1757727387,2025-09-13T01:36:27Z,CPA233,"42.919121,51.36232",34000,396,233
1757727390,2025-09-13T01:36:30Z,CPA233,"42.916508,51.357441",34000,397,233
1757727392,2025-09-13T01:36:32Z,CPA233,"42.914406,51.350872",34000,398,233
1757727423,2025-09-13T01:37:03Z,CPA233,"42.880661,51.279667",34000,397,233
1757727456,2025-09-13T01:37:36Z,CPA233,"42.84462,51.213726",34000,398,233
1757727487,2025-09-13T01:38:07Z,CPA233,"42.806679,51.176537",34000,398,233
1757727492,2025-09-13T01:38:12Z,CPA233,"42.800728,51.173733",34000,398,255
1757727494,2025-09-13T01:38:14Z,CPA233,"42.799343,51.163418",34000,398,259
1757727512,2025-09-13T01:38:32Z,CPA233,"42.782875,51.105095",34000,396,253
1757727514,2025-09-13T01:38:34Z,CPA233,"42.781258,51.097897",34000,396,270
1757727519,2025-09-13T01:38:39Z,CPA233,"42.772308,51.105537",34000,396,141
1757727525,2025-09-13T01:38:45Z,CPA233,"42.764614,51.106525",34000,396,120
1757727527,2025-09-13T01:38:47Z,CPA233,"42.762234,51.103752",34000,396,210
1757727529,2025-09-13T01:38:49Z,CPA233,"42.760201,51.099651",34000,396,218
1757727531,2025-09-13T01:38:51Z,CPA233,"42.758163,51.094612",34000,396,234
1757727533,2025-09-13T01:38:53Z,CPA233,"42.755981,51.089821",34000,396,236
1757727535,2025-09-13T01:38:55Z,CPA233,"42.753613,51.08477",34000,396,236
1757727537,2025-09-13T01:38:57Z,CPA233,"42.750679,51.07933",34000,396,235
1757727539,2025-09-13T01:38:59Z,CPA233,"42.74881,51.075394",34000,396,235
1757727541,2025-09-13T01:39:01Z,CPA233,"42.746269,51.071289",34000,396,234
1757727544,2025-09-13T01:39:04Z,CPA233,"42.744129,51.067837",34000,396,234
1757727546,2025-09-13T01:39:06Z,CPA233,"42.742172,51.064682",34000,396,233
1757727548,2025-09-13T01:39:08Z,CPA233,"42.739548,51.059986",34000,396,233
1757727550,2025-09-13T01:39:10Z,CPA233,"42.737507,51.055294",34000,396,234
1757727561,2025-09-13T01:39:21Z,CPA233,"42.728813,51.003616",34000,396,260
1757727571,2025-09-13T01:39:31Z,CPA233,"42.717754,50.989021",34000,396,224
1757727574,2025-09-13T01:39:34Z,CPA233,"42.715282,50.982288",34000,396,268
1757727576,2025-09-13T01:39:36Z,CPA233,"42.712807,50.979156",34000,396,223
1757727579,2025-09-13T01:39:39Z,CPA233,"42.709377,50.972355",34000,396,252
1757727581,2025-09-13T01:39:41Z,CPA233,"42.706608,50.967861",34000,396,205
1757727583,2025-09-13T01:39:43Z,CPA233,"42.704563,50.964924",34000,396,236
1757727585,2025-09-13T01:39:45Z,CPA233,"42.702164,50.960011",34000,396,234
1757727588,2025-09-13T01:39:48Z,CPA233,"42.699745,50.956409",34000,396,232
1757727590,2025-09-13T01:39:50Z,CPA233,"42.697693,50.952003",34000,396,233
1757727603,2025-09-13T01:40:03Z,CPA233,"42.682793,50.925072",34000,396,214
1757727622,2025-09-13T01:40:22Z,CPA233,"42.661934,50.888905",34000,396,222
1757727624,2025-09-13T01:40:24Z,CPA233,"42.660007,50.881901",34000,396,265
1757727626,2025-09-13T01:40:26Z,CPA233,"42.657181,50.881359",34000,396,213
1757727648,2025-09-13T01:40:48Z,CPA233,"42.634167,50.835232",34000,398,235
1757727650,2025-09-13T01:40:50Z,CPA233,"42.631252,50.8344",34000,398,241
1757727653,2025-09-13T01:40:53Z,CPA233,"42.626942,50.832558",34000,398,253
1757727656,2025-09-13T01:40:56Z,CPA233,"42.62513,50.82095",34000,398,239
1757727675,2025-09-13T01:41:15Z,CPA233,"42.604454,50.780956",34000,398,225
1757727677,2025-09-13T01:41:17Z,CPA233,"42.602272,50.777153",34000,398,250
1757727681,2025-09-13T01:41:21Z,CPA233,"42.597679,50.766026",34000,398,242
1757727691,2025-09-13T01:41:31Z,CPA233,"42.587086,50.748989",34000,396,259
1757727706,2025-09-13T01:41:46Z,CPA233,"42.57053,50.719536",34000,398,233
1757727708,2025-09-13T01:41:48Z,CPA233,"42.567818,50.714539",34000,398,233
1757727721,2025-09-13T01:42:01Z,CPA233,"42.55407,50.689491",34000,398,233
1757727729,2025-09-13T01:42:09Z,CPA233,"42.545635,50.66983",34000,398,274
1757727759,2025-09-13T01:42:39Z,CPA233,"42.513039,50.611053",34000,398,233
1757727791,2025-09-13T01:43:11Z,CPA233,"42.477589,50.54734",34000,400,233
1757727823,2025-09-13T01:43:43Z,CPA233,"42.442158,50.483742",34000,402,233
1757727853,2025-09-13T01:44:13Z,CPA233,"42.40942,50.423035",34000,402,234
1757727885,2025-09-13T01:44:45Z,CPA233,"42.375557,50.357819",34000,402,234
1757727917,2025-09-13T01:45:17Z,CPA233,"42.341461,50.292297",34000,400,235
1757727949,2025-09-13T01:45:49Z,CPA233,"42.307377,50.227837",34000,402,234
1757727964,2025-09-13T01:46:04Z,CPA233,"42.29097,50.198704",34000,402,210
1757727966,2025-09-13T01:46:06Z,CPA233,"42.28904,50.193382",34000,402,220
1757727993,2025-09-13T01:46:33Z,CPA233,"42.259094,50.136845",34000,404,234
1757727995,2025-09-13T01:46:35Z,CPA233,"42.256622,50.132118",34000,404,234
1757728025,2025-09-13T01:47:05Z,CPA233,"42.224117,50.072407",34000,404,215
1757728035,2025-09-13T01:47:15Z,CPA233,"42.214272,50.052956",34000,404,271
1757728041,2025-09-13T01:47:21Z,CPA233,"42.207684,50.040508",34000,402,222
1757728054,2025-09-13T01:47:34Z,CPA233,"42.193085,50.013123",34000,402,234
1757728062,2025-09-13T01:47:42Z,CPA233,"42.184158,50.00095",34000,402,178
1757728064,2025-09-13T01:47:44Z,CPA233,"42.182228,49.993141",34000,402,232
1757728070,2025-09-13T01:47:50Z,CPA233,"42.175896,49.981098",34000,402,234
1757728090,2025-09-13T01:48:10Z,CPA233,"42.154652,49.941303",34000,402,239
1757728099,2025-09-13T01:48:19Z,CPA233,"42.14497,49.924004",34000,404,221
1757728131,2025-09-13T01:48:51Z,CPA233,"42.109959,49.857513",34000,404,230
1757728158,2025-09-13T01:49:18Z,CPA233,"42.079819,49.8013",34000,404,271
1757728188,2025-09-13T01:49:48Z,CPA233,"42.04734,49.740997",34000,406,233
1757728220,2025-09-13T01:50:20Z,CPA233,"42.012627,49.677322",34000,408,229
1757728237,2025-09-13T01:50:37Z,CPA233,"41.993793,49.642559",34000,408,269
1757728266,2025-09-13T01:51:06Z,CPA233,"41.96067,49.582069",34000,408,235
1757728292,2025-09-13T01:51:32Z,CPA233,"41.932957,49.530323",34000,408,247
1757728296,2025-09-13T01:51:36Z,CPA233,"41.928215,49.52161",34000,408,253
1757728325,2025-09-13T01:52:05Z,CPA233,"41.896549,49.463013",34000,408,237
1757728327,2025-09-13T01:52:07Z,CPA233,"41.894272,49.459686",34000,408,214
1757728336,2025-09-13T01:52:16Z,CPA233,"41.882675,49.440903",34000,408,208
1757728338,2025-09-13T01:52:18Z,CPA233,"41.880753,49.434544",34000,408,247
1757728351,2025-09-13T01:52:31Z,CPA233,"41.867687,49.409626",34000,410,227
1757728357,2025-09-13T01:52:37Z,CPA233,"41.861137,49.397182",34000,410,235
1757728365,2025-09-13T01:52:45Z,CPA233,"41.850899,49.378487",34000,410,233
1757728368,2025-09-13T01:52:48Z,CPA233,"41.849072,49.375149",34000,410,233
1757728399,2025-09-13T01:53:19Z,CPA233,"41.813858,49.309742",34000,410,234
1757728431,2025-09-13T01:53:51Z,CPA233,"41.780537,49.244118",34000,410,234
1757728463,2025-09-13T01:54:23Z,CPA233,"41.747883,49.176281",34000,410,236
1757728495,2025-09-13T01:54:55Z,CPA233,"41.714523,49.107925",34000,412,236
1757728525,2025-09-13T01:55:25Z,CPA233,"41.683075,49.044613",34000,412,235
1757728557,2025-09-13T01:55:57Z,CPA233,"41.649601,48.977432",34000,410,236
1757728589,2025-09-13T01:56:29Z,CPA233,"41.615936,48.910164",34000,410,236
1757728621,2025-09-13T01:57:01Z,CPA233,"41.581947,48.842979",34000,412,235
1757728652,2025-09-13T01:57:32Z,CPA233,"41.548519,48.777527",34000,412,235
1757728684,2025-09-13T01:58:04Z,CPA233,"41.514103,48.710934",34000,414,234
1757728715,2025-09-13T01:58:35Z,CPA233,"41.477394,48.64724",34000,416,231
1757728745,2025-09-13T01:59:05Z,CPA233,"41.442253,48.586277",34000,416,232
1757728776,2025-09-13T01:59:36Z,CPA233,"41.405964,48.522186",34000,416,233
1757728808,2025-09-13T02:00:08Z,CPA233,"41.370369,48.456532",34000,416,234
1757728839,2025-09-13T02:00:39Z,CPA233,"41.335293,48.391628",34000,416,234
1757728871,2025-09-13T02:01:11Z,CPA233,"41.299664,48.326508",34000,416,233
1757728902,2025-09-13T02:01:42Z,CPA233,"41.263504,48.260715",34000,416,233
1757728934,2025-09-13T02:02:14Z,CPA233,"41.228146,48.196339",34000,418,234
1757728964,2025-09-13T02:02:44Z,CPA233,"41.193634,48.133957",34000,418,233
1757728995,2025-09-13T02:03:15Z,CPA233,"41.157413,48.068478",34000,418,233
1757729025,2025-09-13T02:03:45Z,CPA233,"41.126545,48.005817",34000,412,244
1757729027,2025-09-13T02:03:47Z,CPA233,"41.125038,48.001068",34000,412,246
1757729029,2025-09-13T02:03:49Z,CPA233,"41.123653,47.996269",34000,410,247
1757729031,2025-09-13T02:03:51Z,CPA233,"41.122295,47.990795",34000,410,250
1757729033,2025-09-13T02:03:53Z,CPA233,"41.121262,47.986439",34000,410,251
1757729035,2025-09-13T02:03:55Z,CPA233,"41.120163,47.981316",34000,410,253
1757729037,2025-09-13T02:03:57Z,CPA233,"41.119186,47.975815",34000,410,255
1757729039,2025-09-13T02:03:59Z,CPA233,"41.118313,47.970566",34000,410,256
1757729042,2025-09-13T02:04:02Z,CPA233,"41.117695,47.96545",34000,410,259
1757729044,2025-09-13T02:04:04Z,CPA233,"41.117104,47.959564",34000,410,261
1757729046,2025-09-13T02:04:06Z,CPA233,"41.116756,47.95491",34000,410,262
1757729048,2025-09-13T02:04:08Z,CPA233,"41.116451,47.949547",34000,410,264
1757729050,2025-09-13T02:04:10Z,CPA233,"41.116348,47.944405",34000,410,266
1757729052,2025-09-13T02:04:12Z,CPA233,"41.116337,47.939342",34000,410,268
1757729054,2025-09-13T02:04:14Z,CPA233,"41.11644,47.934235",34000,410,270
1757729056,2025-09-13T02:04:16Z,CPA233,"41.116692,47.929035",34000,410,272
1757729058,2025-09-13T02:04:18Z,CPA233,"41.117126,47.923374",34000,412,274
1757729060,2025-09-13T02:04:20Z,CPA233,"41.117641,47.918289",34000,412,276
1757729063,2025-09-13T02:04:23Z,CPA233,"41.118401,47.911877",34000,412,277
1757729065,2025-09-13T02:04:25Z,CPA233,"41.119141,47.90678",34000,412,279
1757729067,2025-09-13T02:04:27Z,CPA233,"41.119946,47.901669",34000,412,280
1757729069,2025-09-13T02:04:29Z,CPA233,"41.120705,47.896645",34000,412,281
1757729071,2025-09-13T02:04:31Z,CPA233,"41.121487,47.891163",34000,412,280
1757729073,2025-09-13T02:04:33Z,CPA233,"41.122162,47.886436",34000,412,280
1757729075,2025-09-13T02:04:35Z,CPA233,"41.12291,47.88139",34000,412,280
1757729077,2025-09-13T02:04:37Z,CPA233,"41.123714,47.875652",34000,412,280
1757729079,2025-09-13T02:04:39Z,CPA233,"41.124371,47.870975",34000,412,280
1757729081,2025-09-13T02:04:41Z,CPA233,"41.125126,47.866047",34000,414,281
1757729084,2025-09-13T02:04:44Z,CPA233,"41.126003,47.859962",34000,414,280
1757729116,2025-09-13T02:05:16Z,CPA233,"41.138531,47.781055",34000,414,282
1757729147,2025-09-13T02:05:47Z,CPA233,"41.151676,47.700726",34000,416,282
1757729179,2025-09-13T02:06:19Z,CPA233,"41.164181,47.621811",34000,418,281
1757729211,2025-09-13T02:06:51Z,CPA233,"41.176586,47.541813",34000,418,281
1757729243,2025-09-13T02:07:23Z,CPA233,"41.188965,47.461483",34000,418,282
1757729274,2025-09-13T02:07:54Z,CPA233,"41.201092,47.381622",34000,418,281
1757729306,2025-09-13T02:08:26Z,CPA233,"41.213234,47.300873",34000,418,281
1757729338,2025-09-13T02:08:58Z,CPA233,"41.22538,47.220322",34000,416,281
1757729369,2025-09-13T02:09:29Z,CPA233,"41.237156,47.142754",34000,416,281
1757729402,2025-09-13T02:10:02Z,CPA233,"41.249432,47.061604",34000,416,281
1757729434,2025-09-13T02:10:34Z,CPA233,"41.261692,46.980717",34000,414,279
1757729465,2025-09-13T02:11:05Z,CPA233,"41.273594,46.90229",34000,416,281
1757729497,2025-09-13T02:11:37Z,CPA233,"41.285683,46.822205",34000,416,282
1757729528,2025-09-13T02:12:08Z,CPA233,"41.29731,46.743176",34000,416,281
1757729560,2025-09-13T02:12:40Z,CPA233,"41.308487,46.66399",34000,414,279
1757729591,2025-09-13T02:13:11Z,CPA233,"41.320148,46.58728",34000,414,283
1757729622,2025-09-13T02:13:42Z,CPA233,"41.330242,46.50695",34000,414,280
1757729654,2025-09-13T02:14:14Z,CPA233,"41.34132,46.428879",34000,416,279
1757729684,2025-09-13T02:14:44Z,CPA233,"41.351486,46.355812",34000,416,280
1757729715,2025-09-13T02:15:15Z,CPA233,"41.36277,46.273926",34000,418,281
1757729746,2025-09-13T02:15:46Z,CPA233,"41.373722,46.193413",34000,418,280
1757729777,2025-09-13T02:16:17Z,CPA233,"41.384212,46.1152",34000,418,280
1757729809,2025-09-13T02:16:49Z,CPA233,"41.394852,46.036297",34000,416,280
1757729840,2025-09-13T02:17:20Z,CPA233,"41.404713,45.957371",34000,416,279
1757729872,2025-09-13T02:17:52Z,CPA233,"41.415009,45.875374",34000,414,279
1757729904,2025-09-13T02:18:24Z,CPA233,"41.426491,45.796844",34000,414,281
1757729935,2025-09-13T02:18:55Z,CPA233,"41.436684,45.716648",34000,414,279
1757729967,2025-09-13T02:19:27Z,CPA233,"41.446724,45.637352",34000,416,278
1757729998,2025-09-13T02:19:58Z,CPA233,"41.457455,45.558475",34000,416,279
1757730030,2025-09-13T02:20:30Z,CPA233,"41.468086,45.479168",34000,416,279
1757730061,2025-09-13T02:21:01Z,CPA233,"41.478264,45.398258",34000,416,279
1757730093,2025-09-13T02:21:33Z,CPA233,"41.486584,45.318928",34000,414,276
1757730125,2025-09-13T02:22:05Z,CPA233,"41.493317,45.238434",34000,414,276
1757730157,2025-09-13T02:22:37Z,CPA233,"41.500336,45.157612",34000,414,276
1757730188,2025-09-13T02:23:08Z,CPA233,"41.506725,45.077362",34000,414,276
1757730220,2025-09-13T02:23:40Z,CPA233,"41.513073,44.997375",34000,414,276
1757730252,2025-09-13T02:24:12Z,CPA233,"41.519455,44.916443",34000,414,276
1757730283,2025-09-13T02:24:43Z,CPA233,"41.526211,44.837639",34000,414,277
1757730314,2025-09-13T02:25:14Z,CPA233,"41.532875,44.758114",34000,414,275
1757730346,2025-09-13T02:25:46Z,CPA233,"41.539692,44.677986",34000,414,278
1757730377,2025-09-13T02:26:17Z,CPA233,"41.545361,44.598186",34000,414,275
1757730409,2025-09-13T02:26:49Z,CPA233,"41.551563,44.51841",34000,412,276
1757730440,2025-09-13T02:27:20Z,CPA233,"41.557003,44.438786",34000,412,275
1757730472,2025-09-13T02:27:52Z,CPA233,"41.562553,44.359352",34000,414,275
1757730503,2025-09-13T02:28:23Z,CPA233,"41.568001,44.28043",34000,414,276
1757730535,2025-09-13T02:28:55Z,CPA233,"41.571396,44.199451",34000,414,272
1757730566,2025-09-13T02:29:26Z,CPA233,"41.571571,44.117874",34000,414,270
1757730598,2025-09-13T02:29:58Z,CPA233,"41.571426,44.03862",34000,414,268
1757730629,2025-09-13T02:30:29Z,CPA233,"41.571808,43.957047",34000,416,269
1757730661,2025-09-13T02:31:01Z,CPA233,"41.572018,43.877354",34000,416,270
1757730692,2025-09-13T02:31:32Z,CPA233,"41.572178,43.797939",34000,416,269
1757730724,2025-09-13T02:32:04Z,CPA233,"41.572384,43.715843",34000,420,270
1757730755,2025-09-13T02:32:35Z,CPA233,"41.572628,43.633888",34000,422,271
1757730787,2025-09-13T02:33:07Z,CPA233,"41.572536,43.55209",34000,424,270
1757730818,2025-09-13T02:33:38Z,CPA233,"41.572628,43.471321",34000,424,270
1757730850,2025-09-13T02:34:10Z,CPA233,"41.572563,43.388298",34000,422,270
1757730882,2025-09-13T02:34:42Z,CPA233,"41.571781,43.305405",34000,422,269
1757730914,2025-09-13T02:35:14Z,CPA233,"41.571201,43.221977",34000,424,269
1757730946,2025-09-13T02:35:46Z,CPA233,"41.570396,43.138439",34000,426,269
1757730977,2025-09-13T02:36:17Z,CPA233,"41.570004,43.057159",34000,424,269
1757731009,2025-09-13T02:36:49Z,CPA233,"41.569305,42.972343",34000,424,268
1757731040,2025-09-13T02:37:20Z,CPA233,"41.568752,42.891968",34000,426,270
1757731072,2025-09-13T02:37:52Z,CPA233,"41.568005,42.809513",34000,428,269
1757731104,2025-09-13T02:38:24Z,CPA233,"41.56736,42.725704",34000,426,270
1757731135,2025-09-13T02:38:55Z,CPA233,"41.566601,42.643661",34000,426,269
1757731168,2025-09-13T02:39:28Z,CPA233,"41.565742,42.558136",34000,426,270
1757731200,2025-09-13T02:40:00Z,CPA233,"41.564583,42.47496",34000,426,267
1757731233,2025-09-13T02:40:33Z,CPA233,"41.563873,42.388248",34000,426,270
1757731263,2025-09-13T02:41:03Z,CPA233,"41.562836,42.308853",34000,428,269
1757731294,2025-09-13T02:41:34Z,CPA233,"41.561867,42.227432",34000,430,269
1757731325,2025-09-13T02:42:05Z,CPA233,"41.560776,42.146385",34000,430,269
1757731356,2025-09-13T02:42:36Z,CPA233,"41.559658,42.064758",34000,430,269
1757731387,2025-09-13T02:43:07Z,CPA233,"41.558289,41.983437",34000,432,268
1757731420,2025-09-13T02:43:40Z,CPA233,"41.556458,41.894444",34000,432,268
1757731452,2025-09-13T02:44:12Z,CPA233,"41.554981,41.810699",34000,434,268
1757731482,2025-09-13T02:44:42Z,CPA233,"41.553196,41.731472",34000,434,270
1757731512,2025-09-13T02:45:12Z,CPA233,"41.552887,41.649509",34000,436,291
1757731541,2025-09-13T02:45:41Z,CPA233,"41.550762,41.574253",34000,433,268
1757731573,2025-09-13T02:46:13Z,CPA233,"41.549122,41.488716",34000,435,269
1757731604,2025-09-13T02:46:44Z,CPA233,"41.551155,41.405155",34000,434,273
1757731635,2025-09-13T02:47:15Z,CPA233,"41.556927,41.31966",34000,436,274
1757731667,2025-09-13T02:47:47Z,CPA233,"41.561226,41.233719",34000,437,274
1757731699,2025-09-13T02:48:19Z,CPA233,"41.565945,41.147751",34000,439,274
1757731732,2025-09-13T02:48:52Z,CPA233,"41.570805,41.061153",34000,438,274
1757731764,2025-09-13T02:49:24Z,CPA233,"41.575584,40.973923",34000,438,274
1757731797,2025-09-13T02:49:57Z,CPA233,"41.580292,40.887085",34000,438,274
1757731827,2025-09-13T02:50:27Z,CPA233,"41.584782,40.804386",34000,439,274
1757731859,2025-09-13T02:50:59Z,CPA233,"41.590748,40.716915",34000,440,274
1757731890,2025-09-13T02:51:30Z,CPA233,"41.594166,40.634056",34000,440,274
1757731922,2025-09-13T02:52:02Z,CPA233,"41.598568,40.548431",34000,441,273
1757731954,2025-09-13T02:52:34Z,CPA233,"41.604038,40.460289",34000,442,273
1757731986,2025-09-13T02:53:06Z,CPA233,"41.607243,40.373669",34000,443,273
1757732019,2025-09-13T02:53:39Z,CPA233,"41.611477,40.285007",34000,443,273
1757732050,2025-09-13T02:54:10Z,CPA233,"41.615318,40.199364",34000,444,273
1757732083,2025-09-13T02:54:43Z,CPA233,"41.619064,40.110504",34000,444,273
1757732113,2025-09-13T02:55:13Z,CPA233,"41.622673,40.028248",34000,446,273
1757732145,2025-09-13T02:55:45Z,CPA233,"41.626453,39.938751",34000,447,273
1757732178,2025-09-13T02:56:18Z,CPA233,"41.630527,39.84993",34000,448,273
1757732210,2025-09-13T02:56:50Z,CPA233,"41.634624,39.761711",34000,449,273
1757732242,2025-09-13T02:57:22Z,CPA233,"41.638382,39.672276",34000,449,273
1757732273,2025-09-13T02:57:53Z,CPA233,"41.64212,39.58577",34000,449,273
1757732305,2025-09-13T02:58:25Z,CPA233,"41.645885,39.496563",34000,448,273
1757732337,2025-09-13T02:58:57Z,CPA233,"41.649612,39.40815",34000,449,273
1757732369,2025-09-13T02:59:29Z,CPA233,"41.653458,39.319138",34000,450,273
1757732401,2025-09-13T03:00:01Z,CPA233,"41.657188,39.231316",34000,451,273
1757732434,2025-09-13T03:00:34Z,CPA233,"41.660973,39.140839",34000,452,273
1757732465,2025-09-13T03:01:05Z,CPA233,"41.664474,39.051334",34000,452,273
1757732496,2025-09-13T03:01:36Z,CPA233,"41.667824,38.966175",34000,452,272
1757732528,2025-09-13T03:02:08Z,CPA233,"41.671261,38.876884",34000,452,272
1757732561,2025-09-13T03:02:41Z,CPA233,"41.674564,38.786121",34000,456,272
1757732594,2025-09-13T03:03:14Z,CPA233,"41.677868,38.69368",34000,456,272
1757732624,2025-09-13T03:03:44Z,CPA233,"41.680813,38.609039",34000,453,272
1757732655,2025-09-13T03:04:15Z,CPA233,"41.683563,38.523438",34000,454,272
1757732687,2025-09-13T03:04:47Z,CPA233,"41.686832,38.433254",34000,456,272
1757732720,2025-09-13T03:05:20Z,CPA233,"41.689747,38.341228",34000,456,272
1757732752,2025-09-13T03:05:52Z,CPA233,"41.692593,38.250889",34000,458,272
1757732783,2025-09-13T03:06:23Z,CPA233,"41.695232,38.165028",34000,457,272
1757732815,2025-09-13T03:06:55Z,CPA233,"41.69783,38.074684",34000,458,272
1757732847,2025-09-13T03:07:27Z,CPA233,"41.700554,37.984818",34000,460,272
1757732877,2025-09-13T03:07:57Z,CPA233,"41.702969,37.898853",34000,458,272
1757732908,2025-09-13T03:08:28Z,CPA233,"41.705341,37.811958",34000,459,272
1757732940,2025-09-13T03:09:00Z,CPA233,"41.708065,37.719532",34000,460,272
1757732962,2025-09-13T03:09:22Z,CPA233,"41.714947,37.659206",34000,460,282
1757732964,2025-09-13T03:09:24Z,CPA233,"41.716015,37.653484",34000,460,283
1757732966,2025-09-13T03:09:26Z,CPA233,"41.717136,37.647808",34000,460,284
1757732968,2025-09-13T03:09:28Z,CPA233,"41.718376,37.641922",34000,460,285
1757732970,2025-09-13T03:09:30Z,CPA233,"41.719646,37.636032",34000,460,285
1757732972,2025-09-13T03:09:32Z,CPA233,"41.721291,37.628822",34000,462,286
1757732974,2025-09-13T03:09:34Z,CPA233,"41.722431,37.624542",34000,462,287
1757732977,2025-09-13T03:09:37Z,CPA233,"41.723942,37.61895",34000,462,289
1757732979,2025-09-13T03:09:39Z,CPA233,"41.725677,37.612881",34000,462,290
1757732981,2025-09-13T03:09:41Z,CPA233,"41.727493,37.606667",34000,462,290
1757732983,2025-09-13T03:09:43Z,CPA233,"41.72908,37.601307",34000,462,291
1757732986,2025-09-13T03:09:46Z,CPA233,"41.730843,37.59576",34000,462,292
1757732988,2025-09-13T03:09:48Z,CPA233,"41.732742,37.589977",34000,462,293
1757732990,2025-09-13T03:09:50Z,CPA233,"41.734787,37.583817",34000,462,293
1757732992,2025-09-13T03:09:52Z,CPA233,"41.736458,37.578587",34000,462,293
1757732994,2025-09-13T03:09:54Z,CPA233,"41.738159,37.573418",34000,462,293
1757733027,2025-09-13T03:10:27Z,CPA233,"41.765598,37.48703",34000,462,293
1757733059,2025-09-13T03:10:59Z,CPA233,"41.793072,37.401699",34000,462,293
1757733091,2025-09-13T03:11:31Z,CPA233,"41.819931,37.317638",34000,464,292
1757733124,2025-09-13T03:12:04Z,CPA233,"41.84729,37.231838",34000,464,293
1757733156,2025-09-13T03:12:36Z,CPA233,"41.874191,37.147171",34000,464,293
1757733187,2025-09-13T03:13:07Z,CPA233,"41.899105,37.060741",34000,464,287
1757733198,2025-09-13T03:13:18Z,CPA233,"41.904644,37.03101",34000,464,283
1757733201,2025-09-13T03:13:21Z,CPA233,"41.905483,37.025845",34000,464,282
1757733203,2025-09-13T03:13:23Z,CPA233,"41.906479,37.019474",34000,464,282
1757733205,2025-09-13T03:13:25Z,CPA233,"41.907452,37.013268",34000,464,281
1757733207,2025-09-13T03:13:27Z,CPA233,"41.908199,37.00729",34000,464,280
1757733209,2025-09-13T03:13:29Z,CPA233,"41.90889,37.001209",34000,464,279
1757733211,2025-09-13T03:13:31Z,CPA233,"41.909534,36.995018",34000,464,278
1757733213,2025-09-13T03:13:33Z,CPA233,"41.910069,36.98967",34000,464,278
1757733215,2025-09-13T03:13:35Z,CPA233,"41.910599,36.983658",34000,464,277
1757733218,2025-09-13T03:13:38Z,CPA233,"41.911133,36.977043",34000,464,276
1757733220,2025-09-13T03:13:40Z,CPA233,"41.911549,36.971046",34000,464,276
1757733222,2025-09-13T03:13:42Z,CPA233,"41.911934,36.964954",34000,464,275
1757733253,2025-09-13T03:14:13Z,CPA233,"41.918285,36.876781",34000,462,274
1757733283,2025-09-13T03:14:43Z,CPA233,"41.924232,36.788605",34000,464,275
1757733314,2025-09-13T03:15:14Z,CPA233,"41.930012,36.700989",34000,462,274
1757733345,2025-09-13T03:15:45Z,CPA233,"41.935837,36.611832",34000,464,274
1757733376,2025-09-13T03:16:16Z,CPA233,"41.941612,36.523346",34000,462,274
1757733407,2025-09-13T03:16:47Z,CPA233,"41.947136,36.433437",34000,464,273
1757733410,2025-09-13T03:16:50Z,CPA233,"41.947441,36.425556",34000,464,263
1757733436,2025-09-13T03:17:16Z,CPA233,"41.952248,36.351494",34000,462,274
1757733438,2025-09-13T03:17:18Z,CPA233,"41.952713,36.345322",34000,462,275
1757733469,2025-09-13T03:17:49Z,CPA233,"41.958279,36.256256",34000,462,274
1757733600,2025-09-13T03:20:00Z,CPA233,"41.980797,35.880714",34000,460,274
1757733895,2025-09-13T03:24:55Z,CPA233,"42.026409,35.034931",34000,462,271
1757733903,2025-09-13T03:25:03Z,CPA233,"42.0257,35.010002",34000,462,259
1757734055,2025-09-13T03:27:35Z,CPA233,"41.998024,34.576622",34000,466,264
1757734061,2025-09-13T03:27:41Z,CPA233,"41.996216,34.557877",34000,466,241
1757734067,2025-09-13T03:27:47Z,CPA233,"42.000141,34.540924",34000,466,277
1757734071,2025-09-13T03:27:51Z,CPA233,"41.999592,34.527618",34000,466,270
1757734074,2025-09-13T03:27:54Z,CPA233,"41.995258,34.516869",34000,466,231
1757734078,2025-09-13T03:27:58Z,CPA233,"41.99641,34.507359",34000,464,270
1757734085,2025-09-13T03:28:05Z,CPA233,"41.9972,34.487766",34000,464,277
1757734087,2025-09-13T03:28:07Z,CPA233,"41.996689,34.479607",34000,464,176
1757734096,2025-09-13T03:28:16Z,CPA233,"41.994122,34.45565",34000,466,262
1757734102,2025-09-13T03:28:22Z,CPA233,"41.995159,34.437138",34000,466,278
1757734104,2025-09-13T03:28:24Z,CPA233,"41.994347,34.431442",34000,466,265
1757734113,2025-09-13T03:28:33Z,CPA233,"41.99324,34.402786",34000,466,266
1757734115,2025-09-13T03:28:35Z,CPA233,"41.993397,34.399124",34000,466,268
1757734118,2025-09-13T03:28:38Z,CPA233,"41.99062,34.388851",34000,466,243
1757734121,2025-09-13T03:28:41Z,CPA233,"41.990185,34.3797",34000,466,268
1757734123,2025-09-13T03:28:43Z,CPA233,"41.984081,34.378262",34000,466,188
1757734125,2025-09-13T03:28:45Z,CPA233,"41.988152,34.369892",34000,466,327
1757734133,2025-09-13T03:28:53Z,CPA233,"41.9883,34.345947",34000,466,205
1757734139,2025-09-13T03:28:59Z,CPA233,"41.988178,34.33284",34000,466,293
1757734141,2025-09-13T03:29:01Z,CPA233,"41.983582,34.326492",34000,466,196
1757734147,2025-09-13T03:29:07Z,CPA233,"41.985935,34.30558",34000,466,268
1757734154,2025-09-13T03:29:14Z,CPA233,"41.98531,34.2887",34000,466,267
1757734156,2025-09-13T03:29:16Z,CPA233,"41.984798,34.282547",34000,466,266
1757734161,2025-09-13T03:29:21Z,CPA233,"41.982044,34.265141",34000,466,256
1757734163,2025-09-13T03:29:23Z,CPA233,"41.983147,34.261139",34000,466,269
1757734168,2025-09-13T03:29:28Z,CPA233,"41.982285,34.247799",34000,468,265
1757734170,2025-09-13T03:29:30Z,CPA233,"41.982006,34.241283",34000,468,265
1757734188,2025-09-13T03:29:48Z,CPA233,"41.979454,34.189545",34000,468,266
1757734220,2025-09-13T03:30:20Z,CPA233,"41.974121,34.095474",34000,468,265
1757734252,2025-09-13T03:30:52Z,CPA233,"41.969296,34.004776",34000,468,268
1757734269,2025-09-13T03:31:09Z,CPA233,"41.965942,33.952785",34000,468,249
1757734273,2025-09-13T03:31:13Z,CPA233,"41.96632,33.942238",34000,468,257
1757734275,2025-09-13T03:31:15Z,CPA233,"41.965816,33.935238",34000,468,261
1757734298,2025-09-13T03:31:38Z,CPA233,"41.962395,33.87011",34000,468,278
1757734301,2025-09-13T03:31:41Z,CPA233,"41.963242,33.862617",34000,468,292
1757734308,2025-09-13T03:31:48Z,CPA233,"41.960556,33.840736",34000,468,255
1757734310,2025-09-13T03:31:50Z,CPA233,"41.959942,33.834705",34000,468,278
1757734327,2025-09-13T03:32:07Z,CPA233,"41.957867,33.786098",34000,468,265
1757734329,2025-09-13T03:32:09Z,CPA233,"41.957565,33.780296",34000,468,265
1757734331,2025-09-13T03:32:11Z,CPA233,"41.957329,33.772198",34000,468,265
1757734338,2025-09-13T03:32:18Z,CPA233,"41.956821,33.75592",34000,468,266
1757734340,2025-09-13T03:32:20Z,CPA233,"41.956387,33.75021",34000,468,266
1757734346,2025-09-13T03:32:26Z,CPA233,"41.954998,33.729221",34000,468,255
1757734348,2025-09-13T03:32:28Z,CPA233,"41.955307,33.724571",34000,468,287
1757734376,2025-09-13T03:32:56Z,CPA233,"41.950275,33.643967",34000,468,265
1757734378,2025-09-13T03:32:58Z,CPA233,"41.949753,33.63802",34000,468,265
1757734411,2025-09-13T03:33:31Z,CPA233,"41.943344,33.542267",34000,468,265
1757734442,2025-09-13T03:34:02Z,CPA233,"41.937504,33.449631",34000,468,265
1757734474,2025-09-13T03:34:34Z,CPA233,"41.933636,33.359493",34000,466,267
1757734506,2025-09-13T03:35:06Z,CPA233,"41.926762,33.266399",34000,466,264
1757734539,2025-09-13T03:35:39Z,CPA233,"41.921066,33.173195",34000,464,265
1757734571,2025-09-13T03:36:11Z,CPA233,"41.915081,33.080841",34000,466,265
1757734602,2025-09-13T03:36:42Z,CPA233,"41.909409,32.989742",34000,468,265
1757734634,2025-09-13T03:37:14Z,CPA233,"41.903637,32.898098",34000,468,265
1757734665,2025-09-13T03:37:45Z,CPA233,"41.898151,32.806187",34000,468,266
1757734697,2025-09-13T03:38:17Z,CPA233,"41.891808,32.715427",34000,468,264
1757734712,2025-09-13T03:38:32Z,CPA233,"41.888737,32.670204",34000,468,279
1757734742,2025-09-13T03:39:02Z,CPA233,"41.882328,32.583729",34000,468,262
1757734744,2025-09-13T03:39:04Z,CPA233,"41.881943,32.577457",34000,468,263
1757734771,2025-09-13T03:39:31Z,CPA233,"41.87851,32.501953",34000,468,19
1757734773,2025-09-13T03:39:33Z,CPA233,"41.878277,32.494801",34000,468,280
1757734786,2025-09-13T03:39:46Z,CPA233,"41.878864,32.454205",34000,468,233
1757734788,2025-09-13T03:39:48Z,CPA233,"41.880169,32.448467",34000,468,285
1757734794,2025-09-13T03:39:54Z,CPA233,"41.880287,32.427727",34000,468,283
1757734798,2025-09-13T03:39:58Z,CPA233,"41.880802,32.413811",34000,468,275
1757734800,2025-09-13T03:40:00Z,CPA233,"41.883102,32.41011",34000,468,314
1757734805,2025-09-13T03:40:05Z,CPA233,"41.8839,32.392483",34000,468,252
1757734807,2025-09-13T03:40:07Z,CPA233,"41.88829,32.392838",34000,468,11
1757734809,2025-09-13T03:40:09Z,CPA233,"41.890629,32.389149",34000,468,57
1757734811,2025-09-13T03:40:11Z,CPA233,"41.891933,32.383118",34000,468,32
1757734814,2025-09-13T03:40:14Z,CPA233,"41.893051,32.377651",34000,468,286
1757734816,2025-09-13T03:40:16Z,CPA233,"41.894814,32.371216",34000,468,288
1757734820,2025-09-13T03:40:20Z,CPA233,"41.897415,32.360638",34000,468,288
1757734824,2025-09-13T03:40:24Z,CPA233,"41.900196,32.348217",34000,468,287
1757734828,2025-09-13T03:40:28Z,CPA233,"41.903191,32.335209",34000,470,286
1757734835,2025-09-13T03:40:35Z,CPA233,"41.904793,32.312973",34000,470,296
1757734837,2025-09-13T03:40:37Z,CPA233,"41.905792,32.30661",34000,470,293
1757734839,2025-09-13T03:40:39Z,CPA233,"41.907337,32.299973",34000,470,289
1757734841,2025-09-13T03:40:41Z,CPA233,"41.908897,32.293709",34000,470,288
1757734849,2025-09-13T03:40:49Z,CPA233,"41.916237,32.278732",34000,470,342
1757734851,2025-09-13T03:40:51Z,CPA233,"41.917999,32.273754",34000,470,34
1757734853,2025-09-13T03:40:53Z,CPA233,"41.919147,32.267265",34000,470,35
1757734855,2025-09-13T03:40:55Z,CPA233,"41.920895,32.262135",34000,470,294
1757734857,2025-09-13T03:40:57Z,CPA233,"41.920113,32.249302",34000,470,265
1757734862,2025-09-13T03:41:02Z,CPA233,"41.919228,32.235146",34000,470,236
1757734864,2025-09-13T03:41:04Z,CPA233,"41.92627,32.237717",34000,470,321
1757734879,2025-09-13T03:41:19Z,CPA233,"41.936268,32.196289",34000,470,288
1757734881,2025-09-13T03:41:21Z,CPA233,"41.937939,32.190643",34000,470,285
1757734883,2025-09-13T03:41:23Z,CPA233,"41.93943,32.184208",34000,470,273
1757734887,2025-09-13T03:41:27Z,CPA233,"41.942196,32.17334",34000,470,289
1757734889,2025-09-13T03:41:29Z,CPA233,"41.943691,32.167072",34000,470,288
1757734891,2025-09-13T03:41:31Z,CPA233,"41.94503,32.161106",34000,470,287
1757734893,2025-09-13T03:41:33Z,CPA233,"41.946304,32.155365",34000,470,287
1757734913,2025-09-13T03:41:53Z,CPA233,"41.958641,32.099667",34000,470,287
1757734945,2025-09-13T03:42:25Z,CPA233,"41.979633,32.010971",34000,472,287
1757734977,2025-09-13T03:42:57Z,CPA233,"42.000771,31.921705",34000,470,287
1757735008,2025-09-13T03:43:28Z,CPA233,"42.021084,31.834146",34000,470,286
1757735040,2025-09-13T03:44:00Z,CPA233,"42.041515,31.745157",34000,468,287
1757735071,2025-09-13T03:44:31Z,CPA233,"42.061352,31.658617",34000,468,287
1757735103,2025-09-13T03:45:03Z,CPA233,"42.081394,31.571012",34000,468,286
1757735134,2025-09-13T03:45:34Z,CPA233,"42.101295,31.484156",34000,468,287
1757735166,2025-09-13T03:46:06Z,CPA233,"42.121616,31.395529",34000,466,287
1757735197,2025-09-13T03:46:37Z,CPA233,"42.141373,31.309",34000,466,286
1757735228,2025-09-13T03:47:08Z,CPA233,"42.161301,31.221699",34000,466,286
1757735260,2025-09-13T03:47:40Z,CPA233,"42.181229,31.134266",34000,468,286
1757735291,2025-09-13T03:48:11Z,CPA233,"42.201237,31.046589",34000,468,287
1757735323,2025-09-13T03:48:43Z,CPA233,"42.22118,30.958334",34000,468,286
1757735355,2025-09-13T03:49:15Z,CPA233,"42.241226,30.868916",34000,468,286
1757735387,2025-09-13T03:49:47Z,CPA233,"42.261169,30.780098",34000,470,286
1757735419,2025-09-13T03:50:19Z,CPA233,"42.280827,30.691458",34000,470,286
1757735451,2025-09-13T03:50:51Z,CPA233,"42.300846,30.601355",34000,470,286
1757735482,2025-09-13T03:51:22Z,CPA233,"42.320229,30.51362",34000,472,286
1757735512,2025-09-13T03:51:52Z,CPA233,"42.339096,30.428629",34000,472,286
1757735544,2025-09-13T03:52:24Z,CPA233,"42.358749,30.339664",34000,468,286
1757735576,2025-09-13T03:52:56Z,CPA233,"42.378258,30.249924",34000,468,286
1757735608,2025-09-13T03:53:28Z,CPA233,"42.397808,30.15974",34000,468,286
1757735640,2025-09-13T03:54:00Z,CPA233,"42.417332,30.069782",34000,468,286
1757735672,2025-09-13T03:54:32Z,CPA233,"42.436699,29.980078",34000,468,285
1757735704,2025-09-13T03:55:04Z,CPA233,"42.45536,29.891558",33975,464,284
1757735736,2025-09-13T03:55:36Z,CPA233,"42.471581,29.802343",34000,460,282
1757735767,2025-09-13T03:56:07Z,CPA233,"42.486217,29.713705",34000,460,282
1757735799,2025-09-13T03:56:39Z,CPA233,"42.500957,29.623421",34000,460,282
1757735832,2025-09-13T03:57:12Z,CPA233,"42.515572,29.533373",34000,462,282
1757735864,2025-09-13T03:57:44Z,CPA233,"42.53017,29.443018",34000,460,282
1757735896,2025-09-13T03:58:16Z,CPA233,"42.544395,29.353672",34000,460,282
1757735927,2025-09-13T03:58:47Z,CPA233,"42.558674,29.264759",34000,458,282
1757735959,2025-09-13T03:59:19Z,CPA233,"42.572651,29.176498",34000,458,282
1757735991,2025-09-13T03:59:51Z,CPA233,"42.586704,29.087446",34000,458,282
1757736023,2025-09-13T04:00:23Z,CPA233,"42.600639,28.998446",34000,458,281
1757736055,2025-09-13T04:00:55Z,CPA233,"42.614773,28.907452",34000,456,281
1757736087,2025-09-13T04:01:27Z,CPA233,"42.62846,28.819113",34000,456,281
1757736119,2025-09-13T04:01:59Z,CPA233,"42.642097,28.729935",34000,456,281
1757736151,2025-09-13T04:02:31Z,CPA233,"42.655533,28.641949",34000,456,281
1757736183,2025-09-13T04:03:03Z,CPA233,"42.669003,28.553743",34000,454,281
1757736214,2025-09-13T04:03:34Z,CPA233,"42.6824,28.465572",34000,454,281
1757736245,2025-09-13T04:04:05Z,CPA233,"42.695423,28.380224",34000,454,282
1757736277,2025-09-13T04:04:37Z,CPA233,"42.709023,28.290274",34000,456,281
1757736309,2025-09-13T04:05:09Z,CPA233,"42.722271,28.202776",34000,458,281
1757736341,2025-09-13T04:05:41Z,CPA233,"42.73568,28.113344",34000,458,281
1757736372,2025-09-13T04:06:12Z,CPA233,"42.748734,28.025118",34000,458,281
1757736404,2025-09-13T04:06:44Z,CPA233,"42.761951,27.935884",34000,458,280
1757736436,2025-09-13T04:07:16Z,CPA233,"42.775265,27.847013",34000,458,282
1757736468,2025-09-13T04:07:48Z,CPA233,"42.788307,27.757963",34000,458,281
1757736499,2025-09-13T04:08:19Z,CPA233,"42.801094,27.669748",34000,458,280
1757736531,2025-09-13T04:08:51Z,CPA233,"42.813843,27.57934",34000,458,280
1757736563,2025-09-13T04:09:23Z,CPA233,"42.826309,27.489882",34000,456,280
1757736595,2025-09-13T04:09:55Z,CPA233,"42.838768,27.40056",34000,456,281
1757736626,2025-09-13T04:10:26Z,CPA233,"42.850822,27.313948",34000,456,280
1757736657,2025-09-13T04:10:57Z,CPA233,"42.863075,27.225634",34000,454,280
1757736689,2025-09-13T04:11:29Z,CPA233,"42.875423,27.136801",34500,454,280
1757736720,2025-09-13T04:12:00Z,CPA233,"42.887184,27.052185",35425,450,280
1757736752,2025-09-13T04:12:32Z,CPA233,"42.899597,26.962234",36000,446,280
1757736785,2025-09-13T04:13:05Z,CPA233,"42.911846,26.874332",36000,446,280
1757736803,2025-09-13T04:13:23Z,CPA233,"42.919106,26.821564",36000,444,266
1757736833,2025-09-13T04:13:53Z,CPA233,"42.930332,26.741076",36000,443,280
1757736865,2025-09-13T04:14:25Z,CPA233,"42.942406,26.654222",36000,445,280
1757736896,2025-09-13T04:14:56Z,CPA233,"42.954033,26.567265",36000,444,280
1757736928,2025-09-13T04:15:28Z,CPA233,"42.965336,26.478716",36000,444,279
1757736961,2025-09-13T04:16:01Z,CPA233,"42.976761,26.389736",36000,443,279
1757736992,2025-09-13T04:16:32Z,CPA233,"42.987839,26.303219",36000,443,279
1757737024,2025-09-13T04:17:04Z,CPA233,"42.998856,26.216171",36000,444,279
1757737055,2025-09-13T04:17:35Z,CPA233,"43.009857,26.130377",36000,442,279
1757737086,2025-09-13T04:18:06Z,CPA233,"43.020927,26.044701",36000,442,280
1757737118,2025-09-13T04:18:38Z,CPA233,"43.032398,25.956499",36000,442,280
1757737150,2025-09-13T04:19:10Z,CPA233,"43.043613,25.868467",36000,443,279
1757737182,2025-09-13T04:19:42Z,CPA233,"43.054657,25.78178",36000,444,279
1757737214,2025-09-13T04:20:14Z,CPA233,"43.065636,25.694775",36000,444,279
1757737246,2025-09-13T04:20:46Z,CPA233,"43.07671,25.606293",36000,443,279
1757737277,2025-09-13T04:21:17Z,CPA233,"43.087662,25.518534",36000,444,279
1757737309,2025-09-13T04:21:49Z,CPA233,"43.098164,25.432362",36000,445,279
1757737340,2025-09-13T04:22:20Z,CPA233,"43.108841,25.345608",36000,445,279
1757737371,2025-09-13T04:22:51Z,CPA233,"43.11948,25.260086",36000,446,279
1757737403,2025-09-13T04:23:23Z,CPA233,"43.130287,25.170557",36000,445,279
1757737435,2025-09-13T04:23:55Z,CPA233,"43.140945,25.080847",36000,444,279
1757737467,2025-09-13T04:24:27Z,CPA233,"43.15126,24.993248",36000,444,279
1757737498,2025-09-13T04:24:58Z,CPA233,"43.161312,24.906523",36000,444,279
1757737530,2025-09-13T04:25:30Z,CPA233,"43.171371,24.818464",36000,445,278
1757737561,2025-09-13T04:26:01Z,CPA233,"43.181362,24.731339",36000,444,278
1757737576,2025-09-13T04:26:16Z,CPA233,"43.186043,24.689693",36000,445,245
1757737606,2025-09-13T04:26:46Z,CPA233,"43.195351,24.608244",36000,444,278
1757737637,2025-09-13T04:27:17Z,CPA233,"43.205364,24.519781",36000,444,278
1757737669,2025-09-13T04:27:49Z,CPA233,"43.215347,24.432201",36000,444,278
1757737701,2025-09-13T04:28:21Z,CPA233,"43.22522,24.343775",36000,444,278
1757737733,2025-09-13T04:28:53Z,CPA233,"43.235291,24.255844",36000,444,278
1757737765,2025-09-13T04:29:25Z,CPA233,"43.245369,24.165567",36000,444,278
1757737796,2025-09-13T04:29:56Z,CPA233,"43.25494,24.078871",36000,444,278
1757737828,2025-09-13T04:30:28Z,CPA233,"43.264633,23.990398",36000,443,278
1757737860,2025-09-13T04:31:00Z,CPA233,"43.274124,23.903107",36000,444,278
1757737891,2025-09-13T04:31:31Z,CPA233,"43.283653,23.815441",36000,446,278
1757737923,2025-09-13T04:32:03Z,CPA233,"43.29216,23.727833",36000,446,276
1757737954,2025-09-13T04:32:34Z,CPA233,"43.299881,23.638294",36000,447,276
1757737986,2025-09-13T04:33:06Z,CPA233,"43.307671,23.549454",36000,446,276
1757738018,2025-09-13T04:33:38Z,CPA233,"43.315628,23.46047",36000,446,276
1757738049,2025-09-13T04:34:09Z,CPA233,"43.323357,23.372587",36000,445,276
1757738081,2025-09-13T04:34:41Z,CPA233,"43.331158,23.283922",36000,445,276
1757738113,2025-09-13T04:35:13Z,CPA233,"43.338875,23.195019",36000,444,276
1757738146,2025-09-13T04:35:46Z,CPA233,"43.346718,23.103991",36000,444,276
1757738177,2025-09-13T04:36:17Z,CPA233,"43.354084,23.014679",36000,444,276
1757738209,2025-09-13T04:36:49Z,CPA233,"43.363708,22.928089",36000,442,287
1757738211,2025-09-13T04:36:51Z,CPA233,"43.365128,22.922609",36000,442,288
1757738213,2025-09-13T04:36:53Z,CPA233,"43.36676,22.916729",36000,442,290
1757738215,2025-09-13T04:36:55Z,CPA233,"43.368328,22.911358",36025,442,290
1757738217,2025-09-13T04:36:57Z,CPA233,"43.369865,22.905903",36025,443,291
1757738219,2025-09-13T04:36:59Z,CPA233,"43.371498,22.900301",36025,442,291
1757738221,2025-09-13T04:37:01Z,CPA233,"43.373154,22.894999",36025,442,292
1757738224,2025-09-13T04:37:04Z,CPA233,"43.374878,22.889097",36000,443,292
1757738226,2025-09-13T04:37:06Z,CPA233,"43.376476,22.88382",36000,442,292
1757738228,2025-09-13T04:37:08Z,CPA233,"43.378223,22.878008",36000,442,292
1757738230,2025-09-13T04:37:10Z,CPA233,"43.379787,22.87286",36000,442,292
1757738232,2025-09-13T04:37:12Z,CPA233,"43.381733,22.866253",36000,442,292
1757738234,2025-09-13T04:37:14Z,CPA233,"43.383179,22.861553",36000,442,292
1757738266,2025-09-13T04:37:46Z,CPA233,"43.408993,22.780191",36000,443,295
1757738298,2025-09-13T04:38:18Z,CPA233,"43.438446,22.699055",36000,444,296
1757738330,2025-09-13T04:38:50Z,CPA233,"43.467499,22.619482",36000,444,296
1757738362,2025-09-13T04:39:22Z,CPA233,"43.497044,22.537029",36000,444,296
1757738394,2025-09-13T04:39:54Z,CPA233,"43.525986,22.455643",36000,445,296
1757738426,2025-09-13T04:40:26Z,CPA233,"43.554131,22.376205",36000,444,296
1757738457,2025-09-13T04:40:57Z,CPA233,"43.582603,22.296387",36000,444,296
1757738488,2025-09-13T04:41:28Z,CPA233,"43.61113,22.216791",36000,444,296
1757738520,2025-09-13T04:42:00Z,CPA233,"43.640274,22.134588",36000,444,296
1757738552,2025-09-13T04:42:32Z,CPA233,"43.668186,22.056316",36000,444,296
1757738584,2025-09-13T04:43:04Z,CPA233,"43.697296,21.974693",36000,444,296
1757738616,2025-09-13T04:43:36Z,CPA233,"43.72604,21.893461",36000,444,296
1757738648,2025-09-13T04:44:08Z,CPA233,"43.755348,21.810535",36000,442,295
1757738680,2025-09-13T04:44:40Z,CPA233,"43.78373,21.730156",36000,442,295
1757738712,2025-09-13T04:45:12Z,CPA233,"43.812061,21.649723",36000,442,295
1757738743,2025-09-13T04:45:43Z,CPA233,"43.840092,21.569632",36000,441,295
1757738774,2025-09-13T04:46:14Z,CPA233,"43.867199,21.49168",36000,441,295
1757738806,2025-09-13T04:46:46Z,CPA233,"43.895786,21.409443",36000,441,295
1757738837,2025-09-13T04:47:17Z,CPA233,"43.923153,21.330393",36000,441,295
1757738869,2025-09-13T04:47:49Z,CPA233,"43.951351,21.248833",36000,442,295
1757738902,2025-09-13T04:48:22Z,CPA233,"43.979832,21.166212",36000,441,295
1757738933,2025-09-13T04:48:53Z,CPA233,"44.007576,21.08564",36000,442,295
1757738964,2025-09-13T04:49:24Z,CPA233,"44.034195,21.007528",36000,442,295
1757738996,2025-09-13T04:49:56Z,CPA233,"44.062366,20.925047",36000,442,295
1757739028,2025-09-13T04:50:28Z,CPA233,"44.090576,20.842112",36000,442,295
1757739060,2025-09-13T04:51:00Z,CPA233,"44.118538,20.759836",36000,441,295
1757739093,2025-09-13T04:51:33Z,CPA233,"44.146446,20.677177",36000,441,295
1757739125,2025-09-13T04:52:05Z,CPA233,"44.174225,20.594967",36000,442,295
1757739156,2025-09-13T04:52:36Z,CPA233,"44.201683,20.513422",36000,441,295
1757739188,2025-09-13T04:53:08Z,CPA233,"44.228848,20.43257",36000,442,294
1757739220,2025-09-13T04:53:40Z,CPA233,"44.256649,20.349413",36000,441,294
1757739252,2025-09-13T04:54:12Z,CPA233,"44.284111,20.26683",36000,442,294
1757739284,2025-09-13T04:54:44Z,CPA233,"44.311726,20.184158",36000,442,294
1757739315,2025-09-13T04:55:15Z,CPA233,"44.338261,20.10405",36000,440,294
1757739347,2025-09-13T04:55:47Z,CPA233,"44.365131,20.022923",36000,440,294
1757739378,2025-09-13T04:56:18Z,CPA233,"44.391777,19.941801",36000,439,294
1757739410,2025-09-13T04:56:50Z,CPA233,"44.418594,19.860184",36000,439,294
1757739443,2025-09-13T04:57:23Z,CPA233,"44.446148,19.775835",36000,440,294
1757739474,2025-09-13T04:57:54Z,CPA233,"44.472866,19.694235",36000,442,294
1757739506,2025-09-13T04:58:26Z,CPA233,"44.499638,19.611929",36000,442,294
1757739538,2025-09-13T04:58:58Z,CPA233,"44.526775,19.528294",36000,443,294
1757739570,2025-09-13T04:59:30Z,CPA233,"44.553673,19.445133",36000,444,294
1757739602,2025-09-13T05:00:02Z,CPA233,"44.580353,19.362291",36000,444,294
1757739633,2025-09-13T05:00:33Z,CPA233,"44.607067,19.279055",36000,444,294
1757739667,2025-09-13T05:01:07Z,CPA233,"44.635101,19.191612",36000,443,294
1757739699,2025-09-13T05:01:39Z,CPA233,"44.661945,19.107481",36000,444,294
1757739731,2025-09-13T05:02:11Z,CPA233,"44.68914,19.021793",36000,444,293
1757739763,2025-09-13T05:02:43Z,CPA233,"44.715538,18.938591",36000,444,293
1757739796,2025-09-13T05:03:16Z,CPA233,"44.742493,18.853323",36000,442,293
1757739827,2025-09-13T05:03:47Z,CPA233,"44.768593,18.770178",36000,442,293
1757739859,2025-09-13T05:04:19Z,CPA233,"44.79512,18.685453",36000,442,293
1757739891,2025-09-13T05:04:51Z,CPA233,"44.821178,18.602005",36000,442,293
1757739923,2025-09-13T05:05:23Z,CPA233,"44.847393,18.518158",36000,444,293
1757739955,2025-09-13T05:05:55Z,CPA233,"44.873619,18.433783",36000,442,293
1757739987,2025-09-13T05:06:27Z,CPA233,"44.89959,18.349157",36000,442,293
1757740019,2025-09-13T05:06:59Z,CPA233,"44.925724,18.265245",36000,442,293
1757740051,2025-09-13T05:07:31Z,CPA233,"44.95192,18.180433",36000,441,293
1757740083,2025-09-13T05:08:03Z,CPA233,"44.977573,18.096708",36000,440,293
1757740115,2025-09-13T05:08:35Z,CPA233,"45.003162,18.013035",36000,441,293
1757740147,2025-09-13T05:09:07Z,CPA233,"45.028976,17.928375",36000,441,293
1757740179,2025-09-13T05:09:39Z,CPA233,"45.054817,17.843416",36000,440,293
1757740210,2025-09-13T05:10:10Z,CPA233,"45.080147,17.759674",36000,440,293
1757740242,2025-09-13T05:10:42Z,CPA233,"45.105446,17.675695",36000,440,293
1757740274,2025-09-13T05:11:14Z,CPA233,"45.130871,17.591507",36000,438,293
1757740306,2025-09-13T05:11:46Z,CPA233,"45.155827,17.507973",36000,437,292
1757740338,2025-09-13T05:12:18Z,CPA233,"45.180836,17.423824",36000,436,292
1757740369,2025-09-13T05:12:49Z,CPA233,"45.205444,17.341261",36000,438,292
1757740401,2025-09-13T05:13:21Z,CPA233,"45.230106,17.258442",36000,435,292
1757740432,2025-09-13T05:13:52Z,CPA233,"45.254814,17.174883",36000,435,292
1757740464,2025-09-13T05:14:24Z,CPA233,"45.27961,17.090628",36000,435,292
1757740496,2025-09-13T05:14:56Z,CPA233,"45.303825,17.007793",36000,436,292
1757740527,2025-09-13T05:15:27Z,CPA233,"45.327923,16.925554",36000,436,292
1757740559,2025-09-13T05:15:59Z,CPA233,"45.352375,16.841801",36000,436,292
1757740590,2025-09-13T05:16:30Z,CPA233,"45.376423,16.759035",36000,436,292
1757740621,2025-09-13T05:17:01Z,CPA233,"45.400314,16.676743",36000,435,292
1757740653,2025-09-13T05:17:33Z,CPA233,"45.424503,16.592863",36000,436,292
1757740685,2025-09-13T05:18:05Z,CPA233,"45.44854,16.509274",36000,435,292
1757740716,2025-09-13T05:18:36Z,CPA233,"45.472515,16.426004",36000,436,292
1757740747,2025-09-13T05:19:07Z,CPA233,"45.496223,16.343142",36000,436,292
1757740779,2025-09-13T05:19:39Z,CPA233,"45.519928,16.259722",36000,437,291
1757740810,2025-09-13T05:20:10Z,CPA233,"45.543495,16.176924",36000,436,291
1757740841,2025-09-13T05:20:41Z,CPA233,"45.567081,16.093472",36000,436,291
1757740872,2025-09-13T05:21:12Z,CPA233,"45.590679,16.009874",36000,436,291
1757740904,2025-09-13T05:21:44Z,CPA233,"45.613979,15.926943",36000,437,291
1757740935,2025-09-13T05:22:15Z,CPA233,"45.637596,15.842579",36000,438,291
1757740966,2025-09-13T05:22:46Z,CPA233,"45.661129,15.758185",36000,438,291
1757740997,2025-09-13T05:23:17Z,CPA233,"45.68417,15.675513",36000,437,291
1757741029,2025-09-13T05:23:49Z,CPA233,"45.707371,15.591985",36000,435,291
1757741060,2025-09-13T05:24:20Z,CPA233,"45.730762,15.507308",36000,434,291
1757741092,2025-09-13T05:24:52Z,CPA233,"45.75383,15.42349",36000,434,291
1757741123,2025-09-13T05:25:23Z,CPA233,"45.77692,15.339257",36000,434,291
1757741154,2025-09-13T05:25:54Z,CPA233,"45.797977,15.25423",36000,436,288
1757741186,2025-09-13T05:26:26Z,CPA233,"45.818336,15.168866",36000,436,288
1757741217,2025-09-13T05:26:57Z,CPA233,"45.839069,15.083051",36000,436,289
1757741248,2025-09-13T05:27:28Z,CPA233,"45.859692,14.998361",36000,437,289
1757741280,2025-09-13T05:28:00Z,CPA233,"45.880787,14.911738",36000,438,289
1757741311,2025-09-13T05:28:31Z,CPA233,"45.901726,14.825388",36000,438,289
1757741343,2025-09-13T05:29:03Z,CPA233,"45.922646,14.739119",36000,440,289
1757741374,2025-09-13T05:29:34Z,CPA233,"45.943176,14.653342",36000,438,289
1757741405,2025-09-13T05:30:05Z,CPA233,"45.963627,14.567659",36000,437,288
1757741436,2025-09-13T05:30:36Z,CPA233,"45.983955,14.482815",36000,435,288
1757741467,2025-09-13T05:31:07Z,CPA233,"46.003891,14.398361",36000,433,288
1757741499,2025-09-13T05:31:39Z,CPA233,"46.023903,14.313461",36000,433,288
1757741530,2025-09-13T05:32:10Z,CPA233,"46.043873,14.228277",36000,433,288
1757741561,2025-09-13T05:32:41Z,CPA233,"46.063774,14.143241",36000,432,288
1757741592,2025-09-13T05:33:12Z,CPA233,"46.083641,14.058351",36000,432,288
1757741623,2025-09-13T05:33:43Z,CPA233,"46.103313,13.974008",36000,433,288
1757741654,2025-09-13T05:34:14Z,CPA233,"46.122978,13.88892",36000,433,288
1757741686,2025-09-13T05:34:46Z,CPA233,"46.142937,13.802695",36000,431,288
1757741717,2025-09-13T05:35:17Z,CPA233,"46.162453,13.717631",36000,430,288
1757741749,2025-09-13T05:35:49Z,CPA233,"46.182106,13.631814",36000,430,288
1757741780,2025-09-13T05:36:20Z,CPA233,"46.20219,13.546473",36000,430,288
1757741811,2025-09-13T05:36:51Z,CPA233,"46.221828,13.462336",36000,430,288
1757741843,2025-09-13T05:37:23Z,CPA233,"46.241699,13.3767",36000,428,288
1757741874,2025-09-13T05:37:54Z,CPA233,"46.261402,13.291794",36000,426,288
1757741906,2025-09-13T05:38:26Z,CPA233,"46.281025,13.206564",36000,426,288
1757741938,2025-09-13T05:38:58Z,CPA233,"46.300579,13.121079",36000,426,288
1757741969,2025-09-13T05:39:29Z,CPA233,"46.319782,13.037158",36000,424,288
1757742000,2025-09-13T05:40:00Z,CPA233,"46.338963,12.952722",36000,423,288
1757742032,2025-09-13T05:40:32Z,CPA233,"46.357929,12.868926",36000,419,288
1757742063,2025-09-13T05:41:03Z,CPA233,"46.376774,12.785471",36000,418,288
1757742094,2025-09-13T05:41:34Z,CPA233,"46.395641,12.701757",36000,419,288
1757742126,2025-09-13T05:42:06Z,CPA233,"46.414379,12.61779",36000,420,288
1757742157,2025-09-13T05:42:37Z,CPA233,"46.432331,12.533875",36000,418,283
1757742172,2025-09-13T05:42:52Z,CPA233,"46.437172,12.493911",36000,415,277
1757742174,2025-09-13T05:42:54Z,CPA233,"46.437645,12.487974",36000,415,275
1757742176,2025-09-13T05:42:56Z,CPA233,"46.437984,12.482374",36000,414,274
1757742178,2025-09-13T05:42:58Z,CPA233,"46.438301,12.476853",36000,415,274
1757742180,2025-09-13T05:43:00Z,CPA233,"46.438496,12.471097",36000,414,273
1757742182,2025-09-13T05:43:02Z,CPA233,"46.438705,12.464806",36000,414,272
1757742185,2025-09-13T05:43:05Z,CPA233,"46.438816,12.459155",36000,414,271
1757742187,2025-09-13T05:43:07Z,CPA233,"46.438843,12.452935",36000,414,270
1757742189,2025-09-13T05:43:09Z,CPA233,"46.438808,12.447047",36000,414,269
1757742191,2025-09-13T05:43:11Z,CPA233,"46.438671,12.441452",36000,413,268
1757742193,2025-09-13T05:43:13Z,CPA233,"46.438515,12.436013",36000,413,267
1757742195,2025-09-13T05:43:15Z,CPA233,"46.43824,12.430184",36000,412,266
1757742197,2025-09-13T05:43:17Z,CPA233,"46.437935,12.424239",36000,412,265
1757742199,2025-09-13T05:43:19Z,CPA233,"46.43758,12.418509",36000,413,264
1757742201,2025-09-13T05:43:21Z,CPA233,"46.437107,12.412543",36000,412,263
1757742203,2025-09-13T05:43:23Z,CPA233,"46.436565,12.406964",36000,412,262
1757742205,2025-09-13T05:43:25Z,CPA233,"46.435993,12.401448",36000,412,261
1757742208,2025-09-13T05:43:28Z,CPA233,"46.43539,12.396026",36000,412,260
1757742210,2025-09-13T05:43:30Z,CPA233,"46.434593,12.389903",36000,412,259
1757742212,2025-09-13T05:43:32Z,CPA233,"46.433857,12.384487",36000,412,258
1757742214,2025-09-13T05:43:34Z,CPA233,"46.433033,12.378891",36000,412,257
1757742216,2025-09-13T05:43:36Z,CPA233,"46.432095,12.373447",36000,413,256
1757742218,2025-09-13T05:43:38Z,CPA233,"46.431129,12.368011",36000,412,255
1757742220,2025-09-13T05:43:40Z,CPA233,"46.430141,12.3627",36000,412,255
1757742222,2025-09-13T05:43:42Z,CPA233,"46.429081,12.357036",36000,412,255
1757742224,2025-09-13T05:43:44Z,CPA233,"46.427975,12.350895",36000,411,255
1757742226,2025-09-13T05:43:46Z,CPA233,"46.427032,12.345278",36000,412,255
1757742258,2025-09-13T05:44:18Z,CPA233,"46.411877,12.261243",36000,412,255
1757742289,2025-09-13T05:44:49Z,CPA233,"46.39629,12.177757",36000,412,254
1757742320,2025-09-13T05:45:20Z,CPA233,"46.380936,12.096045",36000,410,254
1757742352,2025-09-13T05:45:52Z,CPA233,"46.365501,12.013611",36000,410,254
1757742383,2025-09-13T05:46:23Z,CPA233,"46.349979,11.930727",36000,409,254
1757742414,2025-09-13T05:46:54Z,CPA233,"46.334484,11.848668",36000,409,254
1757742445,2025-09-13T05:47:25Z,CPA233,"46.319736,11.765936",36000,410,257
1757742476,2025-09-13T05:47:56Z,CPA233,"46.307079,11.683372",36000,408,257
1757742508,2025-09-13T05:48:28Z,CPA233,"46.294174,11.600421",36000,408,257
1757742539,2025-09-13T05:48:59Z,CPA233,"46.280708,11.517216",36000,405,256
1757742570,2025-09-13T05:49:30Z,CPA233,"46.267334,11.435931",36000,406,256
1757742601,2025-09-13T05:50:01Z,CPA233,"46.25388,11.354195",36000,406,256
1757742633,2025-09-13T05:50:33Z,CPA233,"46.240147,11.271743",36000,407,256
1757742664,2025-09-13T05:51:04Z,CPA233,"46.226475,11.188887",35525,407,256
1757742695,2025-09-13T05:51:35Z,CPA233,"46.212738,11.106276",35025,410,256
1757742726,2025-09-13T05:52:06Z,CPA233,"46.198841,11.023787",35000,411,256
1757742758,2025-09-13T05:52:38Z,CPA233,"46.18486,10.940207",34800,407,256
1757742789,2025-09-13T05:53:09Z,CPA233,"46.171089,10.85809",34000,403,256
1757742820,2025-09-13T05:53:40Z,CPA233,"46.157299,10.776446",33125,402,256
1757742852,2025-09-13T05:54:12Z,CPA233,"46.14336,10.694578",32375,397,256
1757742884,2025-09-13T05:54:44Z,CPA233,"46.129532,10.613863",31525,394,256
1757742915,2025-09-13T05:55:15Z,CPA233,"46.116039,10.535127",30725,391,256
1757742946,2025-09-13T05:55:46Z,CPA233,"46.10244,10.456364",29900,388,256
1757742978,2025-09-13T05:56:18Z,CPA233,"46.088734,10.377665",29125,386,255
1757743010,2025-09-13T05:56:50Z,CPA233,"46.074711,10.298247",28400,384,255
1757743041,2025-09-13T05:57:21Z,CPA233,"46.057701,10.222561",27400,377,249
1757743072,2025-09-13T05:57:52Z,CPA233,"46.037209,10.150642",26375,374,246
1757743103,2025-09-13T05:58:23Z,CPA233,"46.016323,10.082664",25425,369,245
1757743135,2025-09-13T05:58:55Z,CPA233,"45.994087,10.011466",24400,366,245
1757743166,2025-09-13T05:59:26Z,CPA233,"45.972393,9.942011",23400,360,245
1757743197,2025-09-13T05:59:57Z,CPA233,"45.951836,9.875745",22425,355,246
1757743229,2025-09-13T06:00:29Z,CPA233,"45.930462,9.805985",21400,351,246
1757743262,2025-09-13T06:01:02Z,CPA233,"45.907974,9.738577",20375,348,240
1757743272,2025-09-13T06:01:12Z,CPA233,"45.89912,9.718252",20025,343,236
1757743274,2025-09-13T06:01:14Z,CPA233,"45.897251,9.714401",19925,342,235
1757743276,2025-09-13T06:01:16Z,CPA233,"45.895359,9.710736",19850,341,235
1757743279,2025-09-13T06:01:19Z,CPA233,"45.893475,9.706784",19725,342,234
1757743281,2025-09-13T06:01:21Z,CPA233,"45.891434,9.702847",19675,341,233
1757743283,2025-09-13T06:01:23Z,CPA233,"45.889462,9.699165",19575,341,232
1757743285,2025-09-13T06:01:25Z,CPA233,"45.887501,9.695527",19475,341,232
1757743287,2025-09-13T06:01:27Z,CPA233,"45.885414,9.691856",19400,341,230
1757743289,2025-09-13T06:01:29Z,CPA233,"45.883324,9.688176",19275,340,230
1757743291,2025-09-13T06:01:31Z,CPA233,"45.88113,9.684521",19200,340,229
1757743293,2025-09-13T06:01:33Z,CPA233,"45.878925,9.680964",19100,340,228
1757743295,2025-09-13T06:01:35Z,CPA233,"45.876751,9.677551",19000,340,227
1757743297,2025-09-13T06:01:37Z,CPA233,"45.874306,9.673825",18875,339,227
1757743299,2025-09-13T06:01:39Z,CPA233,"45.872238,9.670665",18775,339,227
1757743302,2025-09-13T06:01:42Z,CPA233,"45.86969,9.666764",18675,339,226
1757743332,2025-09-13T06:02:12Z,CPA233,"45.837471,9.617065",17300,336,226
1757743364,2025-09-13T06:02:44Z,CPA233,"45.803139,9.564889",15775,338,226
1757743396,2025-09-13T06:03:16Z,CPA233,"45.769184,9.513056",14775,330,226
1757743427,2025-09-13T06:03:47Z,CPA233,"45.737728,9.465337",13675,326,227
1757743459,2025-09-13T06:04:19Z,CPA233,"45.703808,9.413883",12700,323,226
1757743492,2025-09-13T06:04:52Z,CPA233,"45.670879,9.364013",11725,322,225
1757743500,2025-09-13T06:05:00Z,CPA233,"45.661045,9.352269",11500,322,216
1757743503,2025-09-13T06:05:03Z,CPA233,"45.658222,9.349485",11450,322,215
1757743505,2025-09-13T06:05:05Z,CPA233,"45.655952,9.347374",11400,322,213
1757743507,2025-09-13T06:05:07Z,CPA233,"45.653328,9.344922",11350,322,213
1757743509,2025-09-13T06:05:09Z,CPA233,"45.650265,9.342179",11325,321,212
1757743511,2025-09-13T06:05:11Z,CPA233,"45.647667,9.339905",11275,320,212
1757743513,2025-09-13T06:05:13Z,CPA233,"45.645039,9.337503",11250,319,212
1757743515,2025-09-13T06:05:15Z,CPA233,"45.642361,9.33517",11225,319,211
1757743517,2025-09-13T06:05:17Z,CPA233,"45.639755,9.332973",11175,318,210
1757743519,2025-09-13T06:05:19Z,CPA233,"45.637249,9.330823",11175,318,210
1757743522,2025-09-13T06:05:22Z,CPA233,"45.634354,9.328417",11150,318,209
1757743524,2025-09-13T06:05:24Z,CPA233,"45.63179,9.326429",11125,317,208
1757743526,2025-09-13T06:05:26Z,CPA233,"45.629021,9.324325",11125,317,208
1757743528,2025-09-13T06:05:28Z,CPA233,"45.626366,9.322402",11100,317,207
1757743530,2025-09-13T06:05:30Z,CPA233,"45.623703,9.320514",11100,317,206
1757743532,2025-09-13T06:05:32Z,CPA233,"45.620831,9.318552",11075,317,205
1757743547,2025-09-13T06:05:47Z,CPA233,"45.600956,9.305172",10900,318,205
1757743562,2025-09-13T06:06:02Z,CPA233,"45.581154,9.292042",10675,318,204
1757743575,2025-09-13T06:06:15Z,CPA233,"45.563255,9.280392",10450,317,204
1757743590,2025-09-13T06:06:30Z,CPA233,"45.543987,9.267803",10225,312,204
1757743603,2025-09-13T06:06:43Z,CPA233,"45.527153,9.256741",10125,304,204
1757743615,2025-09-13T06:06:55Z,CPA233,"45.511211,9.246289",10050,294,204
1757743628,2025-09-13T06:07:08Z,CPA233,"45.496067,9.236388",9975,286,204
1757743642,2025-09-13T06:07:22Z,CPA233,"45.478924,9.224969",9925,280,205
1757743657,2025-09-13T06:07:37Z,CPA233,"45.461857,9.213792",9900,280,204
1757743671,2025-09-13T06:07:51Z,CPA233,"45.444622,9.202394",9875,278,204
1757743684,2025-09-13T06:08:04Z,CPA233,"45.430111,9.193006",9800,278,204
1757743698,2025-09-13T06:08:18Z,CPA233,"45.41304,9.181993",9500,278,204
1757743711,2025-09-13T06:08:31Z,CPA233,"45.398438,9.172307",9175,280,204
1757743726,2025-09-13T06:08:46Z,CPA233,"45.381016,9.160748",8800,279,205
1757743738,2025-09-13T06:08:58Z,CPA233,"45.36673,9.150189",8375,280,212
1757743740,2025-09-13T06:09:00Z,CPA233,"45.36467,9.148136",8300,280,214
1757743742,2025-09-13T06:09:02Z,CPA233,"45.362614,9.145739",8225,281,216
1757743744,2025-09-13T06:09:04Z,CPA233,"45.360569,9.143163",8150,280,221
1757743746,2025-09-13T06:09:06Z,CPA233,"45.358654,9.140394",8100,280,225
1757743749,2025-09-13T06:09:09Z,CPA233,"45.356834,9.137435",8050,279,228
1757743751,2025-09-13T06:09:11Z,CPA233,"45.355244,9.134493",8000,279,232
1757743753,2025-09-13T06:09:13Z,CPA233,"45.353798,9.131265",7925,280,236
1757743755,2025-09-13T06:09:15Z,CPA233,"45.352451,9.128036",7850,278,239
1757743757,2025-09-13T06:09:17Z,CPA233,"45.351265,9.124792",7800,278,243
1757743759,2025-09-13T06:09:19Z,CPA233,"45.350201,9.121292",7725,275,246
1757743761,2025-09-13T06:09:21Z,CPA233,"45.349312,9.117737",7675,274,249
1757743763,2025-09-13T06:09:23Z,CPA233,"45.348606,9.114139",7600,272,252
1757743765,2025-09-13T06:09:25Z,CPA233,"45.347988,9.110481",7550,273,258
1757743767,2025-09-13T06:09:27Z,CPA233,"45.34758,9.106771",7500,271,261
1757743769,2025-09-13T06:09:29Z,CPA233,"45.347343,9.103018",7425,271,264
1757743771,2025-09-13T06:09:31Z,CPA233,"45.347225,9.099414",7375,268,265
1757743773,2025-09-13T06:09:33Z,CPA233,"45.347191,9.095795",7325,268,268
1757743775,2025-09-13T06:09:35Z,CPA233,"45.347202,9.091827",7275,267,270
1757743777,2025-09-13T06:09:37Z,CPA233,"45.347267,9.088361",7225,265,271
1757743780,2025-09-13T06:09:40Z,CPA233,"45.347378,9.084627",7175,264,272
1757743782,2025-09-13T06:09:42Z,CPA233,"45.347507,9.080976",7125,262,272
1757743784,2025-09-13T06:09:44Z,CPA233,"45.347664,9.077286",7075,260,273
1757743786,2025-09-13T06:09:46Z,CPA233,"45.347855,9.073777",7025,260,273
1757743788,2025-09-13T06:09:48Z,CPA233,"45.348007,9.070192",6950,258,273
1757743790,2025-09-13T06:09:50Z,CPA233,"45.348186,9.066841",6900,257,273
1757743792,2025-09-13T06:09:52Z,CPA233,"45.348351,9.063408",6825,256,273
1757743794,2025-09-13T06:09:54Z,CPA233,"45.348515,9.059789",6750,256,273
1757743796,2025-09-13T06:09:56Z,CPA233,"45.34869,9.05637",6700,255,273
1757743809,2025-09-13T06:10:09Z,CPA233,"45.349712,9.03563",6275,252,273
1757743823,2025-09-13T06:10:23Z,CPA233,"45.350677,9.011743",5875,246,273
1757743836,2025-09-13T06:10:36Z,CPA233,"45.351665,8.991254",5600,235,275
1757743845,2025-09-13T06:10:45Z,CPA233,"45.353577,8.97801",5375,226,288
1757743847,2025-09-13T06:10:47Z,CPA233,"45.354485,8.975096",5350,224,292
1757743850,2025-09-13T06:10:50Z,CPA233,"45.355396,8.972236",5300,223,296
1757743852,2025-09-13T06:10:52Z,CPA233,"45.356556,8.969558",5250,221,300
1757743854,2025-09-13T06:10:54Z,CPA233,"45.357746,8.967037",5225,219,303
1757743856,2025-09-13T06:10:56Z,CPA233,"45.358971,8.964709",5200,217,305
1757743858,2025-09-13T06:10:58Z,CPA233,"45.36021,8.962473",5150,216,307
1757743860,2025-09-13T06:11:00Z,CPA233,"45.361607,8.960011",5100,214,308
1757743862,2025-09-13T06:11:02Z,CPA233,"45.362804,8.957797",5075,212,310
1757743864,2025-09-13T06:11:04Z,CPA233,"45.364166,8.95581",5050,212,310
1757743866,2025-09-13T06:11:06Z,CPA233,"45.365612,8.953552",5025,210,311
1757743869,2025-09-13T06:11:09Z,CPA233,"45.367077,8.951257",4975,210,312
1757743871,2025-09-13T06:11:11Z,CPA233,"45.368465,8.949094",4950,209,312
1757743873,2025-09-13T06:11:13Z,CPA233,"45.369816,8.946961",4925,208,312
1757743875,2025-09-13T06:11:15Z,CPA233,"45.37117,8.944833",4900,208,312
1757743877,2025-09-13T06:11:17Z,CPA233,"45.372498,8.942724",4875,207,312
1757743879,2025-09-13T06:11:19Z,CPA233,"45.373909,8.940481",4850,208,311
1757743881,2025-09-13T06:11:21Z,CPA233,"45.375202,8.938463",4800,206,311
1757743883,2025-09-13T06:11:23Z,CPA233,"45.376484,8.936407",4775,206,311
1757743885,2025-09-13T06:11:25Z,CPA233,"45.377861,8.934237",4750,205,311
1757743894,2025-09-13T06:11:34Z,CPA233,"45.383102,8.925713",4600,204,310
1757743902,2025-09-13T06:11:42Z,CPA233,"45.388252,8.917282",4475,204,310
1757743910,2025-09-13T06:11:50Z,CPA233,"45.393314,8.908927",4375,203,310
1757743919,2025-09-13T06:11:59Z,CPA233,"45.398567,8.900287",4300,202,310
1757743927,2025-09-13T06:12:07Z,CPA233,"45.403793,8.891797",4225,201,310
1757743934,2025-09-13T06:12:14Z,CPA233,"45.407749,8.885345",4150,201,311
1757743943,2025-09-13T06:12:23Z,CPA233,"45.413067,8.876678",4075,201,311
1757743949,2025-09-13T06:12:29Z,CPA233,"45.417007,8.870355",4025,202,310
1757743957,2025-09-13T06:12:37Z,CPA233,"45.422222,8.861704",3925,202,310
1757743966,2025-09-13T06:12:46Z,CPA233,"45.427189,8.853599",3875,201,310
1757743974,2025-09-13T06:12:54Z,CPA233,"45.43243,8.845035",3800,201,310
1757743981,2025-09-13T06:13:01Z,CPA233,"45.436371,8.838587",3775,201,310
1757743990,2025-09-13T06:13:10Z,CPA233,"45.441704,8.829854",3725,201,310
1757743998,2025-09-13T06:13:18Z,CPA233,"45.446774,8.821601",3675,201,310
1757744006,2025-09-13T06:13:26Z,CPA233,"45.452034,8.8129",3600,201,310
1757744013,2025-09-13T06:13:33Z,CPA233,"45.455879,8.806659",3550,201,310
1757744022,2025-09-13T06:13:42Z,CPA233,"45.461422,8.797694",3475,201,311
1757744028,2025-09-13T06:13:48Z,CPA233,"45.465233,8.791495",3400,200,311
1757744037,2025-09-13T06:13:57Z,CPA233,"45.470577,8.783001",3300,198,311
1757744046,2025-09-13T06:14:06Z,CPA233,"45.476009,8.77435",3200,198,312
1757744050,2025-09-13T06:14:10Z,CPA233,"45.478592,8.770409",3150,197,316
1757744052,2025-09-13T06:14:12Z,CPA233,"45.479977,8.768512",3125,196,317
1757744054,2025-09-13T06:14:14Z,CPA233,"45.481495,8.766873",3125,198,322
1757744056,2025-09-13T06:14:16Z,CPA233,"45.483486,8.765011",3100,198,329
1757744058,2025-09-13T06:14:18Z,CPA233,"45.48505,8.76401",3075,198,333
1757744060,2025-09-13T06:14:20Z,CPA233,"45.486736,8.763012",3025,198,337
1757744063,2025-09-13T06:14:23Z,CPA233,"45.488472,8.762194",3000,197,341
1757744065,2025-09-13T06:14:25Z,CPA233,"45.490616,8.761401",2950,196,343
1757744067,2025-09-13T06:14:27Z,CPA233,"45.492393,8.760817",2925,195,346
1757744069,2025-09-13T06:14:29Z,CPA233,"45.49424,8.760243",2875,195,346
1757744071,2025-09-13T06:14:31Z,CPA233,"45.496021,8.759722",2850,192,348
1757744073,2025-09-13T06:14:33Z,CPA233,"45.497952,8.759245",2800,192,349
1757744075,2025-09-13T06:14:35Z,CPA233,"45.499817,8.758663",2750,190,350
1757744078,2025-09-13T06:14:38Z,CPA233,"45.501884,8.758214",2725,189,350
1757744080,2025-09-13T06:14:40Z,CPA233,"45.503601,8.757819",2700,188,350
1757744082,2025-09-13T06:14:42Z,CPA233,"45.505417,8.757414",2650,187,350
1757744084,2025-09-13T06:14:44Z,CPA233,"45.507267,8.757041",2625,186,350
1757744086,2025-09-13T06:14:46Z,CPA233,"45.50935,8.756528",2575,184,350
1757744089,2025-09-13T06:14:49Z,CPA233,"45.511051,8.756141",2525,183,349
1757744091,2025-09-13T06:14:51Z,CPA233,"45.512814,8.755621",2500,183,349
1757744093,2025-09-13T06:14:53Z,CPA233,"45.5145,8.755208",2475,181,349
1757744095,2025-09-13T06:14:55Z,CPA233,"45.516369,8.754646",2450,180,348
1757744102,2025-09-13T06:15:02Z,CPA233,"45.521591,8.753163",2350,173,348
1757744108,2025-09-13T06:15:08Z,CPA233,"45.526608,8.751644",2250,172,348
1757744116,2025-09-13T06:15:16Z,CPA233,"45.533363,8.749807",2125,171,348
1757744125,2025-09-13T06:15:25Z,CPA233,"45.539787,8.748076",2000,172,348
1757744131,2025-09-13T06:15:31Z,CPA233,"45.544514,8.746753",1900,169,349
1757744140,2025-09-13T06:15:40Z,CPA233,"45.551136,8.744955",1775,162,349
1757744146,2025-09-13T06:15:46Z,CPA233,"45.555645,8.743671",1700,161,349
1757744154,2025-09-13T06:15:54Z,CPA233,"45.561882,8.741965",1575,161,348
1757744163,2025-09-13T06:16:03Z,CPA233,"45.568115,8.740251",1450,162,348
1757744171,2025-09-13T06:16:11Z,CPA233,"45.574371,8.738597",1325,161,348
1757744178,2025-09-13T06:16:18Z,CPA233,"45.578857,8.73726",1250,158,349
1757744186,2025-09-13T06:16:26Z,CPA233,"45.584953,8.735682",1125,155,348
1757744193,2025-09-13T06:16:33Z,CPA233,"45.589867,8.734138",1025,154,349
1757744202,2025-09-13T06:16:42Z,CPA233,"45.596085,8.732146",925,151,349
1757744208,2025-09-13T06:16:48Z,CPA233,"45.599991,8.731544",825,149,349
1757744217,2025-09-13T06:16:57Z,CPA233,"45.606743,8.72885",725,147,348
1757744225,2025-09-13T06:17:05Z,CPA233,"45.612213,8.727901",600,147,349
1757744234,2025-09-13T06:17:14Z,CPA233,"45.618214,8.726234",500,147,349
1757744243,2025-09-13T06:17:23Z,CPA233,"45.623611,8.724752",450,129,348
1757744251,2025-09-13T06:17:31Z,CPA233,"45.627445,8.723698",0,94,348
1757744257,2025-09-13T06:17:37Z,CPA233,"45.629459,8.723145",0,67,348
1757744264,2025-09-13T06:17:44Z,CPA233,"45.631203,8.722681",0,47,348
1757744271,2025-09-13T06:17:51Z,CPA233,"45.632343,8.722355",0,29,348
1757744278,2025-09-13T06:17:58Z,CPA233,"45.632935,8.722183",0,19,345
1757744282,2025-09-13T06:18:02Z,CPA233,"45.63319,8.721994",0,14,334
1757744285,2025-09-13T06:18:05Z,CPA233,"45.633331,8.721771",0,13,317
1757744289,2025-09-13T06:18:09Z,CPA233,"45.633385,8.721537",0,13,300
1757744292,2025-09-13T06:18:12Z,CPA233,"45.6334,8.721291",0,11,284
1757744295,2025-09-13T06:18:15Z,CPA233,"45.633385,8.721085",0,9,275
1757744300,2025-09-13T06:18:20Z,CPA233,"45.633354,8.720879",0,7,267
1757744304,2025-09-13T06:18:24Z,CPA233,"45.633327,8.720666",0,7,261
1757744309,2025-09-13T06:18:29Z,CPA233,"45.633305,8.720465",0,7,261
1757744313,2025-09-13T06:18:33Z,CPA233,"45.633282,8.720264",0,7,261
1757744317,2025-09-13T06:18:37Z,CPA233,"45.633259,8.720063",0,8,261
1757744325,2025-09-13T06:18:45Z,CPA233,"45.633217,8.719728",0,8,258
1757744333,2025-09-13T06:18:53Z,CPA233,"45.633144,8.719248",0,8,258
1757744341,2025-09-13T06:19:01Z,CPA233,"45.633099,8.718857",0,8,258
1757744348,2025-09-13T06:19:08Z,CPA233,"45.63303,8.718405",0,10,258
1757744355,2025-09-13T06:19:15Z,CPA233,"45.632961,8.717853",0,11,258
1757744363,2025-09-13T06:19:23Z,CPA233,"45.632904,8.717401",0,10,258
1757744370,2025-09-13T06:19:30Z,CPA233,"45.632835,8.716914",0,9,258
1757744377,2025-09-13T06:19:37Z,CPA233,"45.632774,8.716467",0,10,258
1757744384,2025-09-13T06:19:44Z,CPA233,"45.632713,8.716055",0,10,258
1757744392,2025-09-13T06:19:52Z,CPA233,"45.632645,8.715557",0,9,258
1757744399,2025-09-13T06:19:59Z,CPA233,"45.632607,8.71524",0,7,258
1757744404,2025-09-13T06:20:04Z,CPA233,"45.632561,8.715038",0,6,253
1757744414,2025-09-13T06:20:14Z,CPA233,"45.63232,8.714854",0,6,219
1757744422,2025-09-13T06:20:22Z,CPA233,"45.632099,8.714767",0,6,202
1757744432,2025-09-13T06:20:32Z,CPA233,"45.63184,8.71462",0,6,199
1757744444,2025-09-13T06:20:44Z,CPA233,"45.631622,8.71452",0,4,199
