Timestamp,UTC,Callsign,Position,Altitude,Speed,Direction
1757690704,2025-09-12T15:25:04Z,CPA271,"22.311424,113.935379",0,0,70
1757690810,2025-09-12T15:26:50Z,CPA271,"22.311359,113.935165",0,2,70
1757690829,2025-09-12T15:27:09Z,CPA271,"22.311289,113.934952",0,2,70
1757690849,2025-09-12T15:27:29Z,CPA271,"22.311195,113.934731",0,3,73
1757690869,2025-09-12T15:27:49Z,CPA271,"22.311024,113.934525",0,3,104
1757690885,2025-09-12T15:28:05Z,CPA271,"22.310951,113.934311",0,3,132
1757690903,2025-09-12T15:28:23Z,CPA271,"22.311012,113.93409",0,3,154
1757691104,2025-09-12T15:31:44Z,CPA271,"22.310707,113.934174",0,5,160
1757691114,2025-09-12T15:31:54Z,CPA271,"22.310417,113.93428",0,7,160
1757691122,2025-09-12T15:32:02Z,CPA271,"22.310165,113.934288",0,8,171
1757691130,2025-09-12T15:32:10Z,CPA271,"22.309925,113.934143",0,0,196
1757691139,2025-09-12T15:32:19Z,CPA271,"22.309776,113.93383",0,7,227
1757691152,2025-09-12T15:32:32Z,CPA271,"22.309605,113.933403",0,7,241
1757691169,2025-09-12T15:32:49Z,CPA271,"22.309322,113.932816",0,8,241
1757691177,2025-09-12T15:32:57Z,CPA271,"22.309181,113.932533",0,9,241
1757691184,2025-09-12T15:33:04Z,CPA271,"22.309078,113.932228",0,9,247
1757691189,2025-09-12T15:33:09Z,CPA271,"22.309008,113.932014",0,9,250
1757691194,2025-09-12T15:33:14Z,CPA271,"22.308929,113.931778",0,10,250
1757691200,2025-09-12T15:33:20Z,CPA271,"22.308849,113.931519",0,10,250
1757691204,2025-09-12T15:33:24Z,CPA271,"22.308786,113.931313",0,11,250
1757691211,2025-09-12T15:33:31Z,CPA271,"22.308666,113.930969",0,11,250
1757691217,2025-09-12T15:33:37Z,CPA271,"22.308552,113.930595",0,12,250
1757691225,2025-09-12T15:33:45Z,CPA271,"22.308414,113.930168",0,12,250
1757691232,2025-09-12T15:33:52Z,CPA271,"22.308289,113.929771",0,13,250
1757691239,2025-09-12T15:33:59Z,CPA271,"22.308134,113.929314",0,13,250
1757691247,2025-09-12T15:34:07Z,CPA271,"22.307968,113.928795",0,14,250
1757691255,2025-09-12T15:34:15Z,CPA271,"22.307819,113.928299",0,14,250
1757691262,2025-09-12T15:34:22Z,CPA271,"22.307657,113.927818",0,15,250
1757691269,2025-09-12T15:34:29Z,CPA271,"22.30751,113.927345",0,15,250
1757691276,2025-09-12T15:34:36Z,CPA271,"22.307327,113.926796",0,15,250
1757691283,2025-09-12T15:34:43Z,CPA271,"22.307169,113.926277",0,15,250
1757691290,2025-09-12T15:34:50Z,CPA271,"22.307007,113.925781",0,16,250
1757691298,2025-09-12T15:34:58Z,CPA271,"22.306801,113.925179",0,16,250
1757691304,2025-09-12T15:35:04Z,CPA271,"22.306658,113.924698",0,16,250
1757691311,2025-09-12T15:35:11Z,CPA271,"22.306469,113.924118",0,17,250
1757691318,2025-09-12T15:35:18Z,CPA271,"22.306295,113.923569",0,17,250
1757691326,2025-09-12T15:35:26Z,CPA271,"22.306051,113.922829",0,18,250
1757691335,2025-09-12T15:35:35Z,CPA271,"22.305794,113.922028",0,18,250
1757691342,2025-09-12T15:35:42Z,CPA271,"22.305611,113.921432",0,19,250
1757691349,2025-09-12T15:35:49Z,CPA271,"22.305412,113.920822",0,19,250
1757691356,2025-09-12T15:35:56Z,CPA271,"22.30521,113.920181",0,19,250
1757691363,2025-09-12T15:36:03Z,CPA271,"22.304993,113.91951",0,20,250
1757691370,2025-09-12T15:36:10Z,CPA271,"22.304775,113.918846",0,20,250
1757691377,2025-09-12T15:36:17Z,CPA271,"22.304546,113.918098",0,20,250
1757691384,2025-09-12T15:36:24Z,CPA271,"22.304317,113.917404",0,21,250
1757691391,2025-09-12T15:36:31Z,CPA271,"22.304096,113.916725",0,21,250
1757691399,2025-09-12T15:36:39Z,CPA271,"22.303852,113.915962",0,20,250
1757691407,2025-09-12T15:36:47Z,CPA271,"22.303642,113.915306",0,16,250
1757691413,2025-09-12T15:36:53Z,CPA271,"22.303492,113.914818",0,14,250
1757691420,2025-09-12T15:37:00Z,CPA271,"22.303341,113.914375",0,11,250
1757691428,2025-09-12T15:37:08Z,CPA271,"22.30323,113.914024",0,9,250
1757691435,2025-09-12T15:37:15Z,CPA271,"22.30312,113.913689",0,10,250
1757691442,2025-09-12T15:37:22Z,CPA271,"22.303024,113.913406",0,10,250
1757691450,2025-09-12T15:37:30Z,CPA271,"22.302887,113.912964",0,11,250
1757691456,2025-09-12T15:37:36Z,CPA271,"22.302782,113.912636",0,11,250
1757691463,2025-09-12T15:37:43Z,CPA271,"22.302641,113.912224",0,12,250
1757691471,2025-09-12T15:37:51Z,CPA271,"22.302525,113.911835",0,13,250
1757691478,2025-09-12T15:37:58Z,CPA271,"22.302372,113.911385",0,13,250
1757691485,2025-09-12T15:38:05Z,CPA271,"22.302223,113.910904",0,14,250
1757691492,2025-09-12T15:38:12Z,CPA271,"22.302086,113.910492",0,14,250
1757691498,2025-09-12T15:38:18Z,CPA271,"22.301931,113.910011",0,15,250
1757691506,2025-09-12T15:38:26Z,CPA271,"22.301769,113.909508",0,15,250
1757691513,2025-09-12T15:38:33Z,CPA271,"22.30163,113.90905",0,15,250
1757691527,2025-09-12T15:38:47Z,CPA271,"22.301268,113.907944",0,16,250
1757691534,2025-09-12T15:38:54Z,CPA271,"22.301094,113.90741",0,16,250
1757691541,2025-09-12T15:39:01Z,CPA271,"22.300907,113.906837",0,17,250
1757691549,2025-09-12T15:39:09Z,CPA271,"22.300735,113.906273",0,17,250
1757691556,2025-09-12T15:39:16Z,CPA271,"22.300507,113.905579",0,17,250
1757691569,2025-09-12T15:39:29Z,CPA271,"22.300186,113.904579",0,18,250
1757691576,2025-09-12T15:39:36Z,CPA271,"22.299965,113.9039",0,18,250
1757691584,2025-09-12T15:39:44Z,CPA271,"22.299732,113.903198",0,19,250
1757691591,2025-09-12T15:39:51Z,CPA271,"22.299534,113.902588",0,16,250
1757691599,2025-09-12T15:39:59Z,CPA271,"22.299383,113.902077",0,14,250
1757691606,2025-09-12T15:40:06Z,CPA271,"22.299248,113.901695",0,12,250
1757691613,2025-09-12T15:40:13Z,CPA271,"22.29911,113.901268",0,12,250
1757691621,2025-09-12T15:40:21Z,CPA271,"22.298952,113.900772",0,12,250
1757691628,2025-09-12T15:40:28Z,CPA271,"22.298824,113.90036",0,12,250
1757691635,2025-09-12T15:40:35Z,CPA271,"22.298698,113.899971",0,12,250
1757691649,2025-09-12T15:40:49Z,CPA271,"22.298412,113.899094",0,13,250
1757691656,2025-09-12T15:40:56Z,CPA271,"22.298286,113.898712",0,13,250
1757691663,2025-09-12T15:41:03Z,CPA271,"22.298185,113.898392",0,13,250
1757691672,2025-09-12T15:41:12Z,CPA271,"22.298012,113.89785",0,8,250
1757691682,2025-09-12T15:41:22Z,CPA271,"22.297726,113.89756",0,8,225
1757691690,2025-09-12T15:41:30Z,CPA271,"22.29751,113.897568",0,8,199
1757691698,2025-09-12T15:41:38Z,CPA271,"22.297234,113.897697",0,7,171
1757691704,2025-09-12T15:41:44Z,CPA271,"22.297028,113.897812",0,7,160
1757691711,2025-09-12T15:41:51Z,CPA271,"22.296824,113.897881",0,7,160
1757691718,2025-09-12T15:41:58Z,CPA271,"22.296593,113.897972",0,7,160
1757691728,2025-09-12T15:42:08Z,CPA271,"22.296318,113.898201",0,7,146
1757691734,2025-09-12T15:42:14Z,CPA271,"22.296288,113.898415",0,8,123
1757691744,2025-09-12T15:42:24Z,CPA271,"22.296398,113.898682",0,7,87
1757691749,2025-09-12T15:42:29Z,CPA271,"22.296513,113.898888",0,8,73
1757691755,2025-09-12T15:42:35Z,CPA271,"22.296625,113.899254",0,15,73
1757691759,2025-09-12T15:42:39Z,CPA271,"22.296753,113.899666",0,31,70
1757691762,2025-09-12T15:42:42Z,CPA271,"22.296959,113.900307",0,48,70
1757691764,2025-09-12T15:42:44Z,CPA271,"22.297031,113.900513",0,52,70
1757691765,2025-09-12T15:42:45Z,CPA271,"22.297136,113.900833",0,58,70
1757691767,2025-09-12T15:42:47Z,CPA271,"22.297417,113.901711",0,70,70
1757691769,2025-09-12T15:42:49Z,CPA271,"22.29752,113.902046",0,74,70
1757691770,2025-09-12T15:42:50Z,CPA271,"22.297691,113.902542",0,80,70
1757691771,2025-09-12T15:42:51Z,CPA271,"22.297794,113.902893",0,84,70
1757691772,2025-09-12T15:42:52Z,CPA271,"22.297928,113.90329",0,90,70
1757691773,2025-09-12T15:42:53Z,CPA271,"22.298067,113.903748",0,94,70
1757691774,2025-09-12T15:42:54Z,CPA271,"22.298264,113.904404",0,98,71
1757691775,2025-09-12T15:42:55Z,CPA271,"22.298429,113.90493",0,98,71
1757691782,2025-09-12T15:43:02Z,CPA271,"22.299637,113.908646",75,131,70
1757691790,2025-09-12T15:43:10Z,CPA271,"22.301514,113.914436",75,160,70
1757691799,2025-09-12T15:43:19Z,CPA271,"22.303829,113.921661",50,188,70
1757691807,2025-09-12T15:43:27Z,CPA271,"22.306091,113.928673",325,189,70
1757691815,2025-09-12T15:43:35Z,CPA271,"22.308531,113.936211",775,184,70
1757691822,2025-09-12T15:43:42Z,CPA271,"22.310253,113.941444",1100,181,70
1757691830,2025-09-12T15:43:50Z,CPA271,"22.312674,113.948723",1500,181,70
1757691838,2025-09-12T15:43:58Z,CPA271,"22.315001,113.955742",1800,188,70
1757691845,2025-09-12T15:44:05Z,CPA271,"22.31694,113.961784",1950,193,71
1757691853,2025-09-12T15:44:13Z,CPA271,"22.319504,113.969971",2025,201,71
1757691862,2025-09-12T15:44:22Z,CPA271,"22.322031,113.97802",2100,209,71
1757691870,2025-09-12T15:44:30Z,CPA271,"22.324677,113.986504",2225,215,71
1757691879,2025-09-12T15:44:39Z,CPA271,"22.32757,113.995667",2425,220,71
1757691885,2025-09-12T15:44:45Z,CPA271,"22.329483,114.001778",2600,222,71
1757691894,2025-09-12T15:44:54Z,CPA271,"22.332645,114.011482",2850,224,70
1757691902,2025-09-12T15:45:02Z,CPA271,"22.335577,114.020638",3100,227,71
1757691909,2025-09-12T15:45:09Z,CPA271,"22.337311,114.026947",3275,227,76
1757691911,2025-09-12T15:45:11Z,CPA271,"22.337858,114.029793",3350,228,79
1757691913,2025-09-12T15:45:13Z,CPA271,"22.338226,114.032143",3400,226,82
1757691915,2025-09-12T15:45:15Z,CPA271,"22.338455,114.034492",3450,226,85
1757691917,2025-09-12T15:45:17Z,CPA271,"22.338556,114.036766",3525,226,88
1757691919,2025-09-12T15:45:19Z,CPA271,"22.338501,114.039085",3600,224,92
1757691921,2025-09-12T15:45:21Z,CPA271,"22.338364,114.041328",3675,223,96
1757691924,2025-09-12T15:45:24Z,CPA271,"22.338045,114.044037",3800,221,99
1757691926,2025-09-12T15:45:26Z,CPA271,"22.337677,114.046127",3875,220,101
1757691928,2025-09-12T15:45:28Z,CPA271,"22.337173,114.048424",3950,220,104
1757691930,2025-09-12T15:45:30Z,CPA271,"22.336649,114.050545",4050,218,107
1757691932,2025-09-12T15:45:32Z,CPA271,"22.335951,114.052681",4125,217,110
1757691934,2025-09-12T15:45:34Z,CPA271,"22.335068,114.055115",4200,216,112
1757691936,2025-09-12T15:45:36Z,CPA271,"22.334244,114.057114",4275,216,115
1757691938,2025-09-12T15:45:38Z,CPA271,"22.33325,114.059196",4350,217,118
1757691941,2025-09-12T15:45:41Z,CPA271,"22.332321,114.061005",4400,217,121
1757691943,2025-09-12T15:45:43Z,CPA271,"22.331295,114.062752",4450,218,122
1757691945,2025-09-12T15:45:45Z,CPA271,"22.330177,114.064583",4500,218,125
1757691947,2025-09-12T15:45:47Z,CPA271,"22.328733,114.06662",4550,219,128
1757691949,2025-09-12T15:45:49Z,CPA271,"22.327469,114.068298",4575,221,130
1757691951,2025-09-12T15:45:51Z,CPA271,"22.32608,114.069977",4600,223,133
1757691953,2025-09-12T15:45:53Z,CPA271,"22.32431,114.071892",4625,226,136
1757691955,2025-09-12T15:45:55Z,CPA271,"22.322542,114.073639",4650,228,138
1757691957,2025-09-12T15:45:57Z,CPA271,"22.321146,114.074913",4675,230,141
1757691959,2025-09-12T15:45:59Z,CPA271,"22.319191,114.076538",4700,232,143
1757691962,2025-09-12T15:46:02Z,CPA271,"22.317423,114.077911",4725,234,145
1757691964,2025-09-12T15:46:04Z,CPA271,"22.31542,114.079285",4750,236,148
1757691966,2025-09-12T15:46:06Z,CPA271,"22.313278,114.080582",4775,238,150
1757691968,2025-09-12T15:46:08Z,CPA271,"22.310989,114.081879",4800,240,153
1757691970,2025-09-12T15:46:10Z,CPA271,"22.309067,114.082832",4850,242,155
1757691972,2025-09-12T15:46:12Z,CPA271,"22.306549,114.083977",4875,244,158
1757691974,2025-09-12T15:46:14Z,CPA271,"22.304295,114.084831",4900,246,161
1757691976,2025-09-12T15:46:16Z,CPA271,"22.302618,114.085388",4925,249,163
1757691978,2025-09-12T15:46:18Z,CPA271,"22.300245,114.086098",4950,250,165
1757691980,2025-09-12T15:46:20Z,CPA271,"22.297668,114.086723",5000,252,169
1757691983,2025-09-12T15:46:23Z,CPA271,"22.295334,114.087173",5025,254,171
1757691985,2025-09-12T15:46:25Z,CPA271,"22.292542,114.087578",5050,257,174
1757691987,2025-09-12T15:46:27Z,CPA271,"22.290049,114.087776",5075,259,176
1757691989,2025-09-12T15:46:29Z,CPA271,"22.28714,114.087875",5125,262,179
1757691992,2025-09-12T15:46:32Z,CPA271,"22.284464,114.087883",5150,264,180
1757691994,2025-09-12T15:46:34Z,CPA271,"22.282013,114.087822",5150,267,181
1757691996,2025-09-12T15:46:36Z,CPA271,"22.278809,114.087723",5200,270,182
1757691998,2025-09-12T15:46:38Z,CPA271,"22.276382,114.087624",5225,272,182
1757692000,2025-09-12T15:46:40Z,CPA271,"22.273478,114.087471",5250,273,182
1757692002,2025-09-12T15:46:42Z,CPA271,"22.270916,114.087372",5300,275,182
1757692004,2025-09-12T15:46:44Z,CPA271,"22.268051,114.087273",5350,276,182
1757692007,2025-09-12T15:46:47Z,CPA271,"22.265579,114.087173",5375,278,181
1757692009,2025-09-12T15:46:49Z,CPA271,"22.26235,114.087067",5400,280,181
1757692011,2025-09-12T15:46:51Z,CPA271,"22.259977,114.087013",5425,282,181
1757692024,2025-09-12T15:47:04Z,CPA271,"22.242752,114.086708",5575,294,180
1757692038,2025-09-12T15:47:18Z,CPA271,"22.221909,114.086525",5750,307,180
1757692052,2025-09-12T15:47:32Z,CPA271,"22.204626,114.086662",6100,308,177
1757692060,2025-09-12T15:47:40Z,CPA271,"22.192062,114.088722",6300,310,165
1757692063,2025-09-12T15:47:43Z,CPA271,"22.187309,114.090523",6375,309,157
1757692066,2025-09-12T15:47:46Z,CPA271,"22.184921,114.091721",6425,309,157
1757692071,2025-09-12T15:47:51Z,CPA271,"22.176819,114.09726",6625,307,146
1757692076,2025-09-12T15:47:56Z,CPA271,"22.171692,114.102303",6775,306,134
1757692085,2025-09-12T15:48:05Z,CPA271,"22.164505,114.112892",7050,305,127
1757692087,2025-09-12T15:48:07Z,CPA271,"22.163132,114.115692",7125,304,116
1757692091,2025-09-12T15:48:11Z,CPA271,"22.160614,114.121933",7225,306,113
1757692108,2025-09-12T15:48:28Z,CPA271,"22.157043,114.144653",7675,309,92
1757692112,2025-09-12T15:48:32Z,CPA271,"22.156677,114.153038",7800,310,92
1757692114,2025-09-12T15:48:34Z,CPA271,"22.156538,114.156288",7875,310,92
1757692116,2025-09-12T15:48:36Z,CPA271,"22.156445,114.15873",7925,310,92
1757692119,2025-09-12T15:48:39Z,CPA271,"22.156258,114.162544",8000,310,92
1757692121,2025-09-12T15:48:41Z,CPA271,"22.156118,114.16555",8050,310,93
1757692133,2025-09-12T15:48:53Z,CPA271,"22.154938,114.1856",8450,311,94
1757692146,2025-09-12T15:49:06Z,CPA271,"22.153605,114.205269",8825,314,94
1757692162,2025-09-12T15:49:22Z,CPA271,"22.151962,114.229195",9225,317,94
1757692177,2025-09-12T15:49:37Z,CPA271,"22.151093,114.252617",9575,324,86
1757692183,2025-09-12T15:49:43Z,CPA271,"22.152254,114.26371",9725,326,79
1757692185,2025-09-12T15:49:45Z,CPA271,"22.152952,114.267525",9775,326,77
1757692189,2025-09-12T15:49:49Z,CPA271,"22.154251,114.273247",9875,327,75
1757692192,2025-09-12T15:49:52Z,CPA271,"22.155375,114.278053",9950,328,75
1757692194,2025-09-12T15:49:54Z,CPA271,"22.155807,114.279839",9975,328,75
1757692202,2025-09-12T15:50:02Z,CPA271,"22.159332,114.294518",10250,330,75
1757692204,2025-09-12T15:50:04Z,CPA271,"22.160019,114.297562",10300,330,75
1757692207,2025-09-12T15:50:07Z,CPA271,"22.161118,114.302406",10400,329,76
1757692209,2025-09-12T15:50:09Z,CPA271,"22.161938,114.306129",10500,329,76
1757692223,2025-09-12T15:50:23Z,CPA271,"22.166794,114.328178",11000,327,76
1757692237,2025-09-12T15:50:37Z,CPA271,"22.171509,114.349998",11350,330,77
1757692250,2025-09-12T15:50:50Z,CPA271,"22.17609,114.370934",11625,334,75
1757692259,2025-09-12T15:50:59Z,CPA271,"22.180847,114.385307",11900,335,64
1757692261,2025-09-12T15:51:01Z,CPA271,"22.181908,114.387566",11950,336,61
1757692263,2025-09-12T15:51:03Z,CPA271,"22.18391,114.391273",12025,336,58
1757692265,2025-09-12T15:51:05Z,CPA271,"22.185122,114.393311",12075,337,54
1757692267,2025-09-12T15:51:07Z,CPA271,"22.187943,114.397438",12150,337,51
1757692269,2025-09-12T15:51:09Z,CPA271,"22.189775,114.399818",12200,338,48
1757692271,2025-09-12T15:51:11Z,CPA271,"22.192337,114.402824",12250,340,46
1757692273,2025-09-12T15:51:13Z,CPA271,"22.194397,114.404976",12300,340,43
1757692276,2025-09-12T15:51:16Z,CPA271,"22.196945,114.407402",12350,340,40
1757692278,2025-09-12T15:51:18Z,CPA271,"22.19997,114.410095",12400,342,37
1757692280,2025-09-12T15:51:20Z,CPA271,"22.202438,114.412025",12425,343,35
1757692282,2025-09-12T15:51:22Z,CPA271,"22.205154,114.41407",12475,344,33
1757692284,2025-09-12T15:51:24Z,CPA271,"22.208397,114.416298",12525,344,31
1757692286,2025-09-12T15:51:26Z,CPA271,"22.211422,114.418129",12575,345,29
1757692289,2025-09-12T15:51:29Z,CPA271,"22.213989,114.419662",12600,346,27
1757692291,2025-09-12T15:51:31Z,CPA271,"22.216919,114.421211",12650,347,25
1757692293,2025-09-12T15:51:33Z,CPA271,"22.220547,114.422966",12700,347,22
1757692295,2025-09-12T15:51:35Z,CPA271,"22.224085,114.424385",12775,348,19
1757692297,2025-09-12T15:51:37Z,CPA271,"22.227402,114.425606",12800,350,16
1757692299,2025-09-12T15:51:39Z,CPA271,"22.230652,114.426605",12850,350,14
1757692302,2025-09-12T15:51:42Z,CPA271,"22.234451,114.427498",12900,351,11
1757692304,2025-09-12T15:51:44Z,CPA271,"22.237539,114.428101",12950,352,8
1757692306,2025-09-12T15:51:46Z,CPA271,"22.240631,114.428551",13000,353,6
1757692308,2025-09-12T15:51:48Z,CPA271,"22.244429,114.428864",13050,353,2
1757692310,2025-09-12T15:51:50Z,CPA271,"22.247967,114.428963",13100,354,359
1757692313,2025-09-12T15:51:53Z,CPA271,"22.252075,114.428848",13150,354,356
1757692315,2025-09-12T15:51:55Z,CPA271,"22.255228,114.428558",13175,356,353
1757692317,2025-09-12T15:51:57Z,CPA271,"22.259171,114.428001",13200,357,350
1757692319,2025-09-12T15:51:59Z,CPA271,"22.262054,114.427399",13225,358,347
1757692321,2025-09-12T15:52:01Z,CPA271,"22.265442,114.426552",13250,360,345
1757692323,2025-09-12T15:52:03Z,CPA271,"22.269516,114.425255",13250,362,341
1757692326,2025-09-12T15:52:06Z,CPA271,"22.273453,114.423653",13275,363,338
1757692328,2025-09-12T15:52:08Z,CPA271,"22.276566,114.422211",13300,365,335
1757692330,2025-09-12T15:52:10Z,CPA271,"22.279587,114.420609",13325,366,332
1757692332,2025-09-12T15:52:12Z,CPA271,"22.282333,114.418961",13325,368,328
1757692334,2025-09-12T15:52:14Z,CPA271,"22.28627,114.416267",13350,369,325
1757692337,2025-09-12T15:52:17Z,CPA271,"22.289583,114.413658",13375,371,322
1757692339,2025-09-12T15:52:19Z,CPA271,"22.291626,114.411919",13400,372,320
1757692341,2025-09-12T15:52:21Z,CPA271,"22.294891,114.408928",13425,373,317
1757692343,2025-09-12T15:52:23Z,CPA271,"22.297623,114.406181",13425,375,316
1757692345,2025-09-12T15:52:25Z,CPA271,"22.300058,114.403633",13450,376,315
1757692347,2025-09-12T15:52:27Z,CPA271,"22.303038,114.400482",13450,377,314
1757692350,2025-09-12T15:52:30Z,CPA271,"22.305504,114.397789",13450,379,314
1757692352,2025-09-12T15:52:32Z,CPA271,"22.30825,114.394737",13475,382,314
1757692354,2025-09-12T15:52:34Z,CPA271,"22.310997,114.391632",13500,382,313
1757692356,2025-09-12T15:52:36Z,CPA271,"22.313278,114.389099",13500,384,313
1757692358,2025-09-12T15:52:38Z,CPA271,"22.316116,114.385902",13525,384,313
1757692360,2025-09-12T15:52:40Z,CPA271,"22.318771,114.382881",13575,386,313
1757692362,2025-09-12T15:52:42Z,CPA271,"22.320831,114.380562",13600,386,313
1757692364,2025-09-12T15:52:44Z,CPA271,"22.323893,114.377083",13650,386,313
1757692396,2025-09-12T15:53:16Z,CPA271,"22.363602,114.332222",14325,393,313
1757692426,2025-09-12T15:53:46Z,CPA271,"22.402267,114.289276",15100,393,314
1757692459,2025-09-12T15:54:19Z,CPA271,"22.443604,114.243729",15800,400,314
1757692491,2025-09-12T15:54:51Z,CPA271,"22.486872,114.196068",16100,416,314
1757692523,2025-09-12T15:55:23Z,CPA271,"22.530306,114.148254",16375,432,315
1757692533,2025-09-12T15:55:33Z,CPA271,"22.546459,114.133606",16675,428,324
1757692535,2025-09-12T15:55:35Z,CPA271,"22.549625,114.131317",16750,427,327
1757692537,2025-09-12T15:55:37Z,CPA271,"22.552963,114.129021",16825,427,328
1757692540,2025-09-12T15:55:40Z,CPA271,"22.557358,114.126328",16950,426,330
1757692542,2025-09-12T15:55:42Z,CPA271,"22.560564,114.124451",17000,426,332
1757692544,2025-09-12T15:55:44Z,CPA271,"22.564636,114.122231",17075,424,333
1757692546,2025-09-12T15:55:46Z,CPA271,"22.568069,114.120483",17125,424,335
1757692548,2025-09-12T15:55:48Z,CPA271,"22.572098,114.118484",17150,426,335
1757692550,2025-09-12T15:55:50Z,CPA271,"22.575693,114.116768",17200,425,336
1757692552,2025-09-12T15:55:52Z,CPA271,"22.579468,114.11499",17225,426,336
1757692555,2025-09-12T15:55:55Z,CPA271,"22.582956,114.113312",17250,427,336
1757692557,2025-09-12T15:55:57Z,CPA271,"22.587564,114.111122",17275,427,336
1757692559,2025-09-12T15:55:59Z,CPA271,"22.591919,114.109001",17325,427,335
1757692561,2025-09-12T15:56:01Z,CPA271,"22.595293,114.107361",17350,428,335
1757692563,2025-09-12T15:56:03Z,CPA271,"22.599747,114.105156",17400,429,335
1757692594,2025-09-12T15:56:34Z,CPA271,"22.654587,114.076935",18150,428,334
1757692626,2025-09-12T15:57:06Z,CPA271,"22.711952,114.047035",18700,434,334
1757692658,2025-09-12T15:57:38Z,CPA271,"22.769817,114.017181",19275,437,334
1757692689,2025-09-12T15:58:09Z,CPA271,"22.828239,113.987122",19800,441,334
1757692721,2025-09-12T15:58:41Z,CPA271,"22.886581,113.957085",20450,443,334
1757692753,2025-09-12T15:59:13Z,CPA271,"22.945784,113.926445",20950,447,334
1757692785,2025-09-12T15:59:45Z,CPA271,"23.005976,113.895058",21450,450,334
1757692816,2025-09-12T16:00:16Z,CPA271,"23.063841,113.861084",21900,455,327
1757692848,2025-09-12T16:00:48Z,CPA271,"23.119843,113.81765",22325,460,321
1757692879,2025-09-12T16:01:19Z,CPA271,"23.168701,113.76992",22725,464,315
1757692911,2025-09-12T16:01:51Z,CPA271,"23.218906,113.71714",23125,468,316
1757692944,2025-09-12T16:02:24Z,CPA271,"23.269913,113.664154",23400,475,316
1757692975,2025-09-12T16:02:55Z,CPA271,"23.319693,113.612114",23550,484,315
1757693007,2025-09-12T16:03:27Z,CPA271,"23.372156,113.55703",23775,491,315
1757693038,2025-09-12T16:03:58Z,CPA271,"23.422712,113.503929",24150,494,315
1757693070,2025-09-12T16:04:30Z,CPA271,"23.474897,113.448944",24625,493,315
1757693102,2025-09-12T16:05:02Z,CPA271,"23.525757,113.393089",25025,496,308
1757693108,2025-09-12T16:05:08Z,CPA271,"23.53363,113.381706",25075,497,304
1757693110,2025-09-12T16:05:10Z,CPA271,"23.53751,113.375397",25100,497,303
1757693113,2025-09-12T16:05:13Z,CPA271,"23.539261,113.372314",25125,498,300
1757693116,2025-09-12T16:05:16Z,CPA271,"23.541046,113.369019",25125,498,298
1757693118,2025-09-12T16:05:18Z,CPA271,"23.54631,113.358612",25175,499,297
1757693121,2025-09-12T16:05:21Z,CPA271,"23.549614,113.351234",25225,499,296
1757693123,2025-09-12T16:05:23Z,CPA271,"23.551521,113.346825",25250,500,294
1757693126,2025-09-12T16:05:26Z,CPA271,"23.553244,113.342628",25275,499,294
1757693129,2025-09-12T16:05:29Z,CPA271,"23.556038,113.335838",25325,500,293
1757693133,2025-09-12T16:05:33Z,CPA271,"23.558807,113.32901",25350,500,293
1757693137,2025-09-12T16:05:37Z,CPA271,"23.56451,113.31501",25400,500,293
1757693174,2025-09-12T16:06:14Z,CPA271,"23.596573,113.241219",25700,280,295
1757693206,2025-09-12T16:06:46Z,CPA271,"23.621841,113.184662",25975,505,296
1757693235,2025-09-12T16:07:15Z,CPA271,"23.65263,113.116013",26300,508,297
1757693265,2025-09-12T16:07:45Z,CPA271,"23.700768,113.02491",26575,512,307
1757693268,2025-09-12T16:07:48Z,CPA271,"23.70401,113.020576",26600,511,309
1757693290,2025-09-12T16:08:10Z,CPA271,"23.721542,112.999779",26650,512,316
1757693349,2025-09-12T16:09:09Z,CPA271,"23.83287,112.921753",27075,511,335
1757693382,2025-09-12T16:09:42Z,CPA271,"23.908173,112.88488",27525,512,333
1757693392,2025-09-12T16:09:52Z,CPA271,"23.932892,112.868195",27675,514,324
1757693397,2025-09-12T16:09:57Z,CPA271,"23.941956,112.860512",27725,516,320
1757693402,2025-09-12T16:10:02Z,CPA271,"23.951265,112.851563",27775,517,317
1757693407,2025-09-12T16:10:07Z,CPA271,"23.95755,112.844772",27800,518,314
1757693411,2025-09-12T16:10:11Z,CPA271,"23.966349,112.834206",27875,520,310
1757693416,2025-09-12T16:10:16Z,CPA271,"23.973425,112.824509",27925,520,306
1757693421,2025-09-12T16:10:21Z,CPA271,"23.980595,112.813316",27975,521,303
1757693426,2025-09-12T16:10:26Z,CPA271,"23.986786,112.802177",28050,522,300
1757693435,2025-09-12T16:10:35Z,CPA271,"24.004755,112.755638",28325,522,293
1757693441,2025-09-12T16:10:41Z,CPA271,"24.001404,112.766884",28250,522,289
1757693446,2025-09-12T16:10:46Z,CPA271,"24.005405,112.753204",28325,523,287
1757693451,2025-09-12T16:10:51Z,CPA271,"24.008011,112.743477",28350,522,286
1757693455,2025-09-12T16:10:55Z,CPA271,"24.010481,112.733719",28400,522,285
1757693482,2025-09-12T16:11:22Z,CPA271,"24.03154,112.668404",28575,523,295
1757693487,2025-09-12T16:11:27Z,CPA271,"24.038877,112.652306",28600,523,298
1757693492,2025-09-12T16:11:32Z,CPA271,"24.043716,112.642616",28625,524,299
1757693520,2025-09-12T16:12:00Z,CPA271,"24.078369,112.58316",28800,523,305
1757693550,2025-09-12T16:12:30Z,CPA271,"24.12323,112.512459",29000,527,305
1757693587,2025-09-12T16:13:07Z,CPA271,"24.174042,112.431488",29150,530,305
1757693622,2025-09-12T16:13:42Z,CPA271,"24.223503,112.351837",29350,535,304
1757693656,2025-09-12T16:14:16Z,CPA271,"24.26857,112.278999",29725,532,304
1757693685,2025-09-12T16:14:45Z,CPA271,"24.309952,112.212074",30075,530,304
1757693727,2025-09-12T16:15:27Z,CPA271,"24.367172,112.119499",30525,526,304
1757693757,2025-09-12T16:15:57Z,CPA271,"24.407913,112.053429",30800,527,304
1757693792,2025-09-12T16:16:32Z,CPA271,"24.454742,111.977386",30900,530,304
1757693826,2025-09-12T16:17:06Z,CPA271,"24.499838,111.904099",31075,533,304
1757693873,2025-09-12T16:17:53Z,CPA271,"24.567398,111.793976",31350,534,304
1757693908,2025-09-12T16:18:28Z,CPA271,"24.615372,111.715645",31750,532,304
1757693942,2025-09-12T16:19:02Z,CPA271,"24.660461,111.642052",31975,531,304
1757693976,2025-09-12T16:19:36Z,CPA271,"24.708717,111.563004",32100,534,304
1757694006,2025-09-12T16:20:06Z,CPA271,"24.750229,111.494957",32100,532,304
1757694040,2025-09-12T16:20:40Z,CPA271,"24.79628,111.419273",32100,530,304
1757694083,2025-09-12T16:21:23Z,CPA271,"24.854736,111.323143",32100,528,304
1757694112,2025-09-12T16:21:52Z,CPA271,"24.894367,111.257874",32100,528,304
1757694146,2025-09-12T16:22:26Z,CPA271,"24.940735,111.181328",32100,530,304
1757694175,2025-09-12T16:22:55Z,CPA271,"24.980303,111.115875",32100,530,304
1757694210,2025-09-12T16:23:30Z,CPA271,"25.027136,111.038406",32100,530,303
1757694240,2025-09-12T16:24:00Z,CPA271,"25.066635,110.973",32100,529,304
1757694303,2025-09-12T16:25:03Z,CPA271,"25.15274,110.829926",32100,524,303
1757694338,2025-09-12T16:25:38Z,CPA271,"25.199657,110.751724",32100,521,303
1757694368,2025-09-12T16:26:08Z,CPA271,"25.239166,110.686035",32100,520,303
1757694403,2025-09-12T16:26:43Z,CPA271,"25.285721,110.608162",32100,517,303
1757694437,2025-09-12T16:27:17Z,CPA271,"25.330236,110.5336",32100,515,303
1757694472,2025-09-12T16:27:52Z,CPA271,"25.376324,110.45639",32100,516,303
1757694506,2025-09-12T16:28:26Z,CPA271,"25.420715,110.381981",32100,516,303
1757694541,2025-09-12T16:29:01Z,CPA271,"25.466909,110.304291",32100,515,303
1757694575,2025-09-12T16:29:35Z,CPA271,"25.510849,110.230309",32100,514,303
1757694605,2025-09-12T16:30:05Z,CPA271,"25.550079,110.164131",32100,514,304
1757694635,2025-09-12T16:30:35Z,CPA271,"25.58894,110.098419",32100,514,303
1757694670,2025-09-12T16:31:10Z,CPA271,"25.634689,110.021179",32100,511,304
1757694685,2025-09-12T16:31:25Z,CPA271,"25.652563,109.990814",32100,512,303
1757694742,2025-09-12T16:32:22Z,CPA271,"25.728058,109.862923",32100,512,303
1757694777,2025-09-12T16:32:57Z,CPA271,"25.773239,109.786018",32100,514,303
1757694812,2025-09-12T16:33:32Z,CPA271,"25.816799,109.710197",32100,516,301
1757694847,2025-09-12T16:34:07Z,CPA271,"25.855249,109.624222",32100,518,293
1757694881,2025-09-12T16:34:41Z,CPA271,"25.879601,109.550858",32100,517,290
1757694948,2025-09-12T16:35:48Z,CPA271,"25.927963,109.369049",32100,516,287
1757694983,2025-09-12T16:36:23Z,CPA271,"25.950871,109.282959",32100,518,286
1757695017,2025-09-12T16:36:57Z,CPA271,"25.974333,109.193962",32100,518,286
1757695051,2025-09-12T16:37:31Z,CPA271,"25.997097,109.107391",32100,516,286
1757695086,2025-09-12T16:38:06Z,CPA271,"26.020571,109.017799",32100,516,287
1757695116,2025-09-12T16:38:36Z,CPA271,"26.040298,108.942451",32100,516,286
1757695152,2025-09-12T16:39:12Z,CPA271,"26.064331,108.850624",32100,518,286
1757695175,2025-09-12T16:39:35Z,CPA271,"26.080379,108.791374",32100,518,290
1757695223,2025-09-12T16:40:23Z,CPA271,"26.140457,108.68277",32100,516,304
1757695258,2025-09-12T16:40:58Z,CPA271,"26.18508,108.60598",32100,515,303
1757695288,2025-09-12T16:41:28Z,CPA271,"26.224001,108.538963",32100,516,303
1757695323,2025-09-12T16:42:03Z,CPA271,"26.268173,108.463097",32100,516,303
1757695357,2025-09-12T16:42:37Z,CPA271,"26.313328,108.38488",32100,517,303
1757695391,2025-09-12T16:43:11Z,CPA271,"26.357412,108.308136",32100,518,303
1757695420,2025-09-12T16:43:40Z,CPA271,"26.39369,108.245033",32100,518,303
1757695465,2025-09-12T16:44:25Z,CPA271,"26.451818,108.143921",32100,515,303
1757695502,2025-09-12T16:45:02Z,CPA271,"26.500441,108.059143",32100,512,303
1757695530,2025-09-12T16:45:30Z,CPA271,"26.536423,107.996124",32100,513,302
1757695550,2025-09-12T16:45:50Z,CPA271,"26.560101,107.954674",32100,514,302
1757695607,2025-09-12T16:46:47Z,CPA271,"26.634443,107.824417",32100,515,302
1757695637,2025-09-12T16:47:17Z,CPA271,"26.672621,107.757294",32100,515,302
1757695671,2025-09-12T16:47:51Z,CPA271,"26.716095,107.68084",32100,515,303
1757695701,2025-09-12T16:48:21Z,CPA271,"26.754272,107.613464",32100,516,302
1757695736,2025-09-12T16:48:56Z,CPA271,"26.79895,107.534538",32100,514,303
1757695771,2025-09-12T16:49:31Z,CPA271,"26.841555,107.455635",32100,514,298
1757695811,2025-09-12T16:50:11Z,CPA271,"26.883087,107.359177",32100,515,295
1757695846,2025-09-12T16:50:46Z,CPA271,"26.91774,107.274391",32100,512,294
1757695876,2025-09-12T16:51:16Z,CPA271,"26.947088,107.203529",32100,503,296
1757695910,2025-09-12T16:51:50Z,CPA271,"26.981003,107.123383",32100,496,295
1757695968,2025-09-12T16:52:48Z,CPA271,"27.035797,106.989525",32100,495,294
1757695998,2025-09-12T16:53:18Z,CPA271,"27.064041,106.918999",32100,496,294
1757696033,2025-09-12T16:53:53Z,CPA271,"27.095261,106.83577",32100,498,290
1757696068,2025-09-12T16:54:28Z,CPA271,"27.12096,106.751038",32100,495,288
1757696098,2025-09-12T16:54:58Z,CPA271,"27.145262,106.678986",32100,497,295
1757696128,2025-09-12T16:55:28Z,CPA271,"27.17853,106.611168",32100,496,302
1757696163,2025-09-12T16:56:03Z,CPA271,"27.222492,106.534584",32100,500,303
1757696198,2025-09-12T16:56:38Z,CPA271,"27.266006,106.459335",32100,500,303
1757696232,2025-09-12T16:57:12Z,CPA271,"27.309402,106.384605",32100,500,303
1757696267,2025-09-12T16:57:47Z,CPA271,"27.34795,106.304977",32100,500,292
1757696272,2025-09-12T16:57:52Z,CPA271,"27.352051,106.292717",32100,500,290
1757696277,2025-09-12T16:57:57Z,CPA271,"27.355679,106.280731",32100,500,288
1757696282,2025-09-12T16:58:02Z,CPA271,"27.358936,106.268372",32100,500,286
1757696287,2025-09-12T16:58:07Z,CPA271,"27.361919,106.255699",32100,500,284
1757696292,2025-09-12T16:58:12Z,CPA271,"27.364429,106.243393",32100,499,283
1757696327,2025-09-12T16:58:47Z,CPA271,"27.380768,106.155602",32100,504,284
1757696340,2025-09-12T16:59:00Z,CPA271,"27.38979,106.124771",32100,504,293
1757696352,2025-09-12T16:59:12Z,CPA271,"27.418488,106.06942",32100,504,303
1757696356,2025-09-12T16:59:16Z,CPA271,"27.424576,106.059105",32100,504,303
1757696359,2025-09-12T16:59:19Z,CPA271,"27.427094,106.054703",32100,504,302
1757696361,2025-09-12T16:59:21Z,CPA271,"27.429462,106.050659",32100,505,302
1757696385,2025-09-12T16:59:45Z,CPA271,"27.44659,106.019829",32100,504,302
1757696427,2025-09-12T17:00:27Z,CPA271,"27.49704,105.925819",32100,507,302
1757696456,2025-09-12T17:00:56Z,CPA271,"27.53216,105.861092",32100,510,302
1757696491,2025-09-12T17:01:31Z,CPA271,"27.597378,105.763268",32125,512,320
1757696494,2025-09-12T17:01:34Z,CPA271,"27.601381,105.759621",32125,513,321
1757696496,2025-09-12T17:01:36Z,CPA271,"27.607178,105.754448",32100,513,322
1757696503,2025-09-12T17:01:43Z,CPA271,"27.619308,105.74408",32100,514,322
1757696514,2025-09-12T17:01:54Z,CPA271,"27.623121,105.740875",32100,90,323
1757696544,2025-09-12T17:02:24Z,CPA271,"27.697325,105.676117",32100,513,320
1757696585,2025-09-12T17:03:05Z,CPA271,"27.750771,105.624672",32100,514,319
1757696620,2025-09-12T17:03:40Z,CPA271,"27.814449,105.563477",32100,512,320
1757696661,2025-09-12T17:04:21Z,CPA271,"27.88838,105.49295",32100,514,320
1757696691,2025-09-12T17:04:51Z,CPA271,"27.941401,105.442627",32100,515,322
1757696723,2025-09-12T17:05:23Z,CPA271,"28.01079,105.402039",32100,515,344
1757696728,2025-09-12T17:05:28Z,CPA271,"28.02219,105.398453",32100,514,345
1757696756,2025-09-12T17:05:56Z,CPA271,"28.087139,105.378754",32100,515,344
1757696792,2025-09-12T17:06:32Z,CPA271,"28.170807,105.349251",32100,517,342
1757696821,2025-09-12T17:07:01Z,CPA271,"28.236832,105.325928",32100,517,343
1757696855,2025-09-12T17:07:35Z,CPA271,"28.314835,105.298935",32100,515,342
1757696898,2025-09-12T17:08:18Z,CPA271,"28.41275,105.26503",32100,513,342
1757696927,2025-09-12T17:08:47Z,CPA271,"28.478052,105.242348",32100,515,343
1757696956,2025-09-12T17:09:16Z,CPA271,"28.54427,105.219337",32100,515,343
1757696993,2025-09-12T17:09:53Z,CPA271,"28.62627,105.190857",32100,513,343
1757697027,2025-09-12T17:10:27Z,CPA271,"28.70532,105.163177",32100,512,343
1757697057,2025-09-12T17:10:57Z,CPA271,"28.77352,105.139481",32100,510,343
1757697092,2025-09-12T17:11:32Z,CPA271,"28.850517,105.112556",32100,510,343
1757697121,2025-09-12T17:12:01Z,CPA271,"28.917925,105.088966",32100,507,342
1757697150,2025-09-12T17:12:30Z,CPA271,"28.98354,105.065948",32100,507,343
1757697203,2025-09-12T17:13:23Z,CPA271,"29.10228,105.024231",32100,506,343
1757697238,2025-09-12T17:13:58Z,CPA271,"29.180712,104.996552",32100,505,343
1757697266,2025-09-12T17:14:26Z,CPA271,"29.24272,104.974739",32100,505,342
1757697301,2025-09-12T17:15:01Z,CPA271,"29.32159,104.946953",32100,507,343
1757697336,2025-09-12T17:15:36Z,CPA271,"29.400858,104.918945",32100,505,343
1757697373,2025-09-12T17:16:13Z,CPA271,"29.483551,104.889641",32100,502,342
1757697403,2025-09-12T17:16:43Z,CPA271,"29.549545,104.866226",32100,503,343
1757697438,2025-09-12T17:17:18Z,CPA271,"29.62738,104.83857",32100,504,343
1757697472,2025-09-12T17:17:52Z,CPA271,"29.700623,104.812477",32100,505,342
1757697500,2025-09-12T17:18:20Z,CPA271,"29.76622,104.789131",32100,507,343
1757697535,2025-09-12T17:18:55Z,CPA271,"29.84203,104.76207",32100,507,343
1757697577,2025-09-12T17:19:37Z,CPA271,"29.963379,104.718666",32100,508,342
1757697608,2025-09-12T17:20:08Z,CPA271,"30.03273,104.693893",32100,510,342
1757697641,2025-09-12T17:20:41Z,CPA271,"30.109039,104.666481",32100,512,342
1757697673,2025-09-12T17:21:13Z,CPA271,"30.176697,104.642136",32100,513,342
1757697705,2025-09-12T17:21:45Z,CPA271,"30.251083,104.615318",32100,512,342
1757697736,2025-09-12T17:22:16Z,CPA271,"30.323383,104.589294",32100,512,342
1757697768,2025-09-12T17:22:48Z,CPA271,"30.396606,104.562866",32100,510,342
1757697800,2025-09-12T17:23:20Z,CPA271,"30.46843,104.536903",32100,512,342
1757697833,2025-09-12T17:23:53Z,CPA271,"30.541946,104.510246",32100,513,342
1757697866,2025-09-12T17:24:26Z,CPA271,"30.618896,104.482407",32100,514,342
1757697912,2025-09-12T17:25:12Z,CPA271,"30.692089,104.45575",32100,515,342
1757697946,2025-09-12T17:25:46Z,CPA271,"30.773071,104.426285",32100,513,342
1757697981,2025-09-12T17:26:21Z,CPA271,"30.856871,104.401871",32100,517,349
1757698018,2025-09-12T17:26:58Z,CPA271,"30.970459,104.387726",32100,523,358
1757698050,2025-09-12T17:27:30Z,CPA271,"31.049286,104.386108",32100,524,358
1757698082,2025-09-12T17:28:02Z,CPA271,"31.127563,104.38369",32100,522,358
1757698113,2025-09-12T17:28:33Z,CPA271,"31.200985,104.381599",32100,523,358
1757698147,2025-09-12T17:29:07Z,CPA271,"31.284128,104.379288",32100,524,358
1757698179,2025-09-12T17:29:39Z,CPA271,"31.362167,104.374535",32100,522,356
1757698212,2025-09-12T17:30:12Z,CPA271,"31.440536,104.369308",32100,520,356
1757698246,2025-09-12T17:30:46Z,CPA271,"31.522429,104.364403",32100,518,357
1757698277,2025-09-12T17:31:17Z,CPA271,"31.597092,104.360046",32100,515,357
1757698309,2025-09-12T17:31:49Z,CPA271,"31.673126,104.355629",32100,508,357
1757698340,2025-09-12T17:32:20Z,CPA271,"31.745506,104.351387",32100,505,357
1757698372,2025-09-12T17:32:52Z,CPA271,"31.820892,104.347046",32100,507,357
1757698404,2025-09-12T17:33:24Z,CPA271,"31.895142,104.343422",32100,508,357
1757698436,2025-09-12T17:33:56Z,CPA271,"31.970819,104.339622",32100,508,357
1757698467,2025-09-12T17:34:27Z,CPA271,"32.044792,104.335815",32100,510,357
1757698500,2025-09-12T17:35:00Z,CPA271,"32.121834,104.331833",32100,511,357
1757698530,2025-09-12T17:35:30Z,CPA271,"32.193897,104.328133",32100,512,357
1757698563,2025-09-12T17:36:03Z,CPA271,"32.270103,104.324211",32100,511,357
1757698594,2025-09-12T17:36:34Z,CPA271,"32.345287,104.320343",32100,509,357
1757698627,2025-09-12T17:37:07Z,CPA271,"32.421249,104.316391",32100,509,357
1757698657,2025-09-12T17:37:37Z,CPA271,"32.494446,104.31282",32100,510,357
1757698687,2025-09-12T17:38:07Z,CPA271,"32.56572,104.309471",32100,511,357
1757698726,2025-09-12T17:38:46Z,CPA271,"32.625412,104.306618",32100,512,358
1757698768,2025-09-12T17:39:28Z,CPA271,"32.729507,104.30162",32100,510,358
1757698802,2025-09-12T17:40:02Z,CPA271,"32.807598,104.297867",32100,509,358
1757698831,2025-09-12T17:40:31Z,CPA271,"32.878635,104.294388",32100,509,358
1757698878,2025-09-12T17:41:18Z,CPA271,"32.989429,104.289063",32100,510,358
1757698913,2025-09-12T17:41:53Z,CPA271,"33.07077,104.28508",32100,511,357
1757698940,2025-09-12T17:42:20Z,CPA271,"33.135696,104.281944",32100,513,358
1757698982,2025-09-12T17:43:02Z,CPA271,"33.232758,104.275391",32100,507,353
1757699026,2025-09-12T17:43:46Z,CPA271,"33.337875,104.251358",32100,503,345
1757699355,2025-09-12T17:49:15Z,CPA271,"34.087456,104.112228",32100,520,320
1757699427,2025-09-12T17:50:27Z,CPA271,"34.260315,104.112274",32100,522,320
1757699456,2025-09-12T17:50:56Z,CPA271,"34.333069,104.112228",32275,521,320
1757699587,2025-09-12T17:53:07Z,CPA271,"34.640266,104.112282",34075,503,78
1757699601,2025-09-12T17:53:21Z,CPA271,"34.668091,104.112221",34100,505,359
1757699650,2025-09-12T17:54:10Z,CPA271,"34.790771,104.11216",34100,511,359
1757699673,2025-09-12T17:54:33Z,CPA271,"34.84584,104.112167",34100,512,359
1757699783,2025-09-12T17:56:23Z,CPA271,"35.102051,104.11216",34100,509,359
1757699807,2025-09-12T17:56:47Z,CPA271,"35.161884,104.112228",34100,509,359
1757699948,2025-09-12T17:59:08Z,CPA271,"35.493382,104.112228",34100,511,2
1757699965,2025-09-12T17:59:25Z,CPA271,"35.536789,104.112228",34100,511,2
1757700093,2025-09-12T18:01:33Z,CPA271,"35.837906,104.112564",34100,503,357
1757700127,2025-09-12T18:02:07Z,CPA271,"35.915859,104.103867",34100,501,355
1757700156,2025-09-12T18:02:36Z,CPA271,"35.983612,104.096542",34100,498,355
1757700185,2025-09-12T18:03:05Z,CPA271,"36.045353,104.090027",34100,496,355
1757700220,2025-09-12T18:03:40Z,CPA271,"36.128819,104.08091",34100,494,355
1757700255,2025-09-12T18:04:15Z,CPA271,"36.206772,104.072342",34100,491,355
1757700290,2025-09-12T18:04:50Z,CPA271,"36.287052,104.063553",34100,486,354
1757700325,2025-09-12T18:05:25Z,CPA271,"36.366348,104.054153",34100,484,352
1757700348,2025-09-12T18:05:48Z,CPA271,"36.416653,104.041695",34100,478,345
1757700377,2025-09-12T18:06:17Z,CPA271,"36.476257,104.017868",34100,470,338
1757700412,2025-09-12T18:06:52Z,CPA271,"36.545834,103.97718",34100,464,331
1757700446,2025-09-12T18:07:26Z,CPA271,"36.606071,103.928154",34100,459,323
1757700481,2025-09-12T18:08:01Z,CPA271,"36.662064,103.867096",34100,453,314
1757700515,2025-09-12T18:08:35Z,CPA271,"36.707462,103.801926",34100,447,307
1757700541,2025-09-12T18:09:01Z,CPA271,"36.735306,103.751335",34100,443,301
1757700663,2025-09-12T18:11:03Z,CPA271,"36.856659,103.47216",34100,439,298
1757700698,2025-09-12T18:11:38Z,CPA271,"36.889664,103.395142",34100,439,298
1757700733,2025-09-12T18:12:13Z,CPA271,"36.922119,103.319191",34100,439,299
1757700767,2025-09-12T18:12:47Z,CPA271,"36.957779,103.242615",34100,441,302
1757700802,2025-09-12T18:13:22Z,CPA271,"36.996925,103.165916",34100,441,301
1757700836,2025-09-12T18:13:56Z,CPA271,"37.031841,103.096123",34100,442,303
1757700865,2025-09-12T18:14:25Z,CPA271,"37.065079,103.029846",34100,443,302
1757700900,2025-09-12T18:15:00Z,CPA271,"37.10284,102.954521",34100,443,303
1757701043,2025-09-12T18:17:23Z,CPA271,"37.258118,102.642868",34100,439,301
1757701078,2025-09-12T18:17:58Z,CPA271,"37.295563,102.567307",34100,439,301
1757701113,2025-09-12T18:18:33Z,CPA271,"37.33215,102.491516",34100,435,298
1757701146,2025-09-12T18:19:06Z,CPA271,"37.35952,102.415688",34100,433,290
1757701176,2025-09-12T18:19:36Z,CPA271,"37.377548,102.343315",34100,430,284
1757701201,2025-09-12T18:20:01Z,CPA271,"37.388245,102.287071",34100,432,283
1757701235,2025-09-12T18:20:35Z,CPA271,"37.405334,102.200729",34100,433,285
1757701255,2025-09-12T18:20:55Z,CPA271,"37.414261,102.155846",34100,432,283
1757701313,2025-09-12T18:21:53Z,CPA271,"37.442661,102.009727",34100,432,283
1757701348,2025-09-12T18:22:28Z,CPA271,"37.459167,101.92408",34100,430,283
1757701383,2025-09-12T18:23:03Z,CPA271,"37.475342,101.84034",34100,430,283
1757701412,2025-09-12T18:23:32Z,CPA271,"37.489029,101.768929",34100,432,283
1757701452,2025-09-12T18:24:12Z,CPA271,"37.513229,101.673439",34100,433,292
1757701487,2025-09-12T18:24:47Z,CPA271,"37.544567,101.593201",34100,437,298
1757701521,2025-09-12T18:25:21Z,CPA271,"37.577339,101.517014",34100,435,297
1757701551,2025-09-12T18:25:51Z,CPA271,"37.605549,101.450081",34100,433,297
1757701586,2025-09-12T18:26:26Z,CPA271,"37.637695,101.374123",34100,432,298
1757701621,2025-09-12T18:27:01Z,CPA271,"37.671421,101.294662",34100,432,298
1757701645,2025-09-12T18:27:25Z,CPA271,"37.692719,101.24427",34100,430,297
1757701703,2025-09-12T18:28:23Z,CPA271,"37.748047,101.112907",34100,430,297
1757701738,2025-09-12T18:28:58Z,CPA271,"37.780701,101.03524",34100,430,297
1757701773,2025-09-12T18:29:33Z,CPA271,"37.813412,100.957191",34100,428,298
1757701813,2025-09-12T18:30:13Z,CPA271,"37.850368,100.869835",34100,428,299
1757701842,2025-09-12T18:30:42Z,CPA271,"37.879028,100.806686",34100,428,299
1757701876,2025-09-12T18:31:16Z,CPA271,"37.912216,100.733353",34100,428,299
1757701911,2025-09-12T18:31:51Z,CPA271,"37.946045,100.657326",34100,426,299
1757701941,2025-09-12T18:32:21Z,CPA271,"37.97374,100.59491",34100,426,299
1757701975,2025-09-12T18:32:55Z,CPA271,"38.0079,100.517738",34100,428,299
1757701985,2025-09-12T18:33:05Z,CPA271,"38.016281,100.498688",34100,428,299
1757702046,2025-09-12T18:34:06Z,CPA271,"38.077011,100.360985",34100,428,299
1757702075,2025-09-12T18:34:35Z,CPA271,"38.104729,100.298073",34100,428,299
1757702110,2025-09-12T18:35:10Z,CPA271,"38.13876,100.220512",34100,426,298
1757702145,2025-09-12T18:35:45Z,CPA271,"38.169857,100.149277",34100,430,298
1757702218,2025-09-12T18:36:58Z,CPA271,"38.241501,99.985077",34100,426,298
1757702252,2025-09-12T18:37:32Z,CPA271,"38.274227,99.909843",34100,424,298
1757702275,2025-09-12T18:37:55Z,CPA271,"38.296013,99.859512",34100,424,298
1757702328,2025-09-12T18:38:48Z,CPA271,"38.34581,99.744347",34100,422,298
1757702367,2025-09-12T18:39:27Z,CPA271,"38.38274,99.658592",34100,424,298
1757702402,2025-09-12T18:40:02Z,CPA271,"38.415699,99.58197",34100,425,299
1757702437,2025-09-12T18:40:37Z,CPA271,"38.448284,99.50592",34100,424,298
1757702472,2025-09-12T18:41:12Z,CPA271,"38.480713,99.430153",34100,424,298
1757702500,2025-09-12T18:41:40Z,CPA271,"38.50489,99.373413",34100,424,298
1757702537,2025-09-12T18:42:17Z,CPA271,"38.541946,99.286499",34100,422,298
1757702570,2025-09-12T18:42:50Z,CPA271,"38.572811,99.213867",34100,420,298
1757702605,2025-09-12T18:43:25Z,CPA271,"38.60535,99.137024",34100,420,298
1757702647,2025-09-12T18:44:07Z,CPA271,"38.643803,99.046082",34100,420,298
1757702682,2025-09-12T18:44:42Z,CPA271,"38.676361,98.968842",34100,420,298
1757702717,2025-09-12T18:45:17Z,CPA271,"38.70842,98.892761",34100,418,299
1757702752,2025-09-12T18:45:52Z,CPA271,"38.740448,98.816162",34100,418,298
1757702787,2025-09-12T18:46:27Z,CPA271,"38.772583,98.739388",34100,418,298
1757702821,2025-09-12T18:47:01Z,CPA271,"38.80307,98.66642",34100,420,299
1757702851,2025-09-12T18:47:31Z,CPA271,"38.831177,98.598938",34100,420,298
1757702885,2025-09-12T18:48:05Z,CPA271,"38.861809,98.525269",34100,418,298
1757702920,2025-09-12T18:48:40Z,CPA271,"38.893837,98.448059",34100,416,297
1757702962,2025-09-12T18:49:22Z,CPA271,"38.930695,98.358864",34100,412,297
1757703000,2025-09-12T18:50:00Z,CPA271,"38.964939,98.275871",34100,411,298
1757703010,2025-09-12T18:50:10Z,CPA271,"38.973209,98.255798",34100,411,298
1757703200,2025-09-12T18:53:20Z,CPA271,"39.1409,97.845428",34100,410,298
1757703248,2025-09-12T18:54:08Z,CPA271,"39.184181,97.738525",34100,409,297
1757703283,2025-09-12T18:54:43Z,CPA271,"39.214142,97.664398",34100,408,297
1757703308,2025-09-12T18:55:08Z,CPA271,"39.233963,97.615318",34100,407,298
1757703351,2025-09-12T18:55:51Z,CPA271,"39.273472,97.517517",34100,406,297
1757703395,2025-09-12T18:56:35Z,CPA271,"39.311554,97.422997",34100,406,297
1757703457,2025-09-12T18:57:37Z,CPA271,"39.364792,97.290199",34100,402,298
1757703492,2025-09-12T18:58:12Z,CPA271,"39.39325,97.219063",34100,400,298
1757703526,2025-09-12T18:58:46Z,CPA271,"39.423111,97.144279",34100,400,298
1757703561,2025-09-12T18:59:21Z,CPA271,"39.451672,97.072449",34100,398,298
1757703607,2025-09-12T19:00:07Z,CPA271,"39.490452,96.974892",34100,400,298
1757703642,2025-09-12T19:00:42Z,CPA271,"39.519699,96.902344",34100,399,298
1757703671,2025-09-12T19:01:11Z,CPA271,"39.54245,96.84552",34100,402,298
1757703701,2025-09-12T19:01:41Z,CPA271,"39.57159,96.772278",34100,405,298
1757703736,2025-09-12T19:02:16Z,CPA271,"39.601662,96.696716",34100,408,298
1757703771,2025-09-12T19:02:51Z,CPA271,"39.631599,96.621399",34100,409,298
1757703806,2025-09-12T19:03:26Z,CPA271,"39.662251,96.543793",34100,409,297
1757703841,2025-09-12T19:04:01Z,CPA271,"39.692299,96.467293",34100,411,297
1757703876,2025-09-12T19:04:36Z,CPA271,"39.722092,96.391418",34100,410,297
1757703911,2025-09-12T19:05:11Z,CPA271,"39.750599,96.318512",34100,408,297
1757703946,2025-09-12T19:05:46Z,CPA271,"39.782001,96.238136",34100,410,297
1757703970,2025-09-12T19:06:10Z,CPA271,"39.802952,96.184273",34100,411,297
1757704005,2025-09-12T19:06:45Z,CPA271,"39.831211,96.11145",34100,413,297
1757704040,2025-09-12T19:07:20Z,CPA271,"39.863071,96.029404",34100,411,297
1757704075,2025-09-12T19:07:55Z,CPA271,"39.89278,95.952621",34100,410,297
1757704110,2025-09-12T19:08:30Z,CPA271,"39.922352,95.875893",34100,409,297
1757704145,2025-09-12T19:09:05Z,CPA271,"39.95187,95.799263",34100,407,297
1757704175,2025-09-12T19:09:35Z,CPA271,"39.977112,95.733429",34100,407,297
1757704210,2025-09-12T19:10:10Z,CPA271,"40.006248,95.657211",34100,406,297
1757704493,2025-09-12T19:14:53Z,CPA271,"40.244549,95.02887",34100,410,297
1757704528,2025-09-12T19:15:28Z,CPA271,"40.27364,94.952522",34100,410,297
1757704563,2025-09-12T19:16:03Z,CPA271,"40.304489,94.875671",34100,410,302
1757704598,2025-09-12T19:16:38Z,CPA271,"40.34317,94.80542",34100,410,310
1757704628,2025-09-12T19:17:08Z,CPA271,"40.379471,94.746582",34100,408,309
1757704663,2025-09-12T19:17:43Z,CPA271,"40.419849,94.679199",34100,406,309
1757704698,2025-09-12T19:18:18Z,CPA271,"40.460312,94.611938",34100,407,309
1757704733,2025-09-12T19:18:53Z,CPA271,"40.501469,94.543663",34100,407,309
1757704768,2025-09-12T19:19:28Z,CPA271,"40.542801,94.474854",34100,407,309
1757704803,2025-09-12T19:20:03Z,CPA271,"40.58308,94.407654",34100,408,309
1757704838,2025-09-12T19:20:38Z,CPA271,"40.6241,94.339111",34100,409,309
1757704867,2025-09-12T19:21:07Z,CPA271,"40.656738,94.284416",34100,410,309
1757704906,2025-09-12T19:21:46Z,CPA271,"40.70348,94.206123",34100,409,308
1757704936,2025-09-12T19:22:16Z,CPA271,"40.738281,94.14753",34100,409,308
1757704971,2025-09-12T19:22:51Z,CPA271,"40.778969,94.079048",34100,407,308
1757705006,2025-09-12T19:23:26Z,CPA271,"40.819145,94.011131",34100,407,308
1757705046,2025-09-12T19:24:06Z,CPA271,"40.86639,93.931862",34100,409,312
1757705057,2025-09-12T19:24:17Z,CPA271,"40.87981,93.914673",34100,414,320
1757705061,2025-09-12T19:24:21Z,CPA271,"40.887218,93.907173",34100,418,325
1757705066,2025-09-12T19:24:26Z,CPA271,"40.895439,93.900146",34125,422,329
1757705071,2025-09-12T19:24:31Z,CPA271,"40.903542,93.894279",34125,426,333
1757705076,2025-09-12T19:24:36Z,CPA271,"40.913231,93.888474",34125,430,338
1757705081,2025-09-12T19:24:41Z,CPA271,"40.922581,93.883667",34125,433,339
1757705086,2025-09-12T19:24:46Z,CPA271,"40.932362,93.878967",34100,433,340
1757705091,2025-09-12T19:24:51Z,CPA271,"40.940868,93.874763",34100,432,339
1757705111,2025-09-12T19:25:11Z,CPA271,"40.975609,93.850021",34100,416,323
1757705116,2025-09-12T19:25:16Z,CPA271,"40.982849,93.842224",34100,413,319
1757705121,2025-09-12T19:25:21Z,CPA271,"40.990036,93.833229",34125,410,315
1757705126,2025-09-12T19:25:26Z,CPA271,"40.99667,93.823669",34100,408,311
1757705131,2025-09-12T19:25:31Z,CPA271,"41.002121,93.81488",34100,408,309
1757705136,2025-09-12T19:25:36Z,CPA271,"41.008072,93.805054",34100,407,309
1757705141,2025-09-12T19:25:41Z,CPA271,"41.014061,93.795151",34075,407,309
1757705176,2025-09-12T19:26:16Z,CPA271,"41.05595,93.730591",34100,407,312
1757705206,2025-09-12T19:26:46Z,CPA271,"41.093849,93.673119",34100,406,311
1757705241,2025-09-12T19:27:21Z,CPA271,"41.136566,93.606873",34100,406,311
1757705281,2025-09-12T19:28:01Z,CPA271,"41.185318,93.530762",34100,406,310
1757705311,2025-09-12T19:28:31Z,CPA271,"41.221661,93.473938",34100,404,310
1757705346,2025-09-12T19:29:06Z,CPA271,"41.263596,93.408264",34100,404,310
1757705376,2025-09-12T19:29:36Z,CPA271,"41.299934,93.351326",34100,402,311
1757705416,2025-09-12T19:30:16Z,CPA271,"41.34816,93.275421",34100,401,311
1757705446,2025-09-12T19:30:46Z,CPA271,"41.384029,93.218872",34100,401,311
1757705486,2025-09-12T19:31:26Z,CPA271,"41.431351,93.144135",34100,401,311
1757705516,2025-09-12T19:31:56Z,CPA271,"41.467197,93.087349",34100,401,311
1757705551,2025-09-12T19:32:31Z,CPA271,"41.50914,93.020737",34100,402,310
1757705581,2025-09-12T19:33:01Z,CPA271,"41.545212,92.96344",34100,404,310
1757705616,2025-09-12T19:33:36Z,CPA271,"41.586548,92.897583",34100,404,310
1757705656,2025-09-12T19:34:16Z,CPA271,"41.635059,92.82016",34100,403,310
1757705686,2025-09-12T19:34:46Z,CPA271,"41.671188,92.76236",34100,403,310
1757705726,2025-09-12T19:35:26Z,CPA271,"41.717178,92.688461",34100,405,310
1757705761,2025-09-12T19:36:01Z,CPA271,"41.760849,92.618317",34100,406,310
1757705791,2025-09-12T19:36:31Z,CPA271,"41.796791,92.560387",34100,407,310
1757705826,2025-09-12T19:37:06Z,CPA271,"41.838867,92.492401",34100,406,310
1757705866,2025-09-12T19:37:46Z,CPA271,"41.886589,92.415268",34100,404,310
1757705901,2025-09-12T19:38:21Z,CPA271,"41.928314,92.347519",34100,408,309
1757705931,2025-09-12T19:38:51Z,CPA271,"41.96397,92.289589",34100,402,310
1757705966,2025-09-12T19:39:26Z,CPA271,"42.00499,92.222862",34100,397,310
1757706001,2025-09-12T19:40:01Z,CPA271,"42.046165,92.155495",34100,400,310
1757706036,2025-09-12T19:40:36Z,CPA271,"42.087551,92.087662",34100,402,309
1757706066,2025-09-12T19:41:06Z,CPA271,"42.122543,92.03035",34100,402,309
1757706106,2025-09-12T19:41:46Z,CPA271,"42.169876,91.952507",34100,402,310
1757706141,2025-09-12T19:42:21Z,CPA271,"42.210709,91.885277",34100,402,310
1757706171,2025-09-12T19:42:51Z,CPA271,"42.24646,91.826286",34100,402,309
1757706206,2025-09-12T19:43:26Z,CPA271,"42.290451,91.761497",34100,407,317
1757706241,2025-09-12T19:44:01Z,CPA271,"42.334419,91.70665",34100,408,317
1757706275,2025-09-12T19:44:35Z,CPA271,"42.382599,91.644829",34100,408,317
1757706295,2025-09-12T19:44:55Z,CPA271,"42.41098,91.608253",34100,410,317
1757706367,2025-09-12T19:46:07Z,CPA271,"42.509869,91.481239",34100,408,317
1757706402,2025-09-12T19:46:42Z,CPA271,"42.55426,91.424103",34100,409,316
1757707123,2025-09-12T19:58:43Z,CPA271,"43.375229,89.943367",34100,406,302
1757707158,2025-09-12T19:59:18Z,CPA271,"43.409229,89.86644",34100,405,302
1757707193,2025-09-12T19:59:53Z,CPA271,"43.44305,89.789658",34100,405,302
1757707228,2025-09-12T20:00:28Z,CPA271,"43.477001,89.712334",34100,405,302
1757707263,2025-09-12T20:01:03Z,CPA271,"43.510509,89.635818",34100,405,302
1757707298,2025-09-12T20:01:38Z,CPA271,"43.54496,89.556953",34100,404,301
1757707328,2025-09-12T20:02:08Z,CPA271,"43.573238,89.492142",34100,405,301
1757707363,2025-09-12T20:02:43Z,CPA271,"43.60693,89.414658",34100,404,301
1757707398,2025-09-12T20:03:18Z,CPA271,"43.641369,89.337219",34100,405,302
1757707433,2025-09-12T20:03:53Z,CPA271,"43.675961,89.260117",34100,407,302
1757707468,2025-09-12T20:04:28Z,CPA271,"43.7103,89.183121",34100,407,302
1757707503,2025-09-12T20:05:03Z,CPA271,"43.74445,89.106079",34100,406,302
1757707537,2025-09-12T20:05:37Z,CPA271,"43.777859,89.030258",34100,408,302
1757707567,2025-09-12T20:06:07Z,CPA271,"43.807152,88.963821",34100,407,302
1757707607,2025-09-12T20:06:47Z,CPA271,"43.846481,88.874557",34100,404,302
1757707642,2025-09-12T20:07:22Z,CPA271,"43.880169,88.79776",34100,403,302
1757707677,2025-09-12T20:07:57Z,CPA271,"43.91396,88.720352",34100,403,302
1757707712,2025-09-12T20:08:32Z,CPA271,"43.947689,88.64299",34100,405,302
1757707757,2025-09-12T20:09:17Z,CPA271,"43.991089,88.543228",34100,404,301
1757707797,2025-09-12T20:09:57Z,CPA271,"44.029362,88.454819",34100,403,302
1757707837,2025-09-12T20:10:37Z,CPA271,"44.067989,88.365463",34100,402,301
1757707872,2025-09-12T20:11:12Z,CPA271,"44.10141,88.287857",34100,401,301
1757707907,2025-09-12T20:11:47Z,CPA271,"44.134281,88.211403",34100,401,301
1757707942,2025-09-12T20:12:22Z,CPA271,"44.167549,88.133698",34100,402,301
1757707972,2025-09-12T20:12:52Z,CPA271,"44.19614,88.066742",34100,404,301
1757708007,2025-09-12T20:13:27Z,CPA271,"44.23233,87.989441",34100,408,308
1757708037,2025-09-12T20:13:57Z,CPA271,"44.26643,87.927971",34100,408,308
1757708072,2025-09-12T20:14:32Z,CPA271,"44.306122,87.854134",34100,407,307
1757708102,2025-09-12T20:15:02Z,CPA271,"44.340271,87.790314",34100,406,307
1757708137,2025-09-12T20:15:37Z,CPA271,"44.379551,87.717133",34100,405,307
1757708167,2025-09-12T20:16:07Z,CPA271,"44.413212,87.655418",34100,404,308
1757708202,2025-09-12T20:16:42Z,CPA271,"44.453381,87.582939",34100,406,308
1757708237,2025-09-12T20:17:17Z,CPA271,"44.493328,87.510193",34100,406,308
1757708277,2025-09-12T20:17:57Z,CPA271,"44.53931,87.426064",34100,407,308
1757708312,2025-09-12T20:18:32Z,CPA271,"44.57922,87.352821",34100,407,308
1757708342,2025-09-12T20:19:02Z,CPA271,"44.613369,87.290756",34100,406,309
1757708377,2025-09-12T20:19:37Z,CPA271,"44.65551,87.219193",34100,406,310
1757708407,2025-09-12T20:20:07Z,CPA271,"44.6922,87.156761",34100,405,310
1757708442,2025-09-12T20:20:42Z,CPA271,"44.732559,87.087021",34100,405,309
1757708477,2025-09-12T20:21:17Z,CPA271,"44.773998,87.015053",34100,405,309
1757708507,2025-09-12T20:21:47Z,CPA271,"44.80909,86.954239",34100,405,309
1757708542,2025-09-12T20:22:22Z,CPA271,"44.850632,86.882301",34100,406,309
1757708572,2025-09-12T20:22:52Z,CPA271,"44.886089,86.820534",34100,405,309
1757708612,2025-09-12T20:23:32Z,CPA271,"44.932171,86.738472",34100,403,309
1757708627,2025-09-12T20:23:47Z,CPA271,"44.950199,86.706062",34100,403,309
1757708677,2025-09-12T20:24:37Z,CPA271,"45.007229,86.60405",34100,403,309
1757708712,2025-09-12T20:25:12Z,CPA271,"45.047329,86.532112",34100,403,309
1757708742,2025-09-12T20:25:42Z,CPA271,"45.08194,86.469856",34100,401,309
1757708782,2025-09-12T20:26:22Z,CPA271,"45.127789,86.387444",34100,400,309
1757708822,2025-09-12T20:27:02Z,CPA271,"45.17313,86.305321",34100,400,308
1757708852,2025-09-12T20:27:32Z,CPA271,"45.208092,86.242012",34100,399,308
1757708887,2025-09-12T20:28:07Z,CPA271,"45.247101,86.171257",34100,399,308
1757708917,2025-09-12T20:28:37Z,CPA271,"45.281078,86.109428",34100,399,308
1757708952,2025-09-12T20:29:12Z,CPA271,"45.320709,86.037071",34100,399,308
1757708987,2025-09-12T20:29:47Z,CPA271,"45.360119,85.964943",34100,399,308
1757709022,2025-09-12T20:30:22Z,CPA271,"45.399811,85.892288",34100,399,308
1757709057,2025-09-12T20:30:57Z,CPA271,"45.439449,85.819427",34100,399,308
1757709087,2025-09-12T20:31:27Z,CPA271,"45.473019,85.757469",34100,400,308
1757709127,2025-09-12T20:32:07Z,CPA271,"45.518219,85.674004",34100,400,308
1757709157,2025-09-12T20:32:37Z,CPA271,"45.552391,85.610687",34100,402,308
1757709197,2025-09-12T20:33:17Z,CPA271,"45.597469,85.527023",34100,401,308
1757709232,2025-09-12T20:33:52Z,CPA271,"45.637161,85.453102",34100,400,308
1757709262,2025-09-12T20:34:22Z,CPA271,"45.670582,85.390694",34100,401,308
1757709302,2025-09-12T20:35:02Z,CPA271,"45.715809,85.306023",34100,403,308
1757709337,2025-09-12T20:35:37Z,CPA271,"45.755589,85.231323",34100,403,308
1757709372,2025-09-12T20:36:12Z,CPA271,"45.794861,85.158043",34100,402,308
1757709402,2025-09-12T20:36:42Z,CPA271,"45.829102,85.09433",34100,401,308
1757709442,2025-09-12T20:37:22Z,CPA271,"45.873791,85.01049",34100,399,308
1757709477,2025-09-12T20:37:57Z,CPA271,"45.912731,84.937309",34100,399,308
1757709512,2025-09-12T20:38:32Z,CPA271,"45.951641,84.863823",34100,399,308
1757709542,2025-09-12T20:39:02Z,CPA271,"45.985699,84.799477",34100,400,308
1757709582,2025-09-12T20:39:42Z,CPA271,"46.030289,84.714973",34100,401,308
1757709612,2025-09-12T20:40:12Z,CPA271,"46.064121,84.650658",34100,401,308
1757709647,2025-09-12T20:40:47Z,CPA271,"46.102711,84.577179",34100,400,307
1757709682,2025-09-12T20:41:22Z,CPA271,"46.141621,84.502823",34100,400,307
1757709712,2025-09-12T20:41:52Z,CPA271,"46.173801,84.441116",34100,401,307
1757709746,2025-09-12T20:42:26Z,CPA271,"46.212971,84.365997",34100,403,307
1757709776,2025-09-12T20:42:56Z,CPA271,"46.246811,84.300911",34100,402,307
1757709811,2025-09-12T20:43:31Z,CPA271,"46.286091,84.225082",34100,400,307
1757709841,2025-09-12T20:44:01Z,CPA271,"46.318729,84.162003",34100,401,307
1757709881,2025-09-12T20:44:41Z,CPA271,"46.362671,84.076233",34100,401,307
1757709911,2025-09-12T20:45:11Z,CPA271,"46.39632,84.010307",34100,402,307
1757709951,2025-09-12T20:45:51Z,CPA271,"46.440651,83.923393",34100,403,307
1757709986,2025-09-12T20:46:26Z,CPA271,"46.478821,83.848267",34100,403,307
1757710026,2025-09-12T20:47:06Z,CPA271,"46.52319,83.760727",34100,404,307
1757710056,2025-09-12T20:47:36Z,CPA271,"46.556671,83.69445",34100,403,307
1757710091,2025-09-12T20:48:11Z,CPA271,"46.594742,83.619003",34100,402,307
1757710126,2025-09-12T20:48:46Z,CPA271,"46.633331,83.542297",34100,400,307
1757710166,2025-09-12T20:49:26Z,CPA271,"46.676651,83.455833",34100,401,306
1757710196,2025-09-12T20:49:56Z,CPA271,"46.70911,83.389038",34100,401,303
1757710236,2025-09-12T20:50:36Z,CPA271,"46.748081,83.297791",34100,405,303
1757710266,2025-09-12T20:51:06Z,CPA271,"46.777969,83.228851",34100,406,303
1757710306,2025-09-12T20:51:46Z,CPA271,"46.817921,83.136429",34100,406,303
1757710336,2025-09-12T20:52:16Z,CPA271,"46.84705,83.068588",34100,405,303
1757710366,2025-09-12T20:52:46Z,CPA271,"46.875259,82.995583",34100,401,291
1757710371,2025-09-12T20:52:51Z,CPA271,"46.877289,82.987221",34100,401,288
1757710376,2025-09-12T20:52:56Z,CPA271,"46.88052,82.968819",34100,400,282
1757710386,2025-09-12T20:53:06Z,CPA271,"46.883549,82.941353",34100,399,279
1757710391,2025-09-12T20:53:11Z,CPA271,"46.88448,82.931778",34100,399,279
1757710396,2025-09-12T20:53:16Z,CPA271,"46.885971,82.916557",34100,400,279
1757710426,2025-09-12T20:53:46Z,CPA271,"46.895329,82.83522",34100,399,281
1757710460,2025-09-12T20:54:20Z,CPA271,"46.907089,82.746834",34100,399,281
1757710503,2025-09-12T20:55:03Z,CPA271,"46.921509,82.633049",34100,400,281
1757710538,2025-09-12T20:55:38Z,CPA271,"46.932991,82.53965",34100,401,281
1757710568,2025-09-12T20:56:08Z,CPA271,"46.943039,82.457893",34100,401,281
1757710602,2025-09-12T20:56:42Z,CPA271,"46.953979,82.368156",34100,401,281
1757710637,2025-09-12T20:57:17Z,CPA271,"46.96516,82.275703",34050,399,280
1757710671,2025-09-12T20:57:51Z,CPA271,"46.976238,82.183372",34000,400,280
1757710708,2025-09-12T20:58:28Z,CPA271,"46.987728,82.087173",34000,399,280
1757710743,2025-09-12T20:59:03Z,CPA271,"46.99873,81.994331",34000,399,280
1757710783,2025-09-12T20:59:43Z,CPA271,"47.010448,81.894081",34000,400,280
1757710812,2025-09-12T21:00:12Z,CPA271,"47.019699,81.814842",34000,400,280
1757710832,2025-09-12T21:00:32Z,CPA271,"47.026192,81.759338",34000,400,280
1757710887,2025-09-12T21:01:27Z,CPA271,"47.043461,81.609123",34000,401,280
1757710917,2025-09-12T21:01:57Z,CPA271,"47.05138,81.539841",34000,400,280
1757710956,2025-09-12T21:02:36Z,CPA271,"47.064079,81.427849",34000,399,280
1757710986,2025-09-12T21:03:06Z,CPA271,"47.07317,81.346619",34000,400,280
1757711021,2025-09-12T21:03:41Z,CPA271,"47.08337,81.255234",34000,401,280
1757711056,2025-09-12T21:04:16Z,CPA271,"47.093948,81.159714",34000,401,280
1757711096,2025-09-12T21:04:56Z,CPA271,"47.105461,81.054802",34000,403,280
1757711130,2025-09-12T21:05:30Z,CPA271,"47.11594,80.958389",34000,403,279
1757711192,2025-09-12T21:06:32Z,CPA271,"47.136887,80.763596",34000,402,278
1757711224,2025-09-12T21:07:04Z,CPA271,"47.146523,80.673454",34000,402,278
1757711257,2025-09-12T21:07:37Z,CPA271,"47.155602,80.587112",34000,403,278
1757711289,2025-09-12T21:08:09Z,CPA271,"47.16468,80.500206",34000,405,278
1757711320,2025-09-12T21:08:40Z,CPA271,"47.173523,80.415131",34000,406,278
1757711352,2025-09-12T21:09:12Z,CPA271,"47.182602,80.326675",34000,406,278
1757711384,2025-09-12T21:09:44Z,CPA271,"47.191315,80.2416",34000,407,278
1757711416,2025-09-12T21:10:16Z,CPA271,"47.200245,80.153366",34000,408,278
1757711426,2025-09-12T21:10:26Z,CPA271,"47.203217,80.124184",34000,409,278
1757711497,2025-09-12T21:11:37Z,CPA271,"47.219521,79.961098",34000,409,279
1757711507,2025-09-12T21:11:47Z,CPA271,"47.22208,79.935631",34000,409,279
1757711568,2025-09-12T21:12:48Z,CPA271,"47.238789,79.765602",34000,408,279
1757711587,2025-09-12T21:13:07Z,CPA271,"47.24345,79.717552",34000,408,279
1757711740,2025-09-12T21:15:40Z,CPA271,"47.286552,79.264244",34000,404,277
1757711771,2025-09-12T21:16:11Z,CPA271,"47.294418,79.179451",34000,402,277
1757711804,2025-09-12T21:16:44Z,CPA271,"47.302643,79.089546",34000,403,277
1757712513,2025-09-12T21:28:33Z,CPA271,"47.46196,77.16304",36000,409,276
1757712544,2025-09-12T21:29:04Z,CPA271,"47.468353,77.076508",36000,411,276
1757712575,2025-09-12T21:29:35Z,CPA271,"47.474533,76.991982",36000,413,276
1757712608,2025-09-12T21:30:08Z,CPA271,"47.481308,76.898323",36000,415,275
1757712639,2025-09-12T21:30:39Z,CPA271,"47.487534,76.810844",36000,416,275
1757712670,2025-09-12T21:31:10Z,CPA271,"47.493713,76.723091",36000,415,275
1757712702,2025-09-12T21:31:42Z,CPA271,"47.500122,76.631561",36000,415,275
1757712734,2025-09-12T21:32:14Z,CPA271,"47.50621,76.54319",36000,417,275
1757712766,2025-09-12T21:32:46Z,CPA271,"47.512424,76.451889",36000,420,275
1757712798,2025-09-12T21:33:18Z,CPA271,"47.518616,76.359772",36000,421,275
1757712829,2025-09-12T21:33:49Z,CPA271,"47.524475,76.272308",36000,423,275
1757712861,2025-09-12T21:34:21Z,CPA271,"47.530472,76.180984",36000,424,275
1757712892,2025-09-12T21:34:52Z,CPA271,"47.536304,76.09124",36000,424,275
1757712924,2025-09-12T21:35:24Z,CPA271,"47.542236,75.998543",36000,425,275
1757712964,2025-09-12T21:36:04Z,CPA271,"47.549606,75.881813",36000,426,275
1757712995,2025-09-12T21:36:35Z,CPA271,"47.555019,75.794182",36000,427,275
1757713027,2025-09-12T21:37:07Z,CPA271,"47.560959,75.698547",36000,427,275
1757713059,2025-09-12T21:37:39Z,CPA271,"47.566223,75.612511",36000,426,275
1757713091,2025-09-12T21:38:11Z,CPA271,"47.572174,75.51281",36000,425,274
1757713124,2025-09-12T21:38:44Z,CPA271,"47.577785,75.418327",36000,429,274
1757713155,2025-09-12T21:39:15Z,CPA271,"47.583115,75.326111",36000,430,274
1757713186,2025-09-12T21:39:46Z,CPA271,"47.588211,75.236908",36000,428,274
1757713218,2025-09-12T21:40:18Z,CPA271,"47.593552,75.142433",36000,429,274
1757713249,2025-09-12T21:40:49Z,CPA271,"47.598633,75.052139",36000,431,274
1757713280,2025-09-12T21:41:20Z,CPA271,"47.603573,74.960915",36000,431,274
1757713313,2025-09-12T21:41:53Z,CPA271,"47.608795,74.864822",36000,430,274
1757713346,2025-09-12T21:42:26Z,CPA271,"47.613922,74.768761",36000,429,274
1757713376,2025-09-12T21:42:56Z,CPA271,"47.618591,74.679909",36000,427,274
1757713409,2025-09-12T21:43:29Z,CPA271,"47.623497,74.584137",36000,426,274
1757713440,2025-09-12T21:44:00Z,CPA271,"47.628021,74.495476",36000,426,274
1757713471,2025-09-12T21:44:31Z,CPA271,"47.632599,74.404564",36000,427,274
1757713502,2025-09-12T21:45:02Z,CPA271,"47.637043,74.31385",36000,428,274
1757713534,2025-09-12T21:45:34Z,CPA271,"47.641617,74.218895",36000,429,274
1757713565,2025-09-12T21:46:05Z,CPA271,"47.64592,74.12867",36000,429,274
1757713596,2025-09-12T21:46:36Z,CPA271,"47.650223,74.036934",36000,428,273
1757713629,2025-09-12T21:47:09Z,CPA271,"47.654549,73.943764",36000,429,273
1757713661,2025-09-12T21:47:41Z,CPA271,"47.658783,73.848831",36000,430,273
1757713693,2025-09-12T21:48:13Z,CPA271,"47.663113,73.751717",36000,431,273
1757713724,2025-09-12T21:48:44Z,CPA271,"47.667068,73.660927",36000,431,273
1757713755,2025-09-12T21:49:15Z,CPA271,"47.670887,73.570999",36000,430,273
1757713786,2025-09-12T21:49:46Z,CPA271,"47.674759,73.479652",36000,429,273
1757713818,2025-09-12T21:50:18Z,CPA271,"47.678524,73.387405",36000,429,273
1757713848,2025-09-12T21:50:48Z,CPA271,"47.682083,73.298515",36000,430,273
1757713880,2025-09-12T21:51:20Z,CPA271,"47.685879,73.202255",36000,430,273
1757713913,2025-09-12T21:51:53Z,CPA271,"47.689556,73.107887",36000,428,273
1757713943,2025-09-12T21:52:23Z,CPA271,"47.692886,73.019875",36000,427,273
1757713976,2025-09-12T21:52:56Z,CPA271,"47.696457,72.924156",36000,428,273
1757714008,2025-09-12T21:53:28Z,CPA271,"47.69989,72.828644",36000,428,272
1757714040,2025-09-12T21:54:00Z,CPA271,"47.703232,72.733887",36000,430,272
1757714073,2025-09-12T21:54:33Z,CPA271,"47.706501,72.638924",36000,430,272
1757714103,2025-09-12T21:55:03Z,CPA271,"47.709595,72.548012",36000,430,272
1757714135,2025-09-12T21:55:35Z,CPA271,"47.71257,72.456001",36000,432,272
1757714167,2025-09-12T21:56:07Z,CPA271,"47.715637,72.360352",36000,432,272
1757714199,2025-09-12T21:56:39Z,CPA271,"47.718651,72.265953",36000,432,272
1757714230,2025-09-12T21:57:10Z,CPA271,"47.721397,72.1763",36000,432,272
1757714262,2025-09-12T21:57:42Z,CPA271,"47.724243,72.079857",36000,431,272
1757714308,2025-09-12T21:58:28Z,CPA271,"47.726612,71.997704",36000,70,272
1757714330,2025-09-12T21:58:50Z,CPA271,"47.729961,71.879036",36000,427,272
1757714389,2025-09-12T21:59:49Z,CPA271,"47.735271,71.708679",36000,426,272
1757714420,2025-09-12T22:00:20Z,CPA271,"47.738434,71.617195",36000,425,273
1757714453,2025-09-12T22:00:53Z,CPA271,"47.742672,71.538811",36000,340,274
1757714471,2025-09-12T22:01:11Z,CPA271,"47.746395,71.473953",36000,423,274
1757714576,2025-09-12T22:02:56Z,CPA271,"47.757797,71.167236",36000,423,273
1757714654,2025-09-12T22:04:14Z,CPA271,"47.766129,70.939819",36000,422,272
1757714688,2025-09-12T22:04:48Z,CPA271,"47.76947,70.843758",36000,420,272
1757714719,2025-09-12T22:05:19Z,CPA271,"47.772537,70.753876",36000,419,272
1757714750,2025-09-12T22:05:50Z,CPA271,"47.775558,70.664063",36000,419,272
1757714761,2025-09-12T22:06:01Z,CPA271,"47.776428,70.636665",36000,419,272
1757715895,2025-09-12T22:24:55Z,CPA271,"47.675354,67.4496",36000,416,257
1757715903,2025-09-12T22:25:03Z,CPA271,"47.672333,67.429573",36000,416,257
1757716057,2025-09-12T22:27:37Z,CPA271,"47.606087,66.996529",36000,422,257
1757716085,2025-09-12T22:28:05Z,CPA271,"47.593826,66.917519",36000,422,256
1757716115,2025-09-12T22:28:35Z,CPA271,"47.580997,66.835396",36000,424,256
1757716171,2025-09-12T22:29:31Z,CPA271,"47.55637,66.678635",36000,424,256
1757716218,2025-09-12T22:30:18Z,CPA271,"47.534584,66.547356",36000,425,256
1757716275,2025-09-12T22:31:15Z,CPA271,"47.506989,66.381386",36000,428,256
1757717901,2025-09-12T22:58:21Z,CPA271,"46.676102,61.815849",36500,442,253
1757718192,2025-09-12T23:03:12Z,CPA271,"46.502937,60.982841",38000,446,252
1757718228,2025-09-12T23:03:48Z,CPA271,"46.481277,60.881073",38000,447,252
1757718260,2025-09-12T23:04:20Z,CPA271,"46.462021,60.790512",38000,450,252
1757718291,2025-09-12T23:04:51Z,CPA271,"46.442459,60.699799",38000,451,252
1757718330,2025-09-12T23:05:30Z,CPA271,"46.424377,60.61586",38000,452,252
1757718350,2025-09-12T23:05:50Z,CPA271,"46.408264,60.541233",38000,453,252
1757718484,2025-09-12T23:08:04Z,CPA271,"46.321289,60.143715",38000,454,252
1757718515,2025-09-12T23:08:35Z,CPA271,"46.300873,60.051403",38000,455,252
1757718546,2025-09-12T23:09:06Z,CPA271,"46.280979,59.962074",38000,456,252
1757718577,2025-09-12T23:09:37Z,CPA271,"46.260914,59.872124",38000,458,252
1757718610,2025-09-12T23:10:10Z,CPA271,"46.240383,59.780663",38000,458,252
1757718641,2025-09-12T23:10:41Z,CPA271,"46.219574,59.688251",38000,458,251
1757718693,2025-09-12T23:11:33Z,CPA271,"46.185127,59.536972",38000,457,251
1757718725,2025-09-12T23:12:05Z,CPA271,"46.16362,59.443451",38000,457,251
1757718757,2025-09-12T23:12:37Z,CPA271,"46.142857,59.352951",38000,458,251
1757718788,2025-09-12T23:13:08Z,CPA271,"46.122345,59.264408",38000,458,251
1757718819,2025-09-12T23:13:39Z,CPA271,"46.101425,59.174305",38000,459,251
1757718850,2025-09-12T23:14:10Z,CPA271,"46.08046,59.084339",38000,460,251
1757718882,2025-09-12T23:14:42Z,CPA271,"46.058578,58.99062",38000,461,251
1757718915,2025-09-12T23:15:15Z,CPA271,"46.03656,58.897236",38000,461,251
1757718947,2025-09-12T23:15:47Z,CPA271,"46.014561,58.803909",38000,460,251
1757718980,2025-09-12T23:16:20Z,CPA271,"45.991703,58.707161",38000,460,251
1757719010,2025-09-12T23:16:50Z,CPA271,"45.970505,58.618359",38000,462,251
1757719041,2025-09-12T23:17:21Z,CPA271,"45.949402,58.530132",38000,462,251
1757719072,2025-09-12T23:17:52Z,CPA271,"45.928024,58.441036",38000,462,251
1757719105,2025-09-12T23:18:25Z,CPA271,"45.90493,58.345161",38000,461,250
1757719137,2025-09-12T23:18:57Z,CPA271,"45.882935,58.254135",38000,460,250
1757719169,2025-09-12T23:19:29Z,CPA271,"45.860001,58.159946",38000,462,250
1757719200,2025-09-12T23:20:00Z,CPA271,"45.838593,58.072014",38000,460,250
1757719233,2025-09-12T23:20:33Z,CPA271,"45.815323,57.977066",38000,458,250
1757719265,2025-09-12T23:21:05Z,CPA271,"45.792526,57.88435",38000,458,250
1757719298,2025-09-12T23:21:38Z,CPA271,"45.769821,57.792507",38000,456,250
1757719328,2025-09-12T23:22:08Z,CPA271,"45.748444,57.706291",38000,455,250
1757719360,2025-09-12T23:22:40Z,CPA271,"45.725876,57.61552",38000,455,250
1757719393,2025-09-12T23:23:13Z,CPA271,"45.702805,57.523342",38000,454,250
1757719425,2025-09-12T23:23:45Z,CPA271,"45.680145,57.433041",38000,452,250
1757719457,2025-09-12T23:24:17Z,CPA271,"45.65744,57.342873",38000,451,250
1757719490,2025-09-12T23:24:50Z,CPA271,"45.634277,57.251228",38000,452,250
1757719522,2025-09-12T23:25:22Z,CPA271,"45.611435,57.161465",38000,449,250
1757719554,2025-09-12T23:25:54Z,CPA271,"45.588932,57.072945",38000,447,250
1757719585,2025-09-12T23:26:25Z,CPA271,"45.567398,56.988697",38000,448,249
1757719616,2025-09-12T23:26:56Z,CPA271,"45.544739,56.900677",38000,451,249
1757719648,2025-09-12T23:27:28Z,CPA271,"45.521851,56.811806",38000,452,249
1757719678,2025-09-12T23:27:58Z,CPA271,"45.499691,56.726299",38000,454,249
1757719711,2025-09-12T23:28:31Z,CPA271,"45.475998,56.635391",38000,455,249
1757719743,2025-09-12T23:29:03Z,CPA271,"45.452545,56.545063",38000,454,249
1757719775,2025-09-12T23:29:35Z,CPA271,"45.429119,56.455658",38000,453,249
1757719807,2025-09-12T23:30:07Z,CPA271,"45.405331,56.365089",38000,453,249
1757719840,2025-09-12T23:30:40Z,CPA271,"45.381409,56.274525",38000,451,249
1757719872,2025-09-12T23:31:12Z,CPA271,"45.357662,56.184753",38000,450,249
1757719903,2025-09-12T23:31:43Z,CPA271,"45.334896,56.099007",38000,450,249
1757719935,2025-09-12T23:32:15Z,CPA271,"45.311554,56.011635",38000,448,249
1757719967,2025-09-12T23:32:47Z,CPA271,"45.288391,55.925117",38000,446,249
1757719999,2025-09-12T23:33:19Z,CPA271,"45.264977,55.837879",38000,444,249
1757720029,2025-09-12T23:33:49Z,CPA271,"45.24263,55.755146",38000,443,249
1757720061,2025-09-12T23:34:21Z,CPA271,"45.219028,55.667927",38000,444,248
1757720094,2025-09-12T23:34:54Z,CPA271,"45.195328,55.580879",38000,444,248
1757720124,2025-09-12T23:35:24Z,CPA271,"45.172806,55.498158",38000,445,248
1757720156,2025-09-12T23:35:56Z,CPA271,"45.149059,55.411354",38000,446,248
1757720188,2025-09-12T23:36:28Z,CPA271,"45.124851,55.32373",38000,441,247
1757720221,2025-09-12T23:37:01Z,CPA271,"45.095398,55.240566",38000,442,239
1757720253,2025-09-12T23:37:33Z,CPA271,"45.05896,55.163597",38000,444,232
1757720284,2025-09-12T23:38:04Z,CPA271,"45.016388,55.09322",38000,448,226
1757720317,2025-09-12T23:38:37Z,CPA271,"44.967957,55.02895",38000,450,222
1757720347,2025-09-12T23:39:07Z,CPA271,"44.920441,54.967411",38000,450,222
1757720378,2025-09-12T23:39:38Z,CPA271,"44.873936,54.90699",38000,450,222
1757720411,2025-09-12T23:40:11Z,CPA271,"44.824265,54.842964",38000,448,222
1757720441,2025-09-12T23:40:41Z,CPA271,"44.777344,54.782738",38000,445,222
1757720473,2025-09-12T23:41:13Z,CPA271,"44.728958,54.720676",38000,445,222
1757720505,2025-09-12T23:41:45Z,CPA271,"44.681305,54.658123",38000,443,225
1757720538,2025-09-12T23:42:18Z,CPA271,"44.637955,54.586094",38000,442,233
1757720570,2025-09-12T23:42:50Z,CPA271,"44.600906,54.511078",38000,438,235
1757720601,2025-09-12T23:43:21Z,CPA271,"44.563934,54.437256",38000,436,234
1757720634,2025-09-12T23:43:54Z,CPA271,"44.526306,54.362312",38000,437,234
1757720666,2025-09-12T23:44:26Z,CPA271,"44.488861,54.287697",38000,439,235
1757720698,2025-09-12T23:44:58Z,CPA271,"44.451691,54.213737",38000,440,234
1757720730,2025-09-12T23:45:30Z,CPA271,"44.414093,54.139084",38000,441,234
1757720762,2025-09-12T23:46:02Z,CPA271,"44.376152,54.063988",38000,441,234
1757720794,2025-09-12T23:46:34Z,CPA271,"44.338959,53.990501",38000,439,234
1757720826,2025-09-12T23:47:06Z,CPA271,"44.301437,53.916546",38000,438,234
1757720858,2025-09-12T23:47:38Z,CPA271,"44.263496,53.842117",38000,438,234
1757720889,2025-09-12T23:48:09Z,CPA271,"44.228443,53.773453",38000,438,234
1757720921,2025-09-12T23:48:41Z,CPA271,"44.189713,53.697639",38000,437,234
1757720953,2025-09-12T23:49:13Z,CPA271,"44.152004,53.624203",38000,438,234
1757720985,2025-09-12T23:49:45Z,CPA271,"44.114044,53.550491",38000,440,234
1757721017,2025-09-12T23:50:17Z,CPA271,"44.076916,53.478504",38000,439,234
1757721049,2025-09-12T23:50:49Z,CPA271,"44.039108,53.405308",38000,437,234
1757721080,2025-09-12T23:51:20Z,CPA271,"44.00285,53.335354",38000,434,234
1757721112,2025-09-12T23:51:52Z,CPA271,"43.965191,53.262764",38000,432,234
1757721144,2025-09-12T23:52:24Z,CPA271,"43.928101,53.191456",38000,431,234
1757721176,2025-09-12T23:52:56Z,CPA271,"43.890335,53.11916",38000,430,234
1757721207,2025-09-12T23:53:27Z,CPA271,"43.854767,53.051147",38000,429,234
1757721239,2025-09-12T23:53:59Z,CPA271,"43.817047,52.979332",38000,430,233
1757721271,2025-09-12T23:54:31Z,CPA271,"43.780285,52.90937",38000,432,233
1757721303,2025-09-12T23:55:03Z,CPA271,"43.742764,52.838287",38000,432,233
1757721335,2025-09-12T23:55:35Z,CPA271,"43.703987,52.764851",38000,431,234
1757721366,2025-09-12T23:56:06Z,CPA271,"43.669144,52.699051",38000,430,233
1757721398,2025-09-12T23:56:38Z,CPA271,"43.630993,52.627258",38000,430,233
1757721430,2025-09-12T23:57:10Z,CPA271,"43.592773,52.555847",38000,429,233
1757721461,2025-09-12T23:57:41Z,CPA271,"43.556694,52.488491",38000,428,233
1757721493,2025-09-12T23:58:13Z,CPA271,"43.518539,52.417431",38000,427,233
1757721524,2025-09-12T23:58:44Z,CPA271,"43.48233,52.350109",38000,427,233
1757721556,2025-09-12T23:59:16Z,CPA271,"43.444595,52.280144",38000,425,233
1757721587,2025-09-12T23:59:47Z,CPA271,"43.409042,52.214504",38000,423,233
1757721619,2025-09-13T00:00:19Z,CPA271,"43.372055,52.146095",38000,421,233
1757721651,2025-09-13T00:00:51Z,CPA271,"43.334454,52.076897",38000,421,233
1757721682,2025-09-13T00:01:22Z,CPA271,"43.297531,52.009212",38000,421,233
1757721714,2025-09-13T00:01:54Z,CPA271,"43.260807,51.941723",38000,422,233
1757721745,2025-09-13T00:02:25Z,CPA271,"43.224747,51.875587",38000,424,233
1757721778,2025-09-13T00:02:58Z,CPA271,"43.186066,51.805328",38000,423,233
1757721810,2025-09-13T00:03:30Z,CPA271,"43.148346,51.736729",38000,422,233
1757721842,2025-09-13T00:04:02Z,CPA271,"43.110947,51.668636",38000,420,233
1757721874,2025-09-13T00:04:34Z,CPA271,"43.073364,51.600613",38000,418,233
1757721905,2025-09-13T00:05:05Z,CPA271,"43.036938,51.534771",38000,418,232
1757721937,2025-09-13T00:05:37Z,CPA271,"42.999233,51.466698",38000,420,232
1757721970,2025-09-13T00:06:10Z,CPA271,"42.961945,51.399536",38000,419,232
1757722002,2025-09-13T00:06:42Z,CPA271,"42.924042,51.331573",38000,419,232
1757722034,2025-09-13T00:07:14Z,CPA271,"42.886368,51.264122",38000,417,232
1757722065,2025-09-13T00:07:45Z,CPA271,"42.849884,51.198845",38000,416,232
1757722097,2025-09-13T00:08:17Z,CPA271,"42.812931,51.132854",38000,414,232
1757722130,2025-09-13T00:08:50Z,CPA271,"42.775501,51.066307",38000,412,232
1757722161,2025-09-13T00:09:21Z,CPA271,"42.739239,51.001919",38000,413,232
1757722193,2025-09-13T00:09:53Z,CPA271,"42.70195,50.935875",38000,413,232
1757722225,2025-09-13T00:10:25Z,CPA271,"42.664581,50.869694",38000,412,232
1757722257,2025-09-13T00:10:57Z,CPA271,"42.62793,50.805187",38000,408,232
1757722289,2025-09-13T00:11:29Z,CPA271,"42.591526,50.741123",38000,407,232
1757722319,2025-09-13T00:11:59Z,CPA271,"42.556564,50.679676",38000,407,232
1757722351,2025-09-13T00:12:31Z,CPA271,"42.519695,50.615101",38000,408,232
1757722383,2025-09-13T00:13:03Z,CPA271,"42.482483,50.549908",38000,410,232
1757722415,2025-09-13T00:13:35Z,CPA271,"42.446053,50.486328",38000,411,232
1757722445,2025-09-13T00:14:05Z,CPA271,"42.411324,50.424881",38000,400,234
1757722477,2025-09-13T00:14:37Z,CPA271,"42.377975,50.360142",38000,397,235
1757722508,2025-09-13T00:15:08Z,CPA271,"42.343914,50.294518",38000,401,234
1757722540,2025-09-13T00:15:40Z,CPA271,"42.310272,50.230991",38000,399,234
1757722571,2025-09-13T00:16:11Z,CPA271,"42.276123,50.166946",38000,398,234
1757722603,2025-09-13T00:16:43Z,CPA271,"42.242752,50.104336",38000,398,234
1757722634,2025-09-13T00:17:14Z,CPA271,"42.209007,50.041126",38000,397,234
1757722666,2025-09-13T00:17:46Z,CPA271,"42.174931,49.977383",38000,400,234
1757722698,2025-09-13T00:18:18Z,CPA271,"42.140579,49.913387",38000,398,234
1757722729,2025-09-13T00:18:49Z,CPA271,"42.106155,49.849216",38000,399,234
1757722761,2025-09-13T00:19:21Z,CPA271,"42.071678,49.785122",38000,403,234
1757722793,2025-09-13T00:19:53Z,CPA271,"42.036987,49.720749",38000,400,234
1757722825,2025-09-13T00:20:25Z,CPA271,"42.003109,49.657459",38000,401,234
1757722857,2025-09-13T00:20:57Z,CPA271,"41.968086,49.592506",38000,400,233
1757722888,2025-09-13T00:21:28Z,CPA271,"41.93362,49.529198",38000,405,233
1757722921,2025-09-13T00:22:01Z,CPA271,"41.897354,49.462799",38000,407,233
1757722952,2025-09-13T00:22:32Z,CPA271,"41.863201,49.399391",38000,407,233
1757722984,2025-09-13T00:23:04Z,CPA271,"41.827522,49.334282",38000,410,233
1757723016,2025-09-13T00:23:36Z,CPA271,"41.792145,49.269009",38000,410,235
1757723047,2025-09-13T00:24:07Z,CPA271,"41.760017,49.203465",38000,405,237
1757723078,2025-09-13T00:24:38Z,CPA271,"41.728298,49.137878",38000,404,236
1757723109,2025-09-13T00:25:09Z,CPA271,"41.696346,49.073528",38000,404,236
1757723141,2025-09-13T00:25:41Z,CPA271,"41.663528,49.007954",38000,404,236
1757723172,2025-09-13T00:26:12Z,CPA271,"41.630642,48.942413",38000,404,236
1757723204,2025-09-13T00:26:44Z,CPA271,"41.5979,48.877007",38000,402,236
1757723235,2025-09-13T00:27:15Z,CPA271,"41.56522,48.812321",38000,403,236
1757723267,2025-09-13T00:27:47Z,CPA271,"41.53278,48.748005",38000,404,235
1757723298,2025-09-13T00:28:18Z,CPA271,"41.499348,48.683907",38000,406,233
1757723329,2025-09-13T00:28:49Z,CPA271,"41.463699,48.621525",38000,406,232
1757723361,2025-09-13T00:29:21Z,CPA271,"41.428093,48.558796",38025,408,233
1757723392,2025-09-13T00:29:52Z,CPA271,"41.392891,48.495453",38000,409,234
1757723423,2025-09-13T00:30:23Z,CPA271,"41.35857,48.431446",38000,410,234
1757723455,2025-09-13T00:30:55Z,CPA271,"41.323448,48.366879",37975,412,233
1757723486,2025-09-13T00:31:26Z,CPA271,"41.287712,48.301613",38000,411,233
1757723518,2025-09-13T00:31:58Z,CPA271,"41.252445,48.237259",38000,414,234
1757723550,2025-09-13T00:32:30Z,CPA271,"41.216942,48.17215",38000,409,236
1757723581,2025-09-13T00:33:01Z,CPA271,"41.187904,48.104332",38000,404,244
1757723613,2025-09-13T00:33:33Z,CPA271,"41.165512,48.031055",38000,402,251
1757723645,2025-09-13T00:34:05Z,CPA271,"41.150223,47.955479",38000,403,258
1757723676,2025-09-13T00:34:36Z,CPA271,"41.142357,47.879341",38000,402,266
1757723708,2025-09-13T00:35:08Z,CPA271,"41.142006,47.800652",38000,401,273
1757723739,2025-09-13T00:35:39Z,CPA271,"41.148823,47.724262",38000,404,280
1757723770,2025-09-13T00:36:10Z,CPA271,"41.160988,47.648094",38000,408,281
1757723802,2025-09-13T00:36:42Z,CPA271,"41.172642,47.570057",38000,410,281
1757723833,2025-09-13T00:37:13Z,CPA271,"41.184322,47.49334",38000,410,281
1757723865,2025-09-13T00:37:45Z,CPA271,"41.196281,47.415909",38000,411,281
1757723895,2025-09-13T00:38:15Z,CPA271,"41.208096,47.339012",38000,412,281
1757723927,2025-09-13T00:38:47Z,CPA271,"41.219997,47.261436",38000,410,281
1757723958,2025-09-13T00:39:18Z,CPA271,"41.231789,47.184391",38000,410,281
1757723990,2025-09-13T00:39:50Z,CPA271,"41.243504,47.106548",38000,408,281
1757724021,2025-09-13T00:40:21Z,CPA271,"41.255039,47.030041",38000,408,281
1757724053,2025-09-13T00:40:53Z,CPA271,"41.266701,46.951664",38000,409,281
1757724084,2025-09-13T00:41:24Z,CPA271,"41.278389,46.874348",38000,408,281
1757724116,2025-09-13T00:41:56Z,CPA271,"41.289707,46.796886",38000,408,280
1757724147,2025-09-13T00:42:27Z,CPA271,"41.300961,46.720367",38000,406,280
1757724178,2025-09-13T00:42:58Z,CPA271,"41.311459,46.643578",38000,405,280
1757724210,2025-09-13T00:43:30Z,CPA271,"41.322132,46.566841",38000,404,280
1757724243,2025-09-13T00:44:03Z,CPA271,"41.33334,46.486401",38000,405,280
1757724274,2025-09-13T00:44:34Z,CPA271,"41.344372,46.409847",38000,408,280
1757724306,2025-09-13T00:45:06Z,CPA271,"41.355259,46.331848",38000,410,280
1757724337,2025-09-13T00:45:37Z,CPA271,"41.365623,46.253468",38000,408,280
1757724369,2025-09-13T00:46:09Z,CPA271,"41.376312,46.176029",38000,408,280
1757724400,2025-09-13T00:46:40Z,CPA271,"41.387245,46.10025",38000,405,280
1757724431,2025-09-13T00:47:11Z,CPA271,"41.397709,46.023895",38000,406,280
1757724462,2025-09-13T00:47:42Z,CPA271,"41.407681,45.947212",38000,404,280
1757724494,2025-09-13T00:48:14Z,CPA271,"41.418343,45.870205",38000,405,280
1757724525,2025-09-13T00:48:45Z,CPA271,"41.428688,45.792728",38000,405,280
1757724557,2025-09-13T00:49:17Z,CPA271,"41.438839,45.715412",38000,404,279
1757724589,2025-09-13T00:49:49Z,CPA271,"41.448055,45.63583",38000,405,280
1757724620,2025-09-13T00:50:20Z,CPA271,"41.457966,45.559181",38000,406,279
1757724651,2025-09-13T00:50:51Z,CPA271,"41.468075,45.48307",38000,406,279
1757724683,2025-09-13T00:51:23Z,CPA271,"41.477737,45.404469",38000,405,279
1757724714,2025-09-13T00:51:54Z,CPA271,"41.486942,45.328651",38000,406,275
1757724745,2025-09-13T00:52:25Z,CPA271,"41.492962,45.251289",38000,406,276
1757724776,2025-09-13T00:52:56Z,CPA271,"41.49947,45.174835",38000,404,276
1757724808,2025-09-13T00:53:28Z,CPA271,"41.505768,45.09549",38000,406,276
1757724839,2025-09-13T00:53:59Z,CPA271,"41.512268,45.017776",38000,408,275
1757724870,2025-09-13T00:54:30Z,CPA271,"41.518471,44.939182",38000,407,276
1757724902,2025-09-13T00:55:02Z,CPA271,"41.524635,44.862064",38000,407,275
1757724933,2025-09-13T00:55:33Z,CPA271,"41.530918,44.783924",38000,406,275
1757724964,2025-09-13T00:56:04Z,CPA271,"41.536327,44.705772",38000,405,275
1757724996,2025-09-13T00:56:36Z,CPA271,"41.542213,44.628136",38000,406,275
1757725027,2025-09-13T00:57:07Z,CPA271,"41.548214,44.551147",38000,407,275
1757725058,2025-09-13T00:57:38Z,CPA271,"41.554184,44.472252",38000,408,275
1757725089,2025-09-13T00:58:09Z,CPA271,"41.56015,44.394527",38000,406,275
1757725121,2025-09-13T00:58:41Z,CPA271,"41.565956,44.317406",38000,403,275
1757725152,2025-09-13T00:59:12Z,CPA271,"41.571648,44.240147",38000,404,274
1757725184,2025-09-13T00:59:44Z,CPA271,"41.572941,44.161682",38000,405,269
1757725215,2025-09-13T01:00:15Z,CPA271,"41.572609,44.083069",38000,406,270
1757725246,2025-09-13T01:00:46Z,CPA271,"41.57312,44.005409",38000,408,270
1757725277,2025-09-13T01:01:17Z,CPA271,"41.573349,43.92696",38000,408,270
1757725309,2025-09-13T01:01:49Z,CPA271,"41.573387,43.849117",38025,408,270
1757725340,2025-09-13T01:02:20Z,CPA271,"41.573406,43.771378",38000,408,270
1757725371,2025-09-13T01:02:51Z,CPA271,"41.573566,43.692467",38000,408,270
1757725402,2025-09-13T01:03:22Z,CPA271,"41.573692,43.614792",38000,408,270
1757725433,2025-09-13T01:03:53Z,CPA271,"41.57365,43.537453",38000,409,269
1757725464,2025-09-13T01:04:24Z,CPA271,"41.573105,43.458305",38000,410,269
1757725496,2025-09-13T01:04:56Z,CPA271,"41.572708,43.379532",38000,412,269
1757725527,2025-09-13T01:05:27Z,CPA271,"41.572193,43.300655",38000,412,269
1757725558,2025-09-13T01:05:58Z,CPA271,"41.571743,43.220551",38000,411,269
1757725590,2025-09-13T01:06:30Z,CPA271,"41.571384,43.142048",38000,411,269
1757725621,2025-09-13T01:07:01Z,CPA271,"41.570946,43.061798",38000,413,269
1757725654,2025-09-13T01:07:34Z,CPA271,"41.570541,42.980202",38000,412,269
1757725685,2025-09-13T01:08:05Z,CPA271,"41.569916,42.901562",38000,413,269
1757725716,2025-09-13T01:08:36Z,CPA271,"41.569183,42.821678",38000,412,269
1757725748,2025-09-13T01:09:08Z,CPA271,"41.568382,42.742111",38000,413,269
1757725779,2025-09-13T01:09:39Z,CPA271,"41.567547,42.663231",38000,414,269
1757725810,2025-09-13T01:10:10Z,CPA271,"41.56646,42.581795",38000,415,269
1757725842,2025-09-13T01:10:42Z,CPA271,"41.565643,42.502926",38000,414,269
1757725873,2025-09-13T01:11:13Z,CPA271,"41.564449,42.421474",38000,414,269
1757725905,2025-09-13T01:11:45Z,CPA271,"41.563305,42.342377",38000,414,269
1757725936,2025-09-13T01:12:16Z,CPA271,"41.562222,42.263142",38000,414,268
1757725968,2025-09-13T01:12:48Z,CPA271,"41.561367,42.181789",38000,416,268
1757726000,2025-09-13T01:13:20Z,CPA271,"41.559986,42.10006",38000,416,268
1757726032,2025-09-13T01:13:52Z,CPA271,"41.558491,42.016563",38000,417,268
1757726063,2025-09-13T01:14:23Z,CPA271,"41.557495,41.939514",38000,418,268
1757726094,2025-09-13T01:14:54Z,CPA271,"41.556396,41.857506",38000,419,268
1757726126,2025-09-13T01:15:26Z,CPA271,"41.554794,41.776211",38000,421,268
1757726158,2025-09-13T01:15:58Z,CPA271,"41.55304,41.693096",38000,423,268
1757726190,2025-09-13T01:16:30Z,CPA271,"41.552834,41.609089",38000,424,268
1757726222,2025-09-13T01:17:02Z,CPA271,"41.550171,41.526379",38000,425,268
1757726253,2025-09-13T01:17:33Z,CPA271,"41.549778,41.445011",38000,427,271
1757726285,2025-09-13T01:18:05Z,CPA271,"41.554802,41.360508",38000,428,274
1757726318,2025-09-13T01:18:38Z,CPA271,"41.560379,41.274944",38000,427,274
1757726350,2025-09-13T01:19:10Z,CPA271,"41.564915,41.191753",38000,428,274
1757726382,2025-09-13T01:19:42Z,CPA271,"41.569542,41.108006",38000,428,274
1757726413,2025-09-13T01:20:13Z,CPA271,"41.57394,41.027023",38000,427,274
1757726445,2025-09-13T01:20:45Z,CPA271,"41.578629,40.942818",38000,427,274
1757726477,2025-09-13T01:21:17Z,CPA271,"41.583092,40.858875",38000,426,274
1757726509,2025-09-13T01:21:49Z,CPA271,"41.587498,40.773811",38000,426,273
1757726541,2025-09-13T01:22:21Z,CPA271,"41.591789,40.689529",38000,426,273
1757726573,2025-09-13T01:22:53Z,CPA271,"41.595764,40.606461",38000,426,273
1757726605,2025-09-13T01:23:25Z,CPA271,"41.600357,40.522697",38000,426,273
1757726638,2025-09-13T01:23:58Z,CPA271,"41.60413,40.437771",38000,426,273
1757726670,2025-09-13T01:24:30Z,CPA271,"41.607861,40.354004",38000,427,273
1757726701,2025-09-13T01:25:01Z,CPA271,"41.611752,40.270996",38000,428,273
1757726733,2025-09-13T01:25:33Z,CPA271,"41.615734,40.187397",38000,429,273
1757726766,2025-09-13T01:26:06Z,CPA271,"41.619823,40.101425",38000,430,273
1757726798,2025-09-13T01:26:38Z,CPA271,"41.62381,40.016319",38000,432,273
1757726831,2025-09-13T01:27:11Z,CPA271,"41.627819,39.92849",38000,433,273
1757726863,2025-09-13T01:27:43Z,CPA271,"41.631664,39.842747",38000,435,273
1757726893,2025-09-13T01:28:13Z,CPA271,"41.63533,39.761242",38000,438,273
1757726924,2025-09-13T01:28:44Z,CPA271,"41.638973,39.678402",38000,438,273
1757726956,2025-09-13T01:29:16Z,CPA271,"41.642738,39.592281",38000,439,273
1757726987,2025-09-13T01:29:47Z,CPA271,"41.646332,39.50787",38000,440,273
1757727019,2025-09-13T01:30:19Z,CPA271,"41.650021,39.420273",38000,440,273
1757727051,2025-09-13T01:30:51Z,CPA271,"41.653591,39.333199",38000,439,273
1757727083,2025-09-13T01:31:23Z,CPA271,"41.657116,39.247643",38000,437,273
1757727115,2025-09-13T01:31:55Z,CPA271,"41.660538,39.161003",38000,436,273
1757727146,2025-09-13T01:32:26Z,CPA271,"41.663815,39.078163",38000,434,273
1757727178,2025-09-13T01:32:58Z,CPA271,"41.667046,38.99194",38000,434,272
1757727209,2025-09-13T01:33:29Z,CPA271,"41.669998,38.910183",38000,434,272
1757727241,2025-09-13T01:34:01Z,CPA271,"41.673061,38.823601",38000,434,272
1757727273,2025-09-13T01:34:33Z,CPA271,"41.676064,38.738354",38000,434,272
1757727305,2025-09-13T01:35:05Z,CPA271,"41.67894,38.652298",38000,433,272
1757727338,2025-09-13T01:35:38Z,CPA271,"41.681873,38.565052",38000,434,272
1757727368,2025-09-13T01:36:08Z,CPA271,"41.684532,38.483505",38000,435,272
1757727400,2025-09-13T01:36:40Z,CPA271,"41.687481,38.397358",38000,437,272
1757727433,2025-09-13T01:37:13Z,CPA271,"41.690453,38.309174",38000,438,272
1757727463,2025-09-13T01:37:43Z,CPA271,"41.692993,38.228111",38000,439,272
1757727495,2025-09-13T01:38:15Z,CPA271,"41.695698,38.140751",38000,439,272
1757727526,2025-09-13T01:38:46Z,CPA271,"41.698147,38.057304",38000,440,272
1757727558,2025-09-13T01:39:18Z,CPA271,"41.700706,37.970165",38000,442,272
1757727590,2025-09-13T01:39:50Z,CPA271,"41.703308,37.881058",38000,443,272
1757727623,2025-09-13T01:40:23Z,CPA271,"41.70599,37.792301",38000,445,272
1757727655,2025-09-13T01:40:55Z,CPA271,"41.71299,37.703732",38000,447,280
1757727687,2025-09-13T01:41:27Z,CPA271,"41.728287,37.61845",38000,448,286
1757727720,2025-09-13T01:42:00Z,CPA271,"41.751286,37.533588",38000,450,293
1757727751,2025-09-13T01:42:31Z,CPA271,"41.777618,37.452583",38000,452,293
1757727783,2025-09-13T01:43:03Z,CPA271,"41.803505,37.370136",38000,452,292
1757727815,2025-09-13T01:43:35Z,CPA271,"41.82914,37.288353",38000,454,292
1757727847,2025-09-13T01:44:07Z,CPA271,"41.855354,37.204964",38000,455,292
1757727879,2025-09-13T01:44:39Z,CPA271,"41.881439,37.120075",38000,457,290
1757727910,2025-09-13T01:45:10Z,CPA271,"41.900333,37.036518",38000,457,283
1757727941,2025-09-13T01:45:41Z,CPA271,"41.911831,36.949383",38000,458,276
1757727972,2025-09-13T01:46:12Z,CPA271,"41.917503,36.860214",38000,457,275
1757728005,2025-09-13T01:46:45Z,CPA271,"41.924053,36.769173",38000,459,275
1757728037,2025-09-13T01:47:17Z,CPA271,"41.930294,36.677727",38000,459,275
1757728068,2025-09-13T01:47:48Z,CPA271,"41.936066,36.589474",38000,459,275
1757728101,2025-09-13T01:48:21Z,CPA271,"41.942421,36.493462",38000,459,275
1757728132,2025-09-13T01:48:52Z,CPA271,"41.948116,36.405807",38000,457,274
1757728164,2025-09-13T01:49:24Z,CPA271,"41.953823,36.315323",38000,455,274
1757728210,2025-09-13T01:50:10Z,CPA271,"41.958744,36.188778",38000,455,274
1757728755,2025-09-13T01:59:15Z,CPA271,"42.034405,34.644321",38000,456,281
1757728787,2025-09-13T01:59:47Z,CPA271,"42.046803,34.554504",38000,456,281
1757728818,2025-09-13T02:00:18Z,CPA271,"42.061367,34.468246",38000,455,281
1757728850,2025-09-13T02:00:50Z,CPA271,"42.073902,34.381157",38000,457,281
1757728880,2025-09-13T02:01:20Z,CPA271,"42.086521,34.296558",38000,458,281
1757728912,2025-09-13T02:01:52Z,CPA271,"42.100021,34.207474",38000,460,281
1757728944,2025-09-13T02:02:24Z,CPA271,"42.113132,34.117409",38000,459,281
1757728976,2025-09-13T02:02:56Z,CPA271,"42.126095,34.02739",38000,460,281
1757729008,2025-09-13T02:03:28Z,CPA271,"42.13958,33.936043",38000,462,281
1757729040,2025-09-13T02:04:00Z,CPA271,"42.152637,33.846088",38000,464,281
1757729073,2025-09-13T02:04:33Z,CPA271,"42.168568,33.756454",38000,465,281
1757729105,2025-09-13T02:05:05Z,CPA271,"42.181534,33.665089",38000,466,281
1757729136,2025-09-13T02:05:36Z,CPA271,"42.194759,33.573978",38000,466,280
1757729167,2025-09-13T02:06:07Z,CPA271,"42.205402,33.485325",38000,465,280
1757729199,2025-09-13T02:06:39Z,CPA271,"42.215199,33.392647",38000,465,280
1757729230,2025-09-13T02:07:10Z,CPA271,"42.231304,33.306763",38000,465,280
1757729262,2025-09-13T02:07:42Z,CPA271,"42.242981,33.216652",38000,466,280
1757729293,2025-09-13T02:08:13Z,CPA271,"42.25774,33.127659",38000,467,280
1757729326,2025-09-13T02:08:46Z,CPA271,"42.269672,33.034039",38000,468,280
1757729358,2025-09-13T02:09:18Z,CPA271,"42.281349,32.938972",38000,470,280
1757729389,2025-09-13T02:09:49Z,CPA271,"42.284401,32.846542",38000,470,280
1757729420,2025-09-13T02:10:20Z,CPA271,"42.307457,32.762165",38000,470,280
1757729452,2025-09-13T02:10:52Z,CPA271,"42.317352,32.668186",38000,470,280
1757729485,2025-09-13T02:11:25Z,CPA271,"42.329174,32.571743",38000,471,280
1757729517,2025-09-13T02:11:57Z,CPA271,"42.342545,32.47937",38000,474,280
1757729548,2025-09-13T02:12:28Z,CPA271,"42.354378,32.389397",38000,473,279
1757729580,2025-09-13T02:13:00Z,CPA271,"42.368435,32.298649",38000,472,279
1757729610,2025-09-13T02:13:30Z,CPA271,"42.377674,32.208427",38000,472,279
1757729642,2025-09-13T02:14:02Z,CPA271,"42.389698,32.116096",38000,473,279
1757729673,2025-09-13T02:14:33Z,CPA271,"42.401169,32.026978",38000,474,279
1757729705,2025-09-13T02:15:05Z,CPA271,"42.412876,31.933567",38000,474,279
1757729737,2025-09-13T02:15:37Z,CPA271,"42.424973,31.839628",38000,474,279
1757729769,2025-09-13T02:16:09Z,CPA271,"42.436321,31.746462",38000,475,279
1757729801,2025-09-13T02:16:41Z,CPA271,"42.447681,31.654388",38000,476,279
1757729832,2025-09-13T02:17:12Z,CPA271,"42.459129,31.561502",38000,476,279
1757729864,2025-09-13T02:17:44Z,CPA271,"42.470394,31.469162",38000,476,279
1757729896,2025-09-13T02:18:16Z,CPA271,"42.48185,31.374222",38000,474,279
1757729928,2025-09-13T02:18:48Z,CPA271,"42.492916,31.28196",38000,474,279
1757729959,2025-09-13T02:19:19Z,CPA271,"42.504032,31.188581",38000,474,279
1757729991,2025-09-13T02:19:51Z,CPA271,"42.515041,31.095657",38000,474,279
1757730023,2025-09-13T02:20:23Z,CPA271,"42.525913,31.003372",38000,474,278
1757730055,2025-09-13T02:20:55Z,CPA271,"42.536957,30.908697",38000,474,278
1757730087,2025-09-13T02:21:27Z,CPA271,"42.547737,30.816605",38000,473,278
1757730118,2025-09-13T02:21:58Z,CPA271,"42.558578,30.724131",38000,472,278
1757730151,2025-09-13T02:22:31Z,CPA271,"42.569256,30.631617",38000,470,278
1757730182,2025-09-13T02:23:02Z,CPA271,"42.5802,30.539978",38000,468,278
1757730214,2025-09-13T02:23:34Z,CPA271,"42.590958,30.448214",38000,466,280
1757730246,2025-09-13T02:24:06Z,CPA271,"42.607216,30.357876",38000,462,287
1757730277,2025-09-13T02:24:37Z,CPA271,"42.630642,30.273344",38000,462,293
1757730309,2025-09-13T02:25:09Z,CPA271,"42.661167,30.191095",38000,464,299
1757730341,2025-09-13T02:25:41Z,CPA271,"42.698341,30.113682",38000,462,306
1757730373,2025-09-13T02:26:13Z,CPA271,"42.740631,30.040203",38000,460,307
1757730405,2025-09-13T02:26:45Z,CPA271,"42.781315,29.9676",38000,458,307
1757730436,2025-09-13T02:27:16Z,CPA271,"42.821632,29.895821",38000,461,307
1757730468,2025-09-13T02:27:48Z,CPA271,"42.863045,29.822252",38000,461,307
1757730500,2025-09-13T02:28:20Z,CPA271,"42.903278,29.750381",38000,460,307
1757730531,2025-09-13T02:28:51Z,CPA271,"42.943794,29.678387",38000,459,307
1757730563,2025-09-13T02:29:23Z,CPA271,"42.984577,29.605373",38000,459,307
1757730594,2025-09-13T02:29:54Z,CPA271,"43.024704,29.533342",38000,459,306
1757730626,2025-09-13T02:30:26Z,CPA271,"43.0653,29.460203",38000,459,306
1757730657,2025-09-13T02:30:57Z,CPA271,"43.105602,29.387068",38000,457,306
1757730689,2025-09-13T02:31:29Z,CPA271,"43.145947,29.314203",38000,455,306
1757730721,2025-09-13T02:32:01Z,CPA271,"43.186539,29.240389",38000,454,306
1757730753,2025-09-13T02:32:33Z,CPA271,"43.2267,29.166882",38000,454,306
1757730785,2025-09-13T02:33:05Z,CPA271,"43.265968,29.09483",38000,452,306
1757730817,2025-09-13T02:33:37Z,CPA271,"43.305885,29.021536",38000,450,306
1757730848,2025-09-13T02:34:08Z,CPA271,"43.344467,28.950407",38000,449,306
1757730880,2025-09-13T02:34:40Z,CPA271,"43.384068,28.877041",38000,447,306
1757730911,2025-09-13T02:35:11Z,CPA271,"43.422657,28.80563",38000,447,306
1757730943,2025-09-13T02:35:43Z,CPA271,"43.461472,28.7337",38000,448,306
1757730975,2025-09-13T02:36:15Z,CPA271,"43.500389,28.661263",38000,448,306
1757731006,2025-09-13T02:36:46Z,CPA271,"43.539127,28.589268",38000,450,306
1757731037,2025-09-13T02:37:17Z,CPA271,"43.577732,28.517162",38000,450,306
1757731069,2025-09-13T02:37:49Z,CPA271,"43.616447,28.444618",38000,450,306
1757731100,2025-09-13T02:38:20Z,CPA271,"43.654736,28.373394",38000,447,306
1757731131,2025-09-13T02:38:51Z,CPA271,"43.693123,28.301472",38000,443,304
1757731163,2025-09-13T02:39:23Z,CPA271,"43.727631,28.225487",38000,444,300
1757731194,2025-09-13T02:39:54Z,CPA271,"43.760311,28.149275",38025,446,301
1757731226,2025-09-13T02:40:26Z,CPA271,"43.794147,28.073114",38025,450,301
1757731257,2025-09-13T02:40:57Z,CPA271,"43.828575,27.996592",38000,455,301
1757731289,2025-09-13T02:41:29Z,CPA271,"43.863708,27.918293",38000,456,301
1757731320,2025-09-13T02:42:00Z,CPA271,"43.898148,27.841002",38000,453,301
1757731351,2025-09-13T02:42:31Z,CPA271,"43.932522,27.762968",38000,452,301
1757731383,2025-09-13T02:43:03Z,CPA271,"43.966465,27.685841",38000,450,301
1757731414,2025-09-13T02:43:34Z,CPA271,"43.999882,27.609715",38000,450,301
1757731445,2025-09-13T02:44:05Z,CPA271,"44.033791,27.532013",38000,451,301
1757731476,2025-09-13T02:44:36Z,CPA271,"44.067356,27.454762",38000,452,300
1757731508,2025-09-13T02:45:08Z,CPA271,"44.101212,27.376858",38000,452,300
1757731539,2025-09-13T02:45:39Z,CPA271,"44.13509,27.298655",38000,450,300
1757731571,2025-09-13T02:46:11Z,CPA271,"44.168747,27.220686",38000,450,300
1757731602,2025-09-13T02:46:42Z,CPA271,"44.202381,27.142414",38000,449,300
1757731634,2025-09-13T02:47:14Z,CPA271,"44.235836,27.064598",38000,447,300
1757731665,2025-09-13T02:47:45Z,CPA271,"44.269188,26.987108",38000,446,300
1757731697,2025-09-13T02:48:17Z,CPA271,"44.302357,26.909426",38000,447,300
1757731728,2025-09-13T02:48:48Z,CPA271,"44.335438,26.831888",38000,446,300
1757731760,2025-09-13T02:49:20Z,CPA271,"44.368256,26.754654",38000,443,300
1757731791,2025-09-13T02:49:51Z,CPA271,"44.400848,26.677948",38000,441,300
1757731824,2025-09-13T02:50:24Z,CPA271,"44.434956,26.597223",38000,439,300
1757731856,2025-09-13T02:50:56Z,CPA271,"44.467552,26.520102",38000,438,300
1757731887,2025-09-13T02:51:27Z,CPA271,"44.499752,26.443733",38000,438,300
1757731918,2025-09-13T02:51:58Z,CPA271,"44.531628,26.368483",38000,438,300
1757731950,2025-09-13T02:52:30Z,CPA271,"44.565651,26.288752",38000,438,300
1757731981,2025-09-13T02:53:01Z,CPA271,"44.597771,26.213896",38000,438,300
1757732014,2025-09-13T02:53:34Z,CPA271,"44.630875,26.133595",38000,438,300
1757732045,2025-09-13T02:54:05Z,CPA271,"44.66275,26.056702",38000,440,300
1757732075,2025-09-13T02:54:35Z,CPA271,"44.693787,25.982101",38000,442,300
1757732107,2025-09-13T02:55:07Z,CPA271,"44.726906,25.902267",38000,443,300
1757732140,2025-09-13T02:55:40Z,CPA271,"44.760437,25.821177",38000,444,300
1757732171,2025-09-13T02:56:11Z,CPA271,"44.792446,25.743118",38000,443,299
1757732203,2025-09-13T02:56:43Z,CPA271,"44.824982,25.663136",38000,442,299
1757732235,2025-09-13T02:57:15Z,CPA271,"44.856998,25.582861",38000,443,299
1757732267,2025-09-13T02:57:47Z,CPA271,"44.888557,25.503519",38000,444,299
1757732298,2025-09-13T02:58:18Z,CPA271,"44.920338,25.423906",38000,444,299
1757732330,2025-09-13T02:58:50Z,CPA271,"44.952026,25.344088",38000,442,299
1757732362,2025-09-13T02:59:22Z,CPA271,"44.983925,25.26359",38000,442,299
1757732393,2025-09-13T02:59:53Z,CPA271,"45.014843,25.184959",38000,441,299
1757732424,2025-09-13T03:00:24Z,CPA271,"45.046135,25.105532",38000,442,299
1757732456,2025-09-13T03:00:56Z,CPA271,"45.077442,25.025869",38000,441,299
1757732488,2025-09-13T03:01:28Z,CPA271,"45.10833,24.946814",38000,440,299
1757732519,2025-09-13T03:01:59Z,CPA271,"45.139187,24.867897",38000,437,298
1757732551,2025-09-13T03:02:31Z,CPA271,"45.170246,24.787813",38000,436,298
1757732582,2025-09-13T03:03:02Z,CPA271,"45.200611,24.709604",38000,436,298
1757732614,2025-09-13T03:03:34Z,CPA271,"45.231522,24.629808",38000,436,298
1757732646,2025-09-13T03:04:06Z,CPA271,"45.262066,24.550545",38000,436,298
1757732677,2025-09-13T03:04:37Z,CPA271,"45.292381,24.471653",38000,436,298
1757732708,2025-09-13T03:05:08Z,CPA271,"45.322884,24.391916",38000,436,298
1757732740,2025-09-13T03:05:40Z,CPA271,"45.352989,24.313208",38000,437,298
1757732772,2025-09-13T03:06:12Z,CPA271,"45.383583,24.233179",38000,436,298
1757732803,2025-09-13T03:06:43Z,CPA271,"45.413773,24.153587",38000,437,298
1757732835,2025-09-13T03:07:15Z,CPA271,"45.444145,24.073515",38000,437,298
1757732867,2025-09-13T03:07:47Z,CPA271,"45.474808,23.992573",38000,438,298
1757732899,2025-09-13T03:08:19Z,CPA271,"45.505341,23.911409",38000,440,298
1757732931,2025-09-13T03:08:51Z,CPA271,"45.536076,23.829594",38000,438,298
1757732962,2025-09-13T03:09:22Z,CPA271,"45.566029,23.74995",38000,438,298
1757732994,2025-09-13T03:09:54Z,CPA271,"45.596237,23.669155",38000,438,298
1757733026,2025-09-13T03:10:26Z,CPA271,"45.626537,23.587681",38000,437,297
1757733057,2025-09-13T03:10:57Z,CPA271,"45.656418,23.507612",38000,436,297
1757733089,2025-09-13T03:11:29Z,CPA271,"45.686375,23.426975",38000,437,297
1757733120,2025-09-13T03:12:00Z,CPA271,"45.716171,23.345972",38000,437,297
1757733152,2025-09-13T03:12:32Z,CPA271,"45.745789,23.265743",38000,437,297
1757733183,2025-09-13T03:13:03Z,CPA271,"45.775345,23.18527",38000,437,297
1757733215,2025-09-13T03:13:35Z,CPA271,"45.804985,23.104527",38000,437,297
1757733246,2025-09-13T03:14:06Z,CPA271,"45.834293,23.02429",38000,437,297
1757733278,2025-09-13T03:14:38Z,CPA271,"45.863831,22.943283",38000,435,297
1757733309,2025-09-13T03:15:09Z,CPA271,"45.893276,22.862068",38000,435,297
1757733341,2025-09-13T03:15:41Z,CPA271,"45.922497,22.781347",38000,435,297
1757733372,2025-09-13T03:16:12Z,CPA271,"45.951538,22.700918",38000,435,297
1757733404,2025-09-13T03:16:44Z,CPA271,"45.980587,22.62023",38000,436,297
1757733435,2025-09-13T03:17:15Z,CPA271,"46.009918,22.538223",38000,437,297
1757733467,2025-09-13T03:17:47Z,CPA271,"46.039104,22.456734",38000,437,297
1757733499,2025-09-13T03:18:19Z,CPA271,"46.068527,22.374125",38000,437,297
1757733530,2025-09-13T03:18:50Z,CPA271,"46.097511,22.292616",38375,434,297
1757733562,2025-09-13T03:19:22Z,CPA271,"46.126129,22.211788",38850,432,297
1757733593,2025-09-13T03:19:53Z,CPA271,"46.154446,22.131536",39150,432,297
1757733625,2025-09-13T03:20:25Z,CPA271,"46.183334,22.049389",39475,432,296
1757733656,2025-09-13T03:20:56Z,CPA271,"46.211647,21.968697",39675,436,296
1757733688,2025-09-13T03:21:28Z,CPA271,"46.240292,21.886955",40000,434,296
1757733719,2025-09-13T03:21:59Z,CPA271,"46.268478,21.80617",40000,433,296
1757733750,2025-09-13T03:22:30Z,CPA271,"46.296635,21.724878",40000,432,296
1757733782,2025-09-13T03:23:02Z,CPA271,"46.325039,21.641874",40000,432,296
1757733813,2025-09-13T03:23:33Z,CPA271,"46.352905,21.561543",40000,432,296
1757733844,2025-09-13T03:24:04Z,CPA271,"46.380493,21.481331",40000,434,296
1757733876,2025-09-13T03:24:36Z,CPA271,"46.408169,21.400919",40000,433,296
1757733907,2025-09-13T03:25:07Z,CPA271,"46.436291,21.319044",40000,434,296
1757733939,2025-09-13T03:25:39Z,CPA271,"46.464737,21.236126",40000,433,296
1757733970,2025-09-13T03:26:10Z,CPA271,"46.492168,21.155512",40000,432,296
1757734001,2025-09-13T03:26:41Z,CPA271,"46.51963,21.074638",40000,431,296
1757734033,2025-09-13T03:27:13Z,CPA271,"46.547386,20.992973",40000,430,296
1757734064,2025-09-13T03:27:44Z,CPA271,"46.575073,20.91103",40000,429,296
1757734096,2025-09-13T03:28:16Z,CPA271,"46.602379,20.82954",40000,430,296
1757734127,2025-09-13T03:28:47Z,CPA271,"46.629814,20.747982",40000,432,296
1757734158,2025-09-13T03:29:18Z,CPA271,"46.657127,20.666567",40000,432,295
1757734189,2025-09-13T03:29:49Z,CPA271,"46.684151,20.585503",40000,431,295
1757734221,2025-09-13T03:30:21Z,CPA271,"46.711418,20.503468",40000,431,295
1757734252,2025-09-13T03:30:52Z,CPA271,"46.738361,20.422058",40000,430,295
1757734283,2025-09-13T03:31:23Z,CPA271,"46.765007,20.341198",40000,430,295
1757734315,2025-09-13T03:31:55Z,CPA271,"46.792023,20.258987",40000,431,295
1757734345,2025-09-13T03:32:25Z,CPA271,"46.818623,20.177931",40000,432,295
1757734377,2025-09-13T03:32:57Z,CPA271,"46.845795,20.094706",40000,432,295
1757734409,2025-09-13T03:33:29Z,CPA271,"46.873177,20.011017",40000,430,295
1757734440,2025-09-13T03:34:00Z,CPA271,"46.899624,19.92955",40000,428,295
1757734472,2025-09-13T03:34:32Z,CPA271,"46.926357,19.846767",40000,427,295
1757734503,2025-09-13T03:35:03Z,CPA271,"46.95261,19.764944",40000,429,295
1757734535,2025-09-13T03:35:35Z,CPA271,"46.979019,19.682259",40000,430,295
1757734566,2025-09-13T03:36:06Z,CPA271,"47.005482,19.599598",40000,432,295
1757734597,2025-09-13T03:36:37Z,CPA271,"47.031807,19.517305",40000,432,295
1757734628,2025-09-13T03:37:08Z,CPA271,"47.058231,19.434137",40000,434,295
1757734660,2025-09-13T03:37:40Z,CPA271,"47.08466,19.350826",40000,434,295
1757734691,2025-09-13T03:38:11Z,CPA271,"47.110558,19.268644",40000,435,294
1757734722,2025-09-13T03:38:42Z,CPA271,"47.137047,19.184744",40000,435,294
1757734755,2025-09-13T03:39:15Z,CPA271,"47.164921,19.095921",40000,438,294
1757734786,2025-09-13T03:39:46Z,CPA271,"47.191147,19.012032",40000,440,294
1757734817,2025-09-13T03:40:17Z,CPA271,"47.217369,18.927803",40000,442,294
1757734848,2025-09-13T03:40:48Z,CPA271,"47.243881,18.842958",40000,442,294
1757734879,2025-09-13T03:41:19Z,CPA271,"47.270695,18.757584",40000,438,294
1757734911,2025-09-13T03:41:51Z,CPA271,"47.297169,18.672379",40000,436,294
1757734942,2025-09-13T03:42:22Z,CPA271,"47.325199,18.588282",40000,439,298
1757734973,2025-09-13T03:42:53Z,CPA271,"47.354496,18.506395",40000,441,297
1757735004,2025-09-13T03:43:24Z,CPA271,"47.383636,18.423634",40000,443,297
1757735036,2025-09-13T03:43:56Z,CPA271,"47.413017,18.339714",40000,445,297
1757735066,2025-09-13T03:44:26Z,CPA271,"47.441975,18.256905",40000,443,297
1757735097,2025-09-13T03:44:57Z,CPA271,"47.470913,18.173998",40000,440,297
1757735128,2025-09-13T03:45:28Z,CPA271,"47.499653,18.091227",40000,439,296
1757735159,2025-09-13T03:45:59Z,CPA271,"47.528305,18.008202",40000,438,296
1757735190,2025-09-13T03:46:30Z,CPA271,"47.556652,17.925909",40000,440,296
1757735222,2025-09-13T03:47:02Z,CPA271,"47.585613,17.841204",40000,440,296
1757735253,2025-09-13T03:47:33Z,CPA271,"47.614159,17.75779",40000,442,296
1757735286,2025-09-13T03:48:06Z,CPA271,"47.644207,17.669779",40000,442,296
1757735317,2025-09-13T03:48:37Z,CPA271,"47.672718,17.585863",40000,446,296
1757735348,2025-09-13T03:49:08Z,CPA271,"47.70145,17.501232",40000,445,296
1757735379,2025-09-13T03:49:39Z,CPA271,"47.730259,17.416059",40000,444,296
1757735411,2025-09-13T03:50:11Z,CPA271,"47.759064,17.330523",40000,442,296
1757735442,2025-09-13T03:50:42Z,CPA271,"47.78746,17.246195",40000,440,296
1757735473,2025-09-13T03:51:13Z,CPA271,"47.816204,17.162542",40000,440,299
1757735504,2025-09-13T03:51:44Z,CPA271,"47.850735,17.083595",40000,444,306
1757735535,2025-09-13T03:52:15Z,CPA271,"47.891327,17.010117",40000,447,310
1757735566,2025-09-13T03:52:46Z,CPA271,"47.932789,16.93751",40000,447,309
1757735598,2025-09-13T03:53:18Z,CPA271,"47.97459,16.863102",40000,448,309
1757735629,2025-09-13T03:53:49Z,CPA271,"48.015797,16.79015",40000,448,309
1757735660,2025-09-13T03:54:20Z,CPA271,"48.057362,16.716385",40000,449,309
1757735691,2025-09-13T03:54:51Z,CPA271,"48.098717,16.642679",40000,448,309
1757735722,2025-09-13T03:55:22Z,CPA271,"48.140335,16.567312",40000,450,308
1757735754,2025-09-13T03:55:54Z,CPA271,"48.180668,16.491285",40000,451,308
1757735785,2025-09-13T03:56:25Z,CPA271,"48.2215,16.414261",40000,453,308
1757735816,2025-09-13T03:56:56Z,CPA271,"48.261997,16.338303",40000,454,308
1757735847,2025-09-13T03:57:27Z,CPA271,"48.302986,16.261501",40000,456,308
1757735879,2025-09-13T03:57:59Z,CPA271,"48.34407,16.184076",40000,458,308
1757735910,2025-09-13T03:58:30Z,CPA271,"48.385639,16.105511",40000,459,308
1757735941,2025-09-13T03:59:01Z,CPA271,"48.42659,16.028023",40000,457,308
1757735973,2025-09-13T03:59:33Z,CPA271,"48.468037,15.949536",40000,456,308
1757736004,2025-09-13T04:00:04Z,CPA271,"48.5084,15.872368",40000,455,308
1757736035,2025-09-13T04:00:35Z,CPA271,"48.549274,15.793782",40000,456,307
1757736067,2025-09-13T04:01:07Z,CPA271,"48.589863,15.715529",40000,456,307
1757736099,2025-09-13T04:01:39Z,CPA271,"48.631786,15.634624",40000,456,307
1757736131,2025-09-13T04:02:11Z,CPA271,"48.672329,15.55625",40000,454,307
1757736162,2025-09-13T04:02:42Z,CPA271,"48.71286,15.477582",40000,454,307
1757736193,2025-09-13T04:03:13Z,CPA271,"48.753464,15.398799",40025,458,307
1757736225,2025-09-13T04:03:45Z,CPA271,"48.794033,15.319929",40000,457,307
1757736257,2025-09-13T04:04:17Z,CPA271,"48.835155,15.239763",40000,456,307
1757736288,2025-09-13T04:04:48Z,CPA271,"48.876152,15.159933",40000,456,307
1757736320,2025-09-13T04:05:20Z,CPA271,"48.91774,15.078703",40000,458,308
1757736352,2025-09-13T04:05:52Z,CPA271,"48.960091,15.000185",40000,458,309
1757736383,2025-09-13T04:06:23Z,CPA271,"49.00209,14.922431",40000,458,309
1757736415,2025-09-13T04:06:55Z,CPA271,"49.04427,14.843345",40025,458,308
1757736447,2025-09-13T04:07:27Z,CPA271,"49.08614,14.764182",40000,459,308
1757736478,2025-09-13T04:07:58Z,CPA271,"49.128399,14.684386",40000,458,308
1757736510,2025-09-13T04:08:30Z,CPA271,"49.170227,14.604974",40000,457,308
1757736542,2025-09-13T04:09:02Z,CPA271,"49.211983,14.525403",40000,456,308
1757736573,2025-09-13T04:09:33Z,CPA271,"49.25312,14.446638",40025,460,308
1757736605,2025-09-13T04:10:05Z,CPA271,"49.295582,14.36502",40000,464,308
1757736636,2025-09-13T04:10:36Z,CPA271,"49.337437,14.28445",40000,464,308
1757736667,2025-09-13T04:11:07Z,CPA271,"49.378899,14.204354",40000,464,308
1757736699,2025-09-13T04:11:39Z,CPA271,"49.42083,14.123219",40000,462,308
1757736730,2025-09-13T04:12:10Z,CPA271,"49.46209,14.0432",40000,457,308
1757736762,2025-09-13T04:12:42Z,CPA271,"49.503414,13.962801",40000,454,308
1757736794,2025-09-13T04:13:14Z,CPA271,"49.544483,13.882472",40000,455,308
1757736826,2025-09-13T04:13:46Z,CPA271,"49.586388,13.800159",40000,460,307
1757736858,2025-09-13T04:14:18Z,CPA271,"49.628654,13.717086",40000,461,308
1757736890,2025-09-13T04:14:50Z,CPA271,"49.670052,13.63525",40000,461,307
1757736921,2025-09-13T04:15:21Z,CPA271,"49.710926,13.55444",40000,461,307
1757736953,2025-09-13T04:15:53Z,CPA271,"49.752457,13.472044",40000,462,307
1757736985,2025-09-13T04:16:25Z,CPA271,"49.794739,13.387991",40000,465,307
1757737017,2025-09-13T04:16:57Z,CPA271,"49.836441,13.305027",40000,463,307
1757737048,2025-09-13T04:17:28Z,CPA271,"49.877239,13.223616",40000,463,307
1757737079,2025-09-13T04:17:59Z,CPA271,"49.918442,13.141755",40000,463,307
1757737110,2025-09-13T04:18:30Z,CPA271,"49.959595,13.060388",40000,460,307
1757737142,2025-09-13T04:19:02Z,CPA271,"50.000851,12.9784",40000,456,307
1757737174,2025-09-13T04:19:34Z,CPA271,"50.041676,12.89649",40000,453,307
1757737206,2025-09-13T04:20:06Z,CPA271,"50.082714,12.814119",40000,457,307
1757737237,2025-09-13T04:20:37Z,CPA271,"50.123817,12.731339",40000,462,307
1757737269,2025-09-13T04:21:09Z,CPA271,"50.164761,12.648647",40000,464,307
1757737300,2025-09-13T04:21:40Z,CPA271,"50.206028,12.564754",40000,467,307
1757737332,2025-09-13T04:22:12Z,CPA271,"50.247284,12.48074",40000,468,307
1757737364,2025-09-13T04:22:44Z,CPA271,"50.289097,12.39537",40000,467,307
1757737395,2025-09-13T04:23:15Z,CPA271,"50.330345,12.310638",40000,468,307
1757737427,2025-09-13T04:23:47Z,CPA271,"50.372303,12.224171",40000,469,307
1757737459,2025-09-13T04:24:19Z,CPA271,"50.413933,12.138168",40000,469,307
1757737491,2025-09-13T04:24:51Z,CPA271,"50.455631,12.052341",40000,468,307
1757737523,2025-09-13T04:25:23Z,CPA271,"50.497025,11.966562",40000,466,307
1757737554,2025-09-13T04:25:54Z,CPA271,"50.537773,11.882103",40000,466,307
1757737585,2025-09-13T04:26:25Z,CPA271,"50.578136,11.798061",40000,467,307
1757737617,2025-09-13T04:26:57Z,CPA271,"50.619438,11.711319",40000,468,306
1757737647,2025-09-13T04:27:27Z,CPA271,"50.658768,11.62832",40000,471,306
1757737679,2025-09-13T04:27:59Z,CPA271,"50.70068,11.53978",40000,470,306
1757737711,2025-09-13T04:28:31Z,CPA271,"50.741833,11.452637",40000,469,306
1757737743,2025-09-13T04:29:03Z,CPA271,"50.782612,11.365667",40000,471,306
1757737775,2025-09-13T04:29:35Z,CPA271,"50.824253,11.27686",40000,474,306
1757737806,2025-09-13T04:30:06Z,CPA271,"50.865543,11.188354",40000,475,306
1757737838,2025-09-13T04:30:38Z,CPA271,"50.906765,11.099926",40000,476,306
1757737870,2025-09-13T04:31:10Z,CPA271,"50.948299,11.010384",40000,475,306
1757737902,2025-09-13T04:31:42Z,CPA271,"50.989399,10.921609",40000,474,306
1757737933,2025-09-13T04:32:13Z,CPA271,"51.030167,10.83334",40000,472,306
1757737965,2025-09-13T04:32:45Z,CPA271,"51.069473,10.744121",40000,465,300
1757737975,2025-09-13T04:32:55Z,CPA271,"51.079906,10.713325",40000,462,296
1757737977,2025-09-13T04:32:57Z,CPA271,"51.081829,10.707164",40000,461,296
1757738009,2025-09-13T04:33:29Z,CPA271,"51.11219,10.611647",40000,461,297
1757738041,2025-09-13T04:34:01Z,CPA271,"51.144009,10.514512",40000,460,297
1757738073,2025-09-13T04:34:33Z,CPA271,"51.175308,10.418228",40000,459,297
1757738105,2025-09-13T04:35:05Z,CPA271,"51.205959,10.32316",40000,460,297
1757738136,2025-09-13T04:35:36Z,CPA271,"51.236813,10.227228",40000,461,297
1757738168,2025-09-13T04:36:08Z,CPA271,"51.267735,10.131375",40000,461,297
1757738199,2025-09-13T04:36:39Z,CPA271,"51.298317,10.036026",40000,462,297
1757738232,2025-09-13T04:37:12Z,CPA271,"51.329636,9.938089",40000,463,297
1757738264,2025-09-13T04:37:44Z,CPA271,"51.360554,9.841187",40000,465,297
1757738296,2025-09-13T04:38:16Z,CPA271,"51.391758,9.742466",40000,461,296
1757738328,2025-09-13T04:38:48Z,CPA271,"51.422691,9.644334",40000,457,296
1757738360,2025-09-13T04:39:20Z,CPA271,"51.453094,9.547",40000,456,296
1757738392,2025-09-13T04:39:52Z,CPA271,"51.482388,9.453272",40000,456,296
1757738424,2025-09-13T04:40:24Z,CPA271,"51.512516,9.356337",40000,456,296
1757738456,2025-09-13T04:40:56Z,CPA271,"51.542469,9.259325",40000,456,296
1757738486,2025-09-13T04:41:26Z,CPA271,"51.570965,9.16686",40000,457,296
1757738518,2025-09-13T04:41:58Z,CPA271,"51.600567,9.069412",40000,460,296
1757738549,2025-09-13T04:42:29Z,CPA271,"51.630005,8.972406",40000,460,296
1757738581,2025-09-13T04:43:01Z,CPA271,"51.659576,8.874698",40000,461,295
1757738613,2025-09-13T04:43:33Z,CPA271,"51.689114,8.776765",40000,461,295
1757738645,2025-09-13T04:44:05Z,CPA271,"51.718693,8.678596",40000,462,295
1757738676,2025-09-13T04:44:36Z,CPA271,"51.748463,8.579555",40000,463,295
1757738708,2025-09-13T04:45:08Z,CPA271,"51.778229,8.48038",39800,463,295
1757738740,2025-09-13T04:45:40Z,CPA271,"51.80806,8.380695",39300,464,295
1757738772,2025-09-13T04:46:12Z,CPA271,"51.83749,8.28214",38775,468,295
1757738804,2025-09-13T04:46:44Z,CPA271,"51.867439,8.181485",37800,472,295
1757738835,2025-09-13T04:47:15Z,CPA271,"51.897194,8.081584",36650,466,295
1757738867,2025-09-13T04:47:47Z,CPA271,"51.926498,7.982684",35725,456,295
1757738899,2025-09-13T04:48:19Z,CPA271,"51.954735,7.886696",35075,440,295
1757738930,2025-09-13T04:48:50Z,CPA271,"51.981926,7.794569",34050,433,295
1757738962,2025-09-13T04:49:22Z,CPA271,"52.00856,7.703325",33275,420,295
1757738993,2025-09-13T04:49:53Z,CPA271,"52.034592,7.614117",32350,412,295
1757739025,2025-09-13T04:50:25Z,CPA271,"52.060101,7.525783",31400,404,295
1757739057,2025-09-13T04:50:57Z,CPA271,"52.085247,7.437799",29825,412,294
1757739088,2025-09-13T04:51:28Z,CPA271,"52.110065,7.351385",28950,402,295
1757739119,2025-09-13T04:51:59Z,CPA271,"52.134384,7.267068",28500,385,295
1757739151,2025-09-13T04:52:31Z,CPA271,"52.157959,7.18364",27475,384,294
1757739183,2025-09-13T04:53:03Z,CPA271,"52.181324,7.101367",26775,376,295
1757739215,2025-09-13T04:53:35Z,CPA271,"52.204372,7.019891",25925,370,294
1757739236,2025-09-13T04:53:56Z,CPA271,"52.220837,6.967123",25625,366,304
1757739238,2025-09-13T04:53:58Z,CPA271,"52.222851,6.96238",25600,367,306
1757739241,2025-09-13T04:54:01Z,CPA271,"52.22514,6.957215",25550,368,307
1757739243,2025-09-13T04:54:03Z,CPA271,"52.227398,6.952644",25500,368,309
1757739245,2025-09-13T04:54:05Z,CPA271,"52.230034,6.947534",25450,368,310
1757739247,2025-09-13T04:54:07Z,CPA271,"52.232353,6.943165",25375,369,311
1757739249,2025-09-13T04:54:09Z,CPA271,"52.23476,6.938678",25325,369,311
1757739251,2025-09-13T04:54:11Z,CPA271,"52.237026,6.934443",25250,370,311
1757739253,2025-09-13T04:54:13Z,CPA271,"52.239388,6.930054",25200,370,311
1757739255,2025-09-13T04:54:15Z,CPA271,"52.241779,6.925585",25125,369,311
1757739258,2025-09-13T04:54:18Z,CPA271,"52.24411,6.921226",25075,370,310
1757739260,2025-09-13T04:54:20Z,CPA271,"52.246819,6.91608",25000,368,310
1757739262,2025-09-13T04:54:22Z,CPA271,"52.249214,6.911505",24950,368,310
1757739294,2025-09-13T04:54:54Z,CPA271,"52.283264,6.843864",24125,361,308
1757739326,2025-09-13T04:55:26Z,CPA271,"52.316174,6.776815",23350,355,308
1757739358,2025-09-13T04:55:58Z,CPA271,"52.3494,6.70912",22300,357,308
1757739390,2025-09-13T04:56:30Z,CPA271,"52.382473,6.642227",21425,354,309
1757739421,2025-09-13T04:57:01Z,CPA271,"52.41473,6.576587",20600,352,308
1757739453,2025-09-13T04:57:33Z,CPA271,"52.446918,6.511266",19900,344,309
1757739473,2025-09-13T04:57:53Z,CPA271,"52.46516,6.471035",19300,340,298
1757739475,2025-09-13T04:57:55Z,CPA271,"52.466675,6.466253",19225,338,294
1757739477,2025-09-13T04:57:57Z,CPA271,"52.467972,6.461432",19150,337,291
1757739479,2025-09-13T04:57:59Z,CPA271,"52.469231,6.456047",19050,335,287
1757739481,2025-09-13T04:58:01Z,CPA271,"52.470181,6.450756",19000,334,284
1757739484,2025-09-13T04:58:04Z,CPA271,"52.471008,6.445367",18925,333,280
1757739486,2025-09-13T04:58:06Z,CPA271,"52.471527,6.440347",18875,332,277
1757739488,2025-09-13T04:58:08Z,CPA271,"52.471962,6.434544",18825,330,275
1757739490,2025-09-13T04:58:10Z,CPA271,"52.472218,6.428988",18750,330,273
1757739492,2025-09-13T04:58:12Z,CPA271,"52.47237,6.423785",18700,329,272
1757739494,2025-09-13T04:58:14Z,CPA271,"52.472519,6.418728",18625,329,272
1757739496,2025-09-13T04:58:16Z,CPA271,"52.472591,6.413697",18575,329,271
1757739499,2025-09-13T04:58:19Z,CPA271,"52.472687,6.407826",18500,330,271
1757739501,2025-09-13T04:58:21Z,CPA271,"52.472813,6.402685",18450,330,271
1757739503,2025-09-13T04:58:23Z,CPA271,"52.472878,6.397342",18375,330,272
1757739505,2025-09-13T04:58:25Z,CPA271,"52.473,6.391589",18300,330,272
1757739507,2025-09-13T04:58:27Z,CPA271,"52.473125,6.386147",18250,330,272
1757739509,2025-09-13T04:58:29Z,CPA271,"52.473236,6.381442",18175,330,272
1757739511,2025-09-13T04:58:31Z,CPA271,"52.473438,6.375887",18100,330,273
1757739542,2025-09-13T04:59:02Z,CPA271,"52.476944,6.299425",17225,327,275
1757739574,2025-09-13T04:59:34Z,CPA271,"52.481129,6.220574",16225,324,274
1757739606,2025-09-13T05:00:06Z,CPA271,"52.485298,6.141998",15100,325,274
1757739634,2025-09-13T05:00:34Z,CPA271,"52.488617,6.074505",14475,317,274
1757739671,2025-09-13T05:01:11Z,CPA271,"52.492649,5.991301",13950,288,274
1757739702,2025-09-13T05:01:42Z,CPA271,"52.495899,5.923247",13050,279,274
1757739735,2025-09-13T05:02:15Z,CPA271,"52.498852,5.856095",12125,278,274
1757739766,2025-09-13T05:02:46Z,CPA271,"52.501919,5.789389",11425,278,274
1757739781,2025-09-13T05:03:01Z,CPA271,"52.503407,5.758579",11225,276,274
1757739796,2025-09-13T05:03:16Z,CPA271,"52.504795,5.728105",11025,270,274
1757739808,2025-09-13T05:03:28Z,CPA271,"52.505817,5.702054",10750,270,274
1757739821,2025-09-13T05:03:41Z,CPA271,"52.50695,5.675767",10450,271,274
1757739836,2025-09-13T05:03:56Z,CPA271,"52.508232,5.645345",10250,271,274
1757739851,2025-09-13T05:04:11Z,CPA271,"52.50951,5.615199",10150,270,274
1757739866,2025-09-13T05:04:26Z,CPA271,"52.510883,5.585135",10050,270,273
1757739874,2025-09-13T05:04:34Z,CPA271,"52.510715,5.567528",10000,264,262
1757739876,2025-09-13T05:04:36Z,CPA271,"52.510349,5.563262",9975,262,259
1757739878,2025-09-13T05:04:38Z,CPA271,"52.509876,5.559213",9950,262,255
1757739880,2025-09-13T05:04:40Z,CPA271,"52.509262,5.555441",9950,260,252
1757739882,2025-09-13T05:04:42Z,CPA271,"52.508446,5.551582",9925,261,251
1757739884,2025-09-13T05:04:44Z,CPA271,"52.507584,5.547361",9925,260,250
1757739886,2025-09-13T05:04:46Z,CPA271,"52.506756,5.543821",9900,260,249
1757739889,2025-09-13T05:04:49Z,CPA271,"52.505836,5.54007",9900,261,248
1757739891,2025-09-13T05:04:51Z,CPA271,"52.504875,5.535934",9875,261,248
1757739893,2025-09-13T05:04:53Z,CPA271,"52.504028,5.53249",9875,262,248
1757739895,2025-09-13T05:04:55Z,CPA271,"52.503098,5.528566",9850,262,249
1757739897,2025-09-13T05:04:57Z,CPA271,"52.50219,5.524689",9825,263,249
1757739899,2025-09-13T05:04:59Z,CPA271,"52.50119,5.520485",9825,264,249
1757739901,2025-09-13T05:05:01Z,CPA271,"52.500217,5.516348",9800,263,249
1757739904,2025-09-13T05:05:04Z,CPA271,"52.499306,5.512451",9800,264,249
1757739906,2025-09-13T05:05:06Z,CPA271,"52.498428,5.508591",9775,264,249
1757739918,2025-09-13T05:05:18Z,CPA271,"52.493118,5.484726",9700,264,250
1757739931,2025-09-13T05:05:31Z,CPA271,"52.487854,5.460447",9600,264,250
1757739946,2025-09-13T05:05:46Z,CPA271,"52.48196,5.432421",9500,264,251
1757739961,2025-09-13T05:06:01Z,CPA271,"52.475967,5.404449",9450,262,250
1757739973,2025-09-13T05:06:13Z,CPA271,"52.471088,5.381264",9375,261,250
1757739986,2025-09-13T05:06:26Z,CPA271,"52.46608,5.35777",9275,259,250
1757740000,2025-09-13T05:06:40Z,CPA271,"52.460243,5.330693",9200,258,250
1757740013,2025-09-13T05:06:53Z,CPA271,"52.455158,5.307611",9100,258,250
1757740027,2025-09-13T05:07:07Z,CPA271,"52.449291,5.281034",9000,259,250
1757740040,2025-09-13T05:07:20Z,CPA271,"52.444252,5.257104",8900,258,254
1757740045,2025-09-13T05:07:25Z,CPA271,"52.443066,5.24919",8800,261,261
1757740047,2025-09-13T05:07:27Z,CPA271,"52.442703,5.245034",8750,261,265
1757740049,2025-09-13T05:07:29Z,CPA271,"52.442539,5.240779",8700,264,269
1757740051,2025-09-13T05:07:31Z,CPA271,"52.442543,5.236407",8650,266,273
1757740053,2025-09-13T05:07:33Z,CPA271,"52.442764,5.232117",8600,268,277
1757740055,2025-09-13T05:07:35Z,CPA271,"52.443077,5.228182",8550,270,281
1757740057,2025-09-13T05:07:37Z,CPA271,"52.443672,5.223678",8500,271,284
1757740059,2025-09-13T05:07:39Z,CPA271,"52.444317,5.219775",8450,273,287
1757740062,2025-09-13T05:07:42Z,CPA271,"52.445297,5.214822",8400,275,291
1757740064,2025-09-13T05:07:44Z,CPA271,"52.44627,5.210959",8325,277,293
1757740066,2025-09-13T05:07:46Z,CPA271,"52.447334,5.206958",8300,278,294
1757740068,2025-09-13T05:07:48Z,CPA271,"52.448418,5.203182",8250,279,295
1757740070,2025-09-13T05:07:50Z,CPA271,"52.449711,5.1989",8200,279,297
1757740072,2025-09-13T05:07:52Z,CPA271,"52.450863,5.195315",8150,280,297
1757740074,2025-09-13T05:07:54Z,CPA271,"52.452114,5.191399",8125,279,297
1757740076,2025-09-13T05:07:56Z,CPA271,"52.453396,5.187403",8075,279,298
1757740078,2025-09-13T05:07:58Z,CPA271,"52.45475,5.183371",8050,278,298
1757740080,2025-09-13T05:08:00Z,CPA271,"52.45607,5.17936",8000,278,298
1757740083,2025-09-13T05:08:03Z,CPA271,"52.457287,5.175644",7950,276,298
1757740085,2025-09-13T05:08:05Z,CPA271,"52.458519,5.171931",7875,276,298
1757740087,2025-09-13T05:08:07Z,CPA271,"52.459805,5.168046",7800,275,298
1757740089,2025-09-13T05:08:09Z,CPA271,"52.461121,5.163922",7750,274,298
1757740104,2025-09-13T05:08:24Z,CPA271,"52.469837,5.136919",7175,270,297
1757740118,2025-09-13T05:08:38Z,CPA271,"52.478279,5.110763",6575,267,297
1757740133,2025-09-13T05:08:53Z,CPA271,"52.486641,5.084614",6025,264,297
1757740148,2025-09-13T05:09:08Z,CPA271,"52.494556,5.059352",5750,251,296
1757740160,2025-09-13T05:09:20Z,CPA271,"52.501171,5.038157",5600,238,297
1757740173,2025-09-13T05:09:33Z,CPA271,"52.507462,5.018425",5325,232,297
1757740187,2025-09-13T05:09:47Z,CPA271,"52.514816,4.995935",4850,230,298
1757740196,2025-09-13T05:09:56Z,CPA271,"52.518932,4.983427",4625,229,298
1757740202,2025-09-13T05:10:02Z,CPA271,"52.522163,4.973889",4475,225,299
1757740210,2025-09-13T05:10:10Z,CPA271,"52.52634,4.961574",4375,218,299
1757740219,2025-09-13T05:10:19Z,CPA271,"52.530308,4.94979",4350,210,299
1757740225,2025-09-13T05:10:25Z,CPA271,"52.533375,4.94086",4325,205,299
1757740233,2025-09-13T05:10:33Z,CPA271,"52.53722,4.929707",4250,201,299
1757740242,2025-09-13T05:10:42Z,CPA271,"52.540962,4.918791",4200,196,299
1757740248,2025-09-13T05:10:48Z,CPA271,"52.543877,4.91057",4150,192,299
1757740256,2025-09-13T05:10:56Z,CPA271,"52.547562,4.900288",4075,187,300
1757740263,2025-09-13T05:11:03Z,CPA271,"52.550282,4.892355",4025,184,300
1757740271,2025-09-13T05:11:11Z,CPA271,"52.553749,4.882514",3950,181,300
1757740280,2025-09-13T05:11:20Z,CPA271,"52.557419,4.872209",3900,184,300
1757740286,2025-09-13T05:11:26Z,CPA271,"52.560158,4.864695",3850,184,300
1757740293,2025-09-13T05:11:33Z,CPA271,"52.563046,4.856558",3800,184,300
1757740301,2025-09-13T05:11:41Z,CPA271,"52.56665,4.846464",3725,181,300
1757740310,2025-09-13T05:11:50Z,CPA271,"52.570286,4.83656",3650,180,300
1757740316,2025-09-13T05:11:56Z,CPA271,"52.57296,4.82917",3600,180,300
1757740324,2025-09-13T05:12:04Z,CPA271,"52.576611,4.819251",3525,181,300
1757740333,2025-09-13T05:12:13Z,CPA271,"52.580105,4.809522",3450,180,300
1757740339,2025-09-13T05:12:19Z,CPA271,"52.58276,4.801896",3400,178,297
1757740341,2025-09-13T05:12:21Z,CPA271,"52.583538,4.7995",3375,176,294
1757740343,2025-09-13T05:12:23Z,CPA271,"52.58424,4.796985",3375,174,290
1757740345,2025-09-13T05:12:25Z,CPA271,"52.584827,4.794336",3350,172,284
1757740347,2025-09-13T05:12:27Z,CPA271,"52.585201,4.791958",3350,169,278
1757740349,2025-09-13T05:12:29Z,CPA271,"52.585415,4.788833",3325,167,272
1757740352,2025-09-13T05:12:32Z,CPA271,"52.585411,4.786352",3325,164,265
1757740354,2025-09-13T05:12:34Z,CPA271,"52.585224,4.783892",3300,162,259
1757740356,2025-09-13T05:12:36Z,CPA271,"52.584911,4.781443",3300,161,252
1757740358,2025-09-13T05:12:38Z,CPA271,"52.584404,4.778889",3275,159,246
1757740360,2025-09-13T05:12:40Z,CPA271,"52.583675,4.776404",3275,158,240
1757740362,2025-09-13T05:12:42Z,CPA271,"52.582851,4.774164",3275,157,235
1757740364,2025-09-13T05:12:44Z,CPA271,"52.582039,4.772321",3250,156,232
1757740366,2025-09-13T05:12:46Z,CPA271,"52.581013,4.770345",3250,156,228
1757740369,2025-09-13T05:12:49Z,CPA271,"52.580009,4.768519",3250,156,226
1757740371,2025-09-13T05:12:51Z,CPA271,"52.578976,4.766828",3225,156,224
1757740373,2025-09-13T05:12:53Z,CPA271,"52.577892,4.765166",3225,156,223
1757740375,2025-09-13T05:12:55Z,CPA271,"52.576778,4.763485",3200,157,222
1757740377,2025-09-13T05:12:57Z,CPA271,"52.575638,4.761859",3200,156,222
1757740379,2025-09-13T05:12:59Z,CPA271,"52.574627,4.760372",3175,156,222
1757740381,2025-09-13T05:13:01Z,CPA271,"52.573498,4.758576",3175,156,222
1757740383,2025-09-13T05:13:03Z,CPA271,"52.57217,4.756824",3175,157,221
1757740385,2025-09-13T05:13:05Z,CPA271,"52.570942,4.755336",3150,156,221
1757740387,2025-09-13T05:13:07Z,CPA271,"52.569767,4.753611",3150,157,221
1757740389,2025-09-13T05:13:09Z,CPA271,"52.568691,4.752061",3125,157,221
1757740392,2025-09-13T05:13:12Z,CPA271,"52.567665,4.750381",3125,158,221
1757740394,2025-09-13T05:13:14Z,CPA271,"52.566608,4.748716",3100,158,221
1757740396,2025-09-13T05:13:16Z,CPA271,"52.565342,4.746845",3100,158,221
1757740398,2025-09-13T05:13:18Z,CPA271,"52.564194,4.745195",3100,158,220
1757740404,2025-09-13T05:13:24Z,CPA271,"52.560711,4.740493",3050,157,220
1757740411,2025-09-13T05:13:31Z,CPA271,"52.557091,4.73545",3025,157,216
1757740413,2025-09-13T05:13:33Z,CPA271,"52.555901,4.733937",3000,157,213
1757740415,2025-09-13T05:13:35Z,CPA271,"52.554668,4.732553",3000,158,209
1757740417,2025-09-13T05:13:37Z,CPA271,"52.553345,4.731364",3000,158,204
1757740419,2025-09-13T05:13:39Z,CPA271,"52.551922,4.730285",2975,159,201
1757740421,2025-09-13T05:13:41Z,CPA271,"52.550419,4.729414",2975,160,197
1757740423,2025-09-13T05:13:43Z,CPA271,"52.54892,4.728649",2950,160,193
1757740425,2025-09-13T05:13:45Z,CPA271,"52.547447,4.728173",2950,161,190
1757740427,2025-09-13T05:13:47Z,CPA271,"52.545803,4.72774",2925,162,187
1757740429,2025-09-13T05:13:49Z,CPA271,"52.544258,4.727562",2925,163,185
1757740432,2025-09-13T05:13:52Z,CPA271,"52.542652,4.727421",2925,164,183
1757740434,2025-09-13T05:13:54Z,CPA271,"52.541012,4.727341",2900,165,182
1757740436,2025-09-13T05:13:56Z,CPA271,"52.539459,4.727218",2900,165,181
1757740438,2025-09-13T05:13:58Z,CPA271,"52.537666,4.727177",2875,165,181
1757740440,2025-09-13T05:14:00Z,CPA271,"52.53627,4.72714",2875,165,181
1757740442,2025-09-13T05:14:02Z,CPA271,"52.53463,4.72716",2850,165,182
1757740444,2025-09-13T05:14:04Z,CPA271,"52.533031,4.727108",2850,165,182
1757740446,2025-09-13T05:14:06Z,CPA271,"52.531178,4.72703",2850,164,182
1757740448,2025-09-13T05:14:08Z,CPA271,"52.529732,4.726936",2825,164,182
1757740450,2025-09-13T05:14:10Z,CPA271,"52.52821,4.726858",2825,164,182
1757740452,2025-09-13T05:14:12Z,CPA271,"52.526722,4.726685",2800,164,182
1757740455,2025-09-13T05:14:15Z,CPA271,"52.525009,4.7264",2800,164,182
1757740463,2025-09-13T05:14:23Z,CPA271,"52.518795,4.72601",2750,163,183
1757740471,2025-09-13T05:14:31Z,CPA271,"52.512363,4.72562",2725,163,182
1757740480,2025-09-13T05:14:40Z,CPA271,"52.506035,4.725049",2675,161,183
1757740488,2025-09-13T05:14:48Z,CPA271,"52.499969,4.724568",2625,155,182
1757740497,2025-09-13T05:14:57Z,CPA271,"52.493973,4.724102",2575,152,183
1757740503,2025-09-13T05:15:03Z,CPA271,"52.489433,4.723845",2550,154,183
1757740512,2025-09-13T05:15:12Z,CPA271,"52.483395,4.723136",2475,153,183
1757740520,2025-09-13T05:15:20Z,CPA271,"52.477413,4.722655",2350,151,183
1757740528,2025-09-13T05:15:28Z,CPA271,"52.471516,4.722121",2250,152,183
1757740537,2025-09-13T05:15:37Z,CPA271,"52.465549,4.721481",2125,152,183
1757740543,2025-09-13T05:15:43Z,CPA271,"52.461014,4.72104",2050,153,183
1757740552,2025-09-13T05:15:52Z,CPA271,"52.455151,4.720457",1925,147,183
1757740558,2025-09-13T05:15:58Z,CPA271,"52.450974,4.719996",1850,142,183
1757740566,2025-09-13T05:16:06Z,CPA271,"52.445747,4.719593",1750,133,183
1757740573,2025-09-13T05:16:13Z,CPA271,"52.441608,4.719223",1650,127,183
1757740581,2025-09-13T05:16:21Z,CPA271,"52.43689,4.718714",1550,124,183
1757740588,2025-09-13T05:16:28Z,CPA271,"52.433186,4.718469",1475,124,183
1757740596,2025-09-13T05:16:36Z,CPA271,"52.428314,4.718174",1400,124,183
1757740604,2025-09-13T05:16:44Z,CPA271,"52.424057,4.717728",1325,124,183
1757740611,2025-09-13T05:16:51Z,CPA271,"52.419838,4.717185",1250,122,183
1757740622,2025-09-13T05:17:02Z,CPA271,"52.417912,4.727653",1125,122,183
1757740629,2025-09-13T05:17:09Z,CPA271,"52.413723,4.72726",1050,121,183
1757740636,2025-09-13T05:17:16Z,CPA271,"52.405865,4.728298",950,121,183
1757740645,2025-09-13T05:17:25Z,CPA271,"52.399498,4.727556",875,122,183
1757740651,2025-09-13T05:17:31Z,CPA271,"52.394096,4.727612",800,123,183
1757740659,2025-09-13T05:17:39Z,CPA271,"52.387691,4.726935",700,124,183
1757740668,2025-09-13T05:17:48Z,CPA271,"52.381348,4.726305",625,126,183
1757740674,2025-09-13T05:17:54Z,CPA271,"52.376324,4.725927",550,126,183
1757740682,2025-09-13T05:18:02Z,CPA271,"52.370388,4.724726",450,125,183
1757740691,2025-09-13T05:18:11Z,CPA271,"52.364475,4.72363",350,125,183
1757740697,2025-09-13T05:18:17Z,CPA271,"52.361008,4.722581",275,125,183
1757740705,2025-09-13T05:18:25Z,CPA271,"52.356209,4.721097",175,126,183
1757740714,2025-09-13T05:18:34Z,CPA271,"52.351757,4.719027",100,127,183
1757740724,2025-09-13T05:18:44Z,CPA271,"52.346859,4.716749",25,123,183
1757740733,2025-09-13T05:18:53Z,CPA271,"52.343468,4.714931",0,123,183
1757740787,2025-09-13T05:19:47Z,CPA271,"52.339207,4.712661",0,7,22
1757740795,2025-09-13T05:19:55Z,CPA271,"52.339611,4.713927",0,26,59
1757740808,2025-09-13T05:20:08Z,CPA271,"52.339146,4.713884",0,9,204
1757740809,2025-09-13T05:20:09Z,CPA271,"52.338928,4.713794",0,12,203
1757740855,2025-09-13T05:20:55Z,CPA271,"52.337223,4.713359",0,6,173
1757741067,2025-09-13T05:24:27Z,CPA271,"52.329414,4.718238",0,0,158
