Timestamp,UTC,Callsign,Position,Altitude,Speed,Direction
1757549250,2025-09-11T00:07:30Z,CPA257,"22.315153,113.923912",0,0,205
1757549334,2025-09-11T00:08:54Z,CPA257,"22.315372,113.924026",0,2,205
1757549353,2025-09-11T00:09:13Z,CPA257,"22.315584,113.924103",0,0,213
1757549378,2025-09-11T00:09:38Z,CPA257,"22.31584,113.924179",0,2,236
1757549407,2025-09-11T00:10:07Z,CPA257,"22.316082,113.9244",0,3,264
1757549433,2025-09-11T00:10:33Z,CPA257,"22.316212,113.92466",0,2,295
1757549456,2025-09-11T00:10:56Z,CPA257,"22.316118,113.924904",0,2,295
1757549734,2025-09-11T00:15:34Z,CPA257,"22.316282,113.924622",0,4,298
1757549749,2025-09-11T00:15:49Z,CPA257,"22.316563,113.924438",0,6,323
1757549758,2025-09-11T00:15:58Z,CPA257,"22.316803,113.924377",0,6,334
1757549766,2025-09-11T00:16:06Z,CPA257,"22.317015,113.924309",0,6,337
1757549773,2025-09-11T00:16:13Z,CPA257,"22.317215,113.924225",0,6,340
1757549783,2025-09-11T00:16:23Z,CPA257,"22.317398,113.924004",0,7,320
1757549788,2025-09-11T00:16:28Z,CPA257,"22.317423,113.923775",0,7,298
1757549796,2025-09-11T00:16:36Z,CPA257,"22.317364,113.923553",0,6,275
1757549805,2025-09-11T00:16:45Z,CPA257,"22.317284,113.923332",0,5,261
1757549821,2025-09-11T00:17:01Z,CPA257,"22.317131,113.922935",0,7,253
1757549830,2025-09-11T00:17:10Z,CPA257,"22.317032,113.922646",0,0,253
1757549839,2025-09-11T00:17:19Z,CPA257,"22.316933,113.922333",0,8,250
1757549847,2025-09-11T00:17:27Z,CPA257,"22.316828,113.921989",0,9,250
1757549855,2025-09-11T00:17:35Z,CPA257,"22.3167,113.921593",0,10,250
1757549862,2025-09-11T00:17:42Z,CPA257,"22.316584,113.921242",0,11,250
1757549869,2025-09-11T00:17:49Z,CPA257,"22.316471,113.920906",0,12,250
1757549876,2025-09-11T00:17:56Z,CPA257,"22.316334,113.920471",0,13,250
1757549884,2025-09-11T00:18:04Z,CPA257,"22.316177,113.919998",0,13,250
1757549891,2025-09-11T00:18:11Z,CPA257,"22.316038,113.919548",0,14,250
1757549898,2025-09-11T00:18:18Z,CPA257,"22.315874,113.919067",0,14,250
1757549904,2025-09-11T00:18:24Z,CPA257,"22.31575,113.918663",0,14,250
1757549911,2025-09-11T00:18:31Z,CPA257,"22.31559,113.918144",0,14,250
1757549919,2025-09-11T00:18:39Z,CPA257,"22.31542,113.917603",0,14,250
1757549926,2025-09-11T00:18:46Z,CPA257,"22.315269,113.917152",0,15,250
1757549934,2025-09-11T00:18:54Z,CPA257,"22.315098,113.916603",0,15,250
1757549941,2025-09-11T00:19:01Z,CPA257,"22.31492,113.916069",0,15,250
1757549948,2025-09-11T00:19:08Z,CPA257,"22.314789,113.915649",0,15,250
1757549955,2025-09-11T00:19:15Z,CPA257,"22.31464,113.915199",0,15,250
1757549964,2025-09-11T00:19:24Z,CPA257,"22.314388,113.914413",0,16,250
1757549971,2025-09-11T00:19:31Z,CPA257,"22.314211,113.913857",0,16,250
1757549982,2025-09-11T00:19:42Z,CPA257,"22.313931,113.912987",0,17,250
1757549990,2025-09-11T00:19:50Z,CPA257,"22.313725,113.912376",0,17,250
1757549996,2025-09-11T00:19:56Z,CPA257,"22.313547,113.911819",0,17,250
1757550004,2025-09-11T00:20:04Z,CPA257,"22.313358,113.911209",0,17,250
1757550010,2025-09-11T00:20:10Z,CPA257,"22.313187,113.910698",0,18,250
1757550018,2025-09-11T00:20:18Z,CPA257,"22.312946,113.909943",0,18,250
1757550026,2025-09-11T00:20:26Z,CPA257,"22.31274,113.909294",0,18,250
1757550032,2025-09-11T00:20:32Z,CPA257,"22.312546,113.908714",0,18,250
1757550039,2025-09-11T00:20:39Z,CPA257,"22.31237,113.908142",0,18,250
1757550046,2025-09-11T00:20:46Z,CPA257,"22.312157,113.907471",0,19,250
1757550053,2025-09-11T00:20:53Z,CPA257,"22.311941,113.906822",0,19,250
1757550060,2025-09-11T00:21:00Z,CPA257,"22.311733,113.906189",0,19,250
1757550069,2025-09-11T00:21:09Z,CPA257,"22.31151,113.905487",0,15,250
1757550075,2025-09-11T00:21:15Z,CPA257,"22.311359,113.905029",0,15,250
1757550083,2025-09-11T00:21:23Z,CPA257,"22.311195,113.904495",0,15,250
1757550090,2025-09-11T00:21:30Z,CPA257,"22.311058,113.904091",0,15,250
1757550096,2025-09-11T00:21:36Z,CPA257,"22.310886,113.903542",0,15,250
1757550104,2025-09-11T00:21:44Z,CPA257,"22.310707,113.902992",0,15,250
1757550111,2025-09-11T00:21:51Z,CPA257,"22.310545,113.902458",0,16,250
1757550118,2025-09-11T00:21:58Z,CPA257,"22.310349,113.901878",0,16,250
1757550128,2025-09-11T00:22:08Z,CPA257,"22.310131,113.901222",0,16,250
1757550136,2025-09-11T00:22:16Z,CPA257,"22.309927,113.900543",0,16,250
1757550142,2025-09-11T00:22:22Z,CPA257,"22.309753,113.900032",0,16,250
1757550150,2025-09-11T00:22:30Z,CPA257,"22.309578,113.899483",0,13,250
1757550156,2025-09-11T00:22:36Z,CPA257,"22.30945,113.899094",0,12,250
1757550164,2025-09-11T00:22:44Z,CPA257,"22.309322,113.898712",0,10,250
1757550170,2025-09-11T00:22:50Z,CPA257,"22.309238,113.898422",0,8,250
1757550178,2025-09-11T00:22:58Z,CPA257,"22.309195,113.898186",0,7,258
1757550187,2025-09-11T00:23:07Z,CPA257,"22.309422,113.897987",0,7,298
1757550195,2025-09-11T00:23:15Z,CPA257,"22.30965,113.897972",0,5,329
1757550331,2025-09-11T00:25:31Z,CPA257,"22.309879,113.897957",0,5,343
1757550340,2025-09-11T00:25:40Z,CPA257,"22.310131,113.897858",0,8,343
1757550348,2025-09-11T00:25:48Z,CPA257,"22.310415,113.897758",0,9,340
1757550355,2025-09-11T00:25:55Z,CPA257,"22.310692,113.897659",0,8,340
1757550361,2025-09-11T00:26:01Z,CPA257,"22.310905,113.897728",0,8,2
1757550368,2025-09-11T00:26:08Z,CPA257,"22.311022,113.897934",0,6,30
1757550377,2025-09-11T00:26:17Z,CPA257,"22.311047,113.89817",0,5,56
1757550395,2025-09-11T00:26:35Z,CPA257,"22.311056,113.898376",0,1,70
1757550424,2025-09-11T00:27:04Z,CPA257,"22.311172,113.89872",0,23,70
1757550431,2025-09-11T00:27:11Z,CPA257,"22.311672,113.900261",0,60,70
1757550438,2025-09-11T00:27:18Z,CPA257,"22.312546,113.902969",0,92,70
1757550445,2025-09-11T00:27:25Z,CPA257,"22.313553,113.906151",75,120,71
1757550452,2025-09-11T00:27:32Z,CPA257,"22.314861,113.910217",50,147,70
1757550461,2025-09-11T00:27:41Z,CPA257,"22.317078,113.917084",50,177,70
1757550468,2025-09-11T00:27:48Z,CPA257,"22.319237,113.923744",125,192,70
1757550476,2025-09-11T00:27:56Z,CPA257,"22.321566,113.930817",450,191,70
1757550482,2025-09-11T00:28:02Z,CPA257,"22.323303,113.936111",725,189,70
1757550490,2025-09-11T00:28:10Z,CPA257,"22.325684,113.943504",1125,188,70
1757550499,2025-09-11T00:28:19Z,CPA257,"22.328129,113.951111",1450,191,70
1757550507,2025-09-11T00:28:27Z,CPA257,"22.330536,113.958534",1800,192,70
1757550515,2025-09-11T00:28:35Z,CPA257,"22.333145,113.966225",1975,197,67
1757550517,2025-09-11T00:28:37Z,CPA257,"22.333855,113.968048",2000,199,65
1757550519,2025-09-11T00:28:39Z,CPA257,"22.334833,113.970184",2025,201,62
1757550521,2025-09-11T00:28:41Z,CPA257,"22.335764,113.972069",2050,203,59
1757550523,2025-09-11T00:28:43Z,CPA257,"22.336788,113.973846",2050,205,57
1757550525,2025-09-11T00:28:45Z,CPA257,"22.33786,113.975563",2075,207,56
1757550528,2025-09-11T00:28:48Z,CPA257,"22.33893,113.977303",2100,209,55
1757550530,2025-09-11T00:28:50Z,CPA257,"22.340286,113.979362",2125,211,55
1757550532,2025-09-11T00:28:52Z,CPA257,"22.341444,113.981117",2150,212,55
1757550534,2025-09-11T00:28:54Z,CPA257,"22.342575,113.982857",2175,214,55
1757550536,2025-09-11T00:28:56Z,CPA257,"22.343719,113.98465",2200,216,55
1757550538,2025-09-11T00:28:58Z,CPA257,"22.344864,113.986397",2225,218,55
1757550540,2025-09-11T00:29:00Z,CPA257,"22.346008,113.988197",2250,219,55
1757550543,2025-09-11T00:29:03Z,CPA257,"22.347473,113.990448",2275,221,55
1757550545,2025-09-11T00:29:05Z,CPA257,"22.348801,113.992592",2300,224,55
1757550547,2025-09-11T00:29:07Z,CPA257,"22.350008,113.994499",2350,224,55
1757550549,2025-09-11T00:29:09Z,CPA257,"22.351173,113.996277",2375,225,55
1757550558,2025-09-11T00:29:18Z,CPA257,"22.356216,114.00428",2575,226,55
1757550564,2025-09-11T00:29:24Z,CPA257,"22.359831,114.010063",2750,226,55
1757550572,2025-09-11T00:29:32Z,CPA257,"22.364859,114.017998",2975,226,55
1757550581,2025-09-11T00:29:41Z,CPA257,"22.36972,114.025749",3175,228,55
1757550587,2025-09-11T00:29:47Z,CPA257,"22.373611,114.031929",3375,226,55
1757550595,2025-09-11T00:29:55Z,CPA257,"22.378555,114.039833",3600,226,55
1757550604,2025-09-11T00:30:04Z,CPA257,"22.383545,114.047722",3800,228,55
1757550612,2025-09-11T00:30:12Z,CPA257,"22.388443,114.055565",3975,229,56
1757550621,2025-09-11T00:30:21Z,CPA257,"22.393536,114.063667",4200,230,55
1757550627,2025-09-11T00:30:27Z,CPA257,"22.397415,114.070145",4375,229,59
1757550629,2025-09-11T00:30:29Z,CPA257,"22.398283,114.071861",4425,230,61
1757550631,2025-09-11T00:30:31Z,CPA257,"22.399292,114.074043",4475,230,65
1757550633,2025-09-11T00:30:33Z,CPA257,"22.400286,114.076691",4525,228,70
1757550635,2025-09-11T00:30:35Z,CPA257,"22.400894,114.078789",4550,229,75
1757550637,2025-09-11T00:30:37Z,CPA257,"22.401306,114.080933",4600,229,80
1757550639,2025-09-11T00:30:39Z,CPA257,"22.401634,114.083099",4625,230,84
1757550641,2025-09-11T00:30:41Z,CPA257,"22.401728,114.085487",4675,229,89
1757550644,2025-09-11T00:30:44Z,CPA257,"22.401627,114.088425",4700,229,95
1757550646,2025-09-11T00:30:46Z,CPA257,"22.401352,114.090721",4725,230,99
1757550648,2025-09-11T00:30:48Z,CPA257,"22.400936,114.092964",4750,230,104
1757550650,2025-09-11T00:30:50Z,CPA257,"22.400345,114.095116",4775,232,107
1757550652,2025-09-11T00:30:52Z,CPA257,"22.399429,114.097809",4800,234,110
1757550654,2025-09-11T00:30:54Z,CPA257,"22.398605,114.100006",4825,235,113
1757550656,2025-09-11T00:30:56Z,CPA257,"22.397678,114.102226",4850,237,114
1757550658,2025-09-11T00:30:58Z,CPA257,"22.396748,114.104408",4875,239,114
1757550660,2025-09-11T00:31:00Z,CPA257,"22.395813,114.106552",4875,241,115
1757550663,2025-09-11T00:31:03Z,CPA257,"22.394651,114.109192",4900,242,115
1757550665,2025-09-11T00:31:05Z,CPA257,"22.393616,114.111595",4925,245,115
1757550667,2025-09-11T00:31:07Z,CPA257,"22.392557,114.114075",4950,246,115
1757550669,2025-09-11T00:31:09Z,CPA257,"22.391602,114.116241",4975,247,114
1757550671,2025-09-11T00:31:11Z,CPA257,"22.390509,114.118752",5000,249,114
1757550673,2025-09-11T00:31:13Z,CPA257,"22.389578,114.12104",5025,251,114
1757550676,2025-09-11T00:31:16Z,CPA257,"22.388508,114.123482",5050,252,114
1757550678,2025-09-11T00:31:18Z,CPA257,"22.387436,114.125977",5075,254,114
1757550690,2025-09-11T00:31:30Z,CPA257,"22.38106,114.141182",5250,264,114
1757550703,2025-09-11T00:31:43Z,CPA257,"22.374821,114.156441",5425,273,113
1757550717,2025-09-11T00:31:57Z,CPA257,"22.367249,114.175018",5800,278,113
1757550730,2025-09-11T00:32:10Z,CPA257,"22.360577,114.191689",6225,277,113
1757550744,2025-09-11T00:32:24Z,CPA257,"22.353928,114.208427",6575,280,113
1757550756,2025-09-11T00:32:36Z,CPA257,"22.347448,114.224495",6950,281,113
1757550770,2025-09-11T00:32:50Z,CPA257,"22.340103,114.242485",7300,285,113
1757550784,2025-09-11T00:33:04Z,CPA257,"22.332642,114.260559",7675,286,113
1757550797,2025-09-11T00:33:17Z,CPA257,"22.325363,114.278191",8075,288,114
1757550812,2025-09-11T00:33:32Z,CPA257,"22.317469,114.297028",8500,288,114
1757550826,2025-09-11T00:33:46Z,CPA257,"22.309525,114.316093",8900,289,114
1757550842,2025-09-11T00:34:02Z,CPA257,"22.300919,114.336517",9300,292,114
1757550855,2025-09-11T00:34:15Z,CPA257,"22.293495,114.354301",9625,296,112
1757550861,2025-09-11T00:34:21Z,CPA257,"22.290665,114.363533",9775,298,104
1757550863,2025-09-11T00:34:23Z,CPA257,"22.290161,114.366081",9800,298,99
1757550865,2025-09-11T00:34:25Z,CPA257,"22.289795,114.368927",9850,299,97
1757550868,2025-09-11T00:34:28Z,CPA257,"22.289492,114.372612",9900,300,93
1757550870,2025-09-11T00:34:30Z,CPA257,"22.289444,114.374794",9925,301,88
1757550872,2025-09-11T00:34:32Z,CPA257,"22.289583,114.379219",9975,302,86
1757550875,2025-09-11T00:34:35Z,CPA257,"22.290207,114.384102",10050,301,81
1757550877,2025-09-11T00:34:37Z,CPA257,"22.290802,114.386955",10100,302,76
1757550880,2025-09-11T00:34:40Z,CPA257,"22.291718,114.390549",10175,302,72
1757550882,2025-09-11T00:34:42Z,CPA257,"22.292562,114.393158",10200,302,68
1757550884,2025-09-11T00:34:44Z,CPA257,"22.294193,114.397278",10275,302,66
1757550886,2025-09-11T00:34:46Z,CPA257,"22.29538,114.399788",10325,303,62
1757550889,2025-09-11T00:34:49Z,CPA257,"22.296753,114.402382",10375,304,58
1757550891,2025-09-11T00:34:51Z,CPA257,"22.298447,114.405128",10425,304,54
1757550893,2025-09-11T00:34:53Z,CPA257,"22.30057,114.408112",10475,304,51
1757550895,2025-09-11T00:34:55Z,CPA257,"22.302246,114.410225",10500,304,47
1757550897,2025-09-11T00:34:57Z,CPA257,"22.304123,114.412323",10550,304,44
1757550899,2025-09-11T00:34:59Z,CPA257,"22.306156,114.414314",10600,305,40
1757550901,2025-09-11T00:35:01Z,CPA257,"22.308838,114.416718",10650,304,38
1757550904,2025-09-11T00:35:04Z,CPA257,"22.311813,114.418915",10725,304,33
1757550906,2025-09-11T00:35:06Z,CPA257,"22.31435,114.42057",10775,304,29
1757550908,2025-09-11T00:35:08Z,CPA257,"22.316849,114.421959",10825,304,25
1757550910,2025-09-11T00:35:10Z,CPA257,"22.319937,114.42347",10875,304,22
1757550912,2025-09-11T00:35:12Z,CPA257,"22.323029,114.424706",10925,304,19
1757550915,2025-09-11T00:35:15Z,CPA257,"22.325382,114.425453",10975,304,15
1757550917,2025-09-11T00:35:17Z,CPA257,"22.328796,114.426353",11000,306,12
1757550919,2025-09-11T00:35:19Z,CPA257,"22.331589,114.426903",11050,306,8
1757550921,2025-09-11T00:35:21Z,CPA257,"22.334427,114.427299",11100,306,5
1757550923,2025-09-11T00:35:23Z,CPA257,"22.337723,114.427498",11125,306,1
1757550925,2025-09-11T00:35:25Z,CPA257,"22.340652,114.427551",11175,307,358
1757550928,2025-09-11T00:35:28Z,CPA257,"22.343491,114.427399",11225,306,356
1757550930,2025-09-11T00:35:30Z,CPA257,"22.346237,114.4272",11250,307,354
1757550932,2025-09-11T00:35:32Z,CPA257,"22.349636,114.426781",11300,308,352
1757550934,2025-09-11T00:35:34Z,CPA257,"22.353195,114.426201",11325,309,350
1757550936,2025-09-11T00:35:36Z,CPA257,"22.35648,114.425606",11375,310,350
1757550938,2025-09-11T00:35:38Z,CPA257,"22.3591,114.425102",11375,312,349
1757550940,2025-09-11T00:35:40Z,CPA257,"22.361847,114.424553",11400,313,348
1757550942,2025-09-11T00:35:42Z,CPA257,"22.364594,114.423958",11425,315,348
1757550944,2025-09-11T00:35:44Z,CPA257,"22.368164,114.423157",11425,316,348
1757550946,2025-09-11T00:35:46Z,CPA257,"22.370817,114.422554",11450,317,348
1757550949,2025-09-11T00:35:49Z,CPA257,"22.373796,114.421898",11475,319,347
1757550951,2025-09-11T00:35:51Z,CPA257,"22.37673,114.421181",11500,320,347
1757550953,2025-09-11T00:35:53Z,CPA257,"22.380661,114.420258",11550,321,347
1757550955,2025-09-11T00:35:55Z,CPA257,"22.383574,114.419556",11575,321,347
1757550968,2025-09-11T00:36:08Z,CPA257,"22.402496,114.414818",11925,322,346
1757550983,2025-09-11T00:36:23Z,CPA257,"22.424011,114.409225",12325,322,346
1757550995,2025-09-11T00:36:35Z,CPA257,"22.44195,114.403023",12625,324,334
1757550998,2025-09-11T00:36:38Z,CPA257,"22.444557,114.401604",12675,324,330
1757551000,2025-09-11T00:36:40Z,CPA257,"22.447861,114.399437",12725,325,326
1757551002,2025-09-11T00:36:42Z,CPA257,"22.450607,114.397331",12775,325,323
1757551004,2025-09-11T00:36:44Z,CPA257,"22.45285,114.39534",12800,325,318
1757551006,2025-09-11T00:36:46Z,CPA257,"22.455322,114.392891",12850,327,315
1757551008,2025-09-11T00:36:48Z,CPA257,"22.457451,114.390511",12875,327,311
1757551010,2025-09-11T00:36:50Z,CPA257,"22.459312,114.388123",12925,328,308
1757551013,2025-09-11T00:36:53Z,CPA257,"22.461411,114.385201",12950,328,304
1757551015,2025-09-11T00:36:55Z,CPA257,"22.463083,114.382423",13000,329,301
1757551017,2025-09-11T00:36:57Z,CPA257,"22.464981,114.378914",13025,329,298
1757551019,2025-09-11T00:36:59Z,CPA257,"22.466621,114.375359",13075,330,294
1757551021,2025-09-11T00:37:01Z,CPA257,"22.467787,114.372307",13100,332,291
1757551024,2025-09-11T00:37:04Z,CPA257,"22.468903,114.369202",13125,331,289
1757551026,2025-09-11T00:37:06Z,CPA257,"22.470114,114.365334",13175,331,287
1757551028,2025-09-11T00:37:08Z,CPA257,"22.470999,114.362282",13200,332,287
1757551030,2025-09-11T00:37:10Z,CPA257,"22.471848,114.359238",13250,333,286
1757551032,2025-09-11T00:37:12Z,CPA257,"22.472813,114.355774",13300,334,286
1757551034,2025-09-11T00:37:14Z,CPA257,"22.473885,114.351959",13350,334,286
1757551036,2025-09-11T00:37:16Z,CPA257,"22.474731,114.348747",13400,333,286
1757551039,2025-09-11T00:37:19Z,CPA257,"22.475739,114.345207",13450,333,286
1757551041,2025-09-11T00:37:21Z,CPA257,"22.476725,114.341736",13500,333,286
1757551043,2025-09-11T00:37:23Z,CPA257,"22.477661,114.33831",13550,334,286
1757551045,2025-09-11T00:37:25Z,CPA257,"22.478865,114.334106",13625,333,286
1757551047,2025-09-11T00:37:27Z,CPA257,"22.47975,114.330902",13675,333,286
1757551079,2025-09-11T00:37:59Z,CPA257,"22.494646,114.279732",14325,336,289
1757551111,2025-09-11T00:38:31Z,CPA257,"22.511536,114.229546",14975,338,290
1757551143,2025-09-11T00:39:03Z,CPA257,"22.528536,114.178619",15550,342,289
1757551164,2025-09-11T00:39:24Z,CPA257,"22.540733,114.145508",15950,342,299
1757551166,2025-09-11T00:39:26Z,CPA257,"22.542252,114.142807",15975,342,302
1757551168,2025-09-11T00:39:28Z,CPA257,"22.544037,114.139961",16000,343,306
1757551170,2025-09-11T00:39:30Z,CPA257,"22.546417,114.136711",16025,343,309
1757551172,2025-09-11T00:39:32Z,CPA257,"22.548601,114.134064",16050,343,313
1757551174,2025-09-11T00:39:34Z,CPA257,"22.550417,114.132133",16050,344,316
1757551176,2025-09-11T00:39:36Z,CPA257,"22.55279,114.129791",16075,344,319
1757551178,2025-09-11T00:39:38Z,CPA257,"22.555677,114.127251",16075,345,323
1757551180,2025-09-11T00:39:40Z,CPA257,"22.558731,114.124977",16100,345,326
1757551183,2025-09-11T00:39:43Z,CPA257,"22.56189,114.122833",16125,346,329
1757551185,2025-09-11T00:39:45Z,CPA257,"22.564682,114.121185",16125,346,332
1757551187,2025-09-11T00:39:47Z,CPA257,"22.567612,114.119637",16150,348,334
1757551189,2025-09-11T00:39:49Z,CPA257,"22.570541,114.118187",16150,348,336
1757551191,2025-09-11T00:39:51Z,CPA257,"22.573273,114.11692",16175,350,337
1757551193,2025-09-11T00:39:53Z,CPA257,"22.576859,114.115349",16175,350,337
1757551195,2025-09-11T00:39:55Z,CPA257,"22.579422,114.114189",16200,351,337
1757551197,2025-09-11T00:39:57Z,CPA257,"22.583282,114.112495",16200,352,337
1757551199,2025-09-11T00:39:59Z,CPA257,"22.585703,114.111427",16225,353,337
1757551201,2025-09-11T00:40:01Z,CPA257,"22.589334,114.109749",16225,356,336
1757551203,2025-09-11T00:40:03Z,CPA257,"22.592239,114.108398",16250,355,336
1757551206,2025-09-11T00:40:06Z,CPA257,"22.595993,114.106598",16275,358,336
1757551208,2025-09-11T00:40:08Z,CPA257,"22.598783,114.105278",16275,358,335
1757551239,2025-09-11T00:40:39Z,CPA257,"22.647385,114.080452",16525,374,334
1757551271,2025-09-11T00:41:11Z,CPA257,"22.697617,114.054214",16825,390,334
1757551302,2025-09-11T00:41:42Z,CPA257,"22.749474,114.027351",17500,391,334
1757551334,2025-09-11T00:42:14Z,CPA257,"22.801846,114.00045",17975,398,334
1757551365,2025-09-11T00:42:45Z,CPA257,"22.854538,113.97332",18500,404,334
1757551397,2025-09-11T00:43:17Z,CPA257,"22.908495,113.945465",19050,409,334
1757551430,2025-09-11T00:43:50Z,CPA257,"22.964499,113.91642",19550,414,334
1757551460,2025-09-11T00:44:20Z,CPA257,"23.017639,113.888672",20000,419,334
1757551492,2025-09-11T00:44:52Z,CPA257,"23.071709,113.856453",20475,426,327
1757551524,2025-09-11T00:45:24Z,CPA257,"23.123291,113.815163",21150,425,320
1757551555,2025-09-11T00:45:55Z,CPA257,"23.167326,113.770699",21700,427,315
1757551587,2025-09-11T00:46:27Z,CPA257,"23.213413,113.722534",22175,430,316
1757551618,2025-09-11T00:46:58Z,CPA257,"23.258469,113.67569",22525,436,316
1757551650,2025-09-11T00:47:30Z,CPA257,"23.305214,113.626762",22825,442,315
1757551681,2025-09-11T00:48:01Z,CPA257,"23.351021,113.578743",23375,440,315
1757551695,2025-09-11T00:48:15Z,CPA257,"23.37117,113.553886",23650,441,305
1757551697,2025-09-11T00:48:17Z,CPA257,"23.373505,113.55024",23675,442,303
1757551700,2025-09-11T00:48:20Z,CPA257,"23.375702,113.546501",23675,443,302
1757551703,2025-09-11T00:48:23Z,CPA257,"23.378769,113.540955",23700,444,299
1757551711,2025-09-11T00:48:31Z,CPA257,"23.386276,113.525223",23725,447,295
1757551713,2025-09-11T00:48:33Z,CPA257,"23.387238,113.523125",23725,447,295
1757551722,2025-09-11T00:48:42Z,CPA257,"23.389473,113.518066",23750,447,295
1757551760,2025-09-11T00:49:20Z,CPA257,"23.432209,113.424477",24125,455,297
1757551793,2025-09-11T00:49:53Z,CPA257,"23.465607,113.355988",24475,460,297
1757551826,2025-09-11T00:50:26Z,CPA257,"23.497429,113.289894",24650,466,297
1757551871,2025-09-11T00:51:11Z,CPA257,"23.53174,113.218132",25000,470,297
1757551906,2025-09-11T00:51:46Z,CPA257,"23.56682,113.144676",25450,468,298
1757551942,2025-09-11T00:52:22Z,CPA257,"23.61474,113.044342",25875,473,297
1757551976,2025-09-11T00:52:56Z,CPA257,"23.649078,112.972206",26050,478,297
1757552003,2025-09-11T00:53:23Z,CPA257,"23.6619,112.945213",26125,480,298
1757552038,2025-09-11T00:53:58Z,CPA257,"23.701492,112.861885",26425,484,297
1757552073,2025-09-11T00:54:33Z,CPA257,"23.750656,112.764488",26800,486,307
1757552081,2025-09-11T00:54:41Z,CPA257,"23.755142,112.758385",26900,484,310
1757552086,2025-09-11T00:54:46Z,CPA257,"23.770317,112.740974",26950,484,315
1757552093,2025-09-11T00:54:53Z,CPA257,"23.781675,112.730507",27000,484,321
1757552097,2025-09-11T00:54:57Z,CPA257,"23.790573,112.723236",27050,483,323
1757552103,2025-09-11T00:55:03Z,CPA257,"23.801559,112.714844",27075,483,325
1757552109,2025-09-11T00:55:09Z,CPA257,"23.810577,112.708076",27125,483,325
1757552114,2025-09-11T00:55:14Z,CPA257,"23.816217,112.703873",27150,484,325
1757552143,2025-09-11T00:55:43Z,CPA257,"23.854568,112.675476",27325,485,326
1757552176,2025-09-11T00:56:16Z,CPA257,"23.915909,112.630157",27600,487,326
1757552205,2025-09-11T00:56:45Z,CPA257,"23.970978,112.58947",27600,484,326
1757552236,2025-09-11T00:57:16Z,CPA257,"24.027878,112.547096",27600,483,326
1757552271,2025-09-11T00:57:51Z,CPA257,"24.084595,112.500206",27600,487,314
1757552275,2025-09-11T00:57:55Z,CPA257,"24.09306,112.489929",27600,490,309
1757552280,2025-09-11T00:58:00Z,CPA257,"24.098921,112.481842",27600,491,307
1757552285,2025-09-11T00:58:05Z,CPA257,"24.104099,112.473877",27600,493,304
1757552290,2025-09-11T00:58:10Z,CPA257,"24.114618,112.455643",27600,495,301
1757552300,2025-09-11T00:58:20Z,CPA257,"24.125107,112.436981",27600,496,302
1757552356,2025-09-11T00:59:16Z,CPA257,"24.195694,112.319435",27600,500,304
1757552391,2025-09-11T00:59:51Z,CPA257,"24.241051,112.244049",27600,501,303
1757552420,2025-09-11T01:00:20Z,CPA257,"24.276573,112.184555",27600,502,303
1757552455,2025-09-11T01:00:55Z,CPA257,"24.323044,112.106728",27600,504,303
1757552470,2025-09-11T01:01:10Z,CPA257,"24.340675,112.077179",27600,504,303
1757552593,2025-09-11T01:03:13Z,CPA257,"24.500629,111.808174",27600,506,303
1757552623,2025-09-11T01:03:43Z,CPA257,"24.537781,111.745506",27600,505,303
1757552657,2025-09-11T01:04:17Z,CPA257,"24.579895,111.674248",27600,505,303
1757552667,2025-09-11T01:04:27Z,CPA257,"24.593033,111.652016",27600,505,303
1757552721,2025-09-11T01:05:21Z,CPA257,"24.663376,111.532944",27600,505,303
1757552745,2025-09-11T01:05:45Z,CPA257,"24.691679,111.484856",27600,506,303
1757552803,2025-09-11T01:06:43Z,CPA257,"24.766489,111.357788",27600,504,303
1757552833,2025-09-11T01:07:13Z,CPA257,"24.804615,111.292953",27600,506,303
1757552868,2025-09-11T01:07:48Z,CPA257,"24.848841,111.217659",27600,504,303
1757552902,2025-09-11T01:08:22Z,CPA257,"24.891907,111.144257",27600,500,303
1757552932,2025-09-11T01:08:52Z,CPA257,"24.928165,111.082451",27600,500,303
1757552966,2025-09-11T01:09:26Z,CPA257,"24.972153,111.007233",27600,500,303
1757552976,2025-09-11T01:09:36Z,CPA257,"24.982086,110.990242",27600,502,303
1757553032,2025-09-11T01:10:32Z,CPA257,"25.055374,110.864616",27600,505,303
1757553067,2025-09-11T01:11:07Z,CPA257,"25.099337,110.789085",27600,505,303
1757553096,2025-09-11T01:11:36Z,CPA257,"25.135927,110.72612",27600,505,303
1757553125,2025-09-11T01:12:05Z,CPA257,"25.170776,110.666199",27600,502,303
1757553168,2025-09-11T01:12:48Z,CPA257,"25.226006,110.570862",27600,503,302
1757553202,2025-09-11T01:13:22Z,CPA257,"25.268787,110.496964",27600,505,302
1757553232,2025-09-11T01:13:52Z,CPA257,"25.303619,110.436707",27600,506,302
1757553297,2025-09-11T01:14:57Z,CPA257,"25.388845,110.288849",27600,502,302
1757553331,2025-09-11T01:15:31Z,CPA257,"25.430283,110.216774",27600,499,302
1757553366,2025-09-11T01:16:06Z,CPA257,"25.473724,110.141144",27600,499,302
1757553395,2025-09-11T01:16:35Z,CPA257,"25.509649,110.078445",27600,500,302
1757553420,2025-09-11T01:17:00Z,CPA257,"25.539047,110.027161",27600,501,302
1757553583,2025-09-11T01:19:43Z,CPA257,"25.803162,109.732483",27600,503,310
1757553620,2025-09-11T01:20:20Z,CPA257,"25.849154,109.651215",27600,505,296
1757553633,2025-09-11T01:20:33Z,CPA257,"25.859529,109.623451",27600,505,291
1757553638,2025-09-11T01:20:38Z,CPA257,"25.86475,109.6064",27600,505,291
1757553670,2025-09-11T01:21:10Z,CPA257,"25.88525,109.526443",27600,505,286
1757553700,2025-09-11T01:21:40Z,CPA257,"25.904739,109.4552",27600,503,287
1757553735,2025-09-11T01:22:15Z,CPA257,"25.929016,109.365059",27600,505,287
1757553868,2025-09-11T01:24:28Z,CPA257,"26.016508,109.032707",27600,504,286
1757553901,2025-09-11T01:25:01Z,CPA257,"26.03797,108.950783",27600,504,286
1757553935,2025-09-11T01:25:35Z,CPA257,"26.05994,108.866692",27600,504,287
1757553978,2025-09-11T01:26:18Z,CPA257,"26.088091,108.75853",27600,503,287
1757554012,2025-09-11T01:26:52Z,CPA257,"26.10994,108.675331",27600,501,287
1757554047,2025-09-11T01:27:27Z,CPA257,"26.133129,108.588707",27600,501,287
1757554077,2025-09-11T01:27:57Z,CPA257,"26.152161,108.517029",27600,503,287
1757554111,2025-09-11T01:28:31Z,CPA257,"26.17708,108.430862",27600,502,291
1757554146,2025-09-11T01:29:06Z,CPA257,"26.210489,108.349022",27600,502,297
1757554176,2025-09-11T01:29:36Z,CPA257,"26.244095,108.27887",27600,502,303
1757554206,2025-09-11T01:30:06Z,CPA257,"26.284651,108.216385",27600,502,306
1757554241,2025-09-11T01:30:41Z,CPA257,"26.33111,108.142815",27600,504,305
1757554278,2025-09-11T01:31:18Z,CPA257,"26.379547,108.065407",27600,504,305
1757554312,2025-09-11T01:31:52Z,CPA257,"26.42276,107.99649",27600,502,305
1757554341,2025-09-11T01:32:21Z,CPA257,"26.464319,107.93026",27600,504,305
1757554376,2025-09-11T01:32:56Z,CPA257,"26.511154,107.855476",27600,503,305
1757554410,2025-09-11T01:33:30Z,CPA257,"26.556419,107.783012",27600,504,305
1757554447,2025-09-11T01:34:07Z,CPA257,"26.605768,107.703995",27600,502,305
1757554481,2025-09-11T01:34:41Z,CPA257,"26.650551,107.63205",27600,502,305
1757554495,2025-09-11T01:34:55Z,CPA257,"26.66773,107.604431",27600,502,305
1757554551,2025-09-11T01:35:51Z,CPA257,"26.743282,107.482315",27600,500,305
1757554580,2025-09-11T01:36:20Z,CPA257,"26.781223,107.420883",27600,500,305
1757554595,2025-09-11T01:36:35Z,CPA257,"26.799362,107.391563",27600,501,305
1757554651,2025-09-11T01:37:31Z,CPA257,"26.874115,107.270195",27600,498,304
1757554675,2025-09-11T01:37:55Z,CPA257,"26.905884,107.218529",27600,501,304
1757554717,2025-09-11T01:38:37Z,CPA257,"26.960821,107.129112",27600,502,304
1757554747,2025-09-11T01:39:07Z,CPA257,"27.000343,107.064674",27600,503,304
1757554782,2025-09-11T01:39:42Z,CPA257,"27.046692,106.98896",27600,502,304
1757554810,2025-09-11T01:40:10Z,CPA257,"27.083071,106.929352",27600,502,304
1757554830,2025-09-11T01:40:30Z,CPA257,"27.108032,106.888474",27600,501,304
1757554938,2025-09-11T01:42:18Z,CPA257,"27.250795,106.653954",27600,503,304
1757554973,2025-09-11T01:42:53Z,CPA257,"27.296402,106.578682",27600,500,304
1757555008,2025-09-11T01:43:28Z,CPA257,"27.342131,106.503204",27600,499,305
1757555038,2025-09-11T01:43:58Z,CPA257,"27.380676,106.439346",27600,500,304
1757555073,2025-09-11T01:44:33Z,CPA257,"27.424709,106.366409",27600,501,305
1757555086,2025-09-11T01:44:46Z,CPA257,"27.44031,106.34053",27600,502,305
1757555143,2025-09-11T01:45:43Z,CPA257,"27.515909,106.21492",27600,502,305
1757555178,2025-09-11T01:46:18Z,CPA257,"27.562731,106.136948",27600,502,304
1757555211,2025-09-11T01:46:51Z,CPA257,"27.606449,106.064034",27600,500,304
1757555240,2025-09-11T01:47:20Z,CPA257,"27.643021,106.002876",27600,498,304
1757555278,2025-09-11T01:47:58Z,CPA257,"27.691971,105.920242",27600,500,302
1757555312,2025-09-11T01:48:32Z,CPA257,"27.72908,105.842339",27600,499,295
1757555346,2025-09-11T01:49:06Z,CPA257,"27.75803,105.759407",27600,498,289
1757555376,2025-09-11T01:49:36Z,CPA257,"27.778049,105.68663",27600,496,287
1757555411,2025-09-11T01:50:11Z,CPA257,"27.80415,105.599602",27600,494,292
1757555440,2025-09-11T01:50:40Z,CPA257,"27.830521,105.53228",27600,493,295
1757555483,2025-09-11T01:51:23Z,CPA257,"27.86994,105.430557",27600,493,294
1757555510,2025-09-11T01:51:50Z,CPA257,"27.895451,105.366707",27600,492,296
1757555540,2025-09-11T01:52:20Z,CPA257,"27.92864,105.299942",27600,497,303
1757555575,2025-09-11T01:52:55Z,CPA257,"27.97467,105.228638",27600,498,308
1757555605,2025-09-11T01:53:25Z,CPA257,"28.020817,105.170715",28075,496,314
1757555652,2025-09-11T01:54:12Z,CPA257,"28.104889,105.088699",28600,494,323
1757555680,2025-09-11T01:54:40Z,CPA257,"28.158142,105.04879",28825,498,329
1757555715,2025-09-11T01:55:15Z,CPA257,"28.226717,105.001076",29000,501,328
1757555755,2025-09-11T01:55:55Z,CPA257,"28.3039,104.946632",29225,503,329
1757555798,2025-09-11T01:56:38Z,CPA257,"28.389311,104.886581",29525,505,329
1757555825,2025-09-11T01:57:05Z,CPA257,"28.443138,104.848885",29650,508,328
1757555868,2025-09-11T01:57:48Z,CPA257,"28.532705,104.786362",29800,511,328
1757555902,2025-09-11T01:58:22Z,CPA257,"28.60076,104.738701",29975,515,329
1757555931,2025-09-11T01:58:51Z,CPA257,"28.65686,104.699379",30100,516,329
1757555963,2025-09-11T01:59:23Z,CPA257,"28.725758,104.650917",30100,521,328
1757555997,2025-09-11T01:59:57Z,CPA257,"28.79562,104.60173",30100,519,328
1757556025,2025-09-11T02:00:25Z,CPA257,"28.852203,104.561905",30100,517,329
1757556067,2025-09-11T02:01:07Z,CPA257,"28.93689,104.50174",30100,513,327
1757556101,2025-09-11T02:01:41Z,CPA257,"29.006374,104.452141",30100,517,328
1757556136,2025-09-11T02:02:16Z,CPA257,"29.073967,104.405556",30100,517,331
1757556173,2025-09-11T02:02:53Z,CPA257,"29.160507,104.360397",30100,519,338
1757556201,2025-09-11T02:03:21Z,CPA257,"29.220375,104.337105",30100,519,343
1757556225,2025-09-11T02:03:45Z,CPA257,"29.279589,104.31987",30100,519,347
1757556265,2025-09-11T02:04:25Z,CPA257,"29.374788,104.303551",30100,519,355
1757556303,2025-09-11T02:05:03Z,CPA257,"29.46752,104.300858",30100,521,1
1757556331,2025-09-11T02:05:31Z,CPA257,"29.530598,104.306351",30100,519,6
1757556340,2025-09-11T02:05:40Z,CPA257,"29.550289,104.309273",30100,519,8
1757556396,2025-09-11T02:06:36Z,CPA257,"29.688675,104.333038",30100,519,8
1757556428,2025-09-11T02:07:08Z,CPA257,"29.764893,104.345818",30100,521,8
1757556458,2025-09-11T02:07:38Z,CPA257,"29.836533,104.358078",30100,517,8
1757556492,2025-09-11T02:08:12Z,CPA257,"29.916779,104.371788",30100,515,8
1757556526,2025-09-11T02:08:46Z,CPA257,"30.023121,104.390114",30100,511,8
1757556560,2025-09-11T02:09:20Z,CPA257,"30.100258,104.403351",30100,510,8
1757556590,2025-09-11T02:09:50Z,CPA257,"30.172089,104.420601",30100,511,16
1757556622,2025-09-11T02:10:22Z,CPA257,"30.243219,104.447845",30100,512,18
1757556653,2025-09-11T02:10:53Z,CPA257,"30.312071,104.474594",30100,513,18
1757556683,2025-09-11T02:11:23Z,CPA257,"30.381014,104.501236",30100,514,18
1757556716,2025-09-11T02:11:56Z,CPA257,"30.455265,104.5298",30125,518,18
1757556748,2025-09-11T02:12:28Z,CPA257,"30.529097,104.558533",30100,517,18
1757556780,2025-09-11T02:13:00Z,CPA257,"30.602417,104.587044",30100,518,18
1757556812,2025-09-11T02:13:32Z,CPA257,"30.672478,104.614838",30100,518,19
1757556842,2025-09-11T02:14:02Z,CPA257,"30.742218,104.64257",30100,516,18
1757556864,2025-09-11T02:14:24Z,CPA257,"30.791702,104.657379",30100,514,8
1757556866,2025-09-11T02:14:26Z,CPA257,"30.797331,104.658234",30100,513,6
1757556868,2025-09-11T02:14:28Z,CPA257,"30.801498,104.658722",30100,513,5
1757556870,2025-09-11T02:14:30Z,CPA257,"30.807587,104.65937",30100,512,4
1757556872,2025-09-11T02:14:32Z,CPA257,"30.811935,104.659691",30100,512,3
1757556874,2025-09-11T02:14:34Z,CPA257,"30.816278,104.659935",30100,512,2
1757556876,2025-09-11T02:14:36Z,CPA257,"30.822376,104.660156",30100,512,1
1757556879,2025-09-11T02:14:39Z,CPA257,"30.827311,104.66021",30100,511,1
1757556881,2025-09-11T02:14:41Z,CPA257,"30.832626,104.660233",30100,511,359
1757556883,2025-09-11T02:14:43Z,CPA257,"30.837341,104.660179",30100,511,359
1757556885,2025-09-11T02:14:45Z,CPA257,"30.843231,104.660103",30100,510,359
1757556887,2025-09-11T02:14:47Z,CPA257,"30.848911,104.659988",30100,511,358
1757556889,2025-09-11T02:14:49Z,CPA257,"30.853241,104.659882",30100,510,358
1757556891,2025-09-11T02:14:51Z,CPA257,"30.857988,104.659775",30100,510,358
1757556894,2025-09-11T02:14:54Z,CPA257,"30.86404,104.65966",30100,510,358
1757556924,2025-09-11T02:15:24Z,CPA257,"30.935165,104.656517",30100,508,355
1757556957,2025-09-11T02:15:57Z,CPA257,"31.012217,104.64769",30100,510,354
1757556989,2025-09-11T02:16:29Z,CPA257,"31.08696,104.638855",30475,506,354
1757557022,2025-09-11T02:17:02Z,CPA257,"31.163139,104.629562",31000,498,353
1757557053,2025-09-11T02:17:33Z,CPA257,"31.234968,104.620552",31350,496,353
1757557085,2025-09-11T02:18:05Z,CPA257,"31.308847,104.612419",31550,495,356
1757557116,2025-09-11T02:18:36Z,CPA257,"31.37779,104.610222",31700,497,359
1757557149,2025-09-11T02:19:09Z,CPA257,"31.455093,104.603523",31875,495,350
1757557152,2025-09-11T02:19:12Z,CPA257,"31.461958,104.602036",31875,496,349
1757557155,2025-09-11T02:19:15Z,CPA257,"31.46608,104.601097",31850,495,348
1757557157,2025-09-11T02:19:17Z,CPA257,"31.472763,104.599487",31850,496,347
1757557159,2025-09-11T02:19:19Z,CPA257,"31.477066,104.598351",31850,496,346
1757557161,2025-09-11T02:19:21Z,CPA257,"31.481369,104.597168",31875,496,346
1757557163,2025-09-11T02:19:23Z,CPA257,"31.485992,104.595825",31875,496,345
1757557195,2025-09-11T02:19:55Z,CPA257,"31.556808,104.5746",31950,498,346
1757557228,2025-09-11T02:20:28Z,CPA257,"31.631268,104.55304",32000,501,345
1757557258,2025-09-11T02:20:58Z,CPA257,"31.700397,104.532333",32075,504,345
1757557289,2025-09-11T02:21:29Z,CPA257,"31.770367,104.511238",32100,505,345
1757557320,2025-09-11T02:22:00Z,CPA257,"31.838751,104.490517",32100,506,345
1757557353,2025-09-11T02:22:33Z,CPA257,"31.914585,104.46759",32100,507,345
1757557383,2025-09-11T02:23:03Z,CPA257,"31.984367,104.446465",32100,506,345
1757557414,2025-09-11T02:23:34Z,CPA257,"32.054718,104.425102",32100,506,345
1757557446,2025-09-11T02:24:06Z,CPA257,"32.126678,104.403191",32100,504,345
1757557477,2025-09-11T02:24:37Z,CPA257,"32.198227,104.381493",32100,502,345
1757557510,2025-09-11T02:25:10Z,CPA257,"32.270199,104.359467",32100,501,345
1757557542,2025-09-11T02:25:42Z,CPA257,"32.342422,104.337433",32100,498,345
1757557573,2025-09-11T02:26:13Z,CPA257,"32.411392,104.320961",32100,502,351
1757557606,2025-09-11T02:26:46Z,CPA257,"32.488861,104.312881",32100,508,358
1757557637,2025-09-11T02:27:17Z,CPA257,"32.56105,104.309967",32100,507,357
1757557672,2025-09-11T02:27:52Z,CPA257,"32.643951,104.305626",32100,508,357
1757557748,2025-09-11T02:29:08Z,CPA257,"32.798126,104.298103",32100,508,358
1757557776,2025-09-11T02:29:36Z,CPA257,"32.862854,104.294952",32100,507,358
1757557811,2025-09-11T02:30:11Z,CPA257,"32.945858,104.29097",32100,504,358
1757557841,2025-09-11T02:30:41Z,CPA257,"33.010471,104.287834",32100,504,358
1757557883,2025-09-11T02:31:23Z,CPA257,"33.108582,104.283051",32100,505,358
1757557918,2025-09-11T02:31:58Z,CPA257,"33.191422,104.27903",32100,506,358
1757557942,2025-09-11T02:32:22Z,CPA257,"33.249378,104.273033",32100,504,352
1757558291,2025-09-11T02:38:11Z,CPA257,"34.035919,104.112053",32100,511,345
1757558320,2025-09-11T02:38:40Z,CPA257,"34.106033,104.112053",32100,510,345
1757558366,2025-09-11T02:39:26Z,CPA257,"34.217243,104.112",32100,513,359
1757558385,2025-09-11T02:39:45Z,CPA257,"34.262054,104.112053",32100,513,359
1757558488,2025-09-11T02:41:28Z,CPA257,"34.51136,104.112053",32100,516,359
1757558523,2025-09-11T02:42:03Z,CPA257,"34.596741,104.112053",32100,516,359
1757558557,2025-09-11T02:42:37Z,CPA257,"34.677738,104.112053",32100,518,359
1757558588,2025-09-11T02:43:08Z,CPA257,"34.742661,104.112053",32100,516,359
1757558611,2025-09-11T02:43:31Z,CPA257,"34.797638,104.112053",32100,515,359
1757558667,2025-09-11T02:44:27Z,CPA257,"34.937119,104.112053",32100,510,359
1757558706,2025-09-11T02:45:06Z,CPA257,"35.024738,104.112",32100,509,359
1757558720,2025-09-11T02:45:20Z,CPA257,"35.05714,104.112106",32100,508,359
1757558770,2025-09-11T02:46:10Z,CPA257,"35.178818,104.112053",32100,505,359
1757558805,2025-09-11T02:46:45Z,CPA257,"35.264156,104.111938",32100,507,359
1757558830,2025-09-11T02:47:10Z,CPA257,"35.323196,104.112",32100,511,359
1757558887,2025-09-11T02:48:07Z,CPA257,"35.45842,104.112",32100,517,359
1757559037,2025-09-11T02:50:37Z,CPA257,"35.818085,104.113228",32100,513,358
1757559067,2025-09-11T02:51:07Z,CPA257,"35.890194,104.106911",32100,503,354
1757559100,2025-09-11T02:51:40Z,CPA257,"35.966679,104.098213",32100,504,355
1757559132,2025-09-11T02:52:12Z,CPA257,"36.041931,104.090195",32100,502,354
1757559150,2025-09-11T02:52:30Z,CPA257,"36.079971,104.086021",32100,504,355
1757559203,2025-09-11T02:53:23Z,CPA257,"36.206085,104.072113",32100,507,354
1757559225,2025-09-11T02:53:45Z,CPA257,"36.256466,104.060692",32100,492,341
1757559230,2025-09-11T02:53:50Z,CPA257,"36.266235,104.056381",32125,488,338
1757559243,2025-09-11T02:54:03Z,CPA257,"36.291138,104.042015",32100,480,331
1757559247,2025-09-11T02:54:07Z,CPA257,"36.301575,104.034515",32100,476,328
1757559252,2025-09-11T02:54:12Z,CPA257,"36.310745,104.027145",32100,474,325
1757559257,2025-09-11T02:54:17Z,CPA257,"36.316982,104.021591",32100,470,323
1757559261,2025-09-11T02:54:21Z,CPA257,"36.325653,104.01329",32100,467,320
1757559266,2025-09-11T02:54:26Z,CPA257,"36.332245,104.006363",32100,465,318
1757559270,2025-09-11T02:54:30Z,CPA257,"36.340771,103.996521",32075,461,315
1757559275,2025-09-11T02:54:35Z,CPA257,"36.347244,103.988403",32075,459,313
1757559280,2025-09-11T02:54:40Z,CPA257,"36.355156,103.977417",32075,457,310
1757559285,2025-09-11T02:54:45Z,CPA257,"36.361629,103.96769",32100,458,309
1757559320,2025-09-11T02:55:20Z,CPA257,"36.407776,103.895813",32075,457,308
1757559335,2025-09-11T02:55:35Z,CPA257,"36.426544,103.867096",32100,457,308
1757559385,2025-09-11T02:56:25Z,CPA257,"36.495251,103.762894",32100,459,310
1757559423,2025-09-11T02:57:03Z,CPA257,"36.546627,103.686218",32100,451,309
1757559453,2025-09-11T02:57:33Z,CPA257,"36.585983,103.626999",32100,449,309
1757559487,2025-09-11T02:58:07Z,CPA257,"36.630478,103.559708",32100,449,309
1757559517,2025-09-11T02:58:37Z,CPA257,"36.669205,103.500992",32075,449,309
1757559553,2025-09-11T02:59:13Z,CPA257,"36.718185,103.426666",32125,451,309
1757559582,2025-09-11T02:59:42Z,CPA257,"36.756157,103.369133",32075,447,309
1757559617,2025-09-11T03:00:17Z,CPA257,"36.802734,103.297806",32125,451,308
1757559652,2025-09-11T03:00:52Z,CPA257,"36.847916,103.22908",32100,441,309
1757559687,2025-09-11T03:01:27Z,CPA257,"36.893051,103.160156",32100,437,309
1757559722,2025-09-11T03:02:02Z,CPA257,"36.935894,103.090805",32100,435,302
1757559727,2025-09-11T03:02:07Z,CPA257,"36.941063,103.080116",32075,433,299
1757559732,2025-09-11T03:02:12Z,CPA257,"36.946289,103.068001",32125,432,296
1757559737,2025-09-11T03:02:17Z,CPA257,"36.95105,103.056023",32100,432,296
1757559767,2025-09-11T03:02:47Z,CPA257,"36.978333,102.989578",32100,439,298
1757559802,2025-09-11T03:03:22Z,CPA257,"37.0121,102.910789",32100,443,298
1757559837,2025-09-11T03:03:57Z,CPA257,"37.04567,102.831505",32100,449,297
1757559872,2025-09-11T03:04:32Z,CPA257,"37.079464,102.751366",32100,449,297
1757559905,2025-09-11T03:05:05Z,CPA257,"37.111305,102.675537",32100,450,298
1757559935,2025-09-11T03:05:35Z,CPA257,"37.140305,102.606216",32100,450,298
1757559970,2025-09-11T03:06:10Z,CPA257,"37.174381,102.52459",32100,447,297
1757560005,2025-09-11T03:06:45Z,CPA257,"37.207531,102.445229",32100,449,298
1757560025,2025-09-11T03:07:05Z,CPA257,"37.225964,102.401054",32100,452,298
1757560083,2025-09-11T03:08:03Z,CPA257,"37.284348,102.259979",32100,465,297
1757560117,2025-09-11T03:08:37Z,CPA257,"37.316738,102.182106",32125,457,297
1757560146,2025-09-11T03:09:06Z,CPA257,"37.345596,102.112541",32100,453,297
1757560176,2025-09-11T03:09:36Z,CPA257,"37.374802,102.041893",32100,449,297
1757560195,2025-09-11T03:09:55Z,CPA257,"37.391144,102.001976",32100,447,297
1757560268,2025-09-11T03:11:08Z,CPA257,"37.462261,101.828514",32100,449,297
1757560298,2025-09-11T03:11:38Z,CPA257,"37.490707,101.758995",32100,449,297
1757560327,2025-09-11T03:12:07Z,CPA257,"37.518219,101.691673",32100,449,297
1757560362,2025-09-11T03:12:42Z,CPA257,"37.551411,101.610039",32100,449,296
1757560397,2025-09-11T03:13:17Z,CPA257,"37.584137,101.529564",32100,455,296
1757560431,2025-09-11T03:13:51Z,CPA257,"37.615047,101.453072",32100,457,297
1757560461,2025-09-11T03:14:21Z,CPA257,"37.646027,101.376343",32100,457,296
1757560496,2025-09-11T03:14:56Z,CPA257,"37.679764,101.292656",32100,457,296
1757560531,2025-09-11T03:15:31Z,CPA257,"37.713181,101.209503",32100,457,296
1757560560,2025-09-11T03:16:00Z,CPA257,"37.740784,101.140617",32125,459,296
1757560595,2025-09-11T03:16:35Z,CPA257,"37.774521,101.056335",32100,457,296
1757560630,2025-09-11T03:17:10Z,CPA257,"37.807632,100.973251",32100,459,296
1757560640,2025-09-11T03:17:20Z,CPA257,"37.815628,100.953133",32100,459,296
1757560697,2025-09-11T03:18:17Z,CPA257,"37.874901,100.81395",32100,465,300
1757560720,2025-09-11T03:18:40Z,CPA257,"37.897011,100.766182",32100,463,300
1757560763,2025-09-11T03:19:23Z,CPA257,"37.945404,100.658546",32100,461,299
1757560798,2025-09-11T03:19:58Z,CPA257,"37.982025,100.576035",32100,465,299
1757560827,2025-09-11T03:20:27Z,CPA257,"38.012089,100.507828",32100,465,299
1757560856,2025-09-11T03:20:56Z,CPA257,"38.042542,100.438942",32100,465,299
1757560891,2025-09-11T03:21:31Z,CPA257,"38.07917,100.355751",32100,468,299
1757560901,2025-09-11T03:21:41Z,CPA257,"38.089787,100.331688",32100,467,299
1757560956,2025-09-11T03:22:36Z,CPA257,"38.147884,100.199135",32100,465,298
1757560980,2025-09-11T03:23:00Z,CPA257,"38.172695,100.142593",32100,466,299
1757561015,2025-09-11T03:23:35Z,CPA257,"38.209377,100.058464",32100,465,298
1757561050,2025-09-11T03:24:10Z,CPA257,"38.245502,99.975525",32100,461,299
1757561080,2025-09-11T03:24:40Z,CPA257,"38.276825,99.903534",32100,457,298
1757561122,2025-09-11T03:25:22Z,CPA257,"38.319195,99.805534",32100,455,298
1757561157,2025-09-11T03:25:57Z,CPA257,"38.352539,99.728333",32100,453,298
1757561191,2025-09-11T03:26:31Z,CPA257,"38.389351,99.642952",32100,453,298
1757561228,2025-09-11T03:27:08Z,CPA257,"38.424915,99.560242",32100,453,299
1757561255,2025-09-11T03:27:35Z,CPA257,"38.453659,99.493027",32100,453,298
1757561285,2025-09-11T03:28:05Z,CPA257,"38.483944,99.422302",32100,455,298
1757561326,2025-09-11T03:28:46Z,CPA257,"38.524399,99.327454",32100,459,298
1757561363,2025-09-11T03:29:23Z,CPA257,"38.559963,99.243591",32100,463,298
1757561398,2025-09-11T03:29:58Z,CPA257,"38.598228,99.15332",32100,463,298
1757561428,2025-09-11T03:30:28Z,CPA257,"38.628208,99.082642",32100,463,298
1757561462,2025-09-11T03:31:02Z,CPA257,"38.663406,98.999237",32100,463,298
1757561497,2025-09-11T03:31:37Z,CPA257,"38.698563,98.915764",32100,463,298
1757561531,2025-09-11T03:32:11Z,CPA257,"38.732765,98.834229",32100,465,298
1757561555,2025-09-11T03:32:35Z,CPA257,"38.757576,98.775024",32100,467,298
1757561593,2025-09-11T03:33:13Z,CPA257,"38.795891,98.68335",32100,465,298
1757561627,2025-09-11T03:33:47Z,CPA257,"38.8302,98.600952",32100,463,298
1757561655,2025-09-11T03:34:15Z,CPA257,"38.858139,98.533691",32100,461,298
1757561685,2025-09-11T03:34:45Z,CPA257,"38.88723,98.463623",32100,459,298
1757561733,2025-09-11T03:35:33Z,CPA257,"38.931751,98.356003",32100,458,298
1757561765,2025-09-11T03:36:05Z,CPA257,"38.96809,98.267822",32100,457,298
1757561790,2025-09-11T03:36:30Z,CPA257,"38.99099,98.212158",32100,455,298
1757562000,2025-09-11T03:40:00Z,CPA257,"39.196289,97.708221",32100,453,297
1757562030,2025-09-11T03:40:30Z,CPA257,"39.221516,97.645752",32100,453,297
1757562188,2025-09-11T03:43:08Z,CPA257,"39.37463,97.265442",32100,449,298
1757562221,2025-09-11T03:43:41Z,CPA257,"39.40567,97.187691",32100,451,298
1757562251,2025-09-11T03:44:11Z,CPA257,"39.434368,97.115379",32100,451,298
1757562280,2025-09-11T03:44:40Z,CPA257,"39.462891,97.043732",32100,450,298
1757562315,2025-09-11T03:45:15Z,CPA257,"39.49699,96.958168",32100,449,298
1757562398,2025-09-11T03:46:38Z,CPA257,"39.577599,96.757019",32100,451,298
1757562433,2025-09-11T03:47:13Z,CPA257,"39.61097,96.673157",32100,449,298
1757562463,2025-09-11T03:47:43Z,CPA257,"39.638901,96.602722",32100,449,298
1757562498,2025-09-11T03:48:18Z,CPA257,"39.672729,96.516922",32100,450,297
1757562532,2025-09-11T03:48:52Z,CPA257,"39.702259,96.441528",32100,453,297
1757562566,2025-09-11T03:49:26Z,CPA257,"39.736198,96.354797",32100,450,298
1757562596,2025-09-11T03:49:56Z,CPA257,"39.76366,96.284851",32100,451,297
1757562625,2025-09-11T03:50:25Z,CPA257,"39.792252,96.211433",32100,451,297
1757562660,2025-09-11T03:51:00Z,CPA257,"39.824478,96.128517",32075,448,297
1757562695,2025-09-11T03:51:35Z,CPA257,"39.85714,96.044434",32100,449,297
1757562733,2025-09-11T03:52:13Z,CPA257,"39.89291,95.951843",32100,453,297
1757562768,2025-09-11T03:52:48Z,CPA257,"39.926041,95.865952",32100,452,297
1757562798,2025-09-11T03:53:18Z,CPA257,"39.95311,95.795471",32100,450,297
1757562833,2025-09-11T03:53:53Z,CPA257,"39.986568,95.708252",32100,451,297
1757562867,2025-09-11T03:54:27Z,CPA257,"40.01812,95.625687",32100,452,297
1757562897,2025-09-11T03:54:57Z,CPA257,"40.04599,95.55249",32100,453,297
1757562932,2025-09-11T03:55:32Z,CPA257,"40.077389,95.470032",32100,454,297
1757562945,2025-09-11T03:55:45Z,CPA257,"40.089481,95.438232",32100,453,297
1757562998,2025-09-11T03:56:38Z,CPA257,"40.140339,95.303963",32100,454,297
1757563026,2025-09-11T03:57:06Z,CPA257,"40.165878,95.236298",32100,454,297
1757563035,2025-09-11T03:57:15Z,CPA257,"40.17334,95.21637",32100,454,297
1757563093,2025-09-11T03:58:13Z,CPA257,"40.228439,95.07032",32100,455,297
1757563128,2025-09-11T03:58:48Z,CPA257,"40.261452,94.983917",32100,456,297
1757563158,2025-09-11T03:59:18Z,CPA257,"40.290161,94.909302",32100,458,299
1757563187,2025-09-11T03:59:47Z,CPA257,"40.321972,94.842102",32100,460,306
1757563216,2025-09-11T04:00:16Z,CPA257,"40.35997,94.777946",32100,463,310
1757563251,2025-09-11T04:00:51Z,CPA257,"40.406551,94.70134",32100,462,309
1757563280,2025-09-11T04:01:20Z,CPA257,"40.445141,94.636787",32100,462,309
1757563315,2025-09-11T04:01:55Z,CPA257,"40.491039,94.560699",32100,462,309
1757563433,2025-09-11T04:03:53Z,CPA257,"40.647541,94.299561",32100,462,309
1757563468,2025-09-11T04:04:28Z,CPA257,"40.69313,94.223122",32100,460,308
1757563503,2025-09-11T04:05:03Z,CPA257,"40.738998,94.146004",32100,458,308
1757563532,2025-09-11T04:05:32Z,CPA257,"40.776268,94.083229",32100,458,308
1757563567,2025-09-11T04:06:07Z,CPA257,"40.822128,94.005798",32100,458,308
1757563597,2025-09-11T04:06:37Z,CPA257,"40.861549,93.938911",32100,460,308
1757563632,2025-09-11T04:07:12Z,CPA257,"40.90723,93.86145",32100,462,308
1757563662,2025-09-11T04:07:42Z,CPA257,"40.947262,93.795212",32100,462,311
1757563697,2025-09-11T04:08:17Z,CPA257,"40.997452,93.719727",32100,459,312
1757563732,2025-09-11T04:08:52Z,CPA257,"41.044968,93.646965",32100,459,311
1757563762,2025-09-11T04:09:22Z,CPA257,"41.086262,93.582733",32100,460,310
1757563792,2025-09-11T04:09:52Z,CPA257,"41.127739,93.517998",32100,463,310
1757563826,2025-09-11T04:10:26Z,CPA257,"41.175156,93.443848",32100,462,311
1757563855,2025-09-11T04:10:55Z,CPA257,"41.214706,93.381958",32100,461,310
1757563890,2025-09-11T04:11:30Z,CPA257,"41.263138,93.305908",32100,463,310
1757563925,2025-09-11T04:12:05Z,CPA257,"41.311432,93.229858",32100,462,311
1757563935,2025-09-11T04:12:15Z,CPA257,"41.324051,93.210068",32100,463,310
1757563993,2025-09-11T04:13:13Z,CPA257,"41.404819,93.082428",32100,459,310
1757564027,2025-09-11T04:13:47Z,CPA257,"41.451042,93.009171",32100,458,310
1757564061,2025-09-11T04:14:21Z,CPA257,"41.49741,92.935463",32100,458,310
1757564091,2025-09-11T04:14:51Z,CPA257,"41.5383,92.8703",32100,458,310
1757564126,2025-09-11T04:15:26Z,CPA257,"41.585949,92.794273",32100,457,310
1757564140,2025-09-11T04:15:40Z,CPA257,"41.602711,92.767403",32100,456,310
1757564203,2025-09-11T04:16:43Z,CPA257,"41.68977,92.627853",32100,455,310
1757564233,2025-09-11T04:17:13Z,CPA257,"41.730499,92.562309",32100,455,310
1757564268,2025-09-11T04:17:48Z,CPA257,"41.77734,92.486656",32100,456,310
1757564297,2025-09-11T04:18:17Z,CPA257,"41.815659,92.424736",32100,456,310
1757564331,2025-09-11T04:18:51Z,CPA257,"41.861298,92.350822",32100,457,310
1757564361,2025-09-11T04:19:21Z,CPA257,"41.902229,92.284264",32100,458,309
1757564396,2025-09-11T04:19:56Z,CPA257,"41.948776,92.208313",32100,460,309
1757564426,2025-09-11T04:20:26Z,CPA257,"41.989971,92.141342",32100,456,310
1757564440,2025-09-11T04:20:40Z,CPA257,"42.007111,92.113342",32100,455,310
1757564498,2025-09-11T04:21:38Z,CPA257,"42.084366,91.986656",32100,458,309
1757564532,2025-09-11T04:22:12Z,CPA257,"42.131882,91.908623",32100,461,310
1757564551,2025-09-11T04:22:31Z,CPA257,"42.158962,91.872528",32100,466,321
1757564555,2025-09-11T04:22:35Z,CPA257,"42.166992,91.864052",32100,467,323
1757564560,2025-09-11T04:22:40Z,CPA257,"42.176605,91.854904",32100,468,326
1757564565,2025-09-11T04:22:45Z,CPA257,"42.18306,91.849075",32100,467,327
1757564608,2025-09-11T04:23:28Z,CPA257,"42.261799,91.776016",32100,468,327
1757564638,2025-09-11T04:23:58Z,CPA257,"42.314117,91.731598",32100,466,322
1757564642,2025-09-11T04:24:02Z,CPA257,"42.32346,91.721046",32100,463,320
1757564647,2025-09-11T04:24:07Z,CPA257,"42.329021,91.714188",32100,461,317
1757564651,2025-09-11T04:24:11Z,CPA257,"42.33223,91.71003",32100,461,317
1757564670,2025-09-11T04:24:30Z,CPA257,"42.36454,91.666412",32100,461,316
1757564728,2025-09-11T04:25:28Z,CPA257,"42.457081,91.548752",32100,463,317
1757564762,2025-09-11T04:26:02Z,CPA257,"42.509312,91.48172",32100,463,317
1757564791,2025-09-11T04:26:31Z,CPA257,"42.553761,91.424477",32100,461,316
1757564820,2025-09-11T04:27:00Z,CPA257,"42.596882,91.36869",32100,460,317
1757564855,2025-09-11T04:27:35Z,CPA257,"42.65126,91.298447",32100,459,317
1757564880,2025-09-11T04:28:00Z,CPA257,"42.689053,91.249313",32100,460,317
1757564933,2025-09-11T04:28:53Z,CPA257,"42.77087,91.142891",32275,461,317
1757564968,2025-09-11T04:29:28Z,CPA257,"42.826988,91.069473",32650,461,317
1757564998,2025-09-11T04:29:58Z,CPA257,"42.871899,91.010933",33350,454,317
1757565033,2025-09-11T04:30:33Z,CPA257,"42.921799,90.93927",33850,449,310
1757565068,2025-09-11T04:31:08Z,CPA257,"42.964779,90.85746",34100,445,302
1757565102,2025-09-11T04:31:42Z,CPA257,"43.00095,90.776756",34100,445,302
1757565136,2025-09-11T04:32:16Z,CPA257,"43.03796,90.69593",34100,447,302
1757565171,2025-09-11T04:32:51Z,CPA257,"43.075951,90.612358",34100,449,302
1757565206,2025-09-11T04:33:26Z,CPA257,"43.114429,90.527092",34100,450,302
1757565242,2025-09-11T04:34:02Z,CPA257,"43.152649,90.442139",34100,451,302
1757565265,2025-09-11T04:34:25Z,CPA257,"43.176319,90.389442",34100,451,302
1757565428,2025-09-11T04:37:08Z,CPA257,"43.35603,89.986389",34100,448,302
1757565463,2025-09-11T04:37:43Z,CPA257,"43.393299,89.902229",34100,444,302
1757565492,2025-09-11T04:38:12Z,CPA257,"43.42392,89.832779",34100,444,302
1757565527,2025-09-11T04:38:47Z,CPA257,"43.46117,89.747971",34100,444,302
1757565562,2025-09-11T04:39:22Z,CPA257,"43.498219,89.663483",34100,444,302
1757565597,2025-09-11T04:39:57Z,CPA257,"43.53511,89.579201",34100,443,301
1757565627,2025-09-11T04:40:27Z,CPA257,"43.566662,89.50679",34100,440,301
1757565662,2025-09-11T04:41:02Z,CPA257,"43.603271,89.422577",34100,439,301
1757565697,2025-09-11T04:41:37Z,CPA257,"43.639339,89.34108",34100,439,302
1757565732,2025-09-11T04:42:12Z,CPA257,"43.677521,89.256187",34100,437,302
1757565767,2025-09-11T04:42:47Z,CPA257,"43.714371,89.173409",34100,436,302
1757565797,2025-09-11T04:43:17Z,CPA257,"43.746262,89.10141",34100,434,302
1757565832,2025-09-11T04:43:52Z,CPA257,"43.783169,89.017838",34100,432,302
1757565862,2025-09-11T04:44:22Z,CPA257,"43.813938,88.947929",34100,432,302
1757565896,2025-09-11T04:44:56Z,CPA257,"43.849178,88.867828",34100,431,301
1757565931,2025-09-11T04:45:31Z,CPA257,"43.88512,88.78595",34100,428,302
1757565966,2025-09-11T04:46:06Z,CPA257,"43.920872,88.704063",34100,427,302
1757566001,2025-09-11T04:46:41Z,CPA257,"43.956619,88.622002",34100,428,302
1757566031,2025-09-11T04:47:11Z,CPA257,"43.987122,88.551826",34100,429,301
1757566066,2025-09-11T04:47:46Z,CPA257,"44.02319,88.468651",34100,427,302
1757566101,2025-09-11T04:48:21Z,CPA257,"44.058392,88.387169",34100,430,301
1757566136,2025-09-11T04:48:56Z,CPA257,"44.094269,88.303833",34125,433,301
1757566171,2025-09-11T04:49:31Z,CPA257,"44.13036,88.219948",34100,435,301
1757566206,2025-09-11T04:50:06Z,CPA257,"44.166302,88.136124",34100,435,301
1757566236,2025-09-11T04:50:36Z,CPA257,"44.19722,88.06366",34100,436,301
1757566271,2025-09-11T04:51:11Z,CPA257,"44.235851,87.98233",34125,423,308
1757566306,2025-09-11T04:51:46Z,CPA257,"44.27774,87.9067",34100,419,307
1757566341,2025-09-11T04:52:21Z,CPA257,"44.31802,87.831512",34100,416,307
1757566371,2025-09-11T04:52:51Z,CPA257,"44.352451,87.76722",34100,414,307
1757566406,2025-09-11T04:53:26Z,CPA257,"44.392319,87.693001",34100,411,308
1757566436,2025-09-11T04:53:56Z,CPA257,"44.42741,87.629433",34100,413,308
1757566471,2025-09-11T04:54:31Z,CPA257,"44.468231,87.555611",34100,413,308
1757566506,2025-09-11T04:55:06Z,CPA257,"44.508999,87.481247",34100,413,308
1757566541,2025-09-11T04:55:41Z,CPA257,"44.54961,87.40683",34100,415,308
1757566576,2025-09-11T04:56:16Z,CPA257,"44.59034,87.331863",34100,414,308
1757566611,2025-09-11T04:56:51Z,CPA257,"44.632141,87.25811",34100,417,310
1757566641,2025-09-11T04:57:21Z,CPA257,"44.669128,87.19574",34075,412,310
1757566676,2025-09-11T04:57:56Z,CPA257,"44.711151,87.12381",34100,407,309
1757566711,2025-09-11T04:58:31Z,CPA257,"44.75235,87.05233",34125,408,309
1757566746,2025-09-11T04:59:06Z,CPA257,"44.794651,86.97876",34100,413,309
1757566781,2025-09-11T04:59:41Z,CPA257,"44.836441,86.906433",34125,412,310
1757566811,2025-09-11T05:00:11Z,CPA257,"44.872822,86.843307",34100,413,309
1757566846,2025-09-11T05:00:46Z,CPA257,"44.914162,86.770348",34100,410,309
1757566881,2025-09-11T05:01:21Z,CPA257,"44.955051,86.696968",34100,410,309
1757566916,2025-09-11T05:01:56Z,CPA257,"44.996658,86.62262",34100,411,309
1757566945,2025-09-11T05:02:25Z,CPA257,"45.030621,86.561737",34100,412,309
1757566975,2025-09-11T05:02:55Z,CPA257,"45.06601,86.498108",34100,412,309
1757566995,2025-09-11T05:03:15Z,CPA257,"45.089218,86.456451",34100,412,309
1757567045,2025-09-11T05:04:05Z,CPA257,"45.148319,86.349991",34100,409,308
1757567080,2025-09-11T05:04:40Z,CPA257,"45.188961,86.276421",34100,409,308
1757567115,2025-09-11T05:05:15Z,CPA257,"45.22966,86.202393",34100,412,309
1757567145,2025-09-11T05:05:45Z,CPA257,"45.264912,86.138573",34100,410,308
1757567180,2025-09-11T05:06:20Z,CPA257,"45.305649,86.064148",34100,411,308
1757567190,2025-09-11T05:06:30Z,CPA257,"45.315811,86.045578",34100,412,308
1757567293,2025-09-11T05:08:13Z,CPA257,"45.438148,85.821381",34100,415,308
1757567323,2025-09-11T05:08:43Z,CPA257,"45.470638,85.755791",34100,406,297
1757567328,2025-09-11T05:08:48Z,CPA257,"45.474739,85.743401",34075,403,293
1757567333,2025-09-11T05:08:53Z,CPA257,"45.47823,85.730812",34100,402,290
1757567338,2025-09-11T05:08:58Z,CPA257,"45.481159,85.718597",34100,400,288
1757567343,2025-09-11T05:09:03Z,CPA257,"45.483582,85.70649",34100,400,286
1757567348,2025-09-11T05:09:08Z,CPA257,"45.486191,85.692421",34100,400,285
1757567353,2025-09-11T05:09:13Z,CPA257,"45.488468,85.680031",34100,400,285
1757567388,2025-09-11T05:09:48Z,CPA257,"45.50716,85.591797",34100,402,288
1757567423,2025-09-11T05:10:23Z,CPA257,"45.526932,85.504303",34100,404,288
1757567458,2025-09-11T05:10:58Z,CPA257,"45.54689,85.414284",34100,403,288
1757567488,2025-09-11T05:11:28Z,CPA257,"45.563511,85.338448",34100,402,288
1757567523,2025-09-11T05:12:03Z,CPA257,"45.582691,85.250679",34100,400,288
1757567553,2025-09-11T05:12:33Z,CPA257,"45.599171,85.174873",34100,399,288
1757567588,2025-09-11T05:13:08Z,CPA257,"45.618118,85.087601",34100,399,288
1757567623,2025-09-11T05:13:43Z,CPA257,"45.637249,85.000282",34100,401,288
1757567653,2025-09-11T05:14:13Z,CPA257,"45.657742,84.924873",34100,411,302
1757567658,2025-09-11T05:14:18Z,CPA257,"45.663021,84.913597",34100,416,307
1757567663,2025-09-11T05:14:23Z,CPA257,"45.669418,84.902283",34100,420,311
1757567668,2025-09-11T05:14:28Z,CPA257,"45.675201,84.893227",34125,423,314
1757567673,2025-09-11T05:14:33Z,CPA257,"45.68232,84.883049",34125,427,317
1757567678,2025-09-11T05:14:38Z,CPA257,"45.689621,84.873138",34125,427,317
1757567683,2025-09-11T05:14:43Z,CPA257,"45.696609,84.863548",34100,427,316
1757567717,2025-09-11T05:15:17Z,CPA257,"45.74144,84.793854",34100,421,311
1757567747,2025-09-11T05:15:47Z,CPA257,"45.779751,84.730453",34100,422,311
1757567782,2025-09-11T05:16:22Z,CPA257,"45.824619,84.656631",34100,422,311
1757567812,2025-09-11T05:16:52Z,CPA257,"45.863312,84.59301",34100,423,311
1757567847,2025-09-11T05:17:27Z,CPA257,"45.908161,84.518829",34100,425,311
1757567882,2025-09-11T05:18:02Z,CPA257,"45.953159,84.444267",34100,425,311
1757567912,2025-09-11T05:18:32Z,CPA257,"45.991798,84.380081",34100,425,311
1757567945,2025-09-11T05:19:05Z,CPA257,"46.033951,84.309891",34100,424,311
1757567980,2025-09-11T05:19:40Z,CPA257,"46.079079,84.23465",34100,424,311
1757567990,2025-09-11T05:19:50Z,CPA257,"46.08997,84.216377",34100,423,311
1757568048,2025-09-11T05:20:48Z,CPA257,"46.16571,84.089149",34100,430,311
1757568078,2025-09-11T05:21:18Z,CPA257,"46.20459,84.023781",34100,431,311
1757568113,2025-09-11T05:21:53Z,CPA257,"46.250111,83.946999",34100,431,311
1757568143,2025-09-11T05:22:23Z,CPA257,"46.288849,83.881783",34100,427,311
1757568178,2025-09-11T05:22:58Z,CPA257,"46.333809,83.805428",34100,427,311
1757568208,2025-09-11T05:23:28Z,CPA257,"46.372169,83.740257",34100,427,311
1757568243,2025-09-11T05:24:03Z,CPA257,"46.416821,83.664047",34100,430,311
1757568277,2025-09-11T05:24:37Z,CPA257,"46.460629,83.589211",34100,431,311
1757568312,2025-09-11T05:25:12Z,CPA257,"46.505718,83.511902",34100,431,311
1757568335,2025-09-11T05:25:35Z,CPA257,"46.535252,83.461327",34100,432,311
1757568370,2025-09-11T05:26:10Z,CPA257,"46.580471,83.383476",34100,434,310
1757568405,2025-09-11T05:26:45Z,CPA257,"46.625702,83.305237",34100,438,310
1757568415,2025-09-11T05:26:55Z,CPA257,"46.637371,83.285011",34100,437,310
1757568473,2025-09-11T05:27:53Z,CPA257,"46.71405,83.15229",34100,433,310
1757568503,2025-09-11T05:28:23Z,CPA257,"46.752411,83.08548",34100,433,310
1757568535,2025-09-11T05:28:55Z,CPA257,"46.791939,83.014618",34100,430,307
1757568545,2025-09-11T05:29:05Z,CPA257,"46.803009,82.988182",34100,424,298
1757568550,2025-09-11T05:29:10Z,CPA257,"46.80698,82.97612",34100,421,295
1757568555,2025-09-11T05:29:15Z,CPA257,"46.809311,82.968147",34100,420,292
1757568560,2025-09-11T05:29:20Z,CPA257,"46.813389,82.951134",34100,419,288
1757568585,2025-09-11T05:29:45Z,CPA257,"46.822609,82.88237",34100,416,280
1757568623,2025-09-11T05:30:23Z,CPA257,"46.835999,82.777702",34100,415,282
1757568653,2025-09-11T05:30:53Z,CPA257,"46.84724,82.696701",34100,412,282
1757568682,2025-09-11T05:31:22Z,CPA257,"46.858059,82.614983",34100,411,281
1757568717,2025-09-11T05:31:57Z,CPA257,"46.87019,82.521263",34100,411,281
1757568751,2025-09-11T05:32:31Z,CPA257,"46.882,82.429123",34100,408,281
1757568781,2025-09-11T05:33:01Z,CPA257,"46.89249,82.347252",34450,405,281
1757568810,2025-09-11T05:33:30Z,CPA257,"46.902729,82.266472",34650,408,281
1757568845,2025-09-11T05:34:05Z,CPA257,"46.914459,82.173653",35100,404,281
1757568880,2025-09-11T05:34:40Z,CPA257,"46.92638,82.078857",35600,401,281
1757568915,2025-09-11T05:35:15Z,CPA257,"46.937302,81.991096",35750,405,281
1757568950,2025-09-11T05:35:50Z,CPA257,"46.949711,81.890991",35975,408,281
1757568985,2025-09-11T05:36:25Z,CPA257,"46.961529,81.794617",36000,404,281
1757569015,2025-09-11T05:36:55Z,CPA257,"46.971039,81.716652",36000,404,280
1757569056,2025-09-11T05:37:36Z,CPA257,"46.983952,81.609741",36025,405,280
1757569091,2025-09-11T05:38:11Z,CPA257,"46.996029,81.509903",36000,410,280
1757569121,2025-09-11T05:38:41Z,CPA257,"47.00404,81.442612",36000,410,280
1757569167,2025-09-11T05:39:27Z,CPA257,"47.023956,81.273972",36000,410,279
1757569191,2025-09-11T05:39:51Z,CPA257,"47.028351,81.236549",36025,411,280
1757569226,2025-09-11T05:40:26Z,CPA257,"47.03957,81.140419",36000,412,280
1757569269,2025-09-11T05:41:09Z,CPA257,"47.056492,80.994171",36000,411,279
1757569302,2025-09-11T05:41:42Z,CPA257,"47.066502,80.906769",36000,408,279
1757569336,2025-09-11T05:42:16Z,CPA257,"47.07724,80.812202",36000,407,279
1757569366,2025-09-11T05:42:46Z,CPA257,"47.086613,80.72979",36000,406,279
1757569398,2025-09-11T05:43:18Z,CPA257,"47.09642,80.642326",36000,406,279
1757569428,2025-09-11T05:43:48Z,CPA257,"47.105484,80.561028",36000,408,279
1757569461,2025-09-11T05:44:21Z,CPA257,"47.115475,80.470207",36000,410,279
1757569493,2025-09-11T05:44:53Z,CPA257,"47.125202,80.381538",36000,410,278
1757569524,2025-09-11T05:45:24Z,CPA257,"47.134323,80.297836",36000,409,279
1757569557,2025-09-11T05:45:57Z,CPA257,"47.144119,80.20713",36000,407,278
1757569588,2025-09-11T05:46:28Z,CPA257,"47.153229,80.122238",36025,411,278
1757569619,2025-09-11T05:46:59Z,CPA257,"47.16188,80.041168",36025,416,278
1757569631,2025-09-11T05:47:11Z,CPA257,"47.165268,80.009171",36000,418,278
1757569686,2025-09-11T05:48:06Z,CPA257,"47.17804,79.888351",36000,418,279
1757569722,2025-09-11T05:48:42Z,CPA257,"47.188278,79.78997",36000,417,279
1757569733,2025-09-11T05:48:53Z,CPA257,"47.192612,79.748558",36000,416,279
1757569786,2025-09-11T05:49:46Z,CPA257,"47.20779,79.600883",36000,416,279
1757569838,2025-09-11T05:50:38Z,CPA257,"47.221661,79.464111",36000,414,279
1757569881,2025-09-11T05:51:21Z,CPA257,"47.237392,79.307274",36000,411,278
1757569911,2025-09-11T05:51:51Z,CPA257,"47.245865,79.221848",36000,410,278
1757569943,2025-09-11T05:52:23Z,CPA257,"47.254387,79.134941",36000,409,278
1757569974,2025-09-11T05:52:54Z,CPA257,"47.262627,79.050293",36000,410,278
1757570011,2025-09-11T05:53:31Z,CPA257,"47.272728,78.945923",36000,410,277
1757570043,2025-09-11T05:54:03Z,CPA257,"47.280872,78.861343",36000,410,277
1757570077,2025-09-11T05:54:37Z,CPA257,"47.289673,78.768173",36000,408,277
1757570743,2025-09-11T06:05:43Z,CPA257,"47.448929,76.923103",36000,410,276
1757570774,2025-09-11T06:06:14Z,CPA257,"47.455631,76.836266",36000,411,276
1757570807,2025-09-11T06:06:47Z,CPA257,"47.462612,76.744995",36000,412,276
1757570838,2025-09-11T06:07:18Z,CPA257,"47.469364,76.656822",36000,413,276
1757570869,2025-09-11T06:07:49Z,CPA257,"47.475925,76.570061",36000,414,276
1757570900,2025-09-11T06:08:20Z,CPA257,"47.482536,76.480904",36000,415,276
1757570931,2025-09-11T06:08:51Z,CPA257,"47.488815,76.395424",36000,415,276
1757570962,2025-09-11T06:09:22Z,CPA257,"47.495224,76.307671",36000,415,276
1757570994,2025-09-11T06:09:54Z,CPA257,"47.501633,76.218475",36000,413,276
1757571025,2025-09-11T06:10:25Z,CPA257,"47.507858,76.130379",36000,413,275
1757571057,2025-09-11T06:10:57Z,CPA257,"47.514038,76.043175",36000,414,275
1757571088,2025-09-11T06:11:28Z,CPA257,"47.520245,75.955246",36000,415,275
1757571118,2025-09-11T06:11:58Z,CPA257,"47.526031,75.870415",36000,416,275
1757571149,2025-09-11T06:12:29Z,CPA257,"47.53207,75.782074",36000,416,275
1757571181,2025-09-11T06:13:01Z,CPA257,"47.538216,75.692001",36000,417,275
1757571212,2025-09-11T06:13:32Z,CPA257,"47.544113,75.602211",36000,417,275
1757571247,2025-09-11T06:14:07Z,CPA257,"47.550568,75.504364",36000,417,275
1757571280,2025-09-11T06:14:40Z,CPA257,"47.556602,75.41185",36000,416,275
1757571321,2025-09-11T06:15:21Z,CPA257,"47.56279,75.315536",36000,415,275
1757571351,2025-09-11T06:15:51Z,CPA257,"47.569359,75.211487",36000,414,275
1757571382,2025-09-11T06:16:22Z,CPA257,"47.574921,75.122452",36000,412,275
1757571413,2025-09-11T06:16:53Z,CPA257,"47.58025,75.036125",36000,411,275
1757571446,2025-09-11T06:17:26Z,CPA257,"47.585697,74.946617",36000,411,275
1757571479,2025-09-11T06:17:59Z,CPA257,"47.591309,74.852188",36000,412,275
1757571510,2025-09-11T06:18:30Z,CPA257,"47.59639,74.76622",36000,412,275
1757571543,2025-09-11T06:19:03Z,CPA257,"47.601852,74.672874",36000,411,274
1757571574,2025-09-11T06:19:34Z,CPA257,"47.606873,74.586594",36000,409,274
1757571605,2025-09-11T06:20:05Z,CPA257,"47.611721,74.499771",36000,408,274
1757571636,2025-09-11T06:20:36Z,CPA257,"47.616608,74.413498",36000,408,274
1757571667,2025-09-11T06:21:07Z,CPA257,"47.621384,74.32663",36000,410,274
1757571700,2025-09-11T06:21:40Z,CPA257,"47.626419,74.235306",36000,411,274
1757571730,2025-09-11T06:22:10Z,CPA257,"47.630905,74.15126",36000,412,274
1757571761,2025-09-11T06:22:41Z,CPA257,"47.635509,74.064194",36000,411,274
1757571794,2025-09-11T06:23:14Z,CPA257,"47.640335,73.970741",36000,410,274
1757571825,2025-09-11T06:23:45Z,CPA257,"47.644817,73.884392",36000,411,274
1757571858,2025-09-11T06:24:18Z,CPA257,"47.649521,73.792702",36000,411,274
1757571889,2025-09-11T06:24:49Z,CPA257,"47.653805,73.705582",36000,410,274
1757571920,2025-09-11T06:25:20Z,CPA257,"47.658085,73.617905",36000,409,274
1757571951,2025-09-11T06:25:51Z,CPA257,"47.662228,73.532059",36000,409,274
1757571983,2025-09-11T06:26:23Z,CPA257,"47.666466,73.443535",36000,409,274
1757572014,2025-09-11T06:26:54Z,CPA257,"47.670593,73.355232",36000,408,273
1757572047,2025-09-11T06:27:27Z,CPA257,"47.674706,73.26458",36000,408,273
1757572078,2025-09-11T06:27:58Z,CPA257,"47.678558,73.18",36000,408,273
1757572109,2025-09-11T06:28:29Z,CPA257,"47.68248,73.092041",36000,406,273
1757572139,2025-09-11T06:28:59Z,CPA257,"47.686203,73.006966",36000,408,273
1757572170,2025-09-11T06:29:30Z,CPA257,"47.68988,72.921753",36000,409,273
1757572202,2025-09-11T06:30:02Z,CPA257,"47.693653,72.831184",36000,410,273
1757572235,2025-09-11T06:30:35Z,CPA257,"47.697418,72.739105",36000,409,273
1757572266,2025-09-11T06:31:06Z,CPA257,"47.700943,72.652176",36000,409,273
1757572298,2025-09-11T06:31:38Z,CPA257,"47.704605,72.561882",36000,410,273
1757572331,2025-09-11T06:32:11Z,CPA257,"47.708084,72.471809",36000,409,273
1757572361,2025-09-11T06:32:41Z,CPA257,"47.711342,72.385887",36000,407,273
1757572392,2025-09-11T06:33:12Z,CPA257,"47.7146,72.300529",36000,405,273
1757572423,2025-09-11T06:33:43Z,CPA257,"47.717766,72.214615",36000,404,272
1757572458,2025-09-11T06:34:18Z,CPA257,"47.721222,72.117966",36000,405,272
1757572489,2025-09-11T06:34:49Z,CPA257,"47.724236,72.031929",36000,405,272
1757572506,2025-09-11T06:35:06Z,CPA257,"47.725449,71.995522",36000,406,272
1757572573,2025-09-11T06:36:13Z,CPA257,"47.732117,71.79847",36000,405,272
1757572605,2025-09-11T06:36:45Z,CPA257,"47.735874,71.709099",36000,403,273
1757572636,2025-09-11T06:37:16Z,CPA257,"47.73967,71.623238",36000,403,273
1757572673,2025-09-11T06:37:53Z,CPA257,"47.742111,71.564445",36000,40,273
1757572796,2025-09-11T06:39:56Z,CPA257,"47.757103,71.179573",36000,406,273
1757572804,2025-09-11T06:40:04Z,CPA257,"47.757843,71.160439",36000,406,273
1757572883,2025-09-11T06:41:23Z,CPA257,"47.765945,70.936386",36000,408,272
1757572916,2025-09-11T06:41:56Z,CPA257,"47.769112,70.845688",36000,409,272
1757572948,2025-09-11T06:42:28Z,CPA257,"47.772171,70.754219",36000,410,272
1757572981,2025-09-11T06:43:01Z,CPA257,"47.775192,70.664886",36000,409,272
1757573011,2025-09-11T06:43:31Z,CPA257,"47.777985,70.578163",36000,408,272
1757573043,2025-09-11T06:44:03Z,CPA257,"47.780846,70.487862",36000,409,272
1757573064,2025-09-11T06:44:24Z,CPA257,"47.781784,70.45649",36000,140,272
1757576934,2025-09-11T07:48:54Z,CPA257,"46.14658,59.91964",36000,412,250
1757576966,2025-09-11T07:49:26Z,CPA257,"46.125961,59.837708",36000,412,250
1757576981,2025-09-11T07:49:41Z,CPA257,"46.116852,59.801331",36000,410,250
1757577122,2025-09-11T07:52:02Z,CPA257,"46.023544,59.434181",36000,412,249
1757577155,2025-09-11T07:52:35Z,CPA257,"46.002178,59.351166",36000,413,249
1757577185,2025-09-11T07:53:05Z,CPA257,"45.982361,59.27412",36000,412,249
1757577218,2025-09-11T07:53:38Z,CPA257,"45.960342,59.189045",36000,411,249
1757577249,2025-09-11T07:54:09Z,CPA257,"45.940216,59.11132",36000,411,249
1757577280,2025-09-11T07:54:40Z,CPA257,"45.919315,59.031258",36000,411,249
1757577312,2025-09-11T07:55:12Z,CPA257,"45.89827,58.950562",36000,412,249
1757577344,2025-09-11T07:55:44Z,CPA257,"45.876625,58.868042",36000,413,249
1757577375,2025-09-11T07:56:15Z,CPA257,"45.855862,58.789009",36000,413,249
1757577408,2025-09-11T07:56:48Z,CPA257,"45.833706,58.705032",36000,412,249
1757577441,2025-09-11T07:57:21Z,CPA257,"45.811295,58.620636",36000,411,249
1757577471,2025-09-11T07:57:51Z,CPA257,"45.790642,58.542847",36000,413,249
1757577503,2025-09-11T07:58:23Z,CPA257,"45.769367,58.462921",36000,413,249
1757577535,2025-09-11T07:58:55Z,CPA257,"45.746792,58.378738",36000,413,249
1757577567,2025-09-11T07:59:27Z,CPA257,"45.725281,58.298683",36000,412,249
1757577598,2025-09-11T07:59:58Z,CPA257,"45.704453,58.22131",36000,411,249
1757577631,2025-09-11T08:00:31Z,CPA257,"45.681839,58.137436",36000,410,248
1757577664,2025-09-11T08:01:04Z,CPA257,"45.658669,58.052238",36000,410,248
1757577695,2025-09-11T08:01:35Z,CPA257,"45.637253,57.973648",36000,411,248
1757577726,2025-09-11T08:02:06Z,CPA257,"45.616489,57.897606",36000,412,248
1757577758,2025-09-11T08:02:38Z,CPA257,"45.593811,57.81488",36000,413,248
1757577790,2025-09-11T08:03:10Z,CPA257,"45.572174,57.736176",36000,414,248
1757577820,2025-09-11T08:03:40Z,CPA257,"45.550232,57.656719",36000,414,248
1757577852,2025-09-11T08:04:12Z,CPA257,"45.528671,57.578693",36000,414,248
1757577883,2025-09-11T08:04:43Z,CPA257,"45.506535,57.499092",36000,413,248
1757577914,2025-09-11T08:05:14Z,CPA257,"45.484795,57.420982",36000,413,248
1757577945,2025-09-11T08:05:45Z,CPA257,"45.463028,57.34301",36000,413,248
1757577976,2025-09-11T08:06:16Z,CPA257,"45.440895,57.264091",36000,412,248
1757578009,2025-09-11T08:06:49Z,CPA257,"45.417572,57.181221",36000,411,248
1757578041,2025-09-11T08:07:21Z,CPA257,"45.394409,57.099281",36000,411,248
1757578073,2025-09-11T08:07:53Z,CPA257,"45.372803,57.0229",36000,410,248
1757578103,2025-09-11T08:08:23Z,CPA257,"45.351051,56.946293",36000,411,248
1757578134,2025-09-11T08:08:54Z,CPA257,"45.328995,56.868832",36000,411,248
1757578167,2025-09-11T08:09:27Z,CPA257,"45.305466,56.786694",36000,411,247
1757578197,2025-09-11T08:09:57Z,CPA257,"45.283676,56.71064",36000,411,247
1757578230,2025-09-11T08:10:30Z,CPA257,"45.260136,56.628826",36000,411,247
1757578263,2025-09-11T08:11:03Z,CPA257,"45.23671,56.547676",36000,410,247
1757578293,2025-09-11T08:11:33Z,CPA257,"45.214466,56.470932",36000,408,247
1757578324,2025-09-11T08:12:04Z,CPA257,"45.192772,56.39624",36000,408,247
1757578356,2025-09-11T08:12:36Z,CPA257,"45.169464,56.316181",36000,408,247
1757578388,2025-09-11T08:13:08Z,CPA257,"45.146545,56.237808",36000,410,247
1757578419,2025-09-11T08:13:39Z,CPA257,"45.124062,56.161304",36000,411,247
1757578450,2025-09-11T08:14:10Z,CPA257,"45.101669,56.085136",36000,411,247
1757578480,2025-09-11T08:14:40Z,CPA257,"45.079102,56.008694",36000,412,247
1757578511,2025-09-11T08:15:11Z,CPA257,"45.056671,55.932835",36000,412,247
1757578540,2025-09-11T08:15:40Z,CPA257,"45.032455,55.86208",36000,415,237
1757578542,2025-09-11T08:15:42Z,CPA257,"45.030586,55.857841",36000,415,237
1757578544,2025-09-11T08:15:44Z,CPA257,"45.028107,55.852398",36000,415,237
1757578546,2025-09-11T08:15:46Z,CPA257,"45.025974,55.847858",36000,416,236
1757578549,2025-09-11T08:15:49Z,CPA257,"45.023895,55.843311",36000,415,236
1757578551,2025-09-11T08:15:51Z,CPA257,"45.021149,55.837292",36000,416,236
1757578583,2025-09-11T08:16:23Z,CPA257,"44.988224,55.763588",36000,416,238
1757578615,2025-09-11T08:16:55Z,CPA257,"44.956146,55.690033",36000,415,238
1757578645,2025-09-11T08:17:25Z,CPA257,"44.925423,55.620296",36000,415,238
1757578676,2025-09-11T08:17:56Z,CPA257,"44.893936,55.549229",36000,415,237
1757578707,2025-09-11T08:18:27Z,CPA257,"44.862534,55.478405",36000,416,237
1757578738,2025-09-11T08:18:58Z,CPA257,"44.830444,55.406406",36000,417,237
1757578769,2025-09-11T08:19:29Z,CPA257,"44.799316,55.336567",36000,417,238
1757578800,2025-09-11T08:20:00Z,CPA257,"44.767052,55.264179",36000,417,237
1757578833,2025-09-11T08:20:33Z,CPA257,"44.733906,55.190155",36000,418,237
1757578863,2025-09-11T08:21:03Z,CPA257,"44.702484,55.120152",36000,418,237
1757578896,2025-09-11T08:21:36Z,CPA257,"44.668175,55.043915",36000,418,237
1757578927,2025-09-11T08:22:07Z,CPA257,"44.636707,54.974113",36000,417,237
1757578958,2025-09-11T08:22:38Z,CPA257,"44.604725,54.90337",36000,418,237
1757578990,2025-09-11T08:23:10Z,CPA257,"44.571396,54.829823",36000,418,237
1757579023,2025-09-11T08:23:43Z,CPA257,"44.537689,54.755657",36000,417,237
1757579054,2025-09-11T08:24:14Z,CPA257,"44.50515,54.684246",36000,417,237
1757579087,2025-09-11T08:24:47Z,CPA257,"44.471119,54.609554",36000,416,237
1757579117,2025-09-11T08:25:17Z,CPA257,"44.439423,54.540581",36000,416,237
1757579149,2025-09-11T08:25:49Z,CPA257,"44.406319,54.468338",36000,419,237
1757579181,2025-09-11T08:26:21Z,CPA257,"44.372475,54.394852",36000,419,237
1757579212,2025-09-11T08:26:52Z,CPA257,"44.339951,54.324318",36000,421,237
1757579245,2025-09-11T08:27:25Z,CPA257,"44.305756,54.250359",36000,421,237
1757579276,2025-09-11T08:27:56Z,CPA257,"44.273319,54.18055",36000,420,237
1757579307,2025-09-11T08:28:27Z,CPA257,"44.239975,54.108845",36000,420,237
1757579338,2025-09-11T08:28:58Z,CPA257,"44.207169,54.03833",36000,418,237
1757579369,2025-09-11T08:29:29Z,CPA257,"44.174397,53.968113",36000,417,237
1757579401,2025-09-11T08:30:01Z,CPA257,"44.141785,53.898415",36000,417,236
1757579431,2025-09-11T08:30:31Z,CPA257,"44.109558,53.82975",36000,418,236
1757579464,2025-09-11T08:31:04Z,CPA257,"44.075054,53.756496",36000,416,236
1757579495,2025-09-11T08:31:35Z,CPA257,"44.042358,53.687119",36000,414,236
1757579526,2025-09-11T08:32:06Z,CPA257,"44.009216,53.617115",36000,415,236
1757579558,2025-09-11T08:32:38Z,CPA257,"43.975384,53.545727",36000,413,236
1757579589,2025-09-11T08:33:09Z,CPA257,"43.943542,53.478699",36000,412,236
1757579622,2025-09-11T08:33:42Z,CPA257,"43.908722,53.405651",36000,414,236
1757579654,2025-09-11T08:34:14Z,CPA257,"43.874275,53.333393",36000,414,236
1757579685,2025-09-11T08:34:45Z,CPA257,"43.842434,53.266819",36000,414,236
1757579718,2025-09-11T08:35:18Z,CPA257,"43.807434,53.194012",36000,417,236
1757579750,2025-09-11T08:35:50Z,CPA257,"43.772461,53.121197",36000,416,236
1757579781,2025-09-11T08:36:21Z,CPA257,"43.740017,53.053894",36000,414,236
1757579812,2025-09-11T08:36:52Z,CPA257,"43.706917,52.985558",36000,413,236
1757579843,2025-09-11T08:37:23Z,CPA257,"43.674053,52.91748",36000,413,236
1757579876,2025-09-11T08:37:56Z,CPA257,"43.639511,52.846397",36000,413,236
1757579908,2025-09-11T08:38:28Z,CPA257,"43.60511,52.775768",36000,415,236
1757579939,2025-09-11T08:38:59Z,CPA257,"43.571594,52.707035",36000,416,236
1757579970,2025-09-11T08:39:30Z,CPA257,"43.538452,52.639267",36000,413,236
1757580003,2025-09-11T08:40:03Z,CPA257,"43.503624,52.568207",36000,412,235
1757580035,2025-09-11T08:40:35Z,CPA257,"43.468735,52.497082",36000,414,235
1757580067,2025-09-11T08:41:07Z,CPA257,"43.434814,52.428291",36000,417,235
1757580099,2025-09-11T08:41:39Z,CPA257,"43.399815,52.357372",36000,420,235
1757580131,2025-09-11T08:42:11Z,CPA257,"43.364807,52.286617",36000,421,235
1757580162,2025-09-11T08:42:42Z,CPA257,"43.331009,52.218475",36000,421,235
1757580195,2025-09-11T08:43:15Z,CPA257,"43.294785,52.145519",36000,422,235
1757580227,2025-09-11T08:43:47Z,CPA257,"43.259644,52.07513",36000,422,235
1757580257,2025-09-11T08:44:17Z,CPA257,"43.22636,52.008492",36000,422,235
1757580290,2025-09-11T08:44:50Z,CPA257,"43.190414,51.936718",36000,421,235
1757580322,2025-09-11T08:45:22Z,CPA257,"43.155136,51.86639",36000,419,235
1757580354,2025-09-11T08:45:54Z,CPA257,"43.119522,51.795696",36000,416,235
1757580387,2025-09-11T08:46:27Z,CPA257,"43.084488,51.726189",36000,414,235
1757580417,2025-09-11T08:46:57Z,CPA257,"43.051369,51.660591",36000,414,235
1757580449,2025-09-11T08:47:29Z,CPA257,"43.016464,51.591732",36000,412,235
1757580481,2025-09-11T08:48:01Z,CPA257,"42.981728,51.523396",36000,412,235
1757580513,2025-09-11T08:48:33Z,CPA257,"42.947418,51.455971",36000,413,235
1757580543,2025-09-11T08:49:03Z,CPA257,"42.913559,51.389572",36000,413,235
1757580574,2025-09-11T08:49:34Z,CPA257,"42.880463,51.324867",36000,412,235
1757580606,2025-09-11T08:50:06Z,CPA257,"42.845657,51.256977",36000,410,235
1757580637,2025-09-11T08:50:37Z,CPA257,"42.811764,51.190926",36000,410,235
1757580668,2025-09-11T08:51:08Z,CPA257,"42.778435,51.126156",36000,412,234
1757580700,2025-09-11T08:51:40Z,CPA257,"42.742722,51.056839",36000,411,234
1757580732,2025-09-11T08:52:12Z,CPA257,"42.707909,50.989658",36000,410,234
1757580765,2025-09-11T08:52:45Z,CPA257,"42.672455,50.921131",36000,408,234
1757580798,2025-09-11T08:53:18Z,CPA257,"42.636841,50.852592",36000,409,234
1757580830,2025-09-11T08:53:50Z,CPA257,"42.601227,50.784241",36000,409,234
1757580863,2025-09-11T08:54:23Z,CPA257,"42.566025,50.716763",36000,410,234
1757580893,2025-09-11T08:54:53Z,CPA257,"42.532471,50.652592",36000,410,234
1757580926,2025-09-11T08:55:26Z,CPA257,"42.49736,50.585487",36000,410,234
1757580957,2025-09-11T08:55:57Z,CPA257,"42.462387,50.519009",36000,410,234
1757580990,2025-09-11T08:56:30Z,CPA257,"42.426682,50.451218",36300,412,234
1757581022,2025-09-11T08:57:02Z,CPA257,"42.390839,50.383301",36525,415,234
1757581054,2025-09-11T08:57:34Z,CPA257,"42.35495,50.315571",36900,415,234
1757581084,2025-09-11T08:58:04Z,CPA257,"42.321625,50.252651",37350,412,234
1757581115,2025-09-11T08:58:35Z,CPA257,"42.287155,50.187733",37550,416,234
1757581147,2025-09-11T08:59:07Z,CPA257,"42.250671,50.119255",37725,417,234
1757581180,2025-09-11T08:59:40Z,CPA257,"42.214642,50.051796",37950,419,234
1757581211,2025-09-11T09:00:11Z,CPA257,"42.178619,49.984486",38000,422,234
1757581243,2025-09-11T09:00:43Z,CPA257,"42.141693,49.915615",38000,421,234
1757581275,2025-09-11T09:01:15Z,CPA257,"42.105286,49.847778",38000,421,234
1757581308,2025-09-11T09:01:48Z,CPA257,"42.068253,49.779053",38000,424,234
1757581340,2025-09-11T09:02:20Z,CPA257,"42.030945,49.709888",38000,424,233
1757581373,2025-09-11T09:02:53Z,CPA257,"41.993099,49.640064",38000,423,234
1757581405,2025-09-11T09:03:25Z,CPA257,"41.957016,49.573498",38000,423,233
1757581437,2025-09-11T09:03:57Z,CPA257,"41.919964,49.505287",38000,421,233
1757581469,2025-09-11T09:04:29Z,CPA257,"41.883186,49.437775",38000,422,233
1757581501,2025-09-11T09:05:01Z,CPA257,"41.846466,49.37056",38000,421,233
1757581532,2025-09-11T09:05:32Z,CPA257,"41.809681,49.303318",38000,420,233
1757581565,2025-09-11T09:06:05Z,CPA257,"41.773884,49.234081",38000,420,237
1757581596,2025-09-11T09:06:36Z,CPA257,"41.741135,49.166065",38000,419,237
1757581628,2025-09-11T09:07:08Z,CPA257,"41.706383,49.095535",38000,420,236
1757581659,2025-09-11T09:07:39Z,CPA257,"41.673447,49.031315",38000,421,236
1757581691,2025-09-11T09:08:11Z,CPA257,"41.639061,48.962852",38000,420,236
1757581723,2025-09-11T09:08:43Z,CPA257,"41.60408,48.893414",38000,420,236
1757581755,2025-09-11T09:09:15Z,CPA257,"41.569756,48.825108",38000,418,236
1757581787,2025-09-11T09:09:47Z,CPA257,"41.535423,48.757198",38000,418,236
1757581819,2025-09-11T09:10:19Z,CPA257,"41.500706,48.690208",38000,419,233
1757581850,2025-09-11T09:10:50Z,CPA257,"41.46365,48.625637",38000,420,232
1757581882,2025-09-11T09:11:22Z,CPA257,"41.4258,48.559483",38000,421,233
1757581915,2025-09-11T09:11:55Z,CPA257,"41.388748,48.492588",38000,420,234
1757581946,2025-09-11T09:12:26Z,CPA257,"41.352703,48.425701",38000,419,234
1757581978,2025-09-11T09:12:58Z,CPA257,"41.316666,48.359558",38000,418,234
1757582010,2025-09-11T09:13:30Z,CPA257,"41.280598,48.293644",38000,418,233
1757582042,2025-09-11T09:14:02Z,CPA257,"41.24435,48.227718",38000,420,234
1757582073,2025-09-11T09:14:33Z,CPA257,"41.211655,48.158718",38000,421,241
1757582105,2025-09-11T09:15:05Z,CPA257,"41.185883,48.08604",38000,422,247
1757582136,2025-09-11T09:15:36Z,CPA257,"41.16576,48.008987",38000,426,254
1757582167,2025-09-11T09:16:07Z,CPA257,"41.152279,47.928555",38000,432,260
1757582199,2025-09-11T09:16:39Z,CPA257,"41.145893,47.84531",38000,434,267
1757582231,2025-09-11T09:17:11Z,CPA257,"41.146889,47.761124",38000,438,274
1757582263,2025-09-11T09:17:43Z,CPA257,"41.15535,47.675892",38000,443,281
1757582294,2025-09-11T09:18:14Z,CPA257,"41.168594,47.592648",38000,442,281
1757582325,2025-09-11T09:18:45Z,CPA257,"41.181061,47.510365",38000,442,281
1757582356,2025-09-11T09:19:16Z,CPA257,"41.19376,47.426571",38000,446,281
1757582388,2025-09-11T09:19:48Z,CPA257,"41.206966,47.34137",38000,447,281
1757582421,2025-09-11T09:20:21Z,CPA257,"41.220295,47.253433",38000,448,281
1757582452,2025-09-11T09:20:52Z,CPA257,"41.233273,47.168976",38000,445,281
1757582484,2025-09-11T09:21:24Z,CPA257,"41.246288,47.083168",38000,446,281
1757582516,2025-09-11T09:21:56Z,CPA257,"41.259331,46.998787",38000,448,281
1757582548,2025-09-11T09:22:28Z,CPA257,"41.271896,46.913128",38000,450,281
1757582579,2025-09-11T09:22:59Z,CPA257,"41.284763,46.827183",38000,450,281
1757582611,2025-09-11T09:23:31Z,CPA257,"41.297447,46.741665",38000,452,280
1757582642,2025-09-11T09:24:02Z,CPA257,"41.309425,46.657185",38000,451,280
1757582673,2025-09-11T09:24:33Z,CPA257,"41.321281,46.572327",38000,453,280
1757582705,2025-09-11T09:25:05Z,CPA257,"41.333542,46.485008",38000,454,280
1757582737,2025-09-11T09:25:37Z,CPA257,"41.345589,46.399658",38000,455,280
1757582768,2025-09-11T09:26:08Z,CPA257,"41.357674,46.312771",38000,458,280
1757582799,2025-09-11T09:26:39Z,CPA257,"41.369385,46.22646",38000,460,280
1757582830,2025-09-11T09:27:10Z,CPA257,"41.381329,46.140781",38000,458,280
1757582861,2025-09-11T09:27:41Z,CPA257,"41.393375,46.054123",38000,457,280
1757582892,2025-09-11T09:28:12Z,CPA257,"41.405033,45.968029",38000,458,280
1757582924,2025-09-11T09:28:44Z,CPA257,"41.416695,45.881721",38000,459,280
1757582955,2025-09-11T09:29:15Z,CPA257,"41.428265,45.79406",38000,460,279
1757582986,2025-09-11T09:29:46Z,CPA257,"41.439995,45.707008",38000,462,279
1757583018,2025-09-11T09:30:18Z,CPA257,"41.45129,45.618961",38000,462,279
1757583049,2025-09-11T09:30:49Z,CPA257,"41.461658,45.530773",38000,463,279
1757583074,2025-09-11T09:31:14Z,CPA257,"41.472637,45.460999",38000,470,289
1757583076,2025-09-11T09:31:16Z,CPA257,"41.474304,45.455597",38000,471,291
1757583078,2025-09-11T09:31:18Z,CPA257,"41.475971,45.449631",38000,472,292
1757583080,2025-09-11T09:31:20Z,CPA257,"41.477837,45.444408",38025,473,294
1757583082,2025-09-11T09:31:22Z,CPA257,"41.479977,45.437798",38025,475,295
1757583084,2025-09-11T09:31:24Z,CPA257,"41.481613,45.433163",38000,476,296
1757583086,2025-09-11T09:31:26Z,CPA257,"41.483913,45.427292",38000,476,297
1757583089,2025-09-11T09:31:29Z,CPA257,"41.486282,45.421635",38000,478,299
1757583091,2025-09-11T09:31:31Z,CPA257,"41.488529,45.416569",38000,479,300
1757583093,2025-09-11T09:31:33Z,CPA257,"41.490807,45.411446",38000,480,301
1757583095,2025-09-11T09:31:35Z,CPA257,"41.493198,45.406494",38000,480,302
1757583097,2025-09-11T09:31:37Z,CPA257,"41.495869,45.400871",38000,482,303
1757583099,2025-09-11T09:31:39Z,CPA257,"41.49818,45.396107",38000,482,304
1757583101,2025-09-11T09:31:41Z,CPA257,"41.500767,45.391151",38025,482,305
1757583103,2025-09-11T09:31:43Z,CPA257,"41.503464,45.386234",38025,482,306
1757583105,2025-09-11T09:31:45Z,CPA257,"41.506287,45.381008",38025,482,306
1757583107,2025-09-11T09:31:47Z,CPA257,"41.509274,45.3755",38000,483,306
1757583109,2025-09-11T09:31:49Z,CPA257,"41.511711,45.371349",38000,483,306
1757583111,2025-09-11T09:31:51Z,CPA257,"41.514839,45.365402",38000,484,306
1757583143,2025-09-11T09:32:23Z,CPA257,"41.555325,45.290611",38025,486,307
1757583174,2025-09-11T09:32:54Z,CPA257,"41.59692,45.215443",38000,485,302
1757583205,2025-09-11T09:33:25Z,CPA257,"41.630478,45.134937",38000,480,295
1757583235,2025-09-11T09:33:55Z,CPA257,"41.657604,45.053375",38000,478,290
1757583267,2025-09-11T09:34:27Z,CPA257,"41.678394,44.964977",38000,474,283
1757583299,2025-09-11T09:34:59Z,CPA257,"41.690849,44.872654",38000,468,273
1757583301,2025-09-11T09:35:01Z,CPA257,"41.691303,44.867523",38000,468,272
1757583303,2025-09-11T09:35:03Z,CPA257,"41.69138,44.861076",38025,468,271
1757583305,2025-09-11T09:35:05Z,CPA257,"41.691559,44.85527",38025,468,270
1757583307,2025-09-11T09:35:07Z,CPA257,"41.690994,44.849159",38000,468,268
1757583309,2025-09-11T09:35:09Z,CPA257,"41.691105,44.843315",38000,467,267
1757583311,2025-09-11T09:35:11Z,CPA257,"41.690399,44.837402",38000,468,267
1757583313,2025-09-11T09:35:13Z,CPA257,"41.690647,44.831364",38000,468,266
1757583315,2025-09-11T09:35:15Z,CPA257,"41.690369,44.824203",38000,466,266
1757583317,2025-09-11T09:35:17Z,CPA257,"41.689922,44.818958",38000,467,266
1757583320,2025-09-11T09:35:20Z,CPA257,"41.689678,44.812473",38000,466,266
1757583322,2025-09-11T09:35:22Z,CPA257,"41.689297,44.806694",38000,466,266
1757583353,2025-09-11T09:35:53Z,CPA257,"41.686562,44.716972",38000,466,268
1757583384,2025-09-11T09:36:24Z,CPA257,"41.68428,44.626499",38000,465,267
1757583416,2025-09-11T09:36:56Z,CPA257,"41.681358,44.53653",38000,467,267
1757583446,2025-09-11T09:37:26Z,CPA257,"41.678879,44.447681",38000,469,267
1757583478,2025-09-11T09:37:58Z,CPA257,"41.675755,44.357418",38000,468,267
1757583509,2025-09-11T09:38:29Z,CPA257,"41.672794,44.266609",38000,467,267
1757583541,2025-09-11T09:39:01Z,CPA257,"41.669983,44.176064",38000,467,267
1757583573,2025-09-11T09:39:33Z,CPA257,"41.666702,44.083927",38000,470,267
1757583604,2025-09-11T09:40:04Z,CPA257,"41.663795,43.99411",38000,469,267
1757583635,2025-09-11T09:40:35Z,CPA257,"41.660774,43.903851",38000,468,267
1757583667,2025-09-11T09:41:07Z,CPA257,"41.657452,43.811153",38000,467,267
1757583698,2025-09-11T09:41:38Z,CPA257,"41.654175,43.721798",38000,468,267
1757583730,2025-09-11T09:42:10Z,CPA257,"41.65073,43.630848",38000,468,267
1757583761,2025-09-11T09:42:41Z,CPA257,"41.647594,43.54155",38000,470,267
1757583792,2025-09-11T09:43:12Z,CPA257,"41.643833,43.449905",38000,470,267
1757583824,2025-09-11T09:43:44Z,CPA257,"41.64043,43.358646",38000,470,266
1757583856,2025-09-11T09:44:16Z,CPA257,"41.63678,43.266338",38000,469,266
1757583887,2025-09-11T09:44:47Z,CPA257,"41.632767,43.176388",38000,468,266
1757583919,2025-09-11T09:45:19Z,CPA257,"41.629078,43.084595",38000,468,266
1757583950,2025-09-11T09:45:50Z,CPA257,"41.625084,42.995461",38000,468,266
1757583981,2025-09-11T09:46:21Z,CPA257,"41.621128,42.904541",38000,468,266
1757584013,2025-09-11T09:46:53Z,CPA257,"41.617035,42.813538",38000,470,266
1757584045,2025-09-11T09:47:25Z,CPA257,"41.612896,42.720787",38000,473,266
1757584076,2025-09-11T09:47:56Z,CPA257,"41.608803,42.630173",38000,476,266
1757584107,2025-09-11T09:48:27Z,CPA257,"41.604767,42.538906",38000,476,266
1757584138,2025-09-11T09:48:58Z,CPA257,"41.600464,42.447605",38000,476,266
1757584170,2025-09-11T09:49:30Z,CPA257,"41.595802,42.354576",38000,478,266
1757584202,2025-09-11T09:50:02Z,CPA257,"41.591537,42.261101",38000,480,266
1757584233,2025-09-11T09:50:33Z,CPA257,"41.586487,42.166943",38000,481,265
1757584266,2025-09-11T09:51:06Z,CPA257,"41.581451,42.070812",38000,480,266
1757584298,2025-09-11T09:51:38Z,CPA257,"41.576748,41.976345",38000,477,266
1757584329,2025-09-11T09:52:09Z,CPA257,"41.571739,41.883518",38000,474,265
1757584361,2025-09-11T09:52:41Z,CPA257,"41.566624,41.791153",38000,473,265
1757584392,2025-09-11T09:53:12Z,CPA257,"41.562077,41.7024",38000,473,265
1757584425,2025-09-11T09:53:45Z,CPA257,"41.56321,41.609879",38000,473,265
1757584456,2025-09-11T09:54:16Z,CPA257,"41.55978,41.523674",38000,474,260
1757584487,2025-09-11T09:54:47Z,CPA257,"41.534817,41.423759",38000,476,253
1757584519,2025-09-11T09:55:19Z,CPA257,"41.513077,41.336788",38000,479,247
1757584551,2025-09-11T09:55:51Z,CPA257,"41.484066,41.250179",38000,480,246
1757584582,2025-09-11T09:56:22Z,CPA257,"41.456562,41.166744",38000,481,246
1757584613,2025-09-11T09:56:53Z,CPA257,"41.428757,41.080662",38000,480,246
1757584646,2025-09-11T09:57:26Z,CPA257,"41.399853,40.993061",38000,482,246
1757584678,2025-09-11T09:57:58Z,CPA257,"41.371128,40.906548",38000,485,246
1757584710,2025-09-11T09:58:30Z,CPA257,"41.341793,40.818531",38000,484,246
1757584743,2025-09-11T09:59:03Z,CPA257,"41.312168,40.730011",38000,483,246
1757584775,2025-09-11T09:59:35Z,CPA257,"41.283333,40.643669",38000,483,246
1757584807,2025-09-11T10:00:07Z,CPA257,"41.254147,40.555798",38000,482,246
1757584834,2025-09-11T10:00:34Z,CPA257,"41.231834,40.482277",38000,478,256
1757584836,2025-09-11T10:00:36Z,CPA257,"41.23061,40.476238",38000,478,258
1757584838,2025-09-11T10:00:38Z,CPA257,"41.229771,40.470535",38000,477,260
1757584840,2025-09-11T10:00:40Z,CPA257,"41.22908,40.464123",38000,477,261
1757584843,2025-09-11T10:00:43Z,CPA257,"41.228161,40.457733",38000,476,263
1757584845,2025-09-11T10:00:45Z,CPA257,"41.227455,40.450119",38025,476,264
1757584847,2025-09-11T10:00:47Z,CPA257,"41.227188,40.445366",38000,476,266
1757584849,2025-09-11T10:00:49Z,CPA257,"41.227024,40.438202",38000,476,267
1757584851,2025-09-11T10:00:51Z,CPA257,"41.227222,40.433182",38000,476,269
1757584853,2025-09-11T10:00:53Z,CPA257,"41.227196,40.427029",38000,476,270
1757584855,2025-09-11T10:00:55Z,CPA257,"41.227085,40.421112",38000,475,272
1757584857,2025-09-11T10:00:57Z,CPA257,"41.227253,40.414944",38000,475,273
1757584859,2025-09-11T10:00:59Z,CPA257,"41.227531,40.409088",38000,475,273
1757584862,2025-09-11T10:01:02Z,CPA257,"41.227859,40.402321",38000,475,274
1757584864,2025-09-11T10:01:04Z,CPA257,"41.228249,40.396011",38000,474,274
1757584866,2025-09-11T10:01:06Z,CPA257,"41.228687,40.389442",38000,474,275
1757584868,2025-09-11T10:01:08Z,CPA257,"41.229279,40.382832",38000,474,275
1757584870,2025-09-11T10:01:10Z,CPA257,"41.22974,40.377117",37975,476,274
1757584872,2025-09-11T10:01:12Z,CPA257,"41.23011,40.370049",37975,476,274
1757584874,2025-09-11T10:01:14Z,CPA257,"41.230469,40.364876",38000,476,274
1757584906,2025-09-11T10:01:46Z,CPA257,"41.233688,40.272949",38000,478,271
1757584937,2025-09-11T10:02:17Z,CPA257,"41.235065,40.181313",38000,480,271
1757584969,2025-09-11T10:02:49Z,CPA257,"41.237076,40.086338",38000,478,271
1757585001,2025-09-11T10:03:21Z,CPA257,"41.238827,39.993198",38000,476,271
1757585032,2025-09-11T10:03:52Z,CPA257,"41.240623,39.905071",38000,475,271
1757585064,2025-09-11T10:04:24Z,CPA257,"41.242283,39.810436",38000,475,271
1757585095,2025-09-11T10:04:55Z,CPA257,"41.243946,39.7215",38000,476,271
1757585126,2025-09-11T10:05:26Z,CPA257,"41.245377,39.629101",38000,476,271
1757585158,2025-09-11T10:05:58Z,CPA257,"41.246979,39.535919",38000,476,271
1757585190,2025-09-11T10:06:30Z,CPA257,"41.248592,39.443764",38000,479,271
1757585222,2025-09-11T10:07:02Z,CPA257,"41.250084,39.349323",38000,480,271
1757585254,2025-09-11T10:07:34Z,CPA257,"41.251583,39.25425",38000,480,271
1757585286,2025-09-11T10:08:06Z,CPA257,"41.252922,39.160133",38000,478,271
1757585319,2025-09-11T10:08:39Z,CPA257,"41.254303,39.064701",38000,477,271
1757585349,2025-09-11T10:09:09Z,CPA257,"41.255638,38.976746",38000,478,271
1757585381,2025-09-11T10:09:41Z,CPA257,"41.257328,38.882221",38000,476,271
1757585413,2025-09-11T10:10:13Z,CPA257,"41.258705,38.789707",38000,474,271
1757585445,2025-09-11T10:10:45Z,CPA257,"41.260014,38.696754",38000,473,271
1757585478,2025-09-11T10:11:18Z,CPA257,"41.26136,38.603088",38000,473,271
1757585508,2025-09-11T10:11:48Z,CPA257,"41.262451,38.514172",38000,472,271
1757585541,2025-09-11T10:12:21Z,CPA257,"41.263927,38.418968",38000,473,271
1757585573,2025-09-11T10:12:53Z,CPA257,"41.265144,38.326542",38000,470,270
1757585604,2025-09-11T10:13:24Z,CPA257,"41.266178,38.236343",38000,467,270
1757585635,2025-09-11T10:13:55Z,CPA257,"41.266846,38.14875",38000,465,270
1757585667,2025-09-11T10:14:27Z,CPA257,"41.267803,38.056808",38000,463,270
1757585699,2025-09-11T10:14:59Z,CPA257,"41.268486,37.965057",38000,464,270
1757585731,2025-09-11T10:15:31Z,CPA257,"41.269218,37.874256",38000,465,270
1757585763,2025-09-11T10:16:03Z,CPA257,"41.269802,37.782528",38000,466,270
1757585796,2025-09-11T10:16:36Z,CPA257,"41.270409,37.690018",38000,467,270
1757585826,2025-09-11T10:17:06Z,CPA257,"41.270481,37.602707",38000,469,269
1757585859,2025-09-11T10:17:39Z,CPA257,"41.270046,37.508785",38000,468,269
1757585890,2025-09-11T10:18:10Z,CPA257,"41.26947,37.41795",38000,464,269
1757585921,2025-09-11T10:18:41Z,CPA257,"41.269089,37.331951",38000,462,269
1757585953,2025-09-11T10:19:13Z,CPA257,"41.268799,37.241631",38000,461,269
1757585983,2025-09-11T10:19:43Z,CPA257,"41.268253,37.156319",38000,459,269
1757586015,2025-09-11T10:20:15Z,CPA257,"41.268036,37.065231",38000,457,269
1757586048,2025-09-11T10:20:48Z,CPA257,"41.26746,36.97451",38000,456,269
1757586080,2025-09-11T10:21:20Z,CPA257,"41.26685,36.884369",38000,455,269
1757586110,2025-09-11T10:21:50Z,CPA257,"41.26384,36.800385",38000,454,269
1757586146,2025-09-11T10:22:26Z,CPA257,"41.266693,36.70076",38000,451,269
1757586176,2025-09-11T10:22:56Z,CPA257,"41.267197,36.617306",38000,449,273
1757586238,2025-09-11T10:23:58Z,CPA257,"41.290085,36.45282",38000,431,286
1757586374,2025-09-11T10:26:14Z,CPA257,"41.376808,36.112411",38000,423,288
1757586396,2025-09-11T10:26:36Z,CPA257,"41.390491,36.060707",38000,423,288
1757586455,2025-09-11T10:27:35Z,CPA257,"41.42675,35.915119",38000,427,288
1757586489,2025-09-11T10:28:09Z,CPA257,"41.448036,35.830513",38000,429,288
1757586520,2025-09-11T10:28:40Z,CPA257,"41.468189,35.750957",38000,429,288
1757586551,2025-09-11T10:29:11Z,CPA257,"41.486755,35.675098",38000,427,288
1757586563,2025-09-11T10:29:23Z,CPA257,"41.494251,35.645027",38000,426,288
1757586726,2025-09-11T10:32:06Z,CPA257,"41.592739,35.243553",38000,423,287
1757586749,2025-09-11T10:32:29Z,CPA257,"41.606144,35.187473",38000,424,287
1757586928,2025-09-11T10:35:28Z,CPA257,"41.715584,34.732479",38000,434,287
1757586959,2025-09-11T10:35:59Z,CPA257,"41.734604,34.654835",38000,436,287
1757586991,2025-09-11T10:36:31Z,CPA257,"41.753803,34.571678",38000,437,287
1757587022,2025-09-11T10:37:02Z,CPA257,"41.772301,34.491959",38000,434,287
1757587054,2025-09-11T10:37:34Z,CPA257,"41.791462,34.410503",38000,433,287
1757587085,2025-09-11T10:38:05Z,CPA257,"41.809956,34.331009",38000,432,287
1757587116,2025-09-11T10:38:36Z,CPA257,"41.829266,34.251358",38000,431,287
1757587149,2025-09-11T10:39:09Z,CPA257,"41.847069,34.169136",38000,431,287
1757587179,2025-09-11T10:39:39Z,CPA257,"41.864861,34.092049",38000,432,287
1757587211,2025-09-11T10:40:11Z,CPA257,"41.883827,34.009449",38000,432,286
1757587243,2025-09-11T10:40:43Z,CPA257,"41.902561,33.928024",38000,430,286
1757587275,2025-09-11T10:41:15Z,CPA257,"41.920986,33.846416",38000,430,286
1757587306,2025-09-11T10:41:46Z,CPA257,"41.936794,33.765682",38000,434,280
1757587338,2025-09-11T10:42:18Z,CPA257,"41.945728,33.680611",38000,443,274
1757587370,2025-09-11T10:42:50Z,CPA257,"41.947025,33.592514",38000,449,267
1757587402,2025-09-11T10:43:22Z,CPA257,"41.941757,33.50491",38000,449,265
1757587434,2025-09-11T10:43:54Z,CPA257,"41.936253,33.416126",38000,450,265
1757587465,2025-09-11T10:44:25Z,CPA257,"41.933437,33.332359",38000,451,265
1757587490,2025-09-11T10:44:50Z,CPA257,"41.930336,33.260178",37975,440,276
1757587492,2025-09-11T10:44:52Z,CPA257,"41.930912,33.254295",38000,438,277
1757587495,2025-09-11T10:44:55Z,CPA257,"41.931053,33.248333",38000,436,280
1757587497,2025-09-11T10:44:57Z,CPA257,"41.931458,33.241993",38000,434,281
1757587499,2025-09-11T10:44:59Z,CPA257,"41.932976,33.237247",38000,433,283
1757587501,2025-09-11T10:45:01Z,CPA257,"41.934196,33.231441",38025,431,284
1757587503,2025-09-11T10:45:03Z,CPA257,"41.935131,33.224907",38025,431,285
1757587505,2025-09-11T10:45:05Z,CPA257,"41.937515,33.222679",38025,432,285
1757587508,2025-09-11T10:45:08Z,CPA257,"41.937969,33.21529",38025,430,286
1757587510,2025-09-11T10:45:10Z,CPA257,"41.939438,33.210266",38000,431,286
1757587512,2025-09-11T10:45:12Z,CPA257,"41.940636,33.205002",38000,431,285
1757587514,2025-09-11T10:45:14Z,CPA257,"41.942112,33.198685",38000,431,285
1757587517,2025-09-11T10:45:17Z,CPA257,"41.9431,33.19315",38000,432,285
1757587519,2025-09-11T10:45:19Z,CPA257,"41.944313,33.187412",38000,432,284
1757587549,2025-09-11T10:45:49Z,CPA257,"41.958103,33.108532",38000,432,282
1757587580,2025-09-11T10:46:20Z,CPA257,"41.971073,33.027008",38000,433,282
1757587612,2025-09-11T10:46:52Z,CPA257,"41.984386,32.940426",38000,435,282
1757587644,2025-09-11T10:47:24Z,CPA257,"41.998787,32.855122",38000,436,282
1757587677,2025-09-11T10:47:57Z,CPA257,"42.012936,32.770084",38000,438,282
1757587707,2025-09-11T10:48:27Z,CPA257,"42.028328,32.69162",38000,437,282
1757587738,2025-09-11T10:48:58Z,CPA257,"42.042347,32.608822",38000,437,282
1757587770,2025-09-11T10:49:30Z,CPA257,"42.054111,32.523182",38000,437,282
1757587802,2025-09-11T10:50:02Z,CPA257,"42.068729,32.438843",38000,438,282
1757587837,2025-09-11T10:50:37Z,CPA257,"42.082962,32.342323",38000,439,282
1757587869,2025-09-11T10:51:09Z,CPA257,"42.087193,32.251518",38000,440,282
1757587900,2025-09-11T10:51:40Z,CPA257,"42.112251,32.177509",38000,441,282
1757587930,2025-09-11T10:52:10Z,CPA257,"42.124603,32.095943",38000,442,282
1757587961,2025-09-11T10:52:41Z,CPA257,"42.137543,32.013866",38000,444,282
1757587993,2025-09-11T10:53:13Z,CPA257,"42.151424,31.927916",38000,447,282
1757588024,2025-09-11T10:53:44Z,CPA257,"42.16502,31.842936",38000,450,281
1757588056,2025-09-11T10:54:16Z,CPA257,"42.178921,31.755474",38000,452,281
1757588088,2025-09-11T10:54:48Z,CPA257,"42.192757,31.666805",38000,449,281
1757588120,2025-09-11T10:55:20Z,CPA257,"42.206329,31.580946",38000,448,281
1757588152,2025-09-11T10:55:52Z,CPA257,"42.219898,31.493881",38000,446,282
1757588184,2025-09-11T10:56:24Z,CPA257,"42.233418,31.407896",38000,444,281
1757588216,2025-09-11T10:56:56Z,CPA257,"42.246803,31.321873",38000,444,281
1757588247,2025-09-11T10:57:27Z,CPA257,"42.260635,31.236727",38000,445,281
1757588279,2025-09-11T10:57:59Z,CPA257,"42.273197,31.149939",38000,446,281
1757588312,2025-09-11T10:58:32Z,CPA257,"42.286495,31.061964",38000,447,281
1757588343,2025-09-11T10:59:03Z,CPA257,"42.299725,30.975393",38000,446,281
1757588375,2025-09-11T10:59:35Z,CPA257,"42.312801,30.890528",38000,446,281
1757588407,2025-09-11T11:00:07Z,CPA257,"42.326523,30.801447",38000,446,281
1757588439,2025-09-11T11:00:39Z,CPA257,"42.339798,30.71509",38000,448,281
1757588471,2025-09-11T11:01:11Z,CPA257,"42.352749,30.629286",38000,448,281
1757588503,2025-09-11T11:01:43Z,CPA257,"42.365807,30.542368",38000,446,281
1757588534,2025-09-11T11:02:14Z,CPA257,"42.378685,30.455692",38000,445,281
1757588566,2025-09-11T11:02:46Z,CPA257,"42.391094,30.370981",38000,443,281
1757588597,2025-09-11T11:03:17Z,CPA257,"42.403507,30.285164",38000,442,280
1757588628,2025-09-11T11:03:48Z,CPA257,"42.415638,30.202211",38000,443,280
1757588660,2025-09-11T11:04:20Z,CPA257,"42.428032,30.116001",38000,444,280
1757588691,2025-09-11T11:04:51Z,CPA257,"42.440292,30.029358",38000,445,280
1757588723,2025-09-11T11:05:23Z,CPA257,"42.454597,29.942883",38000,444,286
1757588755,2025-09-11T11:05:55Z,CPA257,"42.476505,29.861633",38000,440,293
1757588787,2025-09-11T11:06:27Z,CPA257,"42.50589,29.781864",38000,440,299
1757588819,2025-09-11T11:06:59Z,CPA257,"42.540291,29.708282",38000,441,302
1757588851,2025-09-11T11:07:31Z,CPA257,"42.574608,29.634706",38000,442,301
1757588883,2025-09-11T11:08:03Z,CPA257,"42.609894,29.558826",38000,444,302
1757588915,2025-09-11T11:08:35Z,CPA257,"42.644848,29.48435",38000,445,302
1757588945,2025-09-11T11:09:05Z,CPA257,"42.678188,29.413553",38000,446,302
1757588977,2025-09-11T11:09:37Z,CPA257,"42.71365,29.33799",38000,446,302
1757589008,2025-09-11T11:10:08Z,CPA257,"42.748062,29.264084",38000,446,302
1757589040,2025-09-11T11:10:40Z,CPA257,"42.782848,29.189436",38000,446,302
1757589071,2025-09-11T11:11:11Z,CPA257,"42.81757,29.114326",38000,448,301
1757589103,2025-09-11T11:11:43Z,CPA257,"42.852257,29.039108",38000,448,301
1757589134,2025-09-11T11:12:14Z,CPA257,"42.886658,28.964357",38000,448,301
1757589165,2025-09-11T11:12:45Z,CPA257,"42.920715,28.889936",38000,449,301
1757589196,2025-09-11T11:13:16Z,CPA257,"42.955086,28.814861",38000,450,301
1757589227,2025-09-11T11:13:47Z,CPA257,"42.988907,28.74052",38000,451,301
1757589259,2025-09-11T11:14:19Z,CPA257,"43.023502,28.664665",38000,451,301
1757589290,2025-09-11T11:14:50Z,CPA257,"43.058304,28.587807",38000,449,301
1757589322,2025-09-11T11:15:22Z,CPA257,"43.092072,28.513052",38000,448,301
1757589353,2025-09-11T11:15:53Z,CPA257,"43.12598,28.437809",38000,447,301
1757589384,2025-09-11T11:16:24Z,CPA257,"43.16037,28.361572",38000,449,301
1757589416,2025-09-11T11:16:56Z,CPA257,"43.194496,28.285568",38000,450,301
1757589447,2025-09-11T11:17:27Z,CPA257,"43.22847,28.209261",38000,450,301
1757589478,2025-09-11T11:17:58Z,CPA257,"43.262295,28.134243",38000,450,301
1757589511,2025-09-11T11:18:31Z,CPA257,"43.297886,28.054455",38000,450,301
1757589542,2025-09-11T11:19:02Z,CPA257,"43.332394,27.976719",38000,450,301
1757589574,2025-09-11T11:19:34Z,CPA257,"43.365532,27.901175",38000,450,301
1757589606,2025-09-11T11:20:06Z,CPA257,"43.402149,27.820499",38000,451,301
1757589638,2025-09-11T11:20:38Z,CPA257,"43.435345,27.743147",38000,453,301
1757589669,2025-09-11T11:21:09Z,CPA257,"43.468575,27.667965",38000,453,300
1757589700,2025-09-11T11:21:40Z,CPA257,"43.502174,27.590378",38000,452,300
1757589732,2025-09-11T11:22:12Z,CPA257,"43.535942,27.512163",38000,451,300
1757589763,2025-09-11T11:22:43Z,CPA257,"43.569511,27.434593",38000,450,300
1757589794,2025-09-11T11:23:14Z,CPA257,"43.603111,27.358021",38000,452,301
1757589826,2025-09-11T11:23:46Z,CPA257,"43.637691,27.279041",38000,453,301
1757589858,2025-09-11T11:24:18Z,CPA257,"43.671627,27.201145",38000,452,300
1757589890,2025-09-11T11:24:50Z,CPA257,"43.705765,27.122787",38000,452,300
1757589921,2025-09-11T11:25:21Z,CPA257,"43.739323,27.044647",38000,452,300
1757589952,2025-09-11T11:25:52Z,CPA257,"43.77322,26.966188",38000,454,300
1757589984,2025-09-11T11:26:24Z,CPA257,"43.806175,26.889238",38000,454,300
1757590015,2025-09-11T11:26:55Z,CPA257,"43.839787,26.810875",38000,455,300
1757590047,2025-09-11T11:27:27Z,CPA257,"43.873501,26.73085",38000,454,300
1757590078,2025-09-11T11:27:58Z,CPA257,"43.90625,26.652876",38000,453,300
1757590109,2025-09-11T11:28:29Z,CPA257,"43.938721,26.57428",38000,454,300
1757590140,2025-09-11T11:29:00Z,CPA257,"43.972042,26.495943",38000,454,300
1757590171,2025-09-11T11:29:31Z,CPA257,"44.004784,26.417654",38000,456,300
1757590203,2025-09-11T11:30:03Z,CPA257,"44.037548,26.3391",38000,454,300
1757590234,2025-09-11T11:30:34Z,CPA257,"44.070232,26.26063",38000,455,300
1757590265,2025-09-11T11:31:05Z,CPA257,"44.102631,26.182213",38000,458,299
1757590296,2025-09-11T11:31:36Z,CPA257,"44.135799,26.102531",38000,459,299
1757590327,2025-09-11T11:32:07Z,CPA257,"44.168861,26.022066",38000,460,299
1757590359,2025-09-11T11:32:39Z,CPA257,"44.202099,25.941177",38000,460,299
1757590390,2025-09-11T11:33:10Z,CPA257,"44.235737,25.859653",38000,460,299
1757590422,2025-09-11T11:33:42Z,CPA257,"44.2691,25.778215",38000,460,299
1757590454,2025-09-11T11:34:14Z,CPA257,"44.302441,25.696276",38000,460,299
1757590485,2025-09-11T11:34:45Z,CPA257,"44.33519,25.616018",38000,459,299
1757590517,2025-09-11T11:35:17Z,CPA257,"44.36908,25.533468",38000,458,299
1757590548,2025-09-11T11:35:48Z,CPA257,"44.401749,25.453487",38000,457,299
1757590579,2025-09-11T11:36:19Z,CPA257,"44.433628,25.374159",38000,456,299
1757590610,2025-09-11T11:36:50Z,CPA257,"44.465698,25.294479",38000,458,299
1757590641,2025-09-11T11:37:21Z,CPA257,"44.498104,25.213594",38350,455,299
1757590672,2025-09-11T11:37:52Z,CPA257,"44.529045,25.135891",39400,436,299
1757590704,2025-09-11T11:38:24Z,CPA257,"44.560265,25.057438",39850,434,298
1757590736,2025-09-11T11:38:56Z,CPA257,"44.591064,24.979572",39975,437,299
1757590767,2025-09-11T11:39:27Z,CPA257,"44.622101,24.901121",40000,439,299
1757590799,2025-09-11T11:39:59Z,CPA257,"44.653332,24.822029",40000,440,299
1757590831,2025-09-11T11:40:31Z,CPA257,"44.684055,24.74386",40000,440,299
1757590862,2025-09-11T11:41:02Z,CPA257,"44.715378,24.664009",40000,440,298
1757590893,2025-09-11T11:41:33Z,CPA257,"44.746284,24.585302",40000,440,299
1757590925,2025-09-11T11:42:05Z,CPA257,"44.776527,24.507843",39975,440,298
1757590956,2025-09-11T11:42:36Z,CPA257,"44.807446,24.42849",40025,441,298
1757590988,2025-09-11T11:43:08Z,CPA257,"44.83807,24.349663",40000,442,298
1757591019,2025-09-11T11:43:39Z,CPA257,"44.868938,24.269817",40000,443,298
1757591051,2025-09-11T11:44:11Z,CPA257,"44.900028,24.189493",40000,446,298
1757591082,2025-09-11T11:44:42Z,CPA257,"44.930996,24.109339",40000,448,298
1757591114,2025-09-11T11:45:14Z,CPA257,"44.962017,24.029045",40000,448,298
1757591145,2025-09-11T11:45:45Z,CPA257,"44.993111,23.947927",40000,449,298
1757591177,2025-09-11T11:46:17Z,CPA257,"45.024456,23.866289",40000,449,298
1757591208,2025-09-11T11:46:48Z,CPA257,"45.055576,23.785284",40000,448,298
1757591241,2025-09-11T11:47:21Z,CPA257,"45.086884,23.702963",40000,448,298
1757591273,2025-09-11T11:47:53Z,CPA257,"45.118366,23.619934",40000,448,298
1757591304,2025-09-11T11:48:24Z,CPA257,"45.149376,23.538254",40000,448,298
1757591335,2025-09-11T11:48:55Z,CPA257,"45.179893,23.457573",40000,448,298
1757591368,2025-09-11T11:49:28Z,CPA257,"45.21104,23.374926",40000,447,298
1757591400,2025-09-11T11:50:00Z,CPA257,"45.241978,23.292437",40000,449,297
1757591431,2025-09-11T11:50:31Z,CPA257,"45.272297,23.21126",40000,451,297
1757591462,2025-09-11T11:51:02Z,CPA257,"45.302723,23.129751",40000,451,297
1757591493,2025-09-11T11:51:33Z,CPA257,"45.333195,23.047735",40000,451,297
1757591525,2025-09-11T11:52:05Z,CPA257,"45.363655,22.965956",40000,450,297
1757591556,2025-09-11T11:52:36Z,CPA257,"45.394001,22.883959",40000,448,297
1757591588,2025-09-11T11:53:08Z,CPA257,"45.42387,22.802946",40000,447,297
1757591619,2025-09-11T11:53:39Z,CPA257,"45.453659,22.722067",40000,446,297
1757591650,2025-09-11T11:54:10Z,CPA257,"45.483391,22.64098",40000,447,297
1757591681,2025-09-11T11:54:41Z,CPA257,"45.513222,22.559322",40000,450,297
1757591712,2025-09-11T11:55:12Z,CPA257,"45.54282,22.477768",40000,456,297
1757591744,2025-09-11T11:55:44Z,CPA257,"45.573273,22.393606",40000,457,297
1757591775,2025-09-11T11:56:15Z,CPA257,"45.603737,22.309507",40000,456,297
1757591807,2025-09-11T11:56:47Z,CPA257,"45.634041,22.225426",40000,456,297
1757591839,2025-09-11T11:57:19Z,CPA257,"45.664635,22.140413",40000,456,297
1757591871,2025-09-11T11:57:51Z,CPA257,"45.69532,22.055006",40000,454,297
1757591902,2025-09-11T11:58:22Z,CPA257,"45.725388,21.970623",40000,457,297
1757591934,2025-09-11T11:58:54Z,CPA257,"45.756031,21.884809",40000,457,297
1757591966,2025-09-11T11:59:26Z,CPA257,"45.785992,21.800224",40000,460,296
1757591997,2025-09-11T11:59:57Z,CPA257,"45.815872,21.715811",40000,462,296
1757592028,2025-09-11T12:00:28Z,CPA257,"45.845852,21.630838",40000,465,296
1757592059,2025-09-11T12:00:59Z,CPA257,"45.876255,21.544479",40000,466,296
1757592091,2025-09-11T12:01:31Z,CPA257,"45.907532,21.455397",40000,468,296
1757592123,2025-09-11T12:02:03Z,CPA257,"45.937756,21.369307",40000,466,296
1757592155,2025-09-11T12:02:35Z,CPA257,"45.968742,21.280382",40000,465,296
1757592187,2025-09-11T12:03:07Z,CPA257,"45.999393,21.192665",40000,466,296
1757592218,2025-09-11T12:03:38Z,CPA257,"46.029568,21.105608",40000,467,296
1757592250,2025-09-11T12:04:10Z,CPA257,"46.05946,21.01897",40000,467,296
1757592281,2025-09-11T12:04:41Z,CPA257,"46.089176,20.931728",40000,469,295
1757592312,2025-09-11T12:05:12Z,CPA257,"46.118969,20.844057",40000,472,296
1757592344,2025-09-11T12:05:44Z,CPA257,"46.148972,20.755676",40000,473,295
1757592375,2025-09-11T12:06:15Z,CPA257,"46.178902,20.667578",40000,476,297
1757592406,2025-09-11T12:06:46Z,CPA257,"46.212284,20.580954",40000,481,299
1757592437,2025-09-11T12:07:17Z,CPA257,"46.246181,20.494074",40000,482,299
1757592469,2025-09-11T12:07:49Z,CPA257,"46.279697,20.406065",40000,481,298
1757592500,2025-09-11T12:08:20Z,CPA257,"46.312714,20.318521",40000,480,298
1757592531,2025-09-11T12:08:51Z,CPA257,"46.345917,20.230043",40000,480,298
1757592563,2025-09-11T12:09:23Z,CPA257,"46.37912,20.141283",40000,480,298
1757592594,2025-09-11T12:09:54Z,CPA257,"46.412094,20.052725",40000,479,298
1757592625,2025-09-11T12:10:25Z,CPA257,"46.444675,19.965225",40000,480,298
1757592657,2025-09-11T12:10:57Z,CPA257,"46.477749,19.875843",40000,480,298
1757592689,2025-09-11T12:11:29Z,CPA257,"46.51099,19.785931",40000,480,298
1757592720,2025-09-11T12:12:00Z,CPA257,"46.543224,19.698132",40000,480,297
1757592751,2025-09-11T12:12:31Z,CPA257,"46.575897,19.609425",40000,482,297
1757592782,2025-09-11T12:13:02Z,CPA257,"46.608253,19.520632",40000,484,297
1757592813,2025-09-11T12:13:33Z,CPA257,"46.640755,19.431889",40000,484,297
1757592845,2025-09-11T12:14:05Z,CPA257,"46.673344,19.342636",40000,484,297
1757592876,2025-09-11T12:14:36Z,CPA257,"46.706467,19.251772",40000,484,297
1757592907,2025-09-11T12:15:07Z,CPA257,"46.738716,19.163271",40000,485,297
1757592938,2025-09-11T12:15:38Z,CPA257,"46.771313,19.07305",40000,486,297
1757592970,2025-09-11T12:16:10Z,CPA257,"46.803959,18.982195",40000,487,297
1757593001,2025-09-11T12:16:41Z,CPA257,"46.836246,18.891466",40000,487,297
1757593032,2025-09-11T12:17:12Z,CPA257,"46.868259,18.801083",40000,488,297
1757593063,2025-09-11T12:17:43Z,CPA257,"46.900368,18.710655",40000,488,297
1757593094,2025-09-11T12:18:14Z,CPA257,"46.932583,18.619009",40000,492,297
1757593126,2025-09-11T12:18:46Z,CPA257,"46.964958,18.526936",40000,489,297
1757593157,2025-09-11T12:19:17Z,CPA257,"46.997375,18.434669",40000,487,296
1757593188,2025-09-11T12:19:48Z,CPA257,"47.028984,18.343687",40000,485,296
1757593219,2025-09-11T12:20:19Z,CPA257,"47.060509,18.252728",40000,483,296
1757593251,2025-09-11T12:20:51Z,CPA257,"47.092106,18.161789",40000,482,296
1757593282,2025-09-11T12:21:22Z,CPA257,"47.124149,18.069674",40000,482,296
1757593314,2025-09-11T12:21:54Z,CPA257,"47.156128,17.977442",40000,483,296
1757593345,2025-09-11T12:22:25Z,CPA257,"47.187714,17.886118",40000,484,296
1757593377,2025-09-11T12:22:57Z,CPA257,"47.219624,17.793396",40000,484,296
1757593408,2025-09-11T12:23:28Z,CPA257,"47.250908,17.701824",40000,485,296
1757593439,2025-09-11T12:23:59Z,CPA257,"47.282219,17.610096",40000,487,296
1757593470,2025-09-11T12:24:30Z,CPA257,"47.313385,17.518215",40000,488,296
1757593502,2025-09-11T12:25:02Z,CPA257,"47.344868,17.424889",40000,490,296
1757593533,2025-09-11T12:25:33Z,CPA257,"47.376652,17.330158",40000,488,296
1757593565,2025-09-11T12:26:05Z,CPA257,"47.407627,17.237444",40000,483,295
1757593596,2025-09-11T12:26:36Z,CPA257,"47.438248,17.145346",40000,481,295
1757593627,2025-09-11T12:27:07Z,CPA257,"47.468483,17.054266",40000,478,295
1757593659,2025-09-11T12:27:39Z,CPA257,"47.500561,16.962456",40000,475,297
1757593690,2025-09-11T12:28:10Z,CPA257,"47.532497,16.873714",40000,474,297
1757593721,2025-09-11T12:28:41Z,CPA257,"47.56432,16.78323",40000,474,297
1757593753,2025-09-11T12:29:13Z,CPA257,"47.595993,16.692419",40000,472,296
1757593784,2025-09-11T12:29:44Z,CPA257,"47.627125,16.602535",40000,472,296
1757593815,2025-09-11T12:30:15Z,CPA257,"47.657825,16.513584",40000,471,296
1757593846,2025-09-11T12:30:46Z,CPA257,"47.688446,16.424635",40000,468,296
1757593877,2025-09-11T12:31:17Z,CPA257,"47.719135,16.335058",40000,463,296
1757593909,2025-09-11T12:31:49Z,CPA257,"47.748989,16.247618",40000,460,296
1757593939,2025-09-11T12:32:19Z,CPA257,"47.778782,16.160549",40000,458,296
1757593971,2025-09-11T12:32:51Z,CPA257,"47.808666,16.072582",40000,459,296
1757594002,2025-09-11T12:33:22Z,CPA257,"47.838612,15.984077",40000,456,296
1757594034,2025-09-11T12:33:54Z,CPA257,"47.868191,15.896966",40000,455,296
1757594065,2025-09-11T12:34:25Z,CPA257,"47.897923,15.808737",40000,458,296
1757594096,2025-09-11T12:34:56Z,CPA257,"47.927689,15.719905",40000,458,296
1757594128,2025-09-11T12:35:28Z,CPA257,"47.957447,15.631348",40000,458,296
1757594160,2025-09-11T12:36:00Z,CPA257,"47.987656,15.540599",40000,458,296
1757594191,2025-09-11T12:36:31Z,CPA257,"48.017273,15.451535",40000,456,296
1757594223,2025-09-11T12:37:03Z,CPA257,"48.046772,15.36237",40000,454,296
1757594256,2025-09-11T12:37:36Z,CPA257,"48.077271,15.270358",40025,454,296
1757594287,2025-09-11T12:38:07Z,CPA257,"48.106224,15.181787",40000,456,296
1757594318,2025-09-11T12:38:38Z,CPA257,"48.135509,15.092528",40000,458,296
1757594350,2025-09-11T12:39:10Z,CPA257,"48.164848,15.0028",40000,455,295
1757594381,2025-09-11T12:39:41Z,CPA257,"48.193428,14.91476",40000,452,295
1757594413,2025-09-11T12:40:13Z,CPA257,"48.222229,14.825894",40000,450,295
1757594444,2025-09-11T12:40:44Z,CPA257,"48.250027,14.739841",40000,449,295
1757594475,2025-09-11T12:41:15Z,CPA257,"48.278034,14.652927",40000,447,295
1757594506,2025-09-11T12:41:46Z,CPA257,"48.305737,14.566851",40000,446,295
1757594537,2025-09-11T12:42:17Z,CPA257,"48.333546,14.480103",40000,445,295
1757594568,2025-09-11T12:42:48Z,CPA257,"48.361195,14.39348",40025,446,295
1757594599,2025-09-11T12:43:19Z,CPA257,"48.388798,14.307007",40025,448,295
1757594630,2025-09-11T12:43:50Z,CPA257,"48.416721,14.219293",39975,450,295
1757594661,2025-09-11T12:44:21Z,CPA257,"48.444942,14.129901",40000,452,295
1757594692,2025-09-11T12:44:52Z,CPA257,"48.472649,14.04221",40000,452,295
1757594723,2025-09-11T12:45:23Z,CPA257,"48.500904,13.95396",40000,451,296
1757594755,2025-09-11T12:45:55Z,CPA257,"48.530033,13.865139",40000,452,296
1757594786,2025-09-11T12:46:26Z,CPA257,"48.559231,13.775077",40025,453,296
1757594817,2025-09-11T12:46:57Z,CPA257,"48.587372,13.687821",40000,453,295
1757594848,2025-09-11T12:47:28Z,CPA257,"48.615856,13.598893",40000,453,295
1757594880,2025-09-11T12:48:00Z,CPA257,"48.644329,13.50953",40000,454,295
1757594912,2025-09-11T12:48:32Z,CPA257,"48.673531,13.41806",40000,456,295
1757594943,2025-09-11T12:49:03Z,CPA257,"48.70256,13.326501",40000,456,295
1757594975,2025-09-11T12:49:35Z,CPA257,"48.731255,13.23592",40000,456,295
1757595007,2025-09-11T12:50:07Z,CPA257,"48.760044,13.14432",40000,457,295
1757595038,2025-09-11T12:50:38Z,CPA257,"48.788765,13.05288",40000,458,295
1757595070,2025-09-11T12:51:10Z,CPA257,"48.817253,12.961434",40000,457,295
1757595102,2025-09-11T12:51:42Z,CPA257,"48.845852,12.86865",40000,458,295
1757595133,2025-09-11T12:52:13Z,CPA257,"48.873959,12.777606",40000,458,295
1757595164,2025-09-11T12:52:44Z,CPA257,"48.902,12.686884",40025,457,295
1757595196,2025-09-11T12:53:16Z,CPA257,"48.929939,12.595965",40000,458,295
1757595228,2025-09-11T12:53:48Z,CPA257,"48.958622,12.502195",40000,459,295
1757595259,2025-09-11T12:54:19Z,CPA257,"48.986572,12.410884",40000,460,295
1757595290,2025-09-11T12:54:50Z,CPA257,"49.014557,12.319016",40000,460,294
1757595322,2025-09-11T12:55:22Z,CPA257,"49.042343,12.227306",40000,459,294
1757595353,2025-09-11T12:55:53Z,CPA257,"49.070187,12.135153",40000,459,294
1757595385,2025-09-11T12:56:25Z,CPA257,"49.098618,12.040667",40000,455,294
1757595417,2025-09-11T12:56:57Z,CPA257,"49.126144,11.94859",40000,458,294
1757595449,2025-09-11T12:57:29Z,CPA257,"49.154335,11.854523",40000,459,294
1757595480,2025-09-11T12:58:00Z,CPA257,"49.182156,11.761388",40000,459,294
1757595512,2025-09-11T12:58:32Z,CPA257,"49.209461,11.669168",40000,458,294
1757595543,2025-09-11T12:59:03Z,CPA257,"49.236935,11.576309",40000,459,294
1757595575,2025-09-11T12:59:35Z,CPA257,"49.265133,11.481136",40000,460,294
1757595607,2025-09-11T13:00:07Z,CPA257,"49.292416,11.388492",39975,461,294
1757595638,2025-09-11T13:00:38Z,CPA257,"49.319931,11.294214",40000,463,294
1757595670,2025-09-11T13:01:10Z,CPA257,"49.347279,11.200603",40000,464,294
1757595701,2025-09-11T13:01:41Z,CPA257,"49.374882,11.105347",40000,461,294
1757595733,2025-09-11T13:02:13Z,CPA257,"49.402073,11.011424",40000,461,293
1757595764,2025-09-11T13:02:44Z,CPA257,"49.42778,10.916536",40000,464,291
1757595796,2025-09-11T13:03:16Z,CPA257,"49.452885,10.819788",40000,465,292
1757595827,2025-09-11T13:03:47Z,CPA257,"49.478458,10.723099",40000,467,292
1757595859,2025-09-11T13:04:19Z,CPA257,"49.503914,10.627191",40000,466,292
1757595890,2025-09-11T13:04:50Z,CPA257,"49.52895,10.532516",40000,467,292
1757595921,2025-09-11T13:05:21Z,CPA257,"49.55447,10.435036",40000,470,292
1757595953,2025-09-11T13:05:53Z,CPA257,"49.579723,10.338062",40000,471,291
1757595984,2025-09-11T13:06:24Z,CPA257,"49.604771,10.241533",40000,469,291
1757596015,2025-09-11T13:06:55Z,CPA257,"49.630173,10.143831",40000,467,291
1757596047,2025-09-11T13:07:27Z,CPA257,"49.655262,10.046532",40000,468,291
1757596078,2025-09-11T13:07:58Z,CPA257,"49.680046,9.950017",40000,469,291
1757596109,2025-09-11T13:08:29Z,CPA257,"49.704941,9.852695",40000,468,291
1757596140,2025-09-11T13:09:00Z,CPA257,"49.729584,9.75633",40000,466,291
1757596172,2025-09-11T13:09:32Z,CPA257,"49.754185,9.659718",40000,466,291
1757596203,2025-09-11T13:10:03Z,CPA257,"49.778828,9.562178",40000,466,291
1757596234,2025-09-11T13:10:34Z,CPA257,"49.803173,9.465548",40000,466,291
1757596266,2025-09-11T13:11:06Z,CPA257,"49.827415,9.368619",40000,468,291
1757596298,2025-09-11T13:11:38Z,CPA257,"49.8522,9.269342",40000,468,291
1757596329,2025-09-11T13:12:09Z,CPA257,"49.8764,9.171464",40000,464,291
1757596360,2025-09-11T13:12:40Z,CPA257,"49.900261,9.074491",40000,462,290
1757596392,2025-09-11T13:13:12Z,CPA257,"49.923817,8.977842",40000,462,290
1757596423,2025-09-11T13:13:43Z,CPA257,"49.947498,8.88067",40000,461,290
1757596455,2025-09-11T13:14:15Z,CPA257,"49.970867,8.784281",40000,459,291
1757596486,2025-09-11T13:14:46Z,CPA257,"49.994152,8.689237",40000,458,290
1757596517,2025-09-11T13:15:17Z,CPA257,"50.018002,8.591111",40000,463,290
1757596549,2025-09-11T13:15:49Z,CPA257,"50.041573,8.493605",40000,465,290
1757596580,2025-09-11T13:16:20Z,CPA257,"50.064785,8.394914",40000,466,290
1757596611,2025-09-11T13:16:51Z,CPA257,"50.0881,8.296721",40025,468,290
1757596643,2025-09-11T13:17:23Z,CPA257,"50.112049,8.196336",40000,469,290
1757596675,2025-09-11T13:17:55Z,CPA257,"50.135895,8.096388",40000,468,290
1757596706,2025-09-11T13:18:26Z,CPA257,"50.158867,7.999288",40000,466,290
1757596737,2025-09-11T13:18:57Z,CPA257,"50.182007,7.901263",40000,465,290
1757596768,2025-09-11T13:19:28Z,CPA257,"50.204868,7.80431",40000,462,290
1757596800,2025-09-11T13:20:00Z,CPA257,"50.227795,7.706326",40000,461,290
1757596831,2025-09-11T13:20:31Z,CPA257,"50.250374,7.608807",40000,462,290
1757596862,2025-09-11T13:21:02Z,CPA257,"50.272961,7.511054",40000,462,290
1757596893,2025-09-11T13:21:33Z,CPA257,"50.295441,7.413178",40000,462,289
1757596925,2025-09-11T13:22:05Z,CPA257,"50.31781,7.315498",40000,459,289
1757596956,2025-09-11T13:22:36Z,CPA257,"50.339973,7.218163",40000,458,289
1757596987,2025-09-11T13:23:07Z,CPA257,"50.361988,7.121372",40000,459,289
1757597018,2025-09-11T13:23:38Z,CPA257,"50.386169,7.025868",40000,466,295
1757597049,2025-09-11T13:24:09Z,CPA257,"50.414982,6.931589",40000,467,295
1757597080,2025-09-11T13:24:40Z,CPA257,"50.442791,6.836236",40000,467,294
1757597111,2025-09-11T13:25:11Z,CPA257,"50.469997,6.739535",40000,467,293
1757597143,2025-09-11T13:25:43Z,CPA257,"50.497257,6.642019",40000,468,293
1757597176,2025-09-11T13:26:16Z,CPA257,"50.525589,6.539891",40000,470,293
1757597207,2025-09-11T13:26:47Z,CPA257,"50.552303,6.443198",40000,468,293
1757597238,2025-09-11T13:27:18Z,CPA257,"50.578983,6.346523",40000,467,293
1757597269,2025-09-11T13:27:49Z,CPA257,"50.605301,6.250782",40000,466,293
1757597302,2025-09-11T13:28:22Z,CPA257,"50.633129,6.148689",40000,465,293
1757597333,2025-09-11T13:28:53Z,CPA257,"50.659328,6.052251",40000,465,293
1757597366,2025-09-11T13:29:26Z,CPA257,"50.687092,5.949844",40000,467,292
1757597397,2025-09-11T13:29:57Z,CPA257,"50.713032,5.853368",40000,468,293
1757597430,2025-09-11T13:30:30Z,CPA257,"50.740784,5.750283",40000,466,292
1757597461,2025-09-11T13:31:01Z,CPA257,"50.766693,5.653769",40000,465,292
1757597492,2025-09-11T13:31:32Z,CPA257,"50.792366,5.557157",40000,463,292
1757597523,2025-09-11T13:32:03Z,CPA257,"50.818386,5.459143",40000,465,292
1757597555,2025-09-11T13:32:35Z,CPA257,"50.844246,5.360463",40000,468,292
1757597585,2025-09-11T13:33:05Z,CPA257,"50.869633,5.263853",40000,468,292
1757597616,2025-09-11T13:33:36Z,CPA257,"50.895195,5.166262",40000,464,292
1757597648,2025-09-11T13:34:08Z,CPA257,"50.920517,5.069015",40000,462,292
1757597679,2025-09-11T13:34:39Z,CPA257,"50.945564,4.972455",40000,462,291
1757597710,2025-09-11T13:35:10Z,CPA257,"50.971119,4.873326",40000,463,292
1757597741,2025-09-11T13:35:41Z,CPA257,"50.996166,4.776297",40000,464,291
1757597772,2025-09-11T13:36:12Z,CPA257,"51.021317,4.677925",40000,463,291
1757597804,2025-09-11T13:36:44Z,CPA257,"51.046352,4.579788",40000,462,291
1757597835,2025-09-11T13:37:15Z,CPA257,"51.071232,4.481731",40025,463,291
1757597866,2025-09-11T13:37:46Z,CPA257,"51.095852,4.383958",40000,464,291
1757597897,2025-09-11T13:38:17Z,CPA257,"51.120647,4.285309",40000,463,291
1757597928,2025-09-11T13:38:48Z,CPA257,"51.145226,4.187164",40000,463,291
1757597959,2025-09-11T13:39:19Z,CPA257,"51.169773,4.088865",40000,462,291
1757597991,2025-09-11T13:39:51Z,CPA257,"51.194183,3.990685",40000,461,291
1757598022,2025-09-11T13:40:22Z,CPA257,"51.218616,3.891821",40000,460,291
1757598055,2025-09-11T13:40:55Z,CPA257,"51.244083,3.788708",40000,459,291
1757598086,2025-09-11T13:41:26Z,CPA257,"51.268105,3.690473",40000,457,291
1757598117,2025-09-11T13:41:57Z,CPA257,"51.291977,3.592703",40000,458,291
1757598148,2025-09-11T13:42:28Z,CPA257,"51.315598,3.495178",40000,460,290
1757598179,2025-09-11T13:42:59Z,CPA257,"51.339256,3.397293",40000,459,290
1757598210,2025-09-11T13:43:30Z,CPA257,"51.362858,3.298688",39975,458,290
1757598241,2025-09-11T13:44:01Z,CPA257,"51.385731,3.201771",39425,446,290
1757598272,2025-09-11T13:44:32Z,CPA257,"51.408077,3.106164",38925,444,290
1757598304,2025-09-11T13:45:04Z,CPA257,"51.430367,3.011469",38400,438,290
1757598336,2025-09-11T13:45:36Z,CPA257,"51.452919,2.91388",37375,441,290
1757598366,2025-09-11T13:46:06Z,CPA257,"51.474586,2.820646",36450,434,290
1757598397,2025-09-11T13:46:37Z,CPA257,"51.49622,2.726951",35675,432,290
1757598428,2025-09-11T13:47:08Z,CPA257,"51.517746,2.634746",34975,421,290
1757598460,2025-09-11T13:47:40Z,CPA257,"51.538616,2.544664",34150,412,289
1757598491,2025-09-11T13:48:11Z,CPA257,"51.559036,2.455906",33425,402,289
1757598518,2025-09-11T13:48:38Z,CPA257,"51.574257,2.378949",32675,393,277
1757598520,2025-09-11T13:48:40Z,CPA257,"51.574738,2.372985",32625,391,275
1757598522,2025-09-11T13:48:42Z,CPA257,"51.575138,2.366914",32600,390,273
1757598524,2025-09-11T13:48:44Z,CPA257,"51.575298,2.360673",32550,388,271
1757598527,2025-09-11T13:48:47Z,CPA257,"51.575325,2.354967",32525,387,269
1757598529,2025-09-11T13:48:49Z,CPA257,"51.575268,2.348773",32500,384,267
1757598531,2025-09-11T13:48:51Z,CPA257,"51.575169,2.34278",32475,382,265
1757598533,2025-09-11T13:48:53Z,CPA257,"51.57486,2.33661",32425,381,264
1757598535,2025-09-11T13:48:55Z,CPA257,"51.574551,2.330784",32400,380,263
1757598537,2025-09-11T13:48:57Z,CPA257,"51.574177,2.325325",32350,379,263
1757598539,2025-09-11T13:48:59Z,CPA257,"51.573708,2.319226",32325,379,262
1757598541,2025-09-11T13:49:01Z,CPA257,"51.57328,2.313735",32275,377,262
1757598543,2025-09-11T13:49:03Z,CPA257,"51.572796,2.307991",32250,376,262
1757598545,2025-09-11T13:49:05Z,CPA257,"51.572319,2.302227",32200,376,262
1757598547,2025-09-11T13:49:07Z,CPA257,"51.571835,2.296642",32175,374,262
1757598549,2025-09-11T13:49:09Z,CPA257,"51.571354,2.29098",32125,374,262
1757598552,2025-09-11T13:49:12Z,CPA257,"51.570892,2.28525",32100,374,262
1757598582,2025-09-11T13:49:42Z,CPA257,"51.564236,2.201649",31575,359,262
1757598614,2025-09-11T13:50:14Z,CPA257,"51.55722,2.121649",31100,342,260
1757598641,2025-09-11T13:50:41Z,CPA257,"51.553734,2.054579",30525,338,271
1757598643,2025-09-11T13:50:43Z,CPA257,"51.553841,2.049117",30450,338,271
1757598645,2025-09-11T13:50:45Z,CPA257,"51.55397,2.044181",30375,338,272
1757598647,2025-09-11T13:50:47Z,CPA257,"51.5541,2.039026",30275,340,273
1757598649,2025-09-11T13:50:49Z,CPA257,"51.554356,2.033603",30200,340,273
1757598651,2025-09-11T13:50:51Z,CPA257,"51.554562,2.028669",30125,340,273
1757598653,2025-09-11T13:50:53Z,CPA257,"51.55476,2.023514",30050,339,273
1757598684,2025-09-11T13:51:24Z,CPA257,"51.55843,1.947189",29400,328,274
1757598713,2025-09-11T13:51:53Z,CPA257,"51.563282,1.877627",28325,334,287
1757598715,2025-09-11T13:51:55Z,CPA257,"51.564217,1.872853",28225,336,290
1757598717,2025-09-11T13:51:57Z,CPA257,"51.56546,1.867779",28150,338,293
1757598719,2025-09-11T13:51:59Z,CPA257,"51.566902,1.862728",28075,340,296
1757598721,2025-09-11T13:52:01Z,CPA257,"51.568378,1.858233",28025,342,299
1757598723,2025-09-11T13:52:03Z,CPA257,"51.570015,1.853671",27950,344,302
1757598725,2025-09-11T13:52:05Z,CPA257,"51.571724,1.849277",27900,346,304
1757598727,2025-09-11T13:52:07Z,CPA257,"51.573734,1.844934",27825,348,306
1757598729,2025-09-11T13:52:09Z,CPA257,"51.575722,1.840712",27775,348,308
1757598731,2025-09-11T13:52:11Z,CPA257,"51.577847,1.836573",27700,349,310
1757598733,2025-09-11T13:52:13Z,CPA257,"51.580124,1.832292",27650,350,310
1757598735,2025-09-11T13:52:15Z,CPA257,"51.58213,1.828595",27600,350,311
1757598738,2025-09-11T13:52:18Z,CPA257,"51.584469,1.824463",27525,351,312
1757598740,2025-09-11T13:52:20Z,CPA257,"51.5868,1.820404",27475,352,312
1757598742,2025-09-11T13:52:22Z,CPA257,"51.589146,1.816281",27425,351,312
1757598744,2025-09-11T13:52:24Z,CPA257,"51.591385,1.81247",27375,351,312
1757598746,2025-09-11T13:52:26Z,CPA257,"51.593727,1.808482",27325,350,312
1757598748,2025-09-11T13:52:28Z,CPA257,"51.595985,1.804599",27300,350,312
1757598750,2025-09-11T13:52:30Z,CPA257,"51.598331,1.800563",27250,350,312
1757598752,2025-09-11T13:52:32Z,CPA257,"51.600536,1.79678",27200,350,312
1757598783,2025-09-11T13:53:03Z,CPA257,"51.63464,1.737589",26450,342,312
1757598815,2025-09-11T13:53:35Z,CPA257,"51.668243,1.678224",25525,341,311
1757598846,2025-09-11T13:54:06Z,CPA257,"51.700733,1.619721",24800,335,311
1757598877,2025-09-11T13:54:37Z,CPA257,"51.732891,1.561286",23975,333,311
1757598908,2025-09-11T13:55:08Z,CPA257,"51.76416,1.503784",23250,323,305
1757598912,2025-09-11T13:55:12Z,CPA257,"51.767529,1.495719",23150,319,300
1757598914,2025-09-11T13:55:14Z,CPA257,"51.768997,1.491661",23125,318,298
1757598916,2025-09-11T13:55:16Z,CPA257,"51.770367,1.487392",23075,316,295
1757598918,2025-09-11T13:55:18Z,CPA257,"51.771652,1.483124",23025,314,293
1757598921,2025-09-11T13:55:21Z,CPA257,"51.772964,1.478224",23000,313,291
1757598923,2025-09-11T13:55:23Z,CPA257,"51.773911,1.474132",22950,312,289
1757598925,2025-09-11T13:55:25Z,CPA257,"51.774864,1.469546",22900,310,287
1757598927,2025-09-11T13:55:27Z,CPA257,"51.775745,1.464988",22875,308,284
1757598929,2025-09-11T13:55:29Z,CPA257,"51.776505,1.46032",22825,308,282
1757598931,2025-09-11T13:55:31Z,CPA257,"51.777134,1.455616",22775,306,279
1757598933,2025-09-11T13:55:33Z,CPA257,"51.777588,1.451041",22725,306,277
1757598935,2025-09-11T13:55:35Z,CPA257,"51.777962,1.446428",22675,304,275
1757598937,2025-09-11T13:55:37Z,CPA257,"51.778225,1.441792",22650,303,272
1757598939,2025-09-11T13:55:39Z,CPA257,"51.778297,1.437078",22625,301,269
1757598941,2025-09-11T13:55:41Z,CPA257,"51.778282,1.43271",22600,300,266
1757598943,2025-09-11T13:55:43Z,CPA257,"51.778099,1.427923",22575,298,264
1757598945,2025-09-11T13:55:45Z,CPA257,"51.777832,1.423741",22550,296,261
1757598947,2025-09-11T13:55:47Z,CPA257,"51.777393,1.4191",22525,295,259
1757598949,2025-09-11T13:55:49Z,CPA257,"51.776871,1.414724",22500,293,257
1757598951,2025-09-11T13:55:51Z,CPA257,"51.776245,1.410413",22500,292,256
1757598953,2025-09-11T13:55:53Z,CPA257,"51.775616,1.406017",22475,291,256
1757598955,2025-09-11T13:55:55Z,CPA257,"51.77496,1.401833",22450,290,256
1757598957,2025-09-11T13:55:57Z,CPA257,"51.774345,1.397592",22425,289,256
1757598959,2025-09-11T13:55:59Z,CPA257,"51.773766,1.393209",22400,288,257
1757598961,2025-09-11T13:56:01Z,CPA257,"51.773193,1.389085",22400,286,257
1757598964,2025-09-11T13:56:04Z,CPA257,"51.772625,1.384621",22375,285,258
1757598966,2025-09-11T13:56:06Z,CPA257,"51.772064,1.380087",22350,284,258
1757598968,2025-09-11T13:56:08Z,CPA257,"51.771545,1.375941",22325,284,259
1757598999,2025-09-11T13:56:39Z,CPA257,"51.76503,1.313713",22125,266,259
1757599032,2025-09-11T13:57:12Z,CPA257,"51.757641,1.250467",21450,260,258
1757599063,2025-09-11T13:57:43Z,CPA257,"51.75,1.191911",20800,257,257
1757599094,2025-09-11T13:58:14Z,CPA257,"51.742695,1.133297",20175,254,258
1757599125,2025-09-11T13:58:45Z,CPA257,"51.7356,1.075572",19475,253,258
1757599156,2025-09-11T13:59:16Z,CPA257,"51.728451,1.018681",19050,244,258
1757599188,2025-09-11T13:59:48Z,CPA257,"51.721565,0.962489",18975,248,258
1757599219,2025-09-11T14:00:19Z,CPA257,"51.714344,0.905873",18450,250,257
1757599250,2025-09-11T14:00:50Z,CPA257,"51.707008,0.849608",17925,244,257
1757599281,2025-09-11T14:01:21Z,CPA257,"51.69989,0.794906",17400,238,257
1757599313,2025-09-11T14:01:53Z,CPA257,"51.692616,0.739465",16900,242,257
1757599344,2025-09-11T14:02:24Z,CPA257,"51.685081,0.68299",16375,250,257
1757599365,2025-09-11T14:02:45Z,CPA257,"51.679192,0.645393",16025,254,247
1757599367,2025-09-11T14:02:47Z,CPA257,"51.67823,0.641893",15975,254,245
1757599369,2025-09-11T14:02:49Z,CPA257,"51.677273,0.638411",15950,255,242
1757599371,2025-09-11T14:02:51Z,CPA257,"51.676079,0.634944",15900,256,239
1757599373,2025-09-11T14:02:53Z,CPA257,"51.674725,0.631586",15875,256,236
1757599375,2025-09-11T14:02:55Z,CPA257,"51.673481,0.628293",15850,256,234
1757599377,2025-09-11T14:02:57Z,CPA257,"51.672085,0.625158",15800,257,231
1757599379,2025-09-11T14:02:59Z,CPA257,"51.670601,0.622153",15775,258,229
1757599381,2025-09-11T14:03:01Z,CPA257,"51.668892,0.619009",15750,259,225
1757599384,2025-09-11T14:03:04Z,CPA257,"51.667084,0.616281",15700,259,222
1757599386,2025-09-11T14:03:06Z,CPA257,"51.66526,0.613446",15675,259,220
1757599388,2025-09-11T14:03:08Z,CPA257,"51.663456,0.610977",15650,260,217
1757599390,2025-09-11T14:03:10Z,CPA257,"51.661388,0.608369",15600,261,214
1757599392,2025-09-11T14:03:12Z,CPA257,"51.659184,0.605886",15575,261,211
1757599394,2025-09-11T14:03:14Z,CPA257,"51.657063,0.603855",15550,262,208
1757599396,2025-09-11T14:03:16Z,CPA257,"51.654842,0.601927",15500,262,205
1757599398,2025-09-11T14:03:18Z,CPA257,"51.652622,0.600297",15475,263,202
1757599400,2025-09-11T14:03:20Z,CPA257,"51.65023,0.598793",15450,264,199
1757599402,2025-09-11T14:03:22Z,CPA257,"51.647804,0.597394",15400,264,196
1757599404,2025-09-11T14:03:24Z,CPA257,"51.645508,0.596213",15375,265,194
1757599407,2025-09-11T14:03:27Z,CPA257,"51.642967,0.595298",15350,266,191
1757599409,2025-09-11T14:03:29Z,CPA257,"51.640518,0.59448",15300,265,188
1757599411,2025-09-11T14:03:31Z,CPA257,"51.63797,0.593857",15275,266,186
1757599413,2025-09-11T14:03:33Z,CPA257,"51.635433,0.593615",15225,267,183
1757599415,2025-09-11T14:03:35Z,CPA257,"51.632587,0.593398",15200,268,180
1757599417,2025-09-11T14:03:37Z,CPA257,"51.630089,0.593325",15175,268,176
1757599419,2025-09-11T14:03:39Z,CPA257,"51.627579,0.593665",15125,269,174
1757599421,2025-09-11T14:03:41Z,CPA257,"51.625008,0.594133",15100,270,171
1757599423,2025-09-11T14:03:43Z,CPA257,"51.622574,0.594726",15075,270,168
1757599425,2025-09-11T14:03:45Z,CPA257,"51.620033,0.595586",15050,270,165
1757599427,2025-09-11T14:03:47Z,CPA257,"51.617519,0.596714",15025,271,163
1757599429,2025-09-11T14:03:49Z,CPA257,"51.615059,0.597952",15025,272,159
1757599431,2025-09-11T14:03:51Z,CPA257,"51.612656,0.599463",15025,272,156
1757599434,2025-09-11T14:03:54Z,CPA257,"51.610271,0.601083",15025,272,154
1757599436,2025-09-11T14:03:56Z,CPA257,"51.607887,0.602965",15025,273,151
1757599438,2025-09-11T14:03:58Z,CPA257,"51.605549,0.605083",15025,274,149
1757599440,2025-09-11T14:04:00Z,CPA257,"51.603451,0.607149",15025,275,145
1757599442,2025-09-11T14:04:02Z,CPA257,"51.601334,0.609457",15025,277,143
1757599444,2025-09-11T14:04:04Z,CPA257,"51.599281,0.612004",15025,277,140
1757599446,2025-09-11T14:04:06Z,CPA257,"51.597137,0.614905",15000,279,138
1757599448,2025-09-11T14:04:08Z,CPA257,"51.595184,0.617761",14975,280,135
1757599450,2025-09-11T14:04:10Z,CPA257,"51.593197,0.620881",14925,281,132
1757599452,2025-09-11T14:04:12Z,CPA257,"51.591534,0.623922",14900,282,130
1757599454,2025-09-11T14:04:14Z,CPA257,"51.589817,0.6273",14850,284,126
1757599456,2025-09-11T14:04:16Z,CPA257,"51.58831,0.630629",14825,285,123
1757599458,2025-09-11T14:04:18Z,CPA257,"51.586681,0.634539",14800,286,120
1757599460,2025-09-11T14:04:20Z,CPA257,"51.5853,0.638414",14775,288,117
1757599462,2025-09-11T14:04:22Z,CPA257,"51.584091,0.642282",14725,290,114
1757599465,2025-09-11T14:04:25Z,CPA257,"51.582951,0.646308",14700,292,112
1757599467,2025-09-11T14:04:27Z,CPA257,"51.581879,0.650626",14675,294,108
1757599469,2025-09-11T14:04:29Z,CPA257,"51.580997,0.655057",14650,295,105
1757599471,2025-09-11T14:04:31Z,CPA257,"51.580326,0.659108",14600,296,102
1757599473,2025-09-11T14:04:33Z,CPA257,"51.579773,0.663597",14575,298,99
1757599475,2025-09-11T14:04:35Z,CPA257,"51.579334,0.667965",14550,299,95
1757599477,2025-09-11T14:04:37Z,CPA257,"51.579071,0.67267",14525,302,93
1757599479,2025-09-11T14:04:39Z,CPA257,"51.578979,0.677269",14475,303,90
1757599481,2025-09-11T14:04:41Z,CPA257,"51.57901,0.682343",14450,304,86
1757599483,2025-09-11T14:04:43Z,CPA257,"51.57922,0.687251",14425,305,83
1757599485,2025-09-11T14:04:45Z,CPA257,"51.579559,0.691891",14375,307,81
1757599488,2025-09-11T14:04:48Z,CPA257,"51.579967,0.696641",14350,308,80
1757599490,2025-09-11T14:04:50Z,CPA257,"51.580482,0.70153",14325,308,80
1757599492,2025-09-11T14:04:52Z,CPA257,"51.58102,0.706243",14275,308,80
1757599494,2025-09-11T14:04:54Z,CPA257,"51.581493,0.711073",14225,309,80
1757599496,2025-09-11T14:04:56Z,CPA257,"51.582211,0.716205",14200,309,80
1757599498,2025-09-11T14:04:58Z,CPA257,"51.582588,0.720179",14175,309,81
1757599500,2025-09-11T14:05:00Z,CPA257,"51.583035,0.725097",14150,309,81
1757599502,2025-09-11T14:05:02Z,CPA257,"51.583549,0.730108",14100,310,81
1757599504,2025-09-11T14:05:04Z,CPA257,"51.583954,0.73467",14075,310,82
1757599506,2025-09-11T14:05:06Z,CPA257,"51.584347,0.739226",14050,310,82
1757599538,2025-09-11T14:05:38Z,CPA257,"51.589565,0.810475",13525,307,83
1757599569,2025-09-11T14:06:09Z,CPA257,"51.594749,0.880829",13050,304,80
1757599575,2025-09-11T14:06:15Z,CPA257,"51.596703,0.894549",13000,306,71
1757599577,2025-09-11T14:06:17Z,CPA257,"51.597622,0.898892",13000,305,68
1757599579,2025-09-11T14:06:19Z,CPA257,"51.598778,0.903363",13000,305,64
1757599582,2025-09-11T14:06:22Z,CPA257,"51.600113,0.907963",13000,306,60
1757599584,2025-09-11T14:06:24Z,CPA257,"51.601673,0.912007",13000,306,57
1757599586,2025-09-11T14:06:26Z,CPA257,"51.603352,0.91603",13025,306,53
1757599588,2025-09-11T14:06:28Z,CPA257,"51.605198,0.919751",13025,306,50
1757599590,2025-09-11T14:06:30Z,CPA257,"51.607159,0.923496",13025,305,46
1757599592,2025-09-11T14:06:32Z,CPA257,"51.609169,0.926876",13025,305,43
1757599594,2025-09-11T14:06:34Z,CPA257,"51.611408,0.930268",13025,305,40
1757599596,2025-09-11T14:06:36Z,CPA257,"51.613819,0.93333",13025,304,36
1757599599,2025-09-11T14:06:39Z,CPA257,"51.6161,0.935991",13000,302,33
1757599601,2025-09-11T14:06:41Z,CPA257,"51.618599,0.938442",13000,301,30
1757599603,2025-09-11T14:06:43Z,CPA257,"51.620945,0.940545",13000,300,27
1757599605,2025-09-11T14:06:45Z,CPA257,"51.62344,0.942537",13000,299,24
1757599607,2025-09-11T14:06:47Z,CPA257,"51.626133,0.944523",12975,297,21
1757599609,2025-09-11T14:06:49Z,CPA257,"51.628899,0.946192",12950,296,18
1757599611,2025-09-11T14:06:51Z,CPA257,"51.63158,0.947548",12900,294,15
1757599613,2025-09-11T14:06:53Z,CPA257,"51.6343,0.948649",12875,292,12
1757599615,2025-09-11T14:06:55Z,CPA257,"51.637096,0.949522",12825,290,9
1757599617,2025-09-11T14:06:57Z,CPA257,"51.639874,0.950056",12800,288,5
1757599619,2025-09-11T14:06:59Z,CPA257,"51.642502,0.950398",12750,286,2
1757599621,2025-09-11T14:07:01Z,CPA257,"51.645336,0.950564",12725,284,359
1757599623,2025-09-11T14:07:03Z,CPA257,"51.648125,0.950451",12675,281,355
1757599625,2025-09-11T14:07:05Z,CPA257,"51.650887,0.950156",12650,280,353
1757599628,2025-09-11T14:07:08Z,CPA257,"51.653831,0.949508",12600,278,350
1757599630,2025-09-11T14:07:10Z,CPA257,"51.656181,0.948737",12575,276,347
1757599632,2025-09-11T14:07:12Z,CPA257,"51.658871,0.947732",12550,274,344
1757599634,2025-09-11T14:07:14Z,CPA257,"51.6614,0.946521",12500,272,341
1757599636,2025-09-11T14:07:16Z,CPA257,"51.66391,0.945088",12475,271,338
1757599638,2025-09-11T14:07:18Z,CPA257,"51.666355,0.943485",12425,269,336
1757599640,2025-09-11T14:07:20Z,CPA257,"51.668968,0.941598",12400,268,333
1757599643,2025-09-11T14:07:23Z,CPA257,"51.671303,0.939683",12350,266,329
1757599645,2025-09-11T14:07:25Z,CPA257,"51.673454,0.937494",12325,263,326
1757599647,2025-09-11T14:07:27Z,CPA257,"51.67561,0.93516",12275,262,324
1757599649,2025-09-11T14:07:29Z,CPA257,"51.677673,0.932829",12250,260,322
1757599651,2025-09-11T14:07:31Z,CPA257,"51.679501,0.930444",12200,258,319
1757599653,2025-09-11T14:07:33Z,CPA257,"51.681396,0.927716",12175,256,316
1757599655,2025-09-11T14:07:35Z,CPA257,"51.68309,0.925094",12150,255,314
1757599657,2025-09-11T14:07:37Z,CPA257,"51.684788,0.922254",12100,253,311
1757599659,2025-09-11T14:07:39Z,CPA257,"51.686348,0.919366",12075,251,308
1757599661,2025-09-11T14:07:41Z,CPA257,"51.687908,0.916207",12050,250,305
1757599663,2025-09-11T14:07:43Z,CPA257,"51.68922,0.913125",12025,250,303
1757599665,2025-09-11T14:07:45Z,CPA257,"51.690544,0.909855",12000,248,300
1757599667,2025-09-11T14:07:47Z,CPA257,"51.691685,0.906641",12000,246,297
1757599669,2025-09-11T14:07:49Z,CPA257,"51.692844,0.902953",12000,245,295
1757599671,2025-09-11T14:07:51Z,CPA257,"51.693726,0.899812",12000,244,292
1757599674,2025-09-11T14:07:54Z,CPA257,"51.694759,0.895905",12000,243,289
1757599676,2025-09-11T14:07:56Z,CPA257,"51.695511,0.892318",12000,242,287
1757599678,2025-09-11T14:07:58Z,CPA257,"51.696213,0.888703",12000,241,284
1757599680,2025-09-11T14:08:00Z,CPA257,"51.696758,0.885171",11975,240,282
1757599682,2025-09-11T14:08:02Z,CPA257,"51.697247,0.881561",11975,239,280
1757599684,2025-09-11T14:08:04Z,CPA257,"51.697605,0.877948",11975,239,277
1757599686,2025-09-11T14:08:06Z,CPA257,"51.697914,0.87423",11975,238,275
1757599688,2025-09-11T14:08:08Z,CPA257,"51.698086,0.870684",11975,238,272
1757599690,2025-09-11T14:08:10Z,CPA257,"51.6982,0.867012",11975,237,270
1757599692,2025-09-11T14:08:12Z,CPA257,"51.698181,0.863249",11975,237,267
1757599694,2025-09-11T14:08:14Z,CPA257,"51.698048,0.859675",12000,236,265
1757599696,2025-09-11T14:08:16Z,CPA257,"51.697868,0.85592",12000,236,263
1757599699,2025-09-11T14:08:19Z,CPA257,"51.697598,0.852168",12000,236,261
1757599701,2025-09-11T14:08:21Z,CPA257,"51.697235,0.848632",11975,235,261
1757599703,2025-09-11T14:08:23Z,CPA257,"51.696896,0.845152",11975,236,260
1757599705,2025-09-11T14:08:25Z,CPA257,"51.696518,0.841377",11975,234,260
1757599707,2025-09-11T14:08:27Z,CPA257,"51.696194,0.837836",11975,234,261
1757599709,2025-09-11T14:08:29Z,CPA257,"51.69582,0.834236",11975,234,261
1757599711,2025-09-11T14:08:31Z,CPA257,"51.695473,0.830694",11975,233,262
1757599713,2025-09-11T14:08:33Z,CPA257,"51.695198,0.827034",11975,234,262
1757599715,2025-09-11T14:08:35Z,CPA257,"51.694939,0.823392",11975,232,262
1757599730,2025-09-11T14:08:50Z,CPA257,"51.693253,0.798803",11975,231,264
1757599742,2025-09-11T14:09:02Z,CPA257,"51.691963,0.777158",12000,233,264
1757599774,2025-09-11T14:09:34Z,CPA257,"51.688335,0.722639",12000,232,263
1757599805,2025-09-11T14:10:05Z,CPA257,"51.684338,0.669715",12000,232,262
1757599815,2025-09-11T14:10:15Z,CPA257,"51.682133,0.652034",12000,230,251
1757599817,2025-09-11T14:10:17Z,CPA257,"51.681408,0.648675",12000,230,248
1757599819,2025-09-11T14:10:19Z,CPA257,"51.680584,0.645357",12000,230,245
1757599821,2025-09-11T14:10:21Z,CPA257,"51.679684,0.642275",12000,230,242
1757599823,2025-09-11T14:10:23Z,CPA257,"51.678616,0.639018",12000,230,239
1757599825,2025-09-11T14:10:25Z,CPA257,"51.677494,0.636041",12000,231,236
1757599827,2025-09-11T14:10:27Z,CPA257,"51.676262,0.633156",12000,231,233
1757599829,2025-09-11T14:10:29Z,CPA257,"51.674881,0.63025",12000,230,230
1757599831,2025-09-11T14:10:31Z,CPA257,"51.673302,0.627273",12000,231,227
1757599834,2025-09-11T14:10:34Z,CPA257,"51.671864,0.624812",12000,232,225
1757599836,2025-09-11T14:10:36Z,CPA257,"51.670311,0.622412",12000,232,222
1757599838,2025-09-11T14:10:38Z,CPA257,"51.668694,0.620006",12000,232,219
1757599840,2025-09-11T14:10:40Z,CPA257,"51.666862,0.617625",12000,234,216
1757599842,2025-09-11T14:10:42Z,CPA257,"51.665054,0.615372",12025,234,214
1757599844,2025-09-11T14:10:44Z,CPA257,"51.663109,0.613219",12025,235,211
1757599846,2025-09-11T14:10:46Z,CPA257,"51.661331,0.611501",12025,236,209
1757599848,2025-09-11T14:10:48Z,CPA257,"51.659252,0.609703",12000,237,205
1757599850,2025-09-11T14:10:50Z,CPA257,"51.657093,0.608014",12000,238,203
1757599852,2025-09-11T14:10:52Z,CPA257,"51.655006,0.606557",12000,238,200
1757599854,2025-09-11T14:10:54Z,CPA257,"51.652908,0.60537",12000,239,197
1757599856,2025-09-11T14:10:56Z,CPA257,"51.650772,0.604264",12000,240,195
1757599859,2025-09-11T14:10:59Z,CPA257,"51.648514,0.603219",12000,239,192
1757599861,2025-09-11T14:11:01Z,CPA257,"51.646294,0.602407",12000,240,190
1757599863,2025-09-11T14:11:03Z,CPA257,"51.643959,0.601821",12000,242,186
1757599865,2025-09-11T14:11:05Z,CPA257,"51.641701,0.601442",12000,242,184
1757599867,2025-09-11T14:11:07Z,CPA257,"51.639385,0.601187",12000,244,181
1757599869,2025-09-11T14:11:09Z,CPA257,"51.637054,0.601094",12000,246,178
1757599871,2025-09-11T14:11:11Z,CPA257,"51.634697,0.601206",12000,246,175
1757599873,2025-09-11T14:11:13Z,CPA257,"51.632423,0.601434",12000,248,173
1757599875,2025-09-11T14:11:15Z,CPA257,"51.629894,0.601911",12000,250,170
1757599877,2025-09-11T14:11:17Z,CPA257,"51.627453,0.602625",12000,251,167
1757599879,2025-09-11T14:11:19Z,CPA257,"51.625122,0.603473",12000,253,164
1757599881,2025-09-11T14:11:21Z,CPA257,"51.622704,0.604471",12000,255,161
1757599883,2025-09-11T14:11:23Z,CPA257,"51.620533,0.6057",12025,257,158
1757599886,2025-09-11T14:11:26Z,CPA257,"51.618042,0.607374",12025,259,156
1757599888,2025-09-11T14:11:28Z,CPA257,"51.615883,0.608962",12025,260,153
1757599890,2025-09-11T14:11:30Z,CPA257,"51.613678,0.610711",12025,262,149
1757599892,2025-09-11T14:11:32Z,CPA257,"51.611523,0.612689",12000,264,147
1757599894,2025-09-11T14:11:34Z,CPA257,"51.60944,0.614921",12000,264,143
1757599896,2025-09-11T14:11:36Z,CPA257,"51.607353,0.617368",12000,266,141
1757599898,2025-09-11T14:11:38Z,CPA257,"51.605408,0.619966",12000,267,138
1757599900,2025-09-11T14:11:40Z,CPA257,"51.603619,0.622645",12000,269,134
1757599902,2025-09-11T14:11:42Z,CPA257,"51.60173,0.62571",12000,272,131
1757599904,2025-09-11T14:11:44Z,CPA257,"51.599945,0.628957",12000,272,128
1757599906,2025-09-11T14:11:46Z,CPA257,"51.598358,0.632253",12025,274,125
1757599908,2025-09-11T14:11:48Z,CPA257,"51.596783,0.635786",12025,277,122
1757599910,2025-09-11T14:11:50Z,CPA257,"51.595268,0.639724",12000,278,118
1757599913,2025-09-11T14:11:53Z,CPA257,"51.593994,0.643536",12000,280,115
1757599915,2025-09-11T14:11:55Z,CPA257,"51.592983,0.647179",12000,283,111
1757599917,2025-09-11T14:11:57Z,CPA257,"51.592026,0.651083",12000,286,109
1757599919,2025-09-11T14:11:59Z,CPA257,"51.591194,0.655175",12025,288,106
1757599921,2025-09-11T14:12:01Z,CPA257,"51.5905,0.659321",12050,290,102
1757599923,2025-09-11T14:12:03Z,CPA257,"51.589874,0.663708",12025,292,99
1757599925,2025-09-11T14:12:05Z,CPA257,"51.589485,0.668334",12025,295,96
1757599927,2025-09-11T14:12:07Z,CPA257,"51.58918,0.672871",12025,298,93
1757599929,2025-09-11T14:12:09Z,CPA257,"51.589066,0.67751",12000,301,90
1757599931,2025-09-11T14:12:11Z,CPA257,"51.589115,0.682141",11975,303,86
1757599933,2025-09-11T14:12:13Z,CPA257,"51.589275,0.686829",11950,304,84
1757599935,2025-09-11T14:12:15Z,CPA257,"51.589489,0.691673",11925,305,83
1757599937,2025-09-11T14:12:17Z,CPA257,"51.589909,0.696546",11875,304,82
1757599940,2025-09-11T14:12:20Z,CPA257,"51.590267,0.701073",11850,304,82
1757599942,2025-09-11T14:12:22Z,CPA257,"51.590755,0.705524",11800,305,81
1757599944,2025-09-11T14:12:24Z,CPA257,"51.591087,0.710075",11775,305,80
1757599946,2025-09-11T14:12:26Z,CPA257,"51.591618,0.714589",11750,304,79
1757599948,2025-09-11T14:12:28Z,CPA257,"51.592213,0.71929",11700,305,76
1757599950,2025-09-11T14:12:30Z,CPA257,"51.592842,0.723469",11675,305,74
1757599952,2025-09-11T14:12:32Z,CPA257,"51.593643,0.727805",11650,305,70
1757599954,2025-09-11T14:12:34Z,CPA257,"51.594685,0.732466",11600,306,66
1757599956,2025-09-11T14:12:36Z,CPA257,"51.595844,0.73659",11575,305,62
1757599958,2025-09-11T14:12:38Z,CPA257,"51.597164,0.74069",11550,305,57
1757599960,2025-09-11T14:12:40Z,CPA257,"51.598785,0.744587",11500,305,53
1757599962,2025-09-11T14:12:42Z,CPA257,"51.600574,0.748267",11475,304,49
1757599964,2025-09-11T14:12:44Z,CPA257,"51.602489,0.751779",11450,302,45
1757599966,2025-09-11T14:12:46Z,CPA257,"51.604565,0.755042",11425,302,41
1757599968,2025-09-11T14:12:48Z,CPA257,"51.606697,0.757916",11375,299,38
1757599970,2025-09-11T14:12:50Z,CPA257,"51.609047,0.760851",11350,297,33
1757599972,2025-09-11T14:12:52Z,CPA257,"51.611542,0.76338",11325,295,30
1757599974,2025-09-11T14:12:54Z,CPA257,"51.613956,0.765538",11275,294,26
1757599977,2025-09-11T14:12:57Z,CPA257,"51.616489,0.767527",11250,292,22
1757599979,2025-09-11T14:12:59Z,CPA257,"51.618992,0.769136",11225,290,19
1757599981,2025-09-11T14:13:01Z,CPA257,"51.621761,0.770676",11200,290,16
1757599983,2025-09-11T14:13:03Z,CPA257,"51.624264,0.771692",11175,287,14
1757599985,2025-09-11T14:13:05Z,CPA257,"51.626972,0.772814",11125,285,11
1757599987,2025-09-11T14:13:07Z,CPA257,"51.629574,0.773478",11100,282,7
1757599989,2025-09-11T14:13:09Z,CPA257,"51.632309,0.774043",11075,279,4
1757599991,2025-09-11T14:13:11Z,CPA257,"51.635017,0.774323",11050,278,1
1757599993,2025-09-11T14:13:13Z,CPA257,"51.637653,0.774346",11025,275,358
1757599995,2025-09-11T14:13:15Z,CPA257,"51.640285,0.7742",11000,271,355
1757599997,2025-09-11T14:13:17Z,CPA257,"51.642849,0.773766",10975,270,352
1757599999,2025-09-11T14:13:19Z,CPA257,"51.645329,0.773158",10975,266,348
1757600001,2025-09-11T14:13:21Z,CPA257,"51.647991,0.772253",10925,264,346
1757600004,2025-09-11T14:13:24Z,CPA257,"51.650475,0.77124",10900,261,343
1757600006,2025-09-11T14:13:26Z,CPA257,"51.652901,0.769995",10875,260,340
1757600008,2025-09-11T14:13:28Z,CPA257,"51.655201,0.768654",10850,258,338
1757600010,2025-09-11T14:13:30Z,CPA257,"51.657448,0.76727",10825,256,335
1757600012,2025-09-11T14:13:32Z,CPA257,"51.659672,0.765426",10800,254,332
1757600014,2025-09-11T14:13:34Z,CPA257,"51.661907,0.763518",10750,252,329
1757600016,2025-09-11T14:13:36Z,CPA257,"51.663963,0.761464",10725,250,326
1757600018,2025-09-11T14:13:38Z,CPA257,"51.666012,0.759254",10675,249,324
1757600020,2025-09-11T14:13:40Z,CPA257,"51.667881,0.75697",10650,246,320
1757600023,2025-09-11T14:13:43Z,CPA257,"51.6698,0.754412",10600,244,317
1757600025,2025-09-11T14:13:45Z,CPA257,"51.671692,0.751517",10575,242,314
1757600027,2025-09-11T14:13:47Z,CPA257,"51.673206,0.748893",10550,240,311
1757600029,2025-09-11T14:13:49Z,CPA257,"51.674698,0.746135",10525,238,309
1757600031,2025-09-11T14:13:51Z,CPA257,"51.676159,0.743004",10500,236,306
1757600033,2025-09-11T14:13:53Z,CPA257,"51.677498,0.740034",10475,234,303
1757600035,2025-09-11T14:13:55Z,CPA257,"51.678719,0.737053",10450,232,300
1757600037,2025-09-11T14:13:57Z,CPA257,"51.679852,0.733871",10425,230,297
1757600039,2025-09-11T14:13:59Z,CPA257,"51.680805,0.73085",10400,230,295
1757600041,2025-09-11T14:14:01Z,CPA257,"51.681782,0.727416",10350,229,292
1757600043,2025-09-11T14:14:03Z,CPA257,"51.682594,0.724151",10325,228,290
1757600045,2025-09-11T14:14:05Z,CPA257,"51.683353,0.720813",10275,228,287
1757600048,2025-09-11T14:14:08Z,CPA257,"51.683918,0.717627",10250,226,284
1757600050,2025-09-11T14:14:10Z,CPA257,"51.684505,0.713942",10200,226,282
1757600052,2025-09-11T14:14:12Z,CPA257,"51.684895,0.710714",10175,226,279
1757600054,2025-09-11T14:14:14Z,CPA257,"51.685234,0.707312",10125,224,277
1757600056,2025-09-11T14:14:16Z,CPA257,"51.685471,0.703799",10100,224,274
1757600058,2025-09-11T14:14:18Z,CPA257,"51.685627,0.700413",10075,224,271
1757600060,2025-09-11T14:14:20Z,CPA257,"51.685665,0.696804",10025,223,269
1757600062,2025-09-11T14:14:22Z,CPA257,"51.685654,0.693437",10025,222,268
1757600064,2025-09-11T14:14:24Z,CPA257,"51.68557,0.690093",9975,222,268
1757600066,2025-09-11T14:14:26Z,CPA257,"51.68549,0.686776",9950,223,269
1757600068,2025-09-11T14:14:28Z,CPA257,"51.68544,0.683307",9900,223,270
1757600070,2025-09-11T14:14:30Z,CPA257,"51.685493,0.679915",9875,222,273
1757600072,2025-09-11T14:14:32Z,CPA257,"51.685604,0.676618",9850,223,277
1757600074,2025-09-11T14:14:34Z,CPA257,"51.685917,0.673188",9800,223,280
1757600082,2025-09-11T14:14:42Z,CPA257,"51.688183,0.659949",9625,228,290
1757600084,2025-09-11T14:14:44Z,CPA257,"51.688942,0.656693",9575,229,292
1757600087,2025-09-11T14:14:47Z,CPA257,"51.689819,0.653318",9550,230,293
1757600089,2025-09-11T14:14:49Z,CPA257,"51.690674,0.650191",9500,231,294
1757600091,2025-09-11T14:14:51Z,CPA257,"51.691536,0.646929",9450,231,294
1757600093,2025-09-11T14:14:53Z,CPA257,"51.692463,0.643695",9425,231,295
1757600095,2025-09-11T14:14:55Z,CPA257,"51.693478,0.640373",9375,231,295
1757600097,2025-09-11T14:14:57Z,CPA257,"51.694462,0.636999",9350,231,295
1757600099,2025-09-11T14:14:59Z,CPA257,"51.695431,0.633733",9300,232,295
1757600101,2025-09-11T14:15:01Z,CPA257,"51.696365,0.630651",9275,232,295
1757600103,2025-09-11T14:15:03Z,CPA257,"51.697285,0.627493",9225,232,296
1757600105,2025-09-11T14:15:05Z,CPA257,"51.698261,0.624359",9200,232,296
1757600107,2025-09-11T14:15:07Z,CPA257,"51.6992,0.620991",9150,232,296
1757600120,2025-09-11T14:15:20Z,CPA257,"51.705082,0.601177",9050,237,295
1757600134,2025-09-11T14:15:34Z,CPA257,"51.712086,0.577498",9000,246,295
1757600147,2025-09-11T14:15:47Z,CPA257,"51.718056,0.556871",8950,240,295
1757600161,2025-09-11T14:16:01Z,CPA257,"51.7248,0.533638",9000,233,295
1757600176,2025-09-11T14:16:16Z,CPA257,"51.731308,0.51115",9000,232,295
1757600190,2025-09-11T14:16:30Z,CPA257,"51.737835,0.488529",9000,232,296
1757600205,2025-09-11T14:16:45Z,CPA257,"51.744553,0.465946",9000,234,294
1757600213,2025-09-11T14:16:53Z,CPA257,"51.747799,0.45238",8975,230,283
1757600215,2025-09-11T14:16:55Z,CPA257,"51.748283,0.448894",9000,229,278
1757600217,2025-09-11T14:16:57Z,CPA257,"51.748611,0.44523",9000,230,274
1757600219,2025-09-11T14:16:59Z,CPA257,"51.748661,0.441945",9000,229,269
1757600221,2025-09-11T14:17:01Z,CPA257,"51.748627,0.438501",9000,229,265
1757600223,2025-09-11T14:17:03Z,CPA257,"51.748421,0.434791",9000,230,261
1757600225,2025-09-11T14:17:05Z,CPA257,"51.748066,0.431412",9000,228,258
1757600227,2025-09-11T14:17:07Z,CPA257,"51.747581,0.427967",9000,228,255
1757600229,2025-09-11T14:17:09Z,CPA257,"51.746998,0.424703",9000,228,252
1757600231,2025-09-11T14:17:11Z,CPA257,"51.746212,0.421146",9000,228,249
1757600233,2025-09-11T14:17:13Z,CPA257,"51.745453,0.417863",9000,227,247
1757600235,2025-09-11T14:17:15Z,CPA257,"51.74456,0.414423",9025,228,246
1757600238,2025-09-11T14:17:18Z,CPA257,"51.743717,0.411478",9000,227,245
1757600240,2025-09-11T14:17:20Z,CPA257,"51.742832,0.408406",9000,226,244
1757600242,2025-09-11T14:17:22Z,CPA257,"51.741871,0.40508",9000,225,244
1757600244,2025-09-11T14:17:24Z,CPA257,"51.740997,0.402051",9000,225,244
1757600246,2025-09-11T14:17:26Z,CPA257,"51.740059,0.398877",8975,225,244
1757600248,2025-09-11T14:17:28Z,CPA257,"51.739025,0.395585",8975,224,244
1757600250,2025-09-11T14:17:30Z,CPA257,"51.73811,0.392445",9000,224,244
1757600252,2025-09-11T14:17:32Z,CPA257,"51.737221,0.389351",9000,224,244
1757600254,2025-09-11T14:17:34Z,CPA257,"51.736263,0.386224",9000,226,243
1757600256,2025-09-11T14:17:36Z,CPA257,"51.735306,0.3831",9000,225,243
1757600269,2025-09-11T14:17:49Z,CPA257,"51.729431,0.364335",8975,223,243
1757600283,2025-09-11T14:18:03Z,CPA257,"51.722717,0.342483",9000,224,244
1757600298,2025-09-11T14:18:18Z,CPA257,"51.716396,0.32062",9000,222,246
1757600310,2025-09-11T14:18:30Z,CPA257,"51.711285,0.301809",9025,222,246
1757600324,2025-09-11T14:18:44Z,CPA257,"51.705227,0.280259",9000,218,245
1757600337,2025-09-11T14:18:57Z,CPA257,"51.700115,0.262045",9000,216,245
1757600351,2025-09-11T14:19:11Z,CPA257,"51.694199,0.241014",8975,208,245
1757600365,2025-09-11T14:19:25Z,CPA257,"51.688282,0.220467",9000,212,244
1757600380,2025-09-11T14:19:40Z,CPA257,"51.682091,0.199694",9000,216,244
1757600392,2025-09-11T14:19:52Z,CPA257,"51.676716,0.181391",9000,217,244
1757600406,2025-09-11T14:20:06Z,CPA257,"51.670456,0.160339",9000,216,244
1757600421,2025-09-11T14:20:21Z,CPA257,"51.664326,0.139499",9000,213,244
1757600435,2025-09-11T14:20:35Z,CPA257,"51.658134,0.119076",9000,208,243
1757600450,2025-09-11T14:20:50Z,CPA257,"51.651951,0.099228",8800,205,243
1757600462,2025-09-11T14:21:02Z,CPA257,"51.646645,0.082217",8525,208,243
1757600476,2025-09-11T14:21:16Z,CPA257,"51.640339,0.062103",8275,206,243
1757600491,2025-09-11T14:21:31Z,CPA257,"51.634171,0.042255",8050,205,243
1757600505,2025-09-11T14:21:45Z,CPA257,"51.628082,0.022502",8000,208,243
1757600519,2025-09-11T14:21:59Z,CPA257,"51.621727,0.002252",8000,209,238
1757600524,2025-09-11T14:22:04Z,CPA257,"51.619415,-0.003162",8000,210,230
1757600526,2025-09-11T14:22:06Z,CPA257,"51.618153,-0.005614",8000,211,225
1757600528,2025-09-11T14:22:08Z,CPA257,"51.61673,-0.007877",8000,212,221
1757600530,2025-09-11T14:22:10Z,CPA257,"51.615192,-0.010054",7975,213,216
1757600532,2025-09-11T14:22:12Z,CPA257,"51.613537,-0.011917",7950,213,211
1757600534,2025-09-11T14:22:14Z,CPA257,"51.611767,-0.013648",7925,216,207
1757600536,2025-09-11T14:22:16Z,CPA257,"51.609951,-0.015104",7900,216,203
1757600538,2025-09-11T14:22:18Z,CPA257,"51.608063,-0.016413",7850,218,198
1757600540,2025-09-11T14:22:20Z,CPA257,"51.60601,-0.017504",7800,222,194
1757600542,2025-09-11T14:22:22Z,CPA257,"51.603947,-0.018288",7750,224,190
1757600544,2025-09-11T14:22:24Z,CPA257,"51.601887,-0.018793",7700,226,186
1757600546,2025-09-11T14:22:26Z,CPA257,"51.599751,-0.01913",7675,228,182
1757600548,2025-09-11T14:22:28Z,CPA257,"51.597584,-0.019284",7625,230,179
1757600550,2025-09-11T14:22:30Z,CPA257,"51.595341,-0.019215",7600,232,177
1757600552,2025-09-11T14:22:32Z,CPA257,"51.593224,-0.018969",7525,232,175
1757600554,2025-09-11T14:22:34Z,CPA257,"51.590923,-0.018708",7500,234,174
1757600556,2025-09-11T14:22:36Z,CPA257,"51.588722,-0.018358",7450,234,173
1757600558,2025-09-11T14:22:38Z,CPA257,"51.58643,-0.017982",7400,235,172
1757600560,2025-09-11T14:22:40Z,CPA257,"51.584217,-0.017493",7375,236,172
1757600562,2025-09-11T14:22:42Z,CPA257,"51.582012,-0.017064",7350,236,171
1757600565,2025-09-11T14:22:45Z,CPA257,"51.579842,-0.01661",7300,236,171
1757600567,2025-09-11T14:22:47Z,CPA257,"51.577576,-0.016088",7250,236,171
1757600569,2025-09-11T14:22:49Z,CPA257,"51.575321,-0.01561",7225,237,171
1757600571,2025-09-11T14:22:51Z,CPA257,"51.572979,-0.015033",7175,237,171
1757600573,2025-09-11T14:22:53Z,CPA257,"51.570843,-0.014613",7150,236,171
1757600575,2025-09-11T14:22:55Z,CPA257,"51.568638,-0.01417",7125,236,171
1757600589,2025-09-11T14:23:09Z,CPA257,"51.553143,-0.01076",6875,232,171
1757600601,2025-09-11T14:23:21Z,CPA257,"51.540192,-0.008509",6650,221,181
1757600603,2025-09-11T14:23:23Z,CPA257,"51.53812,-0.008675",6600,218,185
1757600605,2025-09-11T14:23:25Z,CPA257,"51.536076,-0.008951",6550,214,190
1757600607,2025-09-11T14:23:27Z,CPA257,"51.534054,-0.009593",6500,210,195
1757600609,2025-09-11T14:23:29Z,CPA257,"51.532127,-0.010522",6475,208,200
1757600611,2025-09-11T14:23:31Z,CPA257,"51.530365,-0.011693",6425,204,205
1757600613,2025-09-11T14:23:33Z,CPA257,"51.528648,-0.013146",6375,201,210
1757600615,2025-09-11T14:23:35Z,CPA257,"51.527012,-0.014696",6375,199,214
1757600617,2025-09-11T14:23:37Z,CPA257,"51.525429,-0.016529",6350,197,218
1757600620,2025-09-11T14:23:40Z,CPA257,"51.524071,-0.018393",6325,194,221
1757600622,2025-09-11T14:23:42Z,CPA257,"51.522694,-0.020409",6300,192,225
1757600624,2025-09-11T14:23:44Z,CPA257,"51.52142,-0.022471",6275,188,227
1757600626,2025-09-11T14:23:46Z,CPA257,"51.520287,-0.024543",6275,185,229
1757600628,2025-09-11T14:23:48Z,CPA257,"51.519096,-0.026799",6250,183,230
1757600630,2025-09-11T14:23:50Z,CPA257,"51.518021,-0.028931",6250,180,231
1757600632,2025-09-11T14:23:52Z,CPA257,"51.516953,-0.031016",6225,178,231
1757600634,2025-09-11T14:23:54Z,CPA257,"51.515923,-0.033143",6200,175,231
1757600636,2025-09-11T14:23:56Z,CPA257,"51.514915,-0.035212",6175,172,232
1757600638,2025-09-11T14:23:58Z,CPA257,"51.513878,-0.037313",6150,170,232
1757600640,2025-09-11T14:24:00Z,CPA257,"51.512901,-0.039311",6125,168,232
1757600642,2025-09-11T14:24:02Z,CPA257,"51.511967,-0.041287",6100,165,233
1757600644,2025-09-11T14:24:04Z,CPA257,"51.511047,-0.04332",6075,164,233
1757600646,2025-09-11T14:24:06Z,CPA257,"51.510105,-0.045192",6025,162,233
1757600648,2025-09-11T14:24:08Z,CPA257,"51.509155,-0.047331",6000,161,233
1757600662,2025-09-11T14:24:22Z,CPA257,"51.502792,-0.061101",5650,157,233
1757600677,2025-09-11T14:24:37Z,CPA257,"51.496574,-0.074485",5300,154,234
1757600691,2025-09-11T14:24:51Z,CPA257,"51.490444,-0.087793",4825,156,233
1757600699,2025-09-11T14:24:59Z,CPA257,"51.486996,-0.095461",4575,156,234
1757600705,2025-09-11T14:25:05Z,CPA257,"51.484261,-0.10157",4375,156,234
1757600714,2025-09-11T14:25:14Z,CPA257,"51.480801,-0.109313",4150,157,234
1757600720,2025-09-11T14:25:20Z,CPA257,"51.47805,-0.115192",4025,158,234
1757600728,2025-09-11T14:25:28Z,CPA257,"51.474518,-0.123053",3875,158,234
1757600734,2025-09-11T14:25:34Z,CPA257,"51.471817,-0.129002",3800,157,234
1757600742,2025-09-11T14:25:42Z,CPA257,"51.46838,-0.13709",3700,156,241
1757600744,2025-09-11T14:25:44Z,CPA257,"51.467632,-0.139241",3675,157,244
1757600747,2025-09-11T14:25:47Z,CPA257,"51.467068,-0.141365",3675,157,249
1757600749,2025-09-11T14:25:49Z,CPA257,"51.466476,-0.143675",3650,158,252
1757600751,2025-09-11T14:25:51Z,CPA257,"51.466034,-0.146045",3650,159,255
1757600753,2025-09-11T14:25:53Z,CPA257,"51.465679,-0.148371",3650,160,259
1757600755,2025-09-11T14:25:55Z,CPA257,"51.465435,-0.150852",3625,161,261
1757600757,2025-09-11T14:25:57Z,CPA257,"51.465229,-0.153201",3625,161,264
1757600759,2025-09-11T14:25:59Z,CPA257,"51.464996,-0.155625",3625,162,266
1757600761,2025-09-11T14:26:01Z,CPA257,"51.464951,-0.158203",3600,162,267
1757600763,2025-09-11T14:26:03Z,CPA257,"51.464893,-0.160563",3600,162,268
1757600765,2025-09-11T14:26:05Z,CPA257,"51.464848,-0.162963",3575,161,269
1757600767,2025-09-11T14:26:07Z,CPA257,"51.464867,-0.165605",3575,161,270
1757600769,2025-09-11T14:26:09Z,CPA257,"51.464817,-0.167868",3550,161,271
1757600771,2025-09-11T14:26:11Z,CPA257,"51.464783,-0.170412",3550,160,271
1757600773,2025-09-11T14:26:13Z,CPA257,"51.464844,-0.172806",3525,159,271
1757600775,2025-09-11T14:26:15Z,CPA257,"51.464855,-0.175343",3500,158,271
1757600777,2025-09-11T14:26:17Z,CPA257,"51.464931,-0.177815",3475,158,272
1757600779,2025-09-11T14:26:19Z,CPA257,"51.464981,-0.18018",3450,158,272
1757600781,2025-09-11T14:26:21Z,CPA257,"51.465012,-0.182764",3425,156,272
1757600783,2025-09-11T14:26:23Z,CPA257,"51.465069,-0.184998",3400,156,272
1757600785,2025-09-11T14:26:25Z,CPA257,"51.465122,-0.187317",3375,155,272
1757600787,2025-09-11T14:26:27Z,CPA257,"51.465202,-0.189711",3350,153,272
1757600789,2025-09-11T14:26:29Z,CPA257,"51.465313,-0.192055",3325,152,272
1757600792,2025-09-11T14:26:32Z,CPA257,"51.465302,-0.194404",3275,152,272
1757600800,2025-09-11T14:26:40Z,CPA257,"51.465462,-0.203586",3175,147,271
1757600806,2025-09-11T14:26:46Z,CPA257,"51.465492,-0.210237",3075,142,270
1757600814,2025-09-11T14:26:54Z,CPA257,"51.465458,-0.218626",2975,139,270
1757600822,2025-09-11T14:27:02Z,CPA257,"51.465439,-0.227202",2875,138,270
1757600830,2025-09-11T14:27:10Z,CPA257,"51.465397,-0.235815",2750,137,270
1757600839,2025-09-11T14:27:19Z,CPA257,"51.465378,-0.244238",2675,138,270
1757600847,2025-09-11T14:27:27Z,CPA257,"51.465393,-0.252803",2575,140,270
1757600855,2025-09-11T14:27:35Z,CPA257,"51.465408,-0.261389",2475,142,270
1757600863,2025-09-11T14:27:43Z,CPA257,"51.465351,-0.269872",2350,142,270
1757600871,2025-09-11T14:27:51Z,CPA257,"51.465324,-0.278553",2250,141,270
1757600880,2025-09-11T14:28:00Z,CPA257,"51.465328,-0.287257",2175,140,270
1757600886,2025-09-11T14:28:06Z,CPA257,"51.465252,-0.293884",2075,141,270
1757600894,2025-09-11T14:28:14Z,CPA257,"51.465252,-0.302722",1950,142,270
1757600902,2025-09-11T14:28:22Z,CPA257,"51.465248,-0.311294",1850,144,270
1757600911,2025-09-11T14:28:31Z,CPA257,"51.465122,-0.320424",1750,146,270
1757600919,2025-09-11T14:28:39Z,CPA257,"51.465126,-0.329108",1650,146,270
1757600927,2025-09-11T14:28:47Z,CPA257,"51.465061,-0.338096",1525,142,270
1757600935,2025-09-11T14:28:55Z,CPA257,"51.465122,-0.34636",1425,135,270
1757600943,2025-09-11T14:29:03Z,CPA257,"51.465118,-0.35439",1325,133,270
1757600951,2025-09-11T14:29:11Z,CPA257,"51.465141,-0.362525",1250,137,270
1757600958,2025-09-11T14:29:18Z,CPA257,"51.465214,-0.368995",1175,136,270
1757600966,2025-09-11T14:29:26Z,CPA257,"51.465176,-0.377409",1050,137,270
1757600974,2025-09-11T14:29:34Z,CPA257,"51.465244,-0.385915",950,140,270
1757600982,2025-09-11T14:29:42Z,CPA257,"51.465237,-0.394483",850,142,270
1757600990,2025-09-11T14:29:50Z,CPA257,"51.46513,-0.403328",750,144,270
1757600999,2025-09-11T14:29:59Z,CPA257,"51.465206,-0.412015",650,140,270
1757601006,2025-09-11T14:30:06Z,CPA257,"51.465797,-0.419987",550,140,270
1757601013,2025-09-11T14:30:13Z,CPA257,"51.464912,-0.427125",475,138,270
1757601021,2025-09-11T14:30:21Z,CPA257,"51.471542,-0.442125",350,143,270
1757601028,2025-09-11T14:30:28Z,CPA257,"51.4716,-0.448074",325,141,270
